#include "font.h"

const uint8_t font_width = 11;
const uint8_t font_height = 20;

const struct Font font[] = {
  { ' ', {
    0x00,0x00,0x00,0x00,0x00,0x00,0x00,0x00,0x00,0x00,0x00,
    0x00,0x00,0x00,0x00,0x00,0x00,0x00,0x00,0x00,0x00,0x00,
    0x00,0x00,0x00,0x00,0x00,0x00,0x00,0x00,0x00,0x00,0x00,
    0x00,0x00,0x00,0x00,0x00,0x00,0x00,0x00,0x00,0x00,0x00,
    0x00,0x00,0x00,0x00,0x00,0x00,0x00,0x00,0x00,0x00,0x00,
    0x00,0x00,0x00,0x00,0x00,0x00,0x00,0x00,0x00,0x00,0x00,
    0x00,0x00,0x00,0x00,0x00,0x00,0x00,0x00,0x00,0x00,0x00,
    0x00,0x00,0x00,0x00,0x00,0x00,0x00,0x00,0x00,0x00,0x00,
    0x00,0x00,0x00,0x00,0x00,0x00,0x00,0x00,0x00,0x00,0x00,
    0x00,0x00,0x00,0x00,0x00,0x00,0x00,0x00,0x00,0x00,0x00,
    0x00,0x00,0x00,0x00,0x00,0x00,0x00,0x00,0x00,0x00,0x00,
    0x00,0x00,0x00,0x00,0x00,0x00,0x00,0x00,0x00,0x00,0x00,
    0x00,0x00,0x00,0x00,0x00,0x00,0x00,0x00,0x00,0x00,0x00,
    0x00,0x00,0x00,0x00,0x00,0x00,0x00,0x00,0x00,0x00,0x00,
    0x00,0x00,0x00,0x00,0x00,0x00,0x00,0x00,0x00,0x00,0x00,
    0x00,0x00,0x00,0x00,0x00,0x00,0x00,0x00,0x00,0x00,0x00,
    0x00,0x00,0x00,0x00,0x00,0x00,0x00,0x00,0x00,0x00,0x00,
    0x00,0x00,0x00,0x00,0x00,0x00,0x00,0x00,0x00,0x00,0x00,
    0x00,0x00,0x00,0x00,0x00,0x00,0x00,0x00,0x00,0x00,0x00,
    0x00,0x00,0x00,0x00,0x00,0x00,0x00,0x00,0x00,0x00,0x00
  }},
  { '!', {
    0x00,0x00,0x00,0x00,0x00,0x00,0x00,0x00,0x00,0x00,0x00,
    0x00,0x00,0x00,0x00,0x00,0x00,0x00,0x00,0x00,0x00,0x00,
    0x00,0x00,0x00,0x00,0x00,0x00,0x00,0x00,0x00,0x00,0x00,
    0x00,0x00,0x00,0xD8,0xFF,0xFF,0x00,0x00,0x00,0x00,0x00,
    0x00,0x00,0x00,0xD8,0xFF,0xFF,0x00,0x00,0x00,0x00,0x00,
    0x00,0x00,0x00,0xD8,0xFF,0xFF,0x00,0x00,0x00,0x00,0x00,
    0x00,0x00,0x00,0xD8,0xFF,0xFF,0x00,0x00,0x00,0x00,0x00,
    0x00,0x00,0x00,0xD8,0xFF,0xFF,0x00,0x00,0x00,0x00,0x00,
    0x00,0x00,0x00,0xD8,0xFF,0xFF,0x00,0x00,0x00,0x00,0x00,
    0x00,0x00,0x00,0xD8,0xFF,0xFF,0x00,0x00,0x00,0x00,0x00,
    0x00,0x00,0x00,0xD8,0xFF,0xFF,0x00,0x00,0x00,0x00,0x00,
    0x00,0x00,0x00,0xD8,0xFF,0xFF,0x00,0x00,0x00,0x00,0x00,
    0x00,0x00,0x00,0x00,0x00,0x00,0x00,0x00,0x00,0x00,0x00,
    0x00,0x00,0x00,0x6C,0xFF,0x9E,0x00,0x00,0x00,0x00,0x00,
    0x00,0x00,0x00,0xB1,0xFF,0xE8,0x00,0x00,0x00,0x00,0x00,
    0x00,0x00,0x00,0x00,0x4E,0x02,0x00,0x00,0x00,0x00,0x00,
    0x00,0x00,0x00,0x00,0x00,0x00,0x00,0x00,0x00,0x00,0x00,
    0x00,0x00,0x00,0x00,0x00,0x00,0x00,0x00,0x00,0x00,0x00,
    0x00,0x00,0x00,0x00,0x00,0x00,0x00,0x00,0x00,0x00,0x00,
    0x00,0x00,0x00,0x00,0x00,0x00,0x00,0x00,0x00,0x00,0x00
  }},
  { '"', {
    0x00,0x00,0x00,0x00,0x00,0x00,0x00,0x00,0x00,0x00,0x00,
    0x00,0x38,0xD8,0xD8,0x13,0xD8,0xD8,0x61,0x00,0x00,0x00,
    0x00,0x5F,0xFF,0xFF,0x27,0xFF,0xFF,0x9B,0x00,0x00,0x00,
    0x00,0x5F,0xFF,0xFF,0x27,0xFF,0xFF,0x9B,0x00,0x00,0x00,
    0x00,0x5F,0xFF,0xFF,0x27,0xFF,0xFF,0x9B,0x00,0x00,0x00,
    0x00,0x5F,0xFF,0xFF,0x27,0xFF,0xFF,0x9B,0x00,0x00,0x00,
    0x00,0x5F,0xFF,0xFF,0x27,0xFF,0xFF,0x9B,0x00,0x00,0x00,
    0x00,0x00,0x00,0x00,0x00,0x00,0x00,0x00,0x00,0x00,0x00,
    0x00,0x00,0x00,0x00,0x00,0x00,0x00,0x00,0x00,0x00,0x00,
    0x00,0x00,0x00,0x00,0x00,0x00,0x00,0x00,0x00,0x00,0x00,
    0x00,0x00,0x00,0x00,0x00,0x00,0x00,0x00,0x00,0x00,0x00,
    0x00,0x00,0x00,0x00,0x00,0x00,0x00,0x00,0x00,0x00,0x00,
    0x00,0x00,0x00,0x00,0x00,0x00,0x00,0x00,0x00,0x00,0x00,
    0x00,0x00,0x00,0x00,0x00,0x00,0x00,0x00,0x00,0x00,0x00,
    0x00,0x00,0x00,0x00,0x00,0x00,0x00,0x00,0x00,0x00,0x00,
    0x00,0x00,0x00,0x00,0x00,0x00,0x00,0x00,0x00,0x00,0x00,
    0x00,0x00,0x00,0x00,0x00,0x00,0x00,0x00,0x00,0x00,0x00,
    0x00,0x00,0x00,0x00,0x00,0x00,0x00,0x00,0x00,0x00,0x00,
    0x00,0x00,0x00,0x00,0x00,0x00,0x00,0x00,0x00,0x00,0x00,
    0x00,0x00,0x00,0x00,0x00,0x00,0x00,0x00,0x00,0x00,0x00
  }},
  { '#', {
    0x00,0x00,0x00,0x00,0x00,0x00,0x00,0x00,0x00,0x00,0x00,
    0x00,0x00,0x00,0x00,0x00,0x00,0x00,0x00,0x00,0x00,0x00,
    0x00,0x00,0x00,0x00,0x00,0x00,0x00,0x00,0x00,0x00,0x00,
    0x00,0x5F,0xFF,0xFF,0x27,0xFF,0xFF,0x9B,0x00,0x00,0x00,
    0x5F,0xAC,0xFF,0xFF,0x87,0xFF,0xFF,0xD5,0x5F,0x00,0x00,
    0xFF,0xFF,0xFF,0xFF,0xFF,0xFF,0xFF,0xFF,0xFF,0x27,0x00,
    0xFF,0xFF,0xFF,0xFF,0xFF,0xFF,0xFF,0xFF,0xFF,0x27,0x00,
    0x00,0x5F,0xFF,0xFF,0x27,0xFF,0xFF,0x9B,0x00,0x00,0x00,
    0xFF,0xFF,0xFF,0xFF,0xFF,0xFF,0xFF,0xFF,0xFF,0x27,0x00,
    0xFF,0xFF,0xFF,0xFF,0xFF,0xFF,0xFF,0xFF,0xFF,0x27,0x00,
    0x5F,0xAC,0xFF,0xFF,0x87,0xFF,0xFF,0xD5,0x5F,0x00,0x00,
    0x00,0x5F,0xFF,0xFF,0x27,0xFF,0xFF,0x9B,0x00,0x00,0x00,
    0x00,0x00,0x00,0x00,0x00,0x00,0x00,0x00,0x00,0x00,0x00,
    0x00,0x00,0x00,0x00,0x00,0x00,0x00,0x00,0x00,0x00,0x00,
    0x00,0x00,0x00,0x00,0x00,0x00,0x00,0x00,0x00,0x00,0x00,
    0x00,0x00,0x00,0x00,0x00,0x00,0x00,0x00,0x00,0x00,0x00,
    0x00,0x00,0x00,0x00,0x00,0x00,0x00,0x00,0x00,0x00,0x00,
    0x00,0x00,0x00,0x00,0x00,0x00,0x00,0x00,0x00,0x00,0x00,
    0x00,0x00,0x00,0x00,0x00,0x00,0x00,0x00,0x00,0x00,0x00,
    0x00,0x00,0x00,0x00,0x00,0x00,0x00,0x00,0x00,0x00,0x00
  }},
  { '$', {
    0x00,0x00,0x00,0x00,0x00,0x00,0x00,0x00,0x00,0x00,0x00,
    0x00,0x00,0x00,0x89,0xD8,0xAF,0x00,0x00,0x00,0x00,0x00,
    0x00,0x00,0x00,0xD8,0xFF,0xFF,0x00,0x00,0x00,0x00,0x00,
    0x00,0x49,0xFF,0xFF,0xFF,0xFF,0xFF,0x6E,0x00,0x00,0x00,
    0x46,0xFF,0xFF,0xFF,0xFF,0xFF,0xFF,0xFF,0x73,0x00,0x00,
    0xFF,0xFF,0xFF,0xFF,0xFF,0xFF,0xFF,0xFF,0xFF,0x00,0x00,
    0xFF,0xFF,0xAD,0xD8,0xFF,0xFF,0x79,0xFF,0xFF,0x18,0x00,
    0xFF,0xFF,0xFF,0xE4,0xFF,0xFF,0x00,0x00,0x00,0x00,0x00,
    0x94,0xFF,0xFF,0xFF,0xFF,0xFF,0xFF,0x6E,0x00,0x00,0x00,
    0x00,0xBC,0xFF,0xFF,0xFF,0xFF,0xFF,0xFF,0x77,0x00,0x00,
    0x00,0x00,0x23,0xFC,0xFF,0xFF,0xFF,0xFF,0xFF,0x00,0x00,
    0xD1,0xD8,0x6A,0xD8,0xFF,0xFF,0x72,0xFF,0xFF,0x1C,0x00,
    0xFF,0xFF,0xFF,0xE4,0xFF,0xFF,0xD4,0xFF,0xFF,0x01,0x00,
    0x8C,0xFF,0xFF,0xFF,0xFF,0xFF,0xFF,0xFF,0xCC,0x00,0x00,
    0x00,0xBC,0xFF,0xFF,0xFF,0xFF,0xFF,0xE6,0x00,0x00,0x00,
    0x00,0x00,0x23,0xFC,0xFF,0xFF,0x34,0x00,0x00,0x00,0x00,
    0x00,0x00,0x00,0xD4,0xFF,0xFF,0x00,0x00,0x00,0x00,0x00,
    0x00,0x00,0x00,0x00,0x00,0x00,0x00,0x00,0x00,0x00,0x00,
    0x00,0x00,0x00,0x00,0x00,0x00,0x00,0x00,0x00,0x00,0x00,
    0x00,0x00,0x00,0x00,0x00,0x00,0x00,0x00,0x00,0x00,0x00
  }},
  { '%', {
    0x00,0x00,0x00,0x00,0x00,0x00,0x00,0x00,0x00,0x00,0x00,
    0x00,0x00,0x00,0x00,0x00,0x00,0x00,0x00,0x00,0x00,0x00,
    0x00,0x00,0x00,0x00,0x00,0x00,0x00,0x00,0x00,0x00,0x00,
    0x00,0x9F,0xFF,0xFF,0xFF,0xFF,0xFF,0xFF,0xFF,0x27,0x00,
    0x6F,0xFF,0xFF,0xFF,0xFF,0xFF,0xFF,0xFF,0xFF,0x27,0x00,
    0xFF,0xFF,0xFF,0xFF,0xFF,0xFF,0xF5,0xFF,0xFF,0x27,0x00,
    0xFF,0xFF,0xA5,0xE2,0xFF,0xFF,0xFF,0xFF,0xFF,0x01,0x00,
    0xFF,0xFF,0xD8,0xFF,0xFF,0xFF,0xFF,0xFF,0x10,0x00,0x00,
    0xB5,0xFF,0xFF,0xFF,0xFF,0xFF,0xFF,0xEF,0x00,0x00,0x00,
    0x04,0xFF,0xFF,0xFF,0xFF,0xFF,0xFF,0xFF,0xAF,0x00,0x00,
    0x00,0x97,0xFF,0xFF,0xFF,0xFF,0xEE,0xFF,0xFF,0x00,0x00,
    0x8D,0xFF,0xFF,0xFF,0xFF,0xFF,0x6A,0xFF,0xFF,0x18,0x00,
    0xFF,0xFF,0xFF,0xCC,0xFF,0xFF,0xAD,0xFF,0xFF,0x00,0x00,
    0xFF,0xFF,0x9B,0x3B,0xFF,0xFF,0xFF,0xFF,0xEB,0x00,0x00,
    0xFF,0xFF,0x9B,0x00,0xB3,0xFF,0xFF,0xFF,0x22,0x00,0x00,
    0x5F,0x5F,0x25,0x00,0x00,0x2D,0x51,0x00,0x00,0x00,0x00,
    0x00,0x00,0x00,0x00,0x00,0x00,0x00,0x00,0x00,0x00,0x00,
    0x00,0x00,0x00,0x00,0x00,0x00,0x00,0x00,0x00,0x00,0x00,
    0x00,0x00,0x00,0x00,0x00,0x00,0x00,0x00,0x00,0x00,0x00,
    0x00,0x00,0x00,0x00,0x00,0x00,0x00,0x00,0x00,0x00,0x00
  }},
  { '&', {
    0x00,0x00,0x00,0x00,0x00,0x00,0x00,0x00,0x00,0x00,0x00,
    0x00,0x00,0x00,0x00,0x00,0x00,0x00,0x00,0x00,0x00,0x00,
    0x00,0x00,0x00,0x00,0x00,0x00,0x00,0x00,0x00,0x00,0x00,
    0x00,0x44,0xFC,0xFF,0xFF,0xFF,0x64,0x00,0x00,0x00,0x00,
    0x46,0xFF,0xFF,0xFF,0xFF,0xFF,0xFF,0x2E,0x00,0x00,0x00,
    0xFF,0xFF,0xFF,0x7A,0x97,0xFF,0xFF,0x8B,0x00,0x00,0x00,
    0xFF,0xFF,0xAD,0x23,0xFF,0xFF,0xFF,0x3B,0x00,0x00,0x00,
    0xFF,0xFF,0xFF,0xFF,0xFF,0xFF,0x52,0x00,0x00,0x00,0x00,
    0x7A,0xFF,0xFF,0xFF,0xFF,0x55,0x00,0x00,0x00,0x00,0x00,
    0x2A,0xFF,0xFF,0xFF,0xFF,0x0C,0x00,0x85,0x71,0x00,0x00,
    0xFD,0xFF,0xFF,0xFF,0xFF,0xFF,0x9A,0xFF,0xFF,0x60,0x00,
    0xFF,0xFF,0xB0,0x87,0xFF,0xFF,0xFF,0xFF,0xFF,0x0C,0x00,
    0xFF,0xFF,0xFF,0x06,0xDD,0xFF,0xFF,0xFF,0x31,0x00,0x00,
    0x92,0xFF,0xFF,0xFF,0xFF,0xFF,0xFF,0xFF,0xFF,0x0C,0x00,
    0x00,0xB3,0xFF,0xFF,0xFF,0xFF,0x9A,0xFF,0xFF,0x31,0x00,
    0x00,0x00,0x13,0x55,0x3B,0x00,0x00,0x76,0x31,0x00,0x00,
    0x00,0x00,0x00,0x00,0x00,0x00,0x00,0x00,0x00,0x00,0x00,
    0x00,0x00,0x00,0x00,0x00,0x00,0x00,0x00,0x00,0x00,0x00,
    0x00,0x00,0x00,0x00,0x00,0x00,0x00,0x00,0x00,0x00,0x00,
    0x00,0x00,0x00,0x00,0x00,0x00,0x00,0x00,0x00,0x00,0x00
  }},
  { '\'', {
    0x00,0x00,0x00,0x00,0x00,0x00,0x00,0x00,0x00,0x00,0x00,
    0x00,0x00,0x00,0x89,0xD8,0xAF,0x00,0x00,0x00,0x00,0x00,
    0x00,0x00,0x00,0xD8,0xFF,0xFF,0x00,0x00,0x00,0x00,0x00,
    0x00,0x00,0x00,0xD8,0xFF,0xFF,0x00,0x00,0x00,0x00,0x00,
    0x00,0x00,0x00,0xD8,0xFF,0xFF,0x00,0x00,0x00,0x00,0x00,
    0x00,0x00,0x00,0xD8,0xFF,0xFF,0x00,0x00,0x00,0x00,0x00,
    0x00,0x00,0x00,0xD8,0xFF,0xFF,0x00,0x00,0x00,0x00,0x00,
    0x00,0x00,0x00,0x00,0x00,0x00,0x00,0x00,0x00,0x00,0x00,
    0x00,0x00,0x00,0x00,0x00,0x00,0x00,0x00,0x00,0x00,0x00,
    0x00,0x00,0x00,0x00,0x00,0x00,0x00,0x00,0x00,0x00,0x00,
    0x00,0x00,0x00,0x00,0x00,0x00,0x00,0x00,0x00,0x00,0x00,
    0x00,0x00,0x00,0x00,0x00,0x00,0x00,0x00,0x00,0x00,0x00,
    0x00,0x00,0x00,0x00,0x00,0x00,0x00,0x00,0x00,0x00,0x00,
    0x00,0x00,0x00,0x00,0x00,0x00,0x00,0x00,0x00,0x00,0x00,
    0x00,0x00,0x00,0x00,0x00,0x00,0x00,0x00,0x00,0x00,0x00,
    0x00,0x00,0x00,0x00,0x00,0x00,0x00,0x00,0x00,0x00,0x00,
    0x00,0x00,0x00,0x00,0x00,0x00,0x00,0x00,0x00,0x00,0x00,
    0x00,0x00,0x00,0x00,0x00,0x00,0x00,0x00,0x00,0x00,0x00,
    0x00,0x00,0x00,0x00,0x00,0x00,0x00,0x00,0x00,0x00,0x00,
    0x00,0x00,0x00,0x00,0x00,0x00,0x00,0x00,0x00,0x00,0x00
  }},
  { '(', {
    0x00,0x00,0x00,0x00,0x00,0x00,0x00,0x00,0x00,0x00,0x00,
    0x00,0x00,0x00,0x00,0x00,0x84,0xFF,0x0C,0x00,0x00,0x00,
    0x00,0x00,0x00,0x00,0x84,0xFF,0xFF,0xDC,0x00,0x00,0x00,
    0x00,0x00,0x00,0x82,0xFF,0xFF,0xFF,0x0C,0x00,0x00,0x00,
    0x00,0x00,0x81,0xFF,0xFF,0xFF,0x0C,0x00,0x00,0x00,0x00,
    0x00,0x42,0xFF,0xFF,0xFF,0x0C,0x00,0x00,0x00,0x00,0x00,
    0x00,0x5F,0xFF,0xFF,0x33,0x00,0x00,0x00,0x00,0x00,0x00,
    0x00,0x5F,0xFF,0xFF,0x27,0x00,0x00,0x00,0x00,0x00,0x00,
    0x00,0x5F,0xFF,0xFF,0x27,0x00,0x00,0x00,0x00,0x00,0x00,
    0x00,0x5F,0xFF,0xFF,0x27,0x00,0x00,0x00,0x00,0x00,0x00,
    0x00,0x5F,0xFF,0xFF,0x27,0x00,0x00,0x00,0x00,0x00,0x00,
    0x00,0x5F,0xFF,0xFF,0x27,0x00,0x00,0x00,0x00,0x00,0x00,
    0x00,0x5D,0xFF,0xFF,0xC0,0x00,0x00,0x00,0x00,0x00,0x00,
    0x00,0x00,0xEB,0xFF,0xFF,0xC2,0x00,0x00,0x00,0x00,0x00,
    0x00,0x00,0x00,0xEA,0xFF,0xFF,0xC5,0x00,0x00,0x00,0x00,
    0x00,0x00,0x00,0x00,0xE7,0xFF,0xFF,0xBC,0x00,0x00,0x00,
    0x00,0x00,0x00,0x00,0x00,0xE6,0xFF,0x4A,0x00,0x00,0x00,
    0x00,0x00,0x00,0x00,0x00,0x00,0x33,0x00,0x00,0x00,0x00,
    0x00,0x00,0x00,0x00,0x00,0x00,0x00,0x00,0x00,0x00,0x00,
    0x00,0x00,0x00,0x00,0x00,0x00,0x00,0x00,0x00,0x00,0x00
  }},
  { ')', {
    0x00,0x00,0x00,0x00,0x00,0x00,0x00,0x00,0x00,0x00,0x00,
    0x00,0x00,0xCD,0xDF,0x00,0x00,0x00,0x00,0x00,0x00,0x00,
    0x00,0x7A,0xFF,0xFF,0xDD,0x00,0x00,0x00,0x00,0x00,0x00,
    0x00,0x00,0xCE,0xFF,0xFF,0xDC,0x00,0x00,0x00,0x00,0x00,
    0x00,0x00,0x00,0xCE,0xFF,0xFF,0xDC,0x00,0x00,0x00,0x00,
    0x00,0x00,0x00,0x00,0xCE,0xFF,0xFF,0xA4,0x00,0x00,0x00,
    0x00,0x00,0x00,0x00,0x00,0xFF,0xFF,0xC2,0x00,0x00,0x00,
    0x00,0x00,0x00,0x00,0x00,0xFF,0xFF,0xC2,0x00,0x00,0x00,
    0x00,0x00,0x00,0x00,0x00,0xFF,0xFF,0xC2,0x00,0x00,0x00,
    0x00,0x00,0x00,0x00,0x00,0xFF,0xFF,0xC2,0x00,0x00,0x00,
    0x00,0x00,0x00,0x00,0x00,0xFF,0xFF,0xC2,0x00,0x00,0x00,
    0x00,0x00,0x00,0x00,0x00,0xFF,0xFF,0xC2,0x00,0x00,0x00,
    0x00,0x00,0x00,0x00,0x66,0xFF,0xFF,0xC0,0x00,0x00,0x00,
    0x00,0x00,0x00,0x67,0xFF,0xFF,0xFF,0x1E,0x00,0x00,0x00,
    0x00,0x00,0x6A,0xFF,0xFF,0xFF,0x1E,0x00,0x00,0x00,0x00,
    0x00,0x5D,0xFF,0xFF,0xFF,0x1C,0x00,0x00,0x00,0x00,0x00,
    0x00,0x0F,0xFF,0xFF,0x1B,0x00,0x00,0x00,0x00,0x00,0x00,
    0x00,0x00,0x0F,0x18,0x00,0x00,0x00,0x00,0x00,0x00,0x00,
    0x00,0x00,0x00,0x00,0x00,0x00,0x00,0x00,0x00,0x00,0x00,
    0x00,0x00,0x00,0x00,0x00,0x00,0x00,0x00,0x00,0x00,0x00
  }},
  { '*', {
    0x00,0x00,0x00,0x00,0x00,0x00,0x00,0x00,0x00,0x00,0x00,
    0x00,0x00,0x00,0x00,0x00,0x00,0x00,0x00,0x00,0x00,0x00,
    0x00,0x00,0x00,0x00,0x00,0x00,0x00,0x00,0x00,0x00,0x00,
    0x00,0x00,0x00,0xB1,0xFF,0xFF,0x00,0x00,0x00,0x00,0x00,
    0x00,0xA8,0x0F,0xB1,0xFF,0xFF,0x00,0x97,0x34,0x00,0x00,
    0x82,0xFF,0xFF,0xFF,0xFF,0xFF,0xFF,0xFF,0xFF,0x00,0x00,
    0x93,0xFF,0xFF,0xFF,0xFF,0xFF,0xFF,0xFF,0xD1,0x00,0x00,
    0x00,0x31,0xFF,0xFF,0xFF,0xFF,0xFF,0x9D,0x00,0x00,0x00,
    0x7A,0xFF,0xFF,0xFF,0xFF,0xFF,0xFF,0xFF,0xED,0x02,0x00,
    0x82,0xFF,0xFF,0xFF,0xFF,0xFF,0xFF,0xFF,0xFF,0x00,0x00,
    0x00,0xB5,0x1C,0xB1,0xFF,0xFF,0x00,0x80,0x39,0x00,0x00,
    0x00,0x00,0x00,0xB1,0xFF,0xFF,0x00,0x00,0x00,0x00,0x00,
    0x00,0x00,0x00,0x00,0x00,0x00,0x00,0x00,0x00,0x00,0x00,
    0x00,0x00,0x00,0x00,0x00,0x00,0x00,0x00,0x00,0x00,0x00,
    0x00,0x00,0x00,0x00,0x00,0x00,0x00,0x00,0x00,0x00,0x00,
    0x00,0x00,0x00,0x00,0x00,0x00,0x00,0x00,0x00,0x00,0x00,
    0x00,0x00,0x00,0x00,0x00,0x00,0x00,0x00,0x00,0x00,0x00,
    0x00,0x00,0x00,0x00,0x00,0x00,0x00,0x00,0x00,0x00,0x00,
    0x00,0x00,0x00,0x00,0x00,0x00,0x00,0x00,0x00,0x00,0x00,
    0x00,0x00,0x00,0x00,0x00,0x00,0x00,0x00,0x00,0x00,0x00
  }},
  { '+', {
    0x00,0x00,0x00,0x00,0x00,0x00,0x00,0x00,0x00,0x00,0x00,
    0x00,0x00,0x00,0x00,0x00,0x00,0x00,0x00,0x00,0x00,0x00,
    0x00,0x00,0x00,0x00,0x00,0x00,0x00,0x00,0x00,0x00,0x00,
    0x00,0x00,0x00,0x00,0x00,0x00,0x00,0x00,0x00,0x00,0x00,
    0x00,0x00,0x00,0x38,0x5F,0x4A,0x00,0x00,0x00,0x00,0x00,
    0x00,0x00,0x00,0xD8,0xFF,0xFF,0x00,0x00,0x00,0x00,0x00,
    0x00,0x00,0x00,0xD8,0xFF,0xFF,0x00,0x00,0x00,0x00,0x00,
    0x00,0x00,0x00,0xD8,0xFF,0xFF,0x00,0x00,0x00,0x00,0x00,
    0xFF,0xFF,0xFF,0xFF,0xFF,0xFF,0xFF,0xFF,0xFF,0x27,0x00,
    0xFF,0xFF,0xFF,0xFF,0xFF,0xFF,0xFF,0xFF,0xFF,0x27,0x00,
    0x5F,0x5F,0x5F,0xFD,0xFF,0xFF,0x5F,0x5F,0x5F,0x00,0x00,
    0x00,0x00,0x00,0xD8,0xFF,0xFF,0x00,0x00,0x00,0x00,0x00,
    0x00,0x00,0x00,0xD8,0xFF,0xFF,0x00,0x00,0x00,0x00,0x00,
    0x00,0x00,0x00,0x89,0xD8,0xAF,0x00,0x00,0x00,0x00,0x00,
    0x00,0x00,0x00,0x00,0x00,0x00,0x00,0x00,0x00,0x00,0x00,
    0x00,0x00,0x00,0x00,0x00,0x00,0x00,0x00,0x00,0x00,0x00,
    0x00,0x00,0x00,0x00,0x00,0x00,0x00,0x00,0x00,0x00,0x00,
    0x00,0x00,0x00,0x00,0x00,0x00,0x00,0x00,0x00,0x00,0x00,
    0x00,0x00,0x00,0x00,0x00,0x00,0x00,0x00,0x00,0x00,0x00,
    0x00,0x00,0x00,0x00,0x00,0x00,0x00,0x00,0x00,0x00,0x00
  }},
  { ',', {
    0x00,0x00,0x00,0x00,0x00,0x00,0x00,0x00,0x00,0x00,0x00,
    0x00,0x00,0x00,0x00,0x00,0x00,0x00,0x00,0x00,0x00,0x00,
    0x00,0x00,0x00,0x00,0x00,0x00,0x00,0x00,0x00,0x00,0x00,
    0x00,0x00,0x00,0x00,0x00,0x00,0x00,0x00,0x00,0x00,0x00,
    0x00,0x00,0x00,0x00,0x00,0x00,0x00,0x00,0x00,0x00,0x00,
    0x00,0x00,0x00,0x00,0x00,0x00,0x00,0x00,0x00,0x00,0x00,
    0x00,0x00,0x00,0x00,0x00,0x00,0x00,0x00,0x00,0x00,0x00,
    0x00,0x00,0x00,0x00,0x00,0x00,0x00,0x00,0x00,0x00,0x00,
    0x00,0x00,0x00,0x00,0x00,0x00,0x00,0x00,0x00,0x00,0x00,
    0x00,0x00,0x00,0x00,0x00,0x00,0x00,0x00,0x00,0x00,0x00,
    0x00,0x00,0x00,0x00,0x00,0x00,0x00,0x00,0x00,0x00,0x00,
    0x00,0x00,0x00,0xD2,0xFF,0xFF,0x27,0x00,0x00,0x00,0x00,
    0x00,0x00,0x54,0xFF,0xFF,0xFF,0xDD,0x00,0x00,0x00,0x00,
    0x00,0x00,0x43,0xFF,0xFF,0xFF,0xFF,0x00,0x00,0x00,0x00,
    0x00,0x00,0x00,0xA6,0xFF,0xFF,0xFF,0x00,0x00,0x00,0x00,
    0x00,0x00,0x00,0x4D,0xFF,0xFF,0xF8,0x00,0x00,0x00,0x00,
    0x00,0x00,0x4D,0xFF,0xFF,0xFF,0x29,0x00,0x00,0x00,0x00,
    0x00,0x00,0xB0,0xFF,0xFF,0x29,0x00,0x00,0x00,0x00,0x00,
    0x00,0x00,0x00,0x9F,0x29,0x00,0x00,0x00,0x00,0x00,0x00,
    0x00,0x00,0x00,0x00,0x00,0x00,0x00,0x00,0x00,0x00,0x00
  }},
  { '-', {
    0x00,0x00,0x00,0x00,0x00,0x00,0x00,0x00,0x00,0x00,0x00,
    0x00,0x00,0x00,0x00,0x00,0x00,0x00,0x00,0x00,0x00,0x00,
    0x00,0x00,0x00,0x00,0x00,0x00,0x00,0x00,0x00,0x00,0x00,
    0x00,0x00,0x00,0x00,0x00,0x00,0x00,0x00,0x00,0x00,0x00,
    0x00,0x00,0x00,0x00,0x00,0x00,0x00,0x00,0x00,0x00,0x00,
    0x00,0x00,0x00,0x00,0x00,0x00,0x00,0x00,0x00,0x00,0x00,
    0x00,0x00,0x00,0x00,0x00,0x00,0x00,0x00,0x00,0x00,0x00,
    0x00,0x00,0x00,0x00,0x00,0x00,0x00,0x00,0x00,0x00,0x00,
    0x00,0x5F,0xFF,0xFF,0xFF,0xFF,0xFF,0x9B,0x00,0x00,0x00,
    0x00,0x5F,0xFF,0xFF,0xFF,0xFF,0xFF,0x9B,0x00,0x00,0x00,
    0x00,0x10,0x5F,0x5F,0x5F,0x5F,0x5F,0x25,0x00,0x00,0x00,
    0x00,0x00,0x00,0x00,0x00,0x00,0x00,0x00,0x00,0x00,0x00,
    0x00,0x00,0x00,0x00,0x00,0x00,0x00,0x00,0x00,0x00,0x00,
    0x00,0x00,0x00,0x00,0x00,0x00,0x00,0x00,0x00,0x00,0x00,
    0x00,0x00,0x00,0x00,0x00,0x00,0x00,0x00,0x00,0x00,0x00,
    0x00,0x00,0x00,0x00,0x00,0x00,0x00,0x00,0x00,0x00,0x00,
    0x00,0x00,0x00,0x00,0x00,0x00,0x00,0x00,0x00,0x00,0x00,
    0x00,0x00,0x00,0x00,0x00,0x00,0x00,0x00,0x00,0x00,0x00,
    0x00,0x00,0x00,0x00,0x00,0x00,0x00,0x00,0x00,0x00,0x00,
    0x00,0x00,0x00,0x00,0x00,0x00,0x00,0x00,0x00,0x00,0x00
  }},
  { '.', {
    0x00,0x00,0x00,0x00,0x00,0x00,0x00,0x00,0x00,0x00,0x00,
    0x00,0x00,0x00,0x00,0x00,0x00,0x00,0x00,0x00,0x00,0x00,
    0x00,0x00,0x00,0x00,0x00,0x00,0x00,0x00,0x00,0x00,0x00,
    0x00,0x00,0x00,0x00,0x00,0x00,0x00,0x00,0x00,0x00,0x00,
    0x00,0x00,0x00,0x00,0x00,0x00,0x00,0x00,0x00,0x00,0x00,
    0x00,0x00,0x00,0x00,0x00,0x00,0x00,0x00,0x00,0x00,0x00,
    0x00,0x00,0x00,0x00,0x00,0x00,0x00,0x00,0x00,0x00,0x00,
    0x00,0x00,0x00,0x00,0x00,0x00,0x00,0x00,0x00,0x00,0x00,
    0x00,0x00,0x00,0x00,0x00,0x00,0x00,0x00,0x00,0x00,0x00,
    0x00,0x00,0x00,0x00,0x00,0x00,0x00,0x00,0x00,0x00,0x00,
    0x00,0x00,0x00,0x00,0x00,0x00,0x00,0x00,0x00,0x00,0x00,
    0x00,0x00,0x00,0xEE,0xFF,0xFF,0x0B,0x00,0x00,0x00,0x00,
    0x00,0x00,0x7A,0xFF,0xFF,0xFF,0x9E,0x00,0x00,0x00,0x00,
    0x00,0x00,0x6A,0xFF,0xFF,0xFF,0x8D,0x00,0x00,0x00,0x00,
    0x00,0x00,0x00,0xB7,0xFF,0xD2,0x00,0x00,0x00,0x00,0x00,
    0x00,0x00,0x00,0x00,0x00,0x00,0x00,0x00,0x00,0x00,0x00,
    0x00,0x00,0x00,0x00,0x00,0x00,0x00,0x00,0x00,0x00,0x00,
    0x00,0x00,0x00,0x00,0x00,0x00,0x00,0x00,0x00,0x00,0x00,
    0x00,0x00,0x00,0x00,0x00,0x00,0x00,0x00,0x00,0x00,0x00,
    0x00,0x00,0x00,0x00,0x00,0x00,0x00,0x00,0x00,0x00,0x00
  }},
  { '/', {
    0x00,0x00,0x00,0x00,0x00,0x00,0x00,0x00,0x00,0x00,0x00,
    0x00,0x00,0x00,0x00,0x00,0x00,0x00,0x00,0xC0,0x3B,0x00,
    0x00,0x00,0x00,0x00,0x00,0x00,0x00,0x66,0xFF,0xFF,0x5A,
    0x00,0x00,0x00,0x00,0x00,0x00,0x00,0xFF,0xFF,0xFF,0x00,
    0x00,0x00,0x00,0x00,0x00,0x00,0x6C,0xFF,0xFF,0x7A,0x00,
    0x00,0x00,0x00,0x00,0x00,0x00,0xFF,0xFF,0xFF,0x00,0x00,
    0x00,0x00,0x00,0x00,0x00,0x73,0xFF,0xFF,0x72,0x00,0x00,
    0x00,0x00,0x00,0x00,0x00,0xFF,0xFF,0xFF,0x00,0x00,0x00,
    0x00,0x00,0x00,0x00,0x79,0xFF,0xFF,0x6B,0x00,0x00,0x00,
    0x00,0x00,0x00,0x00,0xFF,0xFF,0xFF,0x00,0x00,0x00,0x00,
    0x00,0x00,0x00,0x80,0xFF,0xFF,0x64,0x00,0x00,0x00,0x00,
    0x00,0x00,0x00,0xFF,0xFF,0xFF,0x00,0x00,0x00,0x00,0x00,
    0x00,0x00,0x87,0xFF,0xFF,0x5D,0x00,0x00,0x00,0x00,0x00,
    0x00,0x00,0xFF,0xFF,0xFF,0x00,0x00,0x00,0x00,0x00,0x00,
    0x00,0x8C,0xFF,0xFF,0x56,0x00,0x00,0x00,0x00,0x00,0x00,
    0x00,0xFF,0xFF,0xFF,0x00,0x00,0x00,0x00,0x00,0x00,0x00,
    0x93,0xFF,0xFF,0x4F,0x00,0x00,0x00,0x00,0x00,0x00,0x00,
    0xE7,0xFF,0xFC,0x00,0x00,0x00,0x00,0x00,0x00,0x00,0x00,
    0x00,0x56,0x39,0x00,0x00,0x00,0x00,0x00,0x00,0x00,0x00,
    0x00,0x00,0x00,0x00,0x00,0x00,0x00,0x00,0x00,0x00,0x00
  }},
  { '0', {
    0x00,0x00,0x00,0x00,0x00,0x00,0x00,0x00,0x00,0x00,0x00,
    0x00,0x00,0x00,0x00,0x00,0x00,0x00,0x00,0x00,0x00,0x00,
    0x00,0x00,0x00,0x00,0x00,0x00,0x00,0x00,0x00,0x00,0x00,
    0x00,0x40,0xFA,0xFF,0xFF,0xFF,0xFF,0x64,0x00,0x00,0x00,
    0x42,0xFF,0xFF,0xFF,0xFF,0xFF,0xFF,0xFF,0x77,0x00,0x00,
    0xFF,0xFF,0xFF,0x7A,0x5F,0x68,0xFF,0xFF,0xFF,0x00,0x00,
    0xFF,0xFF,0xAA,0x00,0x00,0x85,0xFF,0xFF,0xFF,0x1F,0x00,
    0xFF,0xFF,0x9B,0x00,0x85,0xFF,0xFF,0xFF,0xFF,0x27,0x00,
    0xFF,0xFF,0x9B,0x85,0xFF,0xFF,0xFF,0xFF,0xFF,0x27,0x00,
    0xFF,0xFF,0xFF,0xFF,0xFF,0xFF,0x84,0xFF,0xFF,0x27,0x00,
    0xFF,0xFF,0xFF,0xFF,0xFF,0x10,0x5F,0xFF,0xFF,0x27,0x00,
    0xFF,0xFF,0xFF,0xFF,0x0F,0x00,0x61,0xFF,0xFF,0x25,0x00,
    0xFF,0xFF,0xFF,0x26,0x00,0x00,0xD8,0xFF,0xFF,0x01,0x00,
    0x90,0xFF,0xFF,0xFF,0xFF,0xFF,0xFF,0xFF,0xCC,0x00,0x00,
    0x00,0xB3,0xFF,0xFF,0xFF,0xFF,0xFF,0xDD,0x00,0x00,0x00,
    0x00,0x00,0x13,0x56,0x5F,0x59,0x23,0x00,0x00,0x00,0x00,
    0x00,0x00,0x00,0x00,0x00,0x00,0x00,0x00,0x00,0x00,0x00,
    0x00,0x00,0x00,0x00,0x00,0x00,0x00,0x00,0x00,0x00,0x00,
    0x00,0x00,0x00,0x00,0x00,0x00,0x00,0x00,0x00,0x00,0x00,
    0x00,0x00,0x00,0x00,0x00,0x00,0x00,0x00,0x00,0x00,0x00
  }},
  { '1', {
    0x00,0x00,0x00,0x00,0x00,0x00,0x00,0x00,0x00,0x00,0x00,
    0x00,0x00,0x00,0x00,0x00,0x00,0x00,0x00,0x00,0x00,0x00,
    0x00,0x00,0x00,0x00,0x00,0x00,0x00,0x00,0x00,0x00,0x00,
    0x00,0x00,0x00,0xF2,0xFF,0xFF,0x00,0x00,0x00,0x00,0x00,
    0x00,0x5F,0x90,0xFF,0xFF,0xFF,0x00,0x00,0x00,0x00,0x00,
    0x27,0xFF,0xFF,0xFF,0xFF,0xFF,0x00,0x00,0x00,0x00,0x00,
    0x27,0xFF,0xFF,0xFF,0xFF,0xFF,0x00,0x00,0x00,0x00,0x00,
    0x00,0x00,0x00,0xD8,0xFF,0xFF,0x00,0x00,0x00,0x00,0x00,
    0x00,0x00,0x00,0xD8,0xFF,0xFF,0x00,0x00,0x00,0x00,0x00,
    0x00,0x00,0x00,0xD8,0xFF,0xFF,0x00,0x00,0x00,0x00,0x00,
    0x00,0x00,0x00,0xD8,0xFF,0xFF,0x00,0x00,0x00,0x00,0x00,
    0x00,0x00,0x00,0xD8,0xFF,0xFF,0x00,0x00,0x00,0x00,0x00,
    0x00,0x00,0x00,0xD8,0xFF,0xFF,0x00,0x00,0x00,0x00,0x00,
    0xFF,0xFF,0xFF,0xFF,0xFF,0xFF,0xFF,0xFF,0xFF,0x27,0x00,
    0xFF,0xFF,0xFF,0xFF,0xFF,0xFF,0xFF,0xFF,0xFF,0x27,0x00,
    0x5F,0x5F,0x5F,0x5F,0x5F,0x5F,0x5F,0x5F,0x5F,0x00,0x00,
    0x00,0x00,0x00,0x00,0x00,0x00,0x00,0x00,0x00,0x00,0x00,
    0x00,0x00,0x00,0x00,0x00,0x00,0x00,0x00,0x00,0x00,0x00,
    0x00,0x00,0x00,0x00,0x00,0x00,0x00,0x00,0x00,0x00,0x00,
    0x00,0x00,0x00,0x00,0x00,0x00,0x00,0x00,0x00,0x00,0x00
  }},
  { '2', {
    0x00,0x00,0x00,0x00,0x00,0x00,0x00,0x00,0x00,0x00,0x00,
    0x00,0x00,0x00,0x00,0x00,0x00,0x00,0x00,0x00,0x00,0x00,
    0x00,0x00,0x00,0x00,0x00,0x00,0x00,0x00,0x00,0x00,0x00,
    0x00,0x40,0xFA,0xFF,0xFF,0xFF,0xFF,0x64,0x00,0x00,0x00,
    0x3E,0xFF,0xFF,0xFF,0xFF,0xFF,0xFF,0xFF,0x77,0x00,0x00,
    0xF2,0xFF,0xFF,0x7A,0x5F,0x6C,0xFF,0xFF,0xFF,0x00,0x00,
    0xFF,0xFF,0xB4,0x00,0x00,0x00,0x72,0xFF,0xFF,0x1C,0x00,
    0x00,0x00,0x00,0x00,0x00,0x00,0xF5,0xFF,0xFF,0x00,0x00,
    0x00,0x00,0x00,0x00,0x00,0xF2,0xFF,0xFF,0xB3,0x00,0x00,
    0x00,0x00,0x00,0x00,0xF1,0xFF,0xFF,0xBE,0x00,0x00,0x00,
    0x00,0x00,0x00,0xEF,0xFF,0xFF,0xBC,0x00,0x00,0x00,0x00,
    0x00,0x00,0xEF,0xFF,0xFF,0xBB,0x00,0x00,0x00,0x00,0x00,
    0x00,0xEE,0xFF,0xFF,0xBB,0x00,0x00,0x00,0x00,0x00,0x00,
    0xED,0xFF,0xFF,0xFF,0xFF,0xFF,0xFF,0xFF,0xFF,0x27,0x00,
    0xFF,0xFF,0xFF,0xFF,0xFF,0xFF,0xFF,0xFF,0xFF,0x27,0x00,
    0x5F,0x5F,0x5F,0x5F,0x5F,0x5F,0x5F,0x5F,0x5F,0x00,0x00,
    0x00,0x00,0x00,0x00,0x00,0x00,0x00,0x00,0x00,0x00,0x00,
    0x00,0x00,0x00,0x00,0x00,0x00,0x00,0x00,0x00,0x00,0x00,
    0x00,0x00,0x00,0x00,0x00,0x00,0x00,0x00,0x00,0x00,0x00,
    0x00,0x00,0x00,0x00,0x00,0x00,0x00,0x00,0x00,0x00,0x00
  }},
  { '3', {
    0x00,0x00,0x00,0x00,0x00,0x00,0x00,0x00,0x00,0x00,0x00,
    0x00,0x00,0x00,0x00,0x00,0x00,0x00,0x00,0x00,0x00,0x00,
    0x00,0x00,0x00,0x00,0x00,0x00,0x00,0x00,0x00,0x00,0x00,
    0x00,0x44,0xFC,0xFF,0xFF,0xFF,0xFF,0x66,0x00,0x00,0x00,
    0x42,0xFF,0xFF,0xFF,0xFF,0xFF,0xFF,0xFF,0x77,0x00,0x00,
    0xF5,0xFF,0xFF,0x7A,0x5F,0x6C,0xFF,0xFF,0xFF,0x00,0x00,
    0xFF,0xFF,0xB4,0x00,0x00,0x00,0x72,0xFF,0xFF,0x1C,0x00,
    0x00,0x00,0x00,0x00,0x00,0x00,0xD8,0xFF,0xFF,0x01,0x00,
    0x00,0x00,0x00,0xD8,0xFF,0xFF,0xFF,0xFF,0xBC,0x00,0x00,
    0x00,0x00,0x00,0xD8,0xFF,0xFF,0xFF,0xFF,0x61,0x00,0x00,
    0x00,0x00,0x00,0x38,0x5F,0x6C,0xFF,0xFF,0xFF,0x00,0x00,
    0xD1,0xD8,0x6A,0x00,0x00,0x00,0x72,0xFF,0xFF,0x1C,0x00,
    0xFF,0xFF,0xFF,0x05,0x00,0x00,0xD8,0xFF,0xFF,0x01,0x00,
    0x8C,0xFF,0xFF,0xFF,0xFF,0xFF,0xFF,0xFF,0xCD,0x00,0x00,
    0x00,0xB7,0xFF,0xFF,0xFF,0xFF,0xFF,0xDF,0x00,0x00,0x00,
    0x00,0x00,0x14,0x56,0x5F,0x59,0x23,0x00,0x00,0x00,0x00,
    0x00,0x00,0x00,0x00,0x00,0x00,0x00,0x00,0x00,0x00,0x00,
    0x00,0x00,0x00,0x00,0x00,0x00,0x00,0x00,0x00,0x00,0x00,
    0x00,0x00,0x00,0x00,0x00,0x00,0x00,0x00,0x00,0x00,0x00,
    0x00,0x00,0x00,0x00,0x00,0x00,0x00,0x00,0x00,0x00,0x00
  }},
  { '4', {
    0x00,0x00,0x00,0x00,0x00,0x00,0x00,0x00,0x00,0x00,0x00,
    0x00,0x00,0x00,0x00,0x00,0x00,0x00,0x00,0x00,0x00,0x00,
    0x00,0x00,0x00,0x00,0x00,0x00,0x00,0x00,0x00,0x00,0x00,
    0x00,0x00,0x00,0x00,0x00,0xEB,0xFF,0x9B,0x00,0x00,0x00,
    0x00,0x00,0x00,0x00,0xEB,0xFF,0xFF,0x9B,0x00,0x00,0x00,
    0x00,0x00,0x00,0xEB,0xFF,0xFF,0xFF,0x9B,0x00,0x00,0x00,
    0x00,0x00,0xEB,0xFF,0xFF,0xFF,0xFF,0x9B,0x00,0x00,0x00,
    0x00,0xEB,0xFF,0xFF,0xBA,0xFF,0xFF,0x9B,0x00,0x00,0x00,
    0xED,0xFF,0xFF,0xBA,0x00,0xFF,0xFF,0x9B,0x00,0x00,0x00,
    0xFF,0xFF,0xFF,0x60,0x5F,0xFF,0xFF,0xD5,0x5F,0x00,0x00,
    0xFF,0xFF,0xFF,0xFF,0xFF,0xFF,0xFF,0xFF,0xFF,0x27,0x00,
    0xFF,0xFF,0xFF,0xFF,0xFF,0xFF,0xFF,0xFF,0xFF,0x27,0x00,
    0x00,0x00,0x00,0x00,0x00,0xFF,0xFF,0x9B,0x00,0x00,0x00,
    0x00,0x00,0x00,0xD8,0xFF,0xFF,0xFF,0xFF,0xFF,0x27,0x00,
    0x00,0x00,0x00,0xD8,0xFF,0xFF,0xFF,0xFF,0xFF,0x27,0x00,
    0x00,0x00,0x00,0x38,0x5F,0x5F,0x5F,0x5F,0x5F,0x00,0x00,
    0x00,0x00,0x00,0x00,0x00,0x00,0x00,0x00,0x00,0x00,0x00,
    0x00,0x00,0x00,0x00,0x00,0x00,0x00,0x00,0x00,0x00,0x00,
    0x00,0x00,0x00,0x00,0x00,0x00,0x00,0x00,0x00,0x00,0x00,
    0x00,0x00,0x00,0x00,0x00,0x00,0x00,0x00,0x00,0x00,0x00
  }},
  { '5', {
    0x00,0x00,0x00,0x00,0x00,0x00,0x00,0x00,0x00,0x00,0x00,
    0x00,0x00,0x00,0x00,0x00,0x00,0x00,0x00,0x00,0x00,0x00,
    0x00,0x00,0x00,0x00,0x00,0x00,0x00,0x00,0x00,0x00,0x00,
    0xFF,0xFF,0xFF,0xFF,0xFF,0xFF,0xFF,0xFF,0xFF,0x27,0x00,
    0xFF,0xFF,0xFF,0xFF,0xFF,0xFF,0xFF,0xFF,0xFF,0x27,0x00,
    0xFF,0xFF,0xD5,0x5F,0x5F,0x5F,0x5F,0x5F,0x5F,0x00,0x00,
    0xFF,0xFF,0xFF,0xD8,0xD8,0xD1,0x9B,0x0C,0x00,0x00,0x00,
    0xFF,0xFF,0xFF,0xFF,0xFF,0xFF,0xFF,0xFF,0x2C,0x00,0x00,
    0xD8,0xD8,0xD8,0xD8,0xD8,0xE6,0xFF,0xFF,0xFF,0x00,0x00,
    0x00,0x00,0x00,0x00,0x00,0x00,0x94,0xFF,0xFF,0x13,0x00,
    0x00,0x00,0x00,0x00,0x00,0x00,0x5F,0xFF,0xFF,0x27,0x00,
    0xD1,0xD8,0x6A,0x00,0x00,0x00,0x61,0xFF,0xFF,0x25,0x00,
    0xFF,0xFF,0xFF,0x05,0x00,0x00,0xD8,0xFF,0xFF,0x01,0x00,
    0x89,0xFF,0xFF,0xFF,0xFF,0xFF,0xFF,0xFF,0xCC,0x00,0x00,
    0x00,0xB3,0xFF,0xFF,0xFF,0xFF,0xFF,0xDD,0x00,0x00,0x00,
    0x00,0x00,0x13,0x56,0x5F,0x59,0x23,0x00,0x00,0x00,0x00,
    0x00,0x00,0x00,0x00,0x00,0x00,0x00,0x00,0x00,0x00,0x00,
    0x00,0x00,0x00,0x00,0x00,0x00,0x00,0x00,0x00,0x00,0x00,
    0x00,0x00,0x00,0x00,0x00,0x00,0x00,0x00,0x00,0x00,0x00,
    0x00,0x00,0x00,0x00,0x00,0x00,0x00,0x00,0x00,0x00,0x00
  }},
  { '6', {
    0x00,0x00,0x00,0x00,0x00,0x00,0x00,0x00,0x00,0x00,0x00,
    0x00,0x00,0x00,0x00,0x00,0x00,0x00,0x00,0x00,0x00,0x00,
    0x00,0x00,0x00,0x00,0x00,0x00,0x00,0x00,0x00,0x00,0x00,
    0x00,0x40,0xFA,0xFF,0xFF,0xFF,0xFF,0x9B,0x00,0x00,0x00,
    0x42,0xFF,0xFF,0xFF,0xFF,0xFF,0xFF,0x9B,0x00,0x00,0x00,
    0xFF,0xFF,0xFF,0x7A,0x5F,0x5F,0x5F,0x25,0x00,0x00,0x00,
    0xFF,0xFF,0xFF,0xD8,0xD8,0xD1,0x9B,0x0C,0x00,0x00,0x00,
    0xFF,0xFF,0xFF,0xFF,0xFF,0xFF,0xFF,0xFF,0x2C,0x00,0x00,
    0xFF,0xFF,0xFF,0xD8,0xD8,0xE6,0xFF,0xFF,0xFF,0x00,0x00,
    0xFF,0xFF,0x9B,0x00,0x00,0x00,0x94,0xFF,0xFF,0x13,0x00,
    0xFF,0xFF,0x9B,0x00,0x00,0x00,0x5F,0xFF,0xFF,0x27,0x00,
    0xFF,0xFF,0x9E,0x00,0x00,0x00,0x61,0xFF,0xFF,0x25,0x00,
    0xFF,0xFF,0xFF,0x05,0x00,0x00,0xD8,0xFF,0xFF,0x01,0x00,
    0x90,0xFF,0xFF,0xFF,0xFF,0xFF,0xFF,0xFF,0xCC,0x00,0x00,
    0x00,0xB3,0xFF,0xFF,0xFF,0xFF,0xFF,0xDD,0x00,0x00,0x00,
    0x00,0x00,0x13,0x56,0x5F,0x59,0x23,0x00,0x00,0x00,0x00,
    0x00,0x00,0x00,0x00,0x00,0x00,0x00,0x00,0x00,0x00,0x00,
    0x00,0x00,0x00,0x00,0x00,0x00,0x00,0x00,0x00,0x00,0x00,
    0x00,0x00,0x00,0x00,0x00,0x00,0x00,0x00,0x00,0x00,0x00,
    0x00,0x00,0x00,0x00,0x00,0x00,0x00,0x00,0x00,0x00,0x00
  }},
  { '7', {
    0x00,0x00,0x00,0x00,0x00,0x00,0x00,0x00,0x00,0x00,0x00,
    0x00,0x00,0x00,0x00,0x00,0x00,0x00,0x00,0x00,0x00,0x00,
    0x00,0x00,0x00,0x00,0x00,0x00,0x00,0x00,0x00,0x00,0x00,
    0xFF,0xFF,0xFF,0xFF,0xFF,0xFF,0xFF,0xFF,0xFF,0x27,0x00,
    0xFF,0xFF,0xFF,0xFF,0xFF,0xFF,0xFF,0xFF,0xFF,0x27,0x00,
    0x5F,0x5F,0x5F,0x5F,0x5F,0x5F,0xAC,0xFF,0xFF,0x27,0x00,
    0x00,0x00,0x00,0x00,0x00,0x00,0x5F,0xFF,0xFF,0x27,0x00,
    0x00,0x00,0x00,0x00,0x00,0x00,0xED,0xFF,0xFF,0x26,0x00,
    0x00,0x00,0x00,0x00,0x00,0xEB,0xFF,0xFF,0xBE,0x00,0x00,
    0x00,0x00,0x00,0x00,0xEB,0xFF,0xFF,0xBC,0x00,0x00,0x00,
    0x00,0x00,0x00,0xBB,0xFF,0xFF,0xBB,0x00,0x00,0x00,0x00,
    0x00,0x00,0x00,0xD8,0xFF,0xFF,0x00,0x00,0x00,0x00,0x00,
    0x00,0x00,0x00,0xD8,0xFF,0xFF,0x00,0x00,0x00,0x00,0x00,
    0x00,0x00,0x00,0xD8,0xFF,0xFF,0x00,0x00,0x00,0x00,0x00,
    0x00,0x00,0x00,0xD8,0xFF,0xFF,0x00,0x00,0x00,0x00,0x00,
    0x00,0x00,0x00,0x38,0x5F,0x4A,0x00,0x00,0x00,0x00,0x00,
    0x00,0x00,0x00,0x00,0x00,0x00,0x00,0x00,0x00,0x00,0x00,
    0x00,0x00,0x00,0x00,0x00,0x00,0x00,0x00,0x00,0x00,0x00,
    0x00,0x00,0x00,0x00,0x00,0x00,0x00,0x00,0x00,0x00,0x00,
    0x00,0x00,0x00,0x00,0x00,0x00,0x00,0x00,0x00,0x00,0x00
  }},
  { '8', {
    0x00,0x00,0x00,0x00,0x00,0x00,0x00,0x00,0x00,0x00,0x00,
    0x00,0x00,0x00,0x00,0x00,0x00,0x00,0x00,0x00,0x00,0x00,
    0x00,0x00,0x00,0x00,0x00,0x00,0x00,0x00,0x00,0x00,0x00,
    0x00,0x44,0xFC,0xFF,0xFF,0xFF,0xFF,0x66,0x00,0x00,0x00,
    0x46,0xFF,0xFF,0xFF,0xFF,0xFF,0xFF,0xFF,0x77,0x00,0x00,
    0xFF,0xFF,0xFF,0x7A,0x5F,0x6C,0xFF,0xFF,0xFF,0x00,0x00,
    0xFF,0xFF,0xAD,0x00,0x00,0x00,0x72,0xFF,0xFF,0x1C,0x00,
    0xFF,0xFF,0xFF,0x05,0x00,0x00,0xD8,0xFF,0xFF,0x01,0x00,
    0x81,0xFF,0xFF,0xFF,0xFF,0xFF,0xFF,0xFF,0xBC,0x00,0x00,
    0x33,0xFF,0xFF,0xFF,0xFF,0xFF,0xFF,0xFF,0x61,0x00,0x00,
    0xFF,0xFF,0xFF,0x7A,0x5F,0x6C,0xFF,0xFF,0xFF,0x00,0x00,
    0xFF,0xFF,0xAD,0x00,0x00,0x00,0x72,0xFF,0xFF,0x1C,0x00,
    0xFF,0xFF,0xFF,0x05,0x00,0x00,0xD5,0xFF,0xFF,0x01,0x00,
    0x94,0xFF,0xFF,0xFF,0xFF,0xFF,0xFF,0xFF,0xCD,0x00,0x00,
    0x00,0xB7,0xFF,0xFF,0xFF,0xFF,0xFF,0xDF,0x00,0x00,0x00,
    0x00,0x00,0x14,0x56,0x5F,0x59,0x23,0x00,0x00,0x00,0x00,
    0x00,0x00,0x00,0x00,0x00,0x00,0x00,0x00,0x00,0x00,0x00,
    0x00,0x00,0x00,0x00,0x00,0x00,0x00,0x00,0x00,0x00,0x00,
    0x00,0x00,0x00,0x00,0x00,0x00,0x00,0x00,0x00,0x00,0x00,
    0x00,0x00,0x00,0x00,0x00,0x00,0x00,0x00,0x00,0x00,0x00
  }},
  { '9', {
    0x00,0x00,0x00,0x00,0x00,0x00,0x00,0x00,0x00,0x00,0x00,
    0x00,0x00,0x00,0x00,0x00,0x00,0x00,0x00,0x00,0x00,0x00,
    0x00,0x00,0x00,0x00,0x00,0x00,0x00,0x00,0x00,0x00,0x00,
    0x00,0x40,0xFA,0xFF,0xFF,0xFF,0xFF,0x64,0x00,0x00,0x00,
    0x42,0xFF,0xFF,0xFF,0xFF,0xFF,0xFF,0xFF,0x77,0x00,0x00,
    0xFF,0xFF,0xFF,0x7A,0x5F,0x6C,0xFF,0xFF,0xFF,0x00,0x00,
    0xFF,0xFF,0xAA,0x00,0x00,0x00,0x6F,0xFF,0xFF,0x1F,0x00,
    0xFF,0xFF,0x9B,0x00,0x00,0x00,0x5F,0xFF,0xFF,0x27,0x00,
    0xFF,0xFF,0xAA,0x00,0x00,0x00,0x5F,0xFF,0xFF,0x27,0x00,
    0xFF,0xFF,0xFF,0x79,0x5F,0x5F,0xAC,0xFF,0xFF,0x27,0x00,
    0x43,0xFF,0xFF,0xFF,0xFF,0xFF,0xFF,0xFF,0xFF,0x27,0x00,
    0x00,0x42,0xFC,0xFF,0xFF,0xFF,0xFF,0xFF,0xFF,0x25,0x00,
    0x00,0x00,0x00,0x00,0x00,0x00,0xD0,0xFF,0xFF,0x01,0x00,
    0x00,0x5F,0xFF,0xFF,0xFF,0xFF,0xFF,0xFF,0xCC,0x00,0x00,
    0x00,0x5F,0xFF,0xFF,0xFF,0xFF,0xFF,0xDD,0x00,0x00,0x00,
    0x00,0x10,0x5F,0x5F,0x5F,0x59,0x23,0x00,0x00,0x00,0x00,
    0x00,0x00,0x00,0x00,0x00,0x00,0x00,0x00,0x00,0x00,0x00,
    0x00,0x00,0x00,0x00,0x00,0x00,0x00,0x00,0x00,0x00,0x00,
    0x00,0x00,0x00,0x00,0x00,0x00,0x00,0x00,0x00,0x00,0x00,
    0x00,0x00,0x00,0x00,0x00,0x00,0x00,0x00,0x00,0x00,0x00
  }},
  { ':', {
    0x00,0x00,0x00,0x00,0x00,0x00,0x00,0x00,0x00,0x00,0x00,
    0x00,0x00,0x00,0x00,0x00,0x00,0x00,0x00,0x00,0x00,0x00,
    0x00,0x00,0x00,0x00,0x00,0x00,0x00,0x00,0x00,0x00,0x00,
    0x00,0x00,0x00,0x00,0x00,0x00,0x00,0x00,0x00,0x00,0x00,
    0x00,0x00,0x00,0x00,0x00,0x00,0x00,0x00,0x00,0x00,0x00,
    0x00,0x00,0x00,0x00,0x00,0x00,0x00,0x00,0x00,0x00,0x00,
    0x00,0x00,0x00,0xEE,0xFF,0xFF,0x13,0x00,0x00,0x00,0x00,
    0x00,0x00,0x7A,0xFF,0xFF,0xFF,0xB7,0x00,0x00,0x00,0x00,
    0x00,0x00,0x6A,0xFF,0xFF,0xFF,0xA4,0x00,0x00,0x00,0x00,
    0x00,0x00,0x00,0xB7,0xFF,0xD5,0x00,0x00,0x00,0x00,0x00,
    0x00,0x00,0x00,0x00,0x00,0x00,0x00,0x00,0x00,0x00,0x00,
    0x00,0x00,0x00,0xEE,0xFF,0xFF,0x13,0x00,0x00,0x00,0x00,
    0x00,0x00,0x7A,0xFF,0xFF,0xFF,0xB7,0x00,0x00,0x00,0x00,
    0x00,0x00,0x6A,0xFF,0xFF,0xFF,0xA4,0x00,0x00,0x00,0x00,
    0x00,0x00,0x00,0xB7,0xFF,0xD5,0x00,0x00,0x00,0x00,0x00,
    0x00,0x00,0x00,0x00,0x00,0x00,0x00,0x00,0x00,0x00,0x00,
    0x00,0x00,0x00,0x00,0x00,0x00,0x00,0x00,0x00,0x00,0x00,
    0x00,0x00,0x00,0x00,0x00,0x00,0x00,0x00,0x00,0x00,0x00,
    0x00,0x00,0x00,0x00,0x00,0x00,0x00,0x00,0x00,0x00,0x00,
    0x00,0x00,0x00,0x00,0x00,0x00,0x00,0x00,0x00,0x00,0x00
  }},
  { ';', {
    0x00,0x00,0x00,0x00,0x00,0x00,0x00,0x00,0x00,0x00,0x00,
    0x00,0x00,0x00,0x00,0x00,0x00,0x00,0x00,0x00,0x00,0x00,
    0x00,0x00,0x00,0x00,0x00,0x00,0x00,0x00,0x00,0x00,0x00,
    0x00,0x00,0x00,0x00,0x00,0x00,0x00,0x00,0x00,0x00,0x00,
    0x00,0x00,0x00,0x00,0x00,0x00,0x00,0x00,0x00,0x00,0x00,
    0x00,0x00,0x00,0x00,0x00,0x00,0x00,0x00,0x00,0x00,0x00,
    0x00,0x00,0x00,0xD2,0xFF,0xFF,0x27,0x00,0x00,0x00,0x00,
    0x00,0x00,0x54,0xFF,0xFF,0xFF,0xDD,0x00,0x00,0x00,0x00,
    0x00,0x00,0x43,0xFF,0xFF,0xFF,0xCA,0x00,0x00,0x00,0x00,
    0x00,0x00,0x00,0x9B,0xFF,0xE7,0x0F,0x00,0x00,0x00,0x00,
    0x00,0x00,0x00,0x00,0x00,0x00,0x00,0x00,0x00,0x00,0x00,
    0x00,0x00,0x00,0xD2,0xFF,0xFF,0x27,0x00,0x00,0x00,0x00,
    0x00,0x00,0x54,0xFF,0xFF,0xFF,0xDD,0x00,0x00,0x00,0x00,
    0x00,0x00,0x43,0xFF,0xFF,0xFF,0xFF,0x00,0x00,0x00,0x00,
    0x00,0x00,0x00,0xA6,0xFF,0xFF,0xFF,0x00,0x00,0x00,0x00,
    0x00,0x00,0x00,0x4D,0xFF,0xFF,0xF8,0x00,0x00,0x00,0x00,
    0x00,0x00,0x4D,0xFF,0xFF,0xFF,0x29,0x00,0x00,0x00,0x00,
    0x00,0x00,0xB0,0xFF,0xFF,0x29,0x00,0x00,0x00,0x00,0x00,
    0x00,0x00,0x00,0x9F,0x29,0x00,0x00,0x00,0x00,0x00,0x00,
    0x00,0x00,0x00,0x00,0x00,0x00,0x00,0x00,0x00,0x00,0x00
  }},
  { '<', {
    0x00,0x00,0x00,0x00,0x00,0x00,0x00,0x00,0x00,0x00,0x00,
    0x00,0x00,0x00,0x00,0x00,0x00,0x00,0x00,0x00,0x00,0x00,
    0x00,0x00,0x00,0x00,0x00,0x00,0x00,0x14,0x1E,0x00,0x00,
    0x00,0x00,0x00,0x00,0x00,0x00,0x14,0xFF,0xFF,0x1E,0x00,
    0x00,0x00,0x00,0x00,0x00,0x16,0xFF,0xFF,0xFF,0x6C,0x00,
    0x00,0x00,0x00,0x00,0x16,0xFF,0xFF,0xFF,0x79,0x00,0x00,
    0x00,0x00,0x00,0x17,0xFF,0xFF,0xFF,0x7A,0x00,0x00,0x00,
    0x00,0x00,0x18,0xFF,0xFF,0xFF,0x7D,0x00,0x00,0x00,0x00,
    0x00,0x18,0xFF,0xFF,0xFF,0x7E,0x00,0x00,0x00,0x00,0x00,
    0x00,0x61,0xFF,0xFF,0xFF,0x23,0x00,0x00,0x00,0x00,0x00,
    0x00,0x00,0x68,0xFF,0xFF,0xFF,0x23,0x00,0x00,0x00,0x00,
    0x00,0x00,0x00,0x66,0xFF,0xFF,0xFF,0x22,0x00,0x00,0x00,
    0x00,0x00,0x00,0x00,0x61,0xFF,0xFF,0xFF,0x21,0x00,0x00,
    0x00,0x00,0x00,0x00,0x00,0x5F,0xFF,0xFF,0xFF,0x1F,0x00,
    0x00,0x00,0x00,0x00,0x00,0x00,0x5C,0xFF,0xFF,0x9D,0x00,
    0x00,0x00,0x00,0x00,0x00,0x00,0x00,0x58,0xAC,0x00,0x00,
    0x00,0x00,0x00,0x00,0x00,0x00,0x00,0x00,0x00,0x00,0x00,
    0x00,0x00,0x00,0x00,0x00,0x00,0x00,0x00,0x00,0x00,0x00,
    0x00,0x00,0x00,0x00,0x00,0x00,0x00,0x00,0x00,0x00,0x00,
    0x00,0x00,0x00,0x00,0x00,0x00,0x00,0x00,0x00,0x00,0x00
  }},
  { '=', {
    0x00,0x00,0x00,0x00,0x00,0x00,0x00,0x00,0x00,0x00,0x00,
    0x00,0x00,0x00,0x00,0x00,0x00,0x00,0x00,0x00,0x00,0x00,
    0x00,0x00,0x00,0x00,0x00,0x00,0x00,0x00,0x00,0x00,0x00,
    0x00,0x00,0x00,0x00,0x00,0x00,0x00,0x00,0x00,0x00,0x00,
    0x00,0x00,0x00,0x00,0x00,0x00,0x00,0x00,0x00,0x00,0x00,
    0x00,0x00,0x00,0x00,0x00,0x00,0x00,0x00,0x00,0x00,0x00,
    0xD8,0xD8,0xD8,0xD8,0xD8,0xD8,0xD8,0xD8,0xD8,0x13,0x00,
    0xFF,0xFF,0xFF,0xFF,0xFF,0xFF,0xFF,0xFF,0xFF,0x27,0x00,
    0xD8,0xD8,0xD8,0xD8,0xD8,0xD8,0xD8,0xD8,0xD8,0x13,0x00,
    0x5F,0x5F,0x5F,0x5F,0x5F,0x5F,0x5F,0x5F,0x5F,0x00,0x00,
    0xFF,0xFF,0xFF,0xFF,0xFF,0xFF,0xFF,0xFF,0xFF,0x27,0x00,
    0xFF,0xFF,0xFF,0xFF,0xFF,0xFF,0xFF,0xFF,0xFF,0x27,0x00,
    0x00,0x00,0x00,0x00,0x00,0x00,0x00,0x00,0x00,0x00,0x00,
    0x00,0x00,0x00,0x00,0x00,0x00,0x00,0x00,0x00,0x00,0x00,
    0x00,0x00,0x00,0x00,0x00,0x00,0x00,0x00,0x00,0x00,0x00,
    0x00,0x00,0x00,0x00,0x00,0x00,0x00,0x00,0x00,0x00,0x00,
    0x00,0x00,0x00,0x00,0x00,0x00,0x00,0x00,0x00,0x00,0x00,
    0x00,0x00,0x00,0x00,0x00,0x00,0x00,0x00,0x00,0x00,0x00,
    0x00,0x00,0x00,0x00,0x00,0x00,0x00,0x00,0x00,0x00,0x00,
    0x00,0x00,0x00,0x00,0x00,0x00,0x00,0x00,0x00,0x00,0x00
  }},
  { '>', {
    0x00,0x00,0x00,0x00,0x00,0x00,0x00,0x00,0x00,0x00,0x00,
    0x00,0x00,0x00,0x00,0x00,0x00,0x00,0x00,0x00,0x00,0x00,
    0x00,0x00,0x39,0x1F,0x00,0x00,0x00,0x00,0x00,0x00,0x00,
    0x00,0x3C,0xFF,0xFF,0x1F,0x00,0x00,0x00,0x00,0x00,0x00,
    0x00,0x5F,0xFF,0xFF,0xFF,0x21,0x00,0x00,0x00,0x00,0x00,
    0x00,0x00,0x63,0xFF,0xFF,0xFF,0x22,0x00,0x00,0x00,0x00,
    0x00,0x00,0x00,0x66,0xFF,0xFF,0xFF,0x22,0x00,0x00,0x00,
    0x00,0x00,0x00,0x00,0x68,0xFF,0xFF,0xFF,0x23,0x00,0x00,
    0x00,0x00,0x00,0x00,0x00,0x6B,0xFF,0xFF,0xFF,0x25,0x00,
    0x00,0x00,0x00,0x00,0x00,0x18,0xFF,0xFF,0xFF,0x75,0x00,
    0x00,0x00,0x00,0x00,0x17,0xFF,0xFF,0xFF,0x7C,0x00,0x00,
    0x00,0x00,0x00,0x17,0xFF,0xFF,0xFF,0x77,0x00,0x00,0x00,
    0x00,0x00,0x16,0xFF,0xFF,0xFF,0x73,0x00,0x00,0x00,0x00,
    0x00,0x14,0xFF,0xFF,0xFF,0x71,0x00,0x00,0x00,0x00,0x00,
    0x00,0x56,0xFF,0xFF,0x6C,0x00,0x00,0x00,0x00,0x00,0x00,
    0x00,0x00,0x59,0x68,0x00,0x00,0x00,0x00,0x00,0x00,0x00,
    0x00,0x00,0x00,0x00,0x00,0x00,0x00,0x00,0x00,0x00,0x00,
    0x00,0x00,0x00,0x00,0x00,0x00,0x00,0x00,0x00,0x00,0x00,
    0x00,0x00,0x00,0x00,0x00,0x00,0x00,0x00,0x00,0x00,0x00,
    0x00,0x00,0x00,0x00,0x00,0x00,0x00,0x00,0x00,0x00,0x00
  }},
  { '?', {
    0x00,0x00,0x00,0x00,0x00,0x00,0x00,0x00,0x00,0x00,0x00,
    0x00,0x00,0x00,0x00,0x00,0x00,0x00,0x00,0x00,0x00,0x00,
    0x00,0x00,0x00,0x00,0x00,0x00,0x00,0x00,0x00,0x00,0x00,
    0x00,0x40,0xFA,0xFF,0xFF,0xFF,0xFF,0x64,0x00,0x00,0x00,
    0x3E,0xFF,0xFF,0xFF,0xFF,0xFF,0xFF,0xFF,0x77,0x00,0x00,
    0xF2,0xFF,0xFF,0x7A,0x5F,0x6C,0xFF,0xFF,0xFF,0x00,0x00,
    0xFF,0xFF,0xB4,0x00,0x00,0x00,0x72,0xFF,0xFF,0x1C,0x00,
    0x00,0x00,0x00,0x00,0x00,0x00,0xF5,0xFF,0xFF,0x00,0x00,
    0x00,0x00,0x00,0x00,0x00,0xF1,0xFF,0xFF,0xB3,0x00,0x00,
    0x00,0x00,0x00,0x00,0xEE,0xFF,0xFF,0xBE,0x00,0x00,0x00,
    0x00,0x00,0x00,0xBB,0xFF,0xFF,0xBC,0x00,0x00,0x00,0x00,
    0x00,0x00,0x00,0xD8,0xFF,0xBB,0x00,0x00,0x00,0x00,0x00,
    0x00,0x00,0x00,0x00,0x00,0x00,0x00,0x00,0x00,0x00,0x00,
    0x00,0x00,0x00,0x6C,0xFF,0x9E,0x00,0x00,0x00,0x00,0x00,
    0x00,0x00,0x00,0xB1,0xFF,0xE8,0x00,0x00,0x00,0x00,0x00,
    0x00,0x00,0x00,0x00,0x4E,0x02,0x00,0x00,0x00,0x00,0x00,
    0x00,0x00,0x00,0x00,0x00,0x00,0x00,0x00,0x00,0x00,0x00,
    0x00,0x00,0x00,0x00,0x00,0x00,0x00,0x00,0x00,0x00,0x00,
    0x00,0x00,0x00,0x00,0x00,0x00,0x00,0x00,0x00,0x00,0x00,
    0x00,0x00,0x00,0x00,0x00,0x00,0x00,0x00,0x00,0x00,0x00
  }},
  { '@', {
    0x00,0x00,0x00,0x00,0x00,0x00,0x00,0x00,0x00,0x00,0x00,
    0x00,0x00,0x00,0x00,0x00,0x00,0x00,0x00,0x00,0x00,0x00,
    0x00,0x00,0x00,0x00,0x00,0x00,0x00,0x00,0x00,0x00,0x00,
    0x00,0x40,0xFA,0xFF,0xFF,0xFF,0xFF,0x64,0x00,0x00,0x00,
    0x42,0xFF,0xFF,0xFF,0xFF,0xFF,0xFF,0xFF,0x77,0x00,0x00,
    0xFF,0xFF,0xFF,0x7A,0x5F,0x6C,0xFF,0xFF,0xFF,0x00,0x00,
    0xFF,0xFF,0xAA,0x00,0x7C,0xD1,0xFF,0xFF,0xFF,0x1F,0x00,
    0xFF,0xFF,0x9B,0x80,0xFF,0xFF,0xFF,0xFF,0xFF,0x27,0x00,
    0xFF,0xFF,0x9B,0xD4,0xFF,0xFF,0xFD,0xFF,0xFF,0x27,0x00,
    0xFF,0xFF,0x9B,0xD8,0xFF,0xFF,0xAC,0xFF,0xFF,0x27,0x00,
    0xFF,0xFF,0x9B,0xAF,0xFF,0xFF,0xFF,0xFF,0xFF,0x04,0x00,
    0xFF,0xFF,0x9E,0x08,0xEF,0xFF,0xFF,0xFF,0x75,0x00,0x00,
    0xFF,0xFF,0xFF,0x05,0x00,0x00,0x00,0x00,0x00,0x00,0x00,
    0x90,0xFF,0xFF,0xFF,0xFF,0xFF,0xFF,0xFF,0xFF,0x27,0x00,
    0x00,0xB3,0xFF,0xFF,0xFF,0xFF,0xFF,0xFF,0xFF,0x27,0x00,
    0x00,0x00,0x13,0x56,0x5F,0x5F,0x5F,0x5F,0x5F,0x00,0x00,
    0x00,0x00,0x00,0x00,0x00,0x00,0x00,0x00,0x00,0x00,0x00,
    0x00,0x00,0x00,0x00,0x00,0x00,0x00,0x00,0x00,0x00,0x00,
    0x00,0x00,0x00,0x00,0x00,0x00,0x00,0x00,0x00,0x00,0x00,
    0x00,0x00,0x00,0x00,0x00,0x00,0x00,0x00,0x00,0x00,0x00
  }},
  { 'A', {
    0x00,0x00,0x00,0x00,0x00,0x00,0x00,0x00,0x00,0x00,0x00,
    0x00,0x00,0x00,0x00,0x00,0x00,0x00,0x00,0x00,0x00,0x00,
    0x00,0x00,0x00,0x00,0x00,0x00,0x00,0x00,0x00,0x00,0x00,
    0x00,0x00,0x00,0xFF,0xFF,0xFF,0x27,0x00,0x00,0x00,0x00,
    0x00,0x00,0x97,0xFF,0xFF,0xFF,0xD7,0x00,0x00,0x00,0x00,
    0x00,0x00,0xFF,0xFF,0xFF,0xFF,0xFF,0x27,0x00,0x00,0x00,
    0x00,0x97,0xFF,0xFF,0x80,0xFF,0xFF,0xD5,0x00,0x00,0x00,
    0x00,0xFF,0xFF,0xFF,0x00,0xC6,0xFF,0xFF,0x27,0x00,0x00,
    0x99,0xFF,0xFF,0x4F,0x00,0x1B,0xFF,0xFF,0xD5,0x00,0x00,
    0xFF,0xFF,0xFF,0x5F,0x5F,0x5F,0xFF,0xFF,0xFF,0x11,0x00,
    0xFF,0xFF,0xFF,0xFF,0xFF,0xFF,0xFF,0xFF,0xFF,0x27,0x00,
    0xFF,0xFF,0xFF,0xFF,0xFF,0xFF,0xFF,0xFF,0xFF,0x27,0x00,
    0xFF,0xFF,0x9B,0x00,0x00,0x00,0x5F,0xFF,0xFF,0x27,0x00,
    0xFF,0xFF,0x9B,0x00,0x00,0x00,0x5F,0xFF,0xFF,0x27,0x00,
    0xFF,0xFF,0x9B,0x00,0x00,0x00,0x5F,0xFF,0xFF,0x27,0x00,
    0x5F,0x5F,0x25,0x00,0x00,0x00,0x10,0x5F,0x5F,0x00,0x00,
    0x00,0x00,0x00,0x00,0x00,0x00,0x00,0x00,0x00,0x00,0x00,
    0x00,0x00,0x00,0x00,0x00,0x00,0x00,0x00,0x00,0x00,0x00,
    0x00,0x00,0x00,0x00,0x00,0x00,0x00,0x00,0x00,0x00,0x00,
    0x00,0x00,0x00,0x00,0x00,0x00,0x00,0x00,0x00,0x00,0x00
  }},
  { 'B', {
    0x00,0x00,0x00,0x00,0x00,0x00,0x00,0x00,0x00,0x00,0x00,
    0x00,0x00,0x00,0x00,0x00,0x00,0x00,0x00,0x00,0x00,0x00,
    0x00,0x00,0x00,0x00,0x00,0x00,0x00,0x00,0x00,0x00,0x00,
    0xFF,0xFF,0xFF,0xFF,0xFF,0xFF,0xFF,0x66,0x00,0x00,0x00,
    0xFF,0xFF,0xFF,0xFF,0xFF,0xFF,0xFF,0xFF,0x77,0x00,0x00,
    0xFF,0xFF,0xD5,0x5F,0x5F,0x6C,0xFF,0xFF,0xFF,0x00,0x00,
    0xFF,0xFF,0x9B,0x00,0x00,0x00,0x72,0xFF,0xFF,0x1C,0x00,
    0xFF,0xFF,0x9B,0x00,0x00,0x00,0xD8,0xFF,0xFF,0x01,0x00,
    0xFF,0xFF,0xFF,0xFF,0xFF,0xFF,0xFF,0xFF,0xBC,0x00,0x00,
    0xFF,0xFF,0xFF,0xFF,0xFF,0xFF,0xFF,0xFF,0x61,0x00,0x00,
    0xFF,0xFF,0xD5,0x5F,0x5F,0x6C,0xFF,0xFF,0xFF,0x00,0x00,
    0xFF,0xFF,0x9B,0x00,0x00,0x00,0x72,0xFF,0xFF,0x1C,0x00,
    0xFF,0xFF,0x9B,0x00,0x00,0x00,0xD8,0xFF,0xFF,0x01,0x00,
    0xFF,0xFF,0xFF,0xFF,0xFF,0xFF,0xFF,0xFF,0xCD,0x00,0x00,
    0xFF,0xFF,0xFF,0xFF,0xFF,0xFF,0xFF,0xDF,0x00,0x00,0x00,
    0x5F,0x5F,0x5F,0x5F,0x5F,0x59,0x23,0x00,0x00,0x00,0x00,
    0x00,0x00,0x00,0x00,0x00,0x00,0x00,0x00,0x00,0x00,0x00,
    0x00,0x00,0x00,0x00,0x00,0x00,0x00,0x00,0x00,0x00,0x00,
    0x00,0x00,0x00,0x00,0x00,0x00,0x00,0x00,0x00,0x00,0x00,
    0x00,0x00,0x00,0x00,0x00,0x00,0x00,0x00,0x00,0x00,0x00
  }},
  { 'C', {
    0x00,0x00,0x00,0x00,0x00,0x00,0x00,0x00,0x00,0x00,0x00,
    0x00,0x00,0x00,0x00,0x00,0x00,0x00,0x00,0x00,0x00,0x00,
    0x00,0x00,0x00,0x00,0x00,0x00,0x00,0x00,0x00,0x00,0x00,
    0x00,0x40,0xFA,0xFF,0xFF,0xFF,0xFF,0x4D,0x00,0x00,0x00,
    0x42,0xFF,0xFF,0xFF,0xFF,0xFF,0xFF,0xFF,0x1C,0x00,0x00,
    0xFF,0xFF,0xFF,0x90,0x5F,0x7C,0xFF,0xFF,0xBA,0x00,0x00,
    0xFF,0xFF,0xE7,0x00,0x00,0x00,0xB5,0xFF,0xF5,0x00,0x00,
    0xFF,0xFF,0xD8,0x00,0x00,0x00,0x00,0x00,0x00,0x00,0x00,
    0xFF,0xFF,0xD8,0x00,0x00,0x00,0x00,0x00,0x00,0x00,0x00,
    0xFF,0xFF,0xD8,0x00,0x00,0x00,0x00,0x00,0x00,0x00,0x00,
    0xFF,0xFF,0xD8,0x00,0x00,0x00,0x00,0x00,0x00,0x00,0x00,
    0xFF,0xFF,0xDB,0x00,0x00,0x00,0x6B,0xD8,0xA4,0x00,0x00,
    0xFF,0xFF,0xFF,0x1B,0x00,0x06,0xFF,0xFF,0xD4,0x00,0x00,
    0x90,0xFF,0xFF,0xFF,0xFF,0xFF,0xFF,0xFF,0x58,0x00,0x00,
    0x00,0xB3,0xFF,0xFF,0xFF,0xFF,0xFF,0xBE,0x00,0x00,0x00,
    0x00,0x00,0x13,0x56,0x5F,0x59,0x21,0x00,0x00,0x00,0x00,
    0x00,0x00,0x00,0x00,0x00,0x00,0x00,0x00,0x00,0x00,0x00,
    0x00,0x00,0x00,0x00,0x00,0x00,0x00,0x00,0x00,0x00,0x00,
    0x00,0x00,0x00,0x00,0x00,0x00,0x00,0x00,0x00,0x00,0x00,
    0x00,0x00,0x00,0x00,0x00,0x00,0x00,0x00,0x00,0x00,0x00
  }},
  { 'D', {
    0x00,0x00,0x00,0x00,0x00,0x00,0x00,0x00,0x00,0x00,0x00,
    0x00,0x00,0x00,0x00,0x00,0x00,0x00,0x00,0x00,0x00,0x00,
    0x00,0x00,0x00,0x00,0x00,0x00,0x00,0x00,0x00,0x00,0x00,
    0xFF,0xFF,0xFF,0xFF,0xFF,0xFF,0xFF,0x64,0x00,0x00,0x00,
    0xFF,0xFF,0xFF,0xFF,0xFF,0xFF,0xFF,0xFF,0x77,0x00,0x00,
    0xFF,0xFF,0xD5,0x5F,0x5F,0x6C,0xFF,0xFF,0xFF,0x00,0x00,
    0xFF,0xFF,0x9B,0x00,0x00,0x00,0x6F,0xFF,0xFF,0x1F,0x00,
    0xFF,0xFF,0x9B,0x00,0x00,0x00,0x5F,0xFF,0xFF,0x27,0x00,
    0xFF,0xFF,0x9B,0x00,0x00,0x00,0x5F,0xFF,0xFF,0x27,0x00,
    0xFF,0xFF,0x9B,0x00,0x00,0x00,0x5F,0xFF,0xFF,0x27,0x00,
    0xFF,0xFF,0x9B,0x00,0x00,0x00,0x5F,0xFF,0xFF,0x27,0x00,
    0xFF,0xFF,0x9B,0x00,0x00,0x00,0x61,0xFF,0xFF,0x25,0x00,
    0xFF,0xFF,0x9B,0x00,0x00,0x00,0xD8,0xFF,0xFF,0x01,0x00,
    0xFF,0xFF,0xFF,0xFF,0xFF,0xFF,0xFF,0xFF,0xCC,0x00,0x00,
    0xFF,0xFF,0xFF,0xFF,0xFF,0xFF,0xFF,0xDD,0x00,0x00,0x00,
    0x5F,0x5F,0x5F,0x5F,0x5F,0x59,0x23,0x00,0x00,0x00,0x00,
    0x00,0x00,0x00,0x00,0x00,0x00,0x00,0x00,0x00,0x00,0x00,
    0x00,0x00,0x00,0x00,0x00,0x00,0x00,0x00,0x00,0x00,0x00,
    0x00,0x00,0x00,0x00,0x00,0x00,0x00,0x00,0x00,0x00,0x00,
    0x00,0x00,0x00,0x00,0x00,0x00,0x00,0x00,0x00,0x00,0x00
  }},
  { 'E', {
    0x00,0x00,0x00,0x00,0x00,0x00,0x00,0x00,0x00,0x00,0x00,
    0x00,0x00,0x00,0x00,0x00,0x00,0x00,0x00,0x00,0x00,0x00,
    0x00,0x00,0x00,0x00,0x00,0x00,0x00,0x00,0x00,0x00,0x00,
    0xFF,0xFF,0xFF,0xFF,0xFF,0xFF,0xFF,0xFF,0xFF,0x27,0x00,
    0xFF,0xFF,0xFF,0xFF,0xFF,0xFF,0xFF,0xFF,0xFF,0x27,0x00,
    0xFF,0xFF,0xD5,0x5F,0x5F,0x5F,0x5F,0x5F,0x5F,0x00,0x00,
    0xFF,0xFF,0x9B,0x00,0x00,0x00,0x00,0x00,0x00,0x00,0x00,
    0xFF,0xFF,0x9B,0x00,0x00,0x00,0x00,0x00,0x00,0x00,0x00,
    0xFF,0xFF,0xFF,0xFF,0xFF,0xFF,0xFF,0x9B,0x00,0x00,0x00,
    0xFF,0xFF,0xFF,0xFF,0xFF,0xFF,0xFF,0x9B,0x00,0x00,0x00,
    0xFF,0xFF,0xD5,0x5F,0x5F,0x5F,0x5F,0x25,0x00,0x00,0x00,
    0xFF,0xFF,0x9B,0x00,0x00,0x00,0x00,0x00,0x00,0x00,0x00,
    0xFF,0xFF,0x9B,0x00,0x00,0x00,0x00,0x00,0x00,0x00,0x00,
    0xFF,0xFF,0xFF,0xFF,0xFF,0xFF,0xFF,0xFF,0xFF,0x27,0x00,
    0xFF,0xFF,0xFF,0xFF,0xFF,0xFF,0xFF,0xFF,0xFF,0x27,0x00,
    0x5F,0x5F,0x5F,0x5F,0x5F,0x5F,0x5F,0x5F,0x5F,0x00,0x00,
    0x00,0x00,0x00,0x00,0x00,0x00,0x00,0x00,0x00,0x00,0x00,
    0x00,0x00,0x00,0x00,0x00,0x00,0x00,0x00,0x00,0x00,0x00,
    0x00,0x00,0x00,0x00,0x00,0x00,0x00,0x00,0x00,0x00,0x00,
    0x00,0x00,0x00,0x00,0x00,0x00,0x00,0x00,0x00,0x00,0x00
  }},
  { 'F', {
    0x00,0x00,0x00,0x00,0x00,0x00,0x00,0x00,0x00,0x00,0x00,
    0x00,0x00,0x00,0x00,0x00,0x00,0x00,0x00,0x00,0x00,0x00,
    0x00,0x00,0x00,0x00,0x00,0x00,0x00,0x00,0x00,0x00,0x00,
    0xFF,0xFF,0xFF,0xFF,0xFF,0xFF,0xFF,0xFF,0xFF,0x27,0x00,
    0xFF,0xFF,0xFF,0xFF,0xFF,0xFF,0xFF,0xFF,0xFF,0x27,0x00,
    0xFF,0xFF,0xD5,0x5F,0x5F,0x5F,0x5F,0x5F,0x5F,0x00,0x00,
    0xFF,0xFF,0x9B,0x00,0x00,0x00,0x00,0x00,0x00,0x00,0x00,
    0xFF,0xFF,0x9B,0x00,0x00,0x00,0x00,0x00,0x00,0x00,0x00,
    0xFF,0xFF,0xFF,0xFF,0xFF,0xFF,0xFF,0x9B,0x00,0x00,0x00,
    0xFF,0xFF,0xFF,0xFF,0xFF,0xFF,0xFF,0x9B,0x00,0x00,0x00,
    0xFF,0xFF,0xD5,0x5F,0x5F,0x5F,0x5F,0x25,0x00,0x00,0x00,
    0xFF,0xFF,0x9B,0x00,0x00,0x00,0x00,0x00,0x00,0x00,0x00,
    0xFF,0xFF,0x9B,0x00,0x00,0x00,0x00,0x00,0x00,0x00,0x00,
    0xFF,0xFF,0x9B,0x00,0x00,0x00,0x00,0x00,0x00,0x00,0x00,
    0xFF,0xFF,0x9B,0x00,0x00,0x00,0x00,0x00,0x00,0x00,0x00,
    0x5F,0x5F,0x25,0x00,0x00,0x00,0x00,0x00,0x00,0x00,0x00,
    0x00,0x00,0x00,0x00,0x00,0x00,0x00,0x00,0x00,0x00,0x00,
    0x00,0x00,0x00,0x00,0x00,0x00,0x00,0x00,0x00,0x00,0x00,
    0x00,0x00,0x00,0x00,0x00,0x00,0x00,0x00,0x00,0x00,0x00,
    0x00,0x00,0x00,0x00,0x00,0x00,0x00,0x00,0x00,0x00,0x00
  }},
  { 'G', {
    0x00,0x00,0x00,0x00,0x00,0x00,0x00,0x00,0x00,0x00,0x00,
    0x00,0x00,0x00,0x00,0x00,0x00,0x00,0x00,0x00,0x00,0x00,
    0x00,0x00,0x00,0x00,0x00,0x00,0x00,0x00,0x00,0x00,0x00,
    0x00,0x40,0xFA,0xFF,0xFF,0xFF,0xFF,0x64,0x00,0x00,0x00,
    0x42,0xFF,0xFF,0xFF,0xFF,0xFF,0xFF,0xFF,0x73,0x00,0x00,
    0xFF,0xFF,0xFF,0x7A,0x5F,0x6C,0xFF,0xFF,0xFF,0x00,0x00,
    0xFF,0xFF,0xAA,0x00,0x00,0x00,0x79,0xFF,0xFF,0x18,0x00,
    0xFF,0xFF,0x9B,0x00,0x00,0x00,0x00,0x00,0x00,0x00,0x00,
    0xFF,0xFF,0x9B,0x00,0x00,0xFF,0xFF,0xFF,0xFF,0x27,0x00,
    0xFF,0xFF,0x9B,0x00,0x00,0xFF,0xFF,0xFF,0xFF,0x27,0x00,
    0xFF,0xFF,0x9B,0x00,0x00,0x5F,0xAC,0xFF,0xFF,0x27,0x00,
    0xFF,0xFF,0x9E,0x00,0x00,0x00,0x61,0xFF,0xFF,0x25,0x00,
    0xFF,0xFF,0xFF,0x05,0x00,0x00,0xD8,0xFF,0xFF,0x01,0x00,
    0x90,0xFF,0xFF,0xFF,0xFF,0xFF,0xFF,0xFF,0xCC,0x00,0x00,
    0x00,0xB3,0xFF,0xFF,0xFF,0xFF,0xFF,0xDD,0x00,0x00,0x00,
    0x00,0x00,0x13,0x56,0x5F,0x59,0x23,0x00,0x00,0x00,0x00,
    0x00,0x00,0x00,0x00,0x00,0x00,0x00,0x00,0x00,0x00,0x00,
    0x00,0x00,0x00,0x00,0x00,0x00,0x00,0x00,0x00,0x00,0x00,
    0x00,0x00,0x00,0x00,0x00,0x00,0x00,0x00,0x00,0x00,0x00,
    0x00,0x00,0x00,0x00,0x00,0x00,0x00,0x00,0x00,0x00,0x00
  }},
  { 'H', {
    0x00,0x00,0x00,0x00,0x00,0x00,0x00,0x00,0x00,0x00,0x00,
    0x00,0x00,0x00,0x00,0x00,0x00,0x00,0x00,0x00,0x00,0x00,
    0x00,0x00,0x00,0x00,0x00,0x00,0x00,0x00,0x00,0x00,0x00,
    0xFF,0xFF,0x9B,0x00,0x00,0x00,0x5F,0xFF,0xFF,0x27,0x00,
    0xFF,0xFF,0x9B,0x00,0x00,0x00,0x5F,0xFF,0xFF,0x27,0x00,
    0xFF,0xFF,0x9B,0x00,0x00,0x00,0x5F,0xFF,0xFF,0x27,0x00,
    0xFF,0xFF,0x9B,0x00,0x00,0x00,0x5F,0xFF,0xFF,0x27,0x00,
    0xFF,0xFF,0x9B,0x00,0x00,0x00,0x5F,0xFF,0xFF,0x27,0x00,
    0xFF,0xFF,0xFF,0xFF,0xFF,0xFF,0xFF,0xFF,0xFF,0x27,0x00,
    0xFF,0xFF,0xFF,0xFF,0xFF,0xFF,0xFF,0xFF,0xFF,0x27,0x00,
    0xFF,0xFF,0xD5,0x5F,0x5F,0x5F,0xAC,0xFF,0xFF,0x27,0x00,
    0xFF,0xFF,0x9B,0x00,0x00,0x00,0x5F,0xFF,0xFF,0x27,0x00,
    0xFF,0xFF,0x9B,0x00,0x00,0x00,0x5F,0xFF,0xFF,0x27,0x00,
    0xFF,0xFF,0x9B,0x00,0x00,0x00,0x5F,0xFF,0xFF,0x27,0x00,
    0xFF,0xFF,0x9B,0x00,0x00,0x00,0x5F,0xFF,0xFF,0x27,0x00,
    0x5F,0x5F,0x25,0x00,0x00,0x00,0x10,0x5F,0x5F,0x00,0x00,
    0x00,0x00,0x00,0x00,0x00,0x00,0x00,0x00,0x00,0x00,0x00,
    0x00,0x00,0x00,0x00,0x00,0x00,0x00,0x00,0x00,0x00,0x00,
    0x00,0x00,0x00,0x00,0x00,0x00,0x00,0x00,0x00,0x00,0x00,
    0x00,0x00,0x00,0x00,0x00,0x00,0x00,0x00,0x00,0x00,0x00
  }},
  { 'I', {
    0x00,0x00,0x00,0x00,0x00,0x00,0x00,0x00,0x00,0x00,0x00,
    0x00,0x00,0x00,0x00,0x00,0x00,0x00,0x00,0x00,0x00,0x00,
    0x00,0x00,0x00,0x00,0x00,0x00,0x00,0x00,0x00,0x00,0x00,
    0xFF,0xFF,0xFF,0xFF,0xFF,0xFF,0xFF,0xFF,0xFF,0x27,0x00,
    0xFF,0xFF,0xFF,0xFF,0xFF,0xFF,0xFF,0xFF,0xFF,0x27,0x00,
    0x5F,0x5F,0x5F,0xFD,0xFF,0xFF,0x5F,0x5F,0x5F,0x00,0x00,
    0x00,0x00,0x00,0xD8,0xFF,0xFF,0x00,0x00,0x00,0x00,0x00,
    0x00,0x00,0x00,0xD8,0xFF,0xFF,0x00,0x00,0x00,0x00,0x00,
    0x00,0x00,0x00,0xD8,0xFF,0xFF,0x00,0x00,0x00,0x00,0x00,
    0x00,0x00,0x00,0xD8,0xFF,0xFF,0x00,0x00,0x00,0x00,0x00,
    0x00,0x00,0x00,0xD8,0xFF,0xFF,0x00,0x00,0x00,0x00,0x00,
    0x00,0x00,0x00,0xD8,0xFF,0xFF,0x00,0x00,0x00,0x00,0x00,
    0x00,0x00,0x00,0xD8,0xFF,0xFF,0x00,0x00,0x00,0x00,0x00,
    0xFF,0xFF,0xFF,0xFF,0xFF,0xFF,0xFF,0xFF,0xFF,0x27,0x00,
    0xFF,0xFF,0xFF,0xFF,0xFF,0xFF,0xFF,0xFF,0xFF,0x27,0x00,
    0x5F,0x5F,0x5F,0x5F,0x5F,0x5F,0x5F,0x5F,0x5F,0x00,0x00,
    0x00,0x00,0x00,0x00,0x00,0x00,0x00,0x00,0x00,0x00,0x00,
    0x00,0x00,0x00,0x00,0x00,0x00,0x00,0x00,0x00,0x00,0x00,
    0x00,0x00,0x00,0x00,0x00,0x00,0x00,0x00,0x00,0x00,0x00,
    0x00,0x00,0x00,0x00,0x00,0x00,0x00,0x00,0x00,0x00,0x00
  }},
  { 'J', {
    0x00,0x00,0x00,0x00,0x00,0x00,0x00,0x00,0x00,0x00,0x00,
    0x00,0x00,0x00,0x00,0x00,0x00,0x00,0x00,0x00,0x00,0x00,
    0x00,0x00,0x00,0x00,0x00,0x00,0x00,0x00,0x00,0x00,0x00,
    0x00,0x00,0x00,0x00,0x00,0x00,0x5F,0xFF,0xFF,0x27,0x00,
    0x00,0x00,0x00,0x00,0x00,0x00,0x5F,0xFF,0xFF,0x27,0x00,
    0x00,0x00,0x00,0x00,0x00,0x00,0x5F,0xFF,0xFF,0x27,0x00,
    0x00,0x00,0x00,0x00,0x00,0x00,0x5F,0xFF,0xFF,0x27,0x00,
    0x00,0x00,0x00,0x00,0x00,0x00,0x5F,0xFF,0xFF,0x27,0x00,
    0x00,0x00,0x00,0x00,0x00,0x00,0x5F,0xFF,0xFF,0x27,0x00,
    0x5F,0x5F,0x25,0x00,0x00,0x00,0x5F,0xFF,0xFF,0x27,0x00,
    0xFF,0xFF,0x9B,0x00,0x00,0x00,0x5F,0xFF,0xFF,0x27,0x00,
    0xFF,0xFF,0x9E,0x00,0x00,0x00,0x61,0xFF,0xFF,0x25,0x00,
    0xFF,0xFF,0xFF,0x05,0x00,0x00,0xD8,0xFF,0xFF,0x01,0x00,
    0x90,0xFF,0xFF,0xFF,0xFF,0xFF,0xFF,0xFF,0xCD,0x00,0x00,
    0x00,0xB3,0xFF,0xFF,0xFF,0xFF,0xFF,0xDD,0x00,0x00,0x00,
    0x00,0x00,0x13,0x56,0x5F,0x59,0x23,0x00,0x00,0x00,0x00,
    0x00,0x00,0x00,0x00,0x00,0x00,0x00,0x00,0x00,0x00,0x00,
    0x00,0x00,0x00,0x00,0x00,0x00,0x00,0x00,0x00,0x00,0x00,
    0x00,0x00,0x00,0x00,0x00,0x00,0x00,0x00,0x00,0x00,0x00,
    0x00,0x00,0x00,0x00,0x00,0x00,0x00,0x00,0x00,0x00,0x00
  }},
  { 'K', {
    0x00,0x00,0x00,0x00,0x00,0x00,0x00,0x00,0x00,0x00,0x00,
    0x00,0x00,0x00,0x00,0x00,0x00,0x00,0x00,0x00,0x00,0x00,
    0x00,0x00,0x00,0x00,0x00,0x00,0x00,0x00,0x00,0x00,0x00,
    0xFF,0xFF,0x9B,0x00,0x00,0x00,0xBF,0xFF,0xFF,0x27,0x00,
    0xFF,0xFF,0x9B,0x00,0x00,0xBF,0xFF,0xFF,0xE3,0x00,0x00,
    0xFF,0xFF,0x9B,0x00,0xBF,0xFF,0xFF,0xE3,0x00,0x00,0x00,
    0xFF,0xFF,0x9D,0xBF,0xFF,0xFF,0xE3,0x00,0x00,0x00,0x00,
    0xFF,0xFF,0xFF,0xFF,0xFF,0xE3,0x00,0x00,0x00,0x00,0x00,
    0xFF,0xFF,0xFF,0xFF,0xE3,0x00,0x00,0x00,0x00,0x00,0x00,
    0xFF,0xFF,0xFF,0xFF,0x7E,0x00,0x00,0x00,0x00,0x00,0x00,
    0xFF,0xFF,0xFF,0xFF,0xFF,0x77,0x00,0x00,0x00,0x00,0x00,
    0xFF,0xFF,0xBF,0xFF,0xFF,0xFF,0x7A,0x00,0x00,0x00,0x00,
    0xFF,0xFF,0x9B,0x0F,0xFF,0xFF,0xFF,0x7D,0x00,0x00,0x00,
    0xFF,0xFF,0x9B,0x00,0x0D,0xFF,0xFF,0xFF,0x7E,0x00,0x00,
    0xFF,0xFF,0x9B,0x00,0x00,0x0D,0xFF,0xFF,0xFF,0x1C,0x00,
    0x5F,0x5F,0x25,0x00,0x00,0x00,0x0B,0x5F,0x5F,0x00,0x00,
    0x00,0x00,0x00,0x00,0x00,0x00,0x00,0x00,0x00,0x00,0x00,
    0x00,0x00,0x00,0x00,0x00,0x00,0x00,0x00,0x00,0x00,0x00,
    0x00,0x00,0x00,0x00,0x00,0x00,0x00,0x00,0x00,0x00,0x00,
    0x00,0x00,0x00,0x00,0x00,0x00,0x00,0x00,0x00,0x00,0x00
  }},
  { 'L', {
    0x00,0x00,0x00,0x00,0x00,0x00,0x00,0x00,0x00,0x00,0x00,
    0x00,0x00,0x00,0x00,0x00,0x00,0x00,0x00,0x00,0x00,0x00,
    0x00,0x00,0x00,0x00,0x00,0x00,0x00,0x00,0x00,0x00,0x00,
    0xFF,0xFF,0x9B,0x00,0x00,0x00,0x00,0x00,0x00,0x00,0x00,
    0xFF,0xFF,0x9B,0x00,0x00,0x00,0x00,0x00,0x00,0x00,0x00,
    0xFF,0xFF,0x9B,0x00,0x00,0x00,0x00,0x00,0x00,0x00,0x00,
    0xFF,0xFF,0x9B,0x00,0x00,0x00,0x00,0x00,0x00,0x00,0x00,
    0xFF,0xFF,0x9B,0x00,0x00,0x00,0x00,0x00,0x00,0x00,0x00,
    0xFF,0xFF,0x9B,0x00,0x00,0x00,0x00,0x00,0x00,0x00,0x00,
    0xFF,0xFF,0x9B,0x00,0x00,0x00,0x00,0x00,0x00,0x00,0x00,
    0xFF,0xFF,0x9B,0x00,0x00,0x00,0x00,0x00,0x00,0x00,0x00,
    0xFF,0xFF,0x9B,0x00,0x00,0x00,0x00,0x00,0x00,0x00,0x00,
    0xFF,0xFF,0x9B,0x00,0x00,0x00,0x00,0x00,0x00,0x00,0x00,
    0xFF,0xFF,0xFF,0xFF,0xFF,0xFF,0xFF,0xFF,0xFF,0x27,0x00,
    0xFF,0xFF,0xFF,0xFF,0xFF,0xFF,0xFF,0xFF,0xFF,0x27,0x00,
    0x5F,0x5F,0x5F,0x5F,0x5F,0x5F,0x5F,0x5F,0x5F,0x00,0x00,
    0x00,0x00,0x00,0x00,0x00,0x00,0x00,0x00,0x00,0x00,0x00,
    0x00,0x00,0x00,0x00,0x00,0x00,0x00,0x00,0x00,0x00,0x00,
    0x00,0x00,0x00,0x00,0x00,0x00,0x00,0x00,0x00,0x00,0x00,
    0x00,0x00,0x00,0x00,0x00,0x00,0x00,0x00,0x00,0x00,0x00
  }},
  { 'M', {
    0x00,0x00,0x00,0x00,0x00,0x00,0x00,0x00,0x00,0x00,0x00,
    0x00,0x00,0x00,0x00,0x00,0x00,0x00,0x00,0x00,0x00,0x00,
    0x00,0x00,0x00,0x00,0x00,0x00,0x00,0x00,0x00,0x00,0x00,
    0xFF,0xFF,0x6B,0x00,0x00,0x00,0x42,0xFF,0xFF,0x27,0x00,
    0xFF,0xFF,0xFF,0x6B,0x00,0x42,0xFF,0xFF,0xFF,0x27,0x00,
    0xFF,0xFF,0xFF,0xFF,0xA8,0xFF,0xFF,0xFF,0xFF,0x27,0x00,
    0xFF,0xFF,0xFF,0xFF,0xFF,0xFF,0xFF,0xFF,0xFF,0x27,0x00,
    0xFF,0xFF,0xEB,0xFF,0xFF,0xFF,0xDC,0xFF,0xFF,0x27,0x00,
    0xFF,0xFF,0x9B,0xD8,0xFF,0xFF,0x5F,0xFF,0xFF,0x27,0x00,
    0xFF,0xFF,0x9B,0xD8,0xFF,0xFF,0x5F,0xFF,0xFF,0x27,0x00,
    0xFF,0xFF,0x9B,0x38,0x5F,0x4A,0x5F,0xFF,0xFF,0x27,0x00,
    0xFF,0xFF,0x9B,0x00,0x00,0x00,0x5F,0xFF,0xFF,0x27,0x00,
    0xFF,0xFF,0x9B,0x00,0x00,0x00,0x5F,0xFF,0xFF,0x27,0x00,
    0xFF,0xFF,0x9B,0x00,0x00,0x00,0x5F,0xFF,0xFF,0x27,0x00,
    0xFF,0xFF,0x9B,0x00,0x00,0x00,0x5F,0xFF,0xFF,0x27,0x00,
    0x5F,0x5F,0x25,0x00,0x00,0x00,0x10,0x5F,0x5F,0x00,0x00,
    0x00,0x00,0x00,0x00,0x00,0x00,0x00,0x00,0x00,0x00,0x00,
    0x00,0x00,0x00,0x00,0x00,0x00,0x00,0x00,0x00,0x00,0x00,
    0x00,0x00,0x00,0x00,0x00,0x00,0x00,0x00,0x00,0x00,0x00,
    0x00,0x00,0x00,0x00,0x00,0x00,0x00,0x00,0x00,0x00,0x00
  }},
  { 'N', {
    0x00,0x00,0x00,0x00,0x00,0x00,0x00,0x00,0x00,0x00,0x00,
    0x00,0x00,0x00,0x00,0x00,0x00,0x00,0x00,0x00,0x00,0x00,
    0x00,0x00,0x00,0x00,0x00,0x00,0x00,0x00,0x00,0x00,0x00,
    0xFF,0xFF,0x51,0x00,0x00,0x00,0x5F,0xFF,0xFF,0x27,0x00,
    0xFF,0xFF,0xFF,0x51,0x00,0x00,0x5F,0xFF,0xFF,0x27,0x00,
    0xFF,0xFF,0xFF,0xFF,0x51,0x00,0x5F,0xFF,0xFF,0x27,0x00,
    0xFF,0xFF,0xFF,0xFF,0xFF,0x51,0x5F,0xFF,0xFF,0x27,0x00,
    0xFF,0xFF,0xD8,0xFF,0xFF,0xFF,0xC3,0xFF,0xFF,0x27,0x00,
    0xFF,0xFF,0x9B,0x29,0xFF,0xFF,0xFF,0xFF,0xFF,0x27,0x00,
    0xFF,0xFF,0x9B,0x00,0x29,0xFF,0xFF,0xFF,0xFF,0x27,0x00,
    0xFF,0xFF,0x9B,0x00,0x00,0x29,0xFF,0xFF,0xFF,0x27,0x00,
    0xFF,0xFF,0x9B,0x00,0x00,0x00,0x6B,0xFF,0xFF,0x27,0x00,
    0xFF,0xFF,0x9B,0x00,0x00,0x00,0x5F,0xFF,0xFF,0x27,0x00,
    0xFF,0xFF,0x9B,0x00,0x00,0x00,0x5F,0xFF,0xFF,0x27,0x00,
    0xFF,0xFF,0x9B,0x00,0x00,0x00,0x5F,0xFF,0xFF,0x27,0x00,
    0x5F,0x5F,0x25,0x00,0x00,0x00,0x10,0x5F,0x5F,0x00,0x00,
    0x00,0x00,0x00,0x00,0x00,0x00,0x00,0x00,0x00,0x00,0x00,
    0x00,0x00,0x00,0x00,0x00,0x00,0x00,0x00,0x00,0x00,0x00,
    0x00,0x00,0x00,0x00,0x00,0x00,0x00,0x00,0x00,0x00,0x00,
    0x00,0x00,0x00,0x00,0x00,0x00,0x00,0x00,0x00,0x00,0x00
  }},
  { 'O', {
    0x00,0x00,0x00,0x00,0x00,0x00,0x00,0x00,0x00,0x00,0x00,
    0x00,0x00,0x00,0x00,0x00,0x00,0x00,0x00,0x00,0x00,0x00,
    0x00,0x00,0x00,0x00,0x00,0x00,0x00,0x00,0x00,0x00,0x00,
    0x00,0x40,0xFA,0xFF,0xFF,0xFF,0xFF,0x64,0x00,0x00,0x00,
    0x42,0xFF,0xFF,0xFF,0xFF,0xFF,0xFF,0xFF,0x77,0x00,0x00,
    0xFF,0xFF,0xFF,0x7A,0x5F,0x6C,0xFF,0xFF,0xFF,0x00,0x00,
    0xFF,0xFF,0xAA,0x00,0x00,0x00,0x6F,0xFF,0xFF,0x1F,0x00,
    0xFF,0xFF,0x9B,0x00,0x00,0x00,0x5F,0xFF,0xFF,0x27,0x00,
    0xFF,0xFF,0x9B,0x00,0x00,0x00,0x5F,0xFF,0xFF,0x27,0x00,
    0xFF,0xFF,0x9B,0x00,0x00,0x00,0x5F,0xFF,0xFF,0x27,0x00,
    0xFF,0xFF,0x9B,0x00,0x00,0x00,0x5F,0xFF,0xFF,0x27,0x00,
    0xFF,0xFF,0x9E,0x00,0x00,0x00,0x61,0xFF,0xFF,0x25,0x00,
    0xFF,0xFF,0xFF,0x05,0x00,0x00,0xD8,0xFF,0xFF,0x01,0x00,
    0x90,0xFF,0xFF,0xFF,0xFF,0xFF,0xFF,0xFF,0xCC,0x00,0x00,
    0x00,0xB3,0xFF,0xFF,0xFF,0xFF,0xFF,0xDD,0x00,0x00,0x00,
    0x00,0x00,0x13,0x56,0x5F,0x59,0x23,0x00,0x00,0x00,0x00,
    0x00,0x00,0x00,0x00,0x00,0x00,0x00,0x00,0x00,0x00,0x00,
    0x00,0x00,0x00,0x00,0x00,0x00,0x00,0x00,0x00,0x00,0x00,
    0x00,0x00,0x00,0x00,0x00,0x00,0x00,0x00,0x00,0x00,0x00,
    0x00,0x00,0x00,0x00,0x00,0x00,0x00,0x00,0x00,0x00,0x00
  }},
  { 'P', {
    0x00,0x00,0x00,0x00,0x00,0x00,0x00,0x00,0x00,0x00,0x00,
    0x00,0x00,0x00,0x00,0x00,0x00,0x00,0x00,0x00,0x00,0x00,
    0x00,0x00,0x00,0x00,0x00,0x00,0x00,0x00,0x00,0x00,0x00,
    0xFF,0xFF,0xFF,0xFF,0xFF,0xFF,0xFF,0x66,0x00,0x00,0x00,
    0xFF,0xFF,0xFF,0xFF,0xFF,0xFF,0xFF,0xFF,0x77,0x00,0x00,
    0xFF,0xFF,0xD5,0x5F,0x5F,0x6C,0xFF,0xFF,0xFF,0x00,0x00,
    0xFF,0xFF,0x9B,0x00,0x00,0x00,0x72,0xFF,0xFF,0x1C,0x00,
    0xFF,0xFF,0x9B,0x00,0x00,0x00,0xD8,0xFF,0xFF,0x01,0x00,
    0xFF,0xFF,0xFF,0xFF,0xFF,0xFF,0xFF,0xFF,0xCC,0x00,0x00,
    0xFF,0xFF,0xFF,0xFF,0xFF,0xFF,0xFF,0xDD,0x00,0x00,0x00,
    0xFF,0xFF,0xD5,0x5F,0x5F,0x59,0x23,0x00,0x00,0x00,0x00,
    0xFF,0xFF,0x9B,0x00,0x00,0x00,0x00,0x00,0x00,0x00,0x00,
    0xFF,0xFF,0x9B,0x00,0x00,0x00,0x00,0x00,0x00,0x00,0x00,
    0xFF,0xFF,0x9B,0x00,0x00,0x00,0x00,0x00,0x00,0x00,0x00,
    0xFF,0xFF,0x9B,0x00,0x00,0x00,0x00,0x00,0x00,0x00,0x00,
    0x5F,0x5F,0x25,0x00,0x00,0x00,0x00,0x00,0x00,0x00,0x00,
    0x00,0x00,0x00,0x00,0x00,0x00,0x00,0x00,0x00,0x00,0x00,
    0x00,0x00,0x00,0x00,0x00,0x00,0x00,0x00,0x00,0x00,0x00,
    0x00,0x00,0x00,0x00,0x00,0x00,0x00,0x00,0x00,0x00,0x00,
    0x00,0x00,0x00,0x00,0x00,0x00,0x00,0x00,0x00,0x00,0x00
  }},
  { 'Q', {
    0x00,0x00,0x00,0x00,0x00,0x00,0x00,0x00,0x00,0x00,0x00,
    0x00,0x00,0x00,0x00,0x00,0x00,0x00,0x00,0x00,0x00,0x00,
    0x00,0x00,0x00,0x00,0x00,0x00,0x00,0x00,0x00,0x00,0x00,
    0x00,0x40,0xFA,0xFF,0xFF,0xFF,0xFF,0x64,0x00,0x00,0x00,
    0x42,0xFF,0xFF,0xFF,0xFF,0xFF,0xFF,0xFF,0x77,0x00,0x00,
    0xFF,0xFF,0xFF,0x7A,0x5F,0x6C,0xFF,0xFF,0xFF,0x00,0x00,
    0xFF,0xFF,0xAA,0x00,0x00,0x00,0x6F,0xFF,0xFF,0x1F,0x00,
    0xFF,0xFF,0x9B,0x00,0x00,0x00,0x5F,0xFF,0xFF,0x27,0x00,
    0xFF,0xFF,0x9B,0x00,0x00,0x00,0x5F,0xFF,0xFF,0x27,0x00,
    0xFF,0xFF,0x9B,0x00,0x00,0x00,0x5F,0xFF,0xFF,0x27,0x00,
    0xFF,0xFF,0x9B,0x00,0x00,0x00,0x5F,0xFF,0xFF,0x27,0x00,
    0xFF,0xFF,0x9E,0x00,0xE6,0x5C,0x60,0xFF,0xFF,0x25,0x00,
    0xFF,0xFF,0xFF,0xEF,0xFF,0xFF,0xF2,0xFF,0xFF,0x05,0x00,
    0x90,0xFF,0xFF,0xFF,0xFF,0xFF,0xFF,0xFF,0xE2,0x00,0x00,
    0x00,0xB3,0xFF,0xFF,0xFF,0xFF,0xFF,0xFF,0x75,0x00,0x00,
    0x00,0x00,0x13,0x56,0x5F,0x6A,0xFF,0xFF,0xFF,0x35,0x00,
    0x00,0x00,0x00,0x00,0x00,0x00,0x29,0xFF,0xB8,0x00,0x00,
    0x00,0x00,0x00,0x00,0x00,0x00,0x00,0x13,0x00,0x00,0x00,
    0x00,0x00,0x00,0x00,0x00,0x00,0x00,0x00,0x00,0x00,0x00,
    0x00,0x00,0x00,0x00,0x00,0x00,0x00,0x00,0x00,0x00,0x00
  }},
  { 'R', {
    0x00,0x00,0x00,0x00,0x00,0x00,0x00,0x00,0x00,0x00,0x00,
    0x00,0x00,0x00,0x00,0x00,0x00,0x00,0x00,0x00,0x00,0x00,
    0x00,0x00,0x00,0x00,0x00,0x00,0x00,0x00,0x00,0x00,0x00,
    0xFF,0xFF,0xFF,0xFF,0xFF,0xFF,0xFF,0x66,0x00,0x00,0x00,
    0xFF,0xFF,0xFF,0xFF,0xFF,0xFF,0xFF,0xFF,0x77,0x00,0x00,
    0xFF,0xFF,0xD5,0x5F,0x5F,0x6C,0xFF,0xFF,0xFF,0x00,0x00,
    0xFF,0xFF,0x9B,0x00,0x00,0x00,0x72,0xFF,0xFF,0x1C,0x00,
    0xFF,0xFF,0x9B,0x00,0x00,0x00,0xD8,0xFF,0xFF,0x01,0x00,
    0xFF,0xFF,0xFF,0xFF,0xFF,0xFF,0xFF,0xFF,0xBC,0x00,0x00,
    0xFF,0xFF,0xFF,0xFF,0xFF,0xFF,0xFF,0xFF,0x61,0x00,0x00,
    0xFF,0xFF,0xD5,0x5F,0x5F,0x6C,0xFF,0xFF,0xFF,0x00,0x00,
    0xFF,0xFF,0x9B,0x00,0x00,0x00,0x6F,0xFF,0xFF,0x1E,0x00,
    0xFF,0xFF,0x9B,0x00,0x00,0x00,0x5F,0xFF,0xFF,0x27,0x00,
    0xFF,0xFF,0x9B,0x00,0x00,0x00,0x5F,0xFF,0xFF,0x27,0x00,
    0xFF,0xFF,0x9B,0x00,0x00,0x00,0x5F,0xFF,0xFF,0x27,0x00,
    0x5F,0x5F,0x25,0x00,0x00,0x00,0x10,0x5F,0x5F,0x00,0x00,
    0x00,0x00,0x00,0x00,0x00,0x00,0x00,0x00,0x00,0x00,0x00,
    0x00,0x00,0x00,0x00,0x00,0x00,0x00,0x00,0x00,0x00,0x00,
    0x00,0x00,0x00,0x00,0x00,0x00,0x00,0x00,0x00,0x00,0x00,
    0x00,0x00,0x00,0x00,0x00,0x00,0x00,0x00,0x00,0x00,0x00
  }},
  { 'S', {
    0x00,0x00,0x00,0x00,0x00,0x00,0x00,0x00,0x00,0x00,0x00,
    0x00,0x00,0x00,0x00,0x00,0x00,0x00,0x00,0x00,0x00,0x00,
    0x00,0x00,0x00,0x00,0x00,0x00,0x00,0x00,0x00,0x00,0x00,
    0x00,0x40,0xFA,0xFF,0xFF,0xFF,0xFF,0x64,0x00,0x00,0x00,
    0x42,0xFF,0xFF,0xFF,0xFF,0xFF,0xFF,0xFF,0x73,0x00,0x00,
    0xFF,0xFF,0xFF,0x7A,0x5F,0x6C,0xFF,0xFF,0xFF,0x00,0x00,
    0xFF,0xFF,0xAD,0x00,0x00,0x00,0x79,0xFF,0xFF,0x18,0x00,
    0xFF,0xFF,0xFF,0x05,0x00,0x00,0x00,0x00,0x00,0x00,0x00,
    0x90,0xFF,0xFF,0xFF,0xFF,0xFF,0xFF,0x64,0x00,0x00,0x00,
    0x00,0xB3,0xFF,0xFF,0xFF,0xFF,0xFF,0xFF,0x77,0x00,0x00,
    0x00,0x00,0x13,0x56,0x5F,0x6C,0xFF,0xFF,0xFF,0x00,0x00,
    0xD1,0xD8,0x6A,0x00,0x00,0x00,0x72,0xFF,0xFF,0x1C,0x00,
    0xFF,0xFF,0xFF,0x05,0x00,0x00,0xD8,0xFF,0xFF,0x01,0x00,
    0x89,0xFF,0xFF,0xFF,0xFF,0xFF,0xFF,0xFF,0xCC,0x00,0x00,
    0x00,0xB3,0xFF,0xFF,0xFF,0xFF,0xFF,0xDD,0x00,0x00,0x00,
    0x00,0x00,0x13,0x56,0x5F,0x59,0x23,0x00,0x00,0x00,0x00,
    0x00,0x00,0x00,0x00,0x00,0x00,0x00,0x00,0x00,0x00,0x00,
    0x00,0x00,0x00,0x00,0x00,0x00,0x00,0x00,0x00,0x00,0x00,
    0x00,0x00,0x00,0x00,0x00,0x00,0x00,0x00,0x00,0x00,0x00,
    0x00,0x00,0x00,0x00,0x00,0x00,0x00,0x00,0x00,0x00,0x00
  }},
  { 'T', {
    0x00,0x00,0x00,0x00,0x00,0x00,0x00,0x00,0x00,0x00,0x00,
    0x00,0x00,0x00,0x00,0x00,0x00,0x00,0x00,0x00,0x00,0x00,
    0x00,0x00,0x00,0x00,0x00,0x00,0x00,0x00,0x00,0x00,0x00,
    0xFF,0xFF,0xFF,0xFF,0xFF,0xFF,0xFF,0xFF,0xFF,0x27,0x00,
    0xFF,0xFF,0xFF,0xFF,0xFF,0xFF,0xFF,0xFF,0xFF,0x27,0x00,
    0x5F,0x5F,0x5F,0xFD,0xFF,0xFF,0x5F,0x5F,0x5F,0x00,0x00,
    0x00,0x00,0x00,0xD8,0xFF,0xFF,0x00,0x00,0x00,0x00,0x00,
    0x00,0x00,0x00,0xD8,0xFF,0xFF,0x00,0x00,0x00,0x00,0x00,
    0x00,0x00,0x00,0xD8,0xFF,0xFF,0x00,0x00,0x00,0x00,0x00,
    0x00,0x00,0x00,0xD8,0xFF,0xFF,0x00,0x00,0x00,0x00,0x00,
    0x00,0x00,0x00,0xD8,0xFF,0xFF,0x00,0x00,0x00,0x00,0x00,
    0x00,0x00,0x00,0xD8,0xFF,0xFF,0x00,0x00,0x00,0x00,0x00,
    0x00,0x00,0x00,0xD8,0xFF,0xFF,0x00,0x00,0x00,0x00,0x00,
    0x00,0x00,0x00,0xD8,0xFF,0xFF,0x00,0x00,0x00,0x00,0x00,
    0x00,0x00,0x00,0xD8,0xFF,0xFF,0x00,0x00,0x00,0x00,0x00,
    0x00,0x00,0x00,0x38,0x5F,0x4A,0x00,0x00,0x00,0x00,0x00,
    0x00,0x00,0x00,0x00,0x00,0x00,0x00,0x00,0x00,0x00,0x00,
    0x00,0x00,0x00,0x00,0x00,0x00,0x00,0x00,0x00,0x00,0x00,
    0x00,0x00,0x00,0x00,0x00,0x00,0x00,0x00,0x00,0x00,0x00,
    0x00,0x00,0x00,0x00,0x00,0x00,0x00,0x00,0x00,0x00,0x00
  }},
  { 'U', {
    0x00,0x00,0x00,0x00,0x00,0x00,0x00,0x00,0x00,0x00,0x00,
    0x00,0x00,0x00,0x00,0x00,0x00,0x00,0x00,0x00,0x00,0x00,
    0x00,0x00,0x00,0x00,0x00,0x00,0x00,0x00,0x00,0x00,0x00,
    0xFF,0xFF,0x9B,0x00,0x00,0x00,0x5F,0xFF,0xFF,0x27,0x00,
    0xFF,0xFF,0x9B,0x00,0x00,0x00,0x5F,0xFF,0xFF,0x27,0x00,
    0xFF,0xFF,0x9B,0x00,0x00,0x00,0x5F,0xFF,0xFF,0x27,0x00,
    0xFF,0xFF,0x9B,0x00,0x00,0x00,0x5F,0xFF,0xFF,0x27,0x00,
    0xFF,0xFF,0x9B,0x00,0x00,0x00,0x5F,0xFF,0xFF,0x27,0x00,
    0xFF,0xFF,0x9B,0x00,0x00,0x00,0x5F,0xFF,0xFF,0x27,0x00,
    0xFF,0xFF,0x9B,0x00,0x00,0x00,0x5F,0xFF,0xFF,0x27,0x00,
    0xFF,0xFF,0x9B,0x00,0x00,0x00,0x5F,0xFF,0xFF,0x27,0x00,
    0xFF,0xFF,0x9E,0x00,0x00,0x00,0x61,0xFF,0xFF,0x25,0x00,
    0xFF,0xFF,0xFF,0x05,0x00,0x00,0xD8,0xFF,0xFF,0x01,0x00,
    0x92,0xFF,0xFF,0xFF,0xFF,0xFF,0xFF,0xFF,0xCD,0x00,0x00,
    0x00,0xB3,0xFF,0xFF,0xFF,0xFF,0xFF,0xDD,0x00,0x00,0x00,
    0x00,0x00,0x13,0x56,0x5F,0x59,0x23,0x00,0x00,0x00,0x00,
    0x00,0x00,0x00,0x00,0x00,0x00,0x00,0x00,0x00,0x00,0x00,
    0x00,0x00,0x00,0x00,0x00,0x00,0x00,0x00,0x00,0x00,0x00,
    0x00,0x00,0x00,0x00,0x00,0x00,0x00,0x00,0x00,0x00,0x00,
    0x00,0x00,0x00,0x00,0x00,0x00,0x00,0x00,0x00,0x00,0x00
  }},
  { 'V', {
    0x00,0x00,0x00,0x00,0x00,0x00,0x00,0x00,0x00,0x00,0x00,
    0x00,0x00,0x00,0x00,0x00,0x00,0x00,0x00,0x00,0x00,0x00,
    0x00,0x00,0x00,0x00,0x00,0x00,0x00,0x00,0x00,0x00,0x00,
    0xFF,0xFF,0x9B,0x00,0x00,0x00,0x5F,0xFF,0xFF,0x27,0x00,
    0xFF,0xFF,0x9B,0x00,0x00,0x00,0x5F,0xFF,0xFF,0x27,0x00,
    0xFF,0xFF,0x9B,0x00,0x00,0x00,0x5F,0xFF,0xFF,0x27,0x00,
    0xFF,0xFF,0xD1,0x00,0x00,0x00,0x99,0xFF,0xFF,0x21,0x00,
    0xBA,0xFF,0xFF,0x21,0x00,0x00,0xFF,0xFF,0xF3,0x00,0x00,
    0x0B,0xFF,0xFF,0xCE,0x00,0x99,0xFF,0xFF,0x37,0x00,0x00,
    0x00,0x9D,0xFF,0xFF,0x38,0xFF,0xFF,0xD5,0x00,0x00,0x00,
    0x00,0x00,0xFF,0xFF,0xFF,0xFF,0xFF,0x1E,0x00,0x00,0x00,
    0x00,0x00,0x7E,0xFF,0xFF,0xFF,0xB7,0x00,0x00,0x00,0x00,
    0x00,0x00,0x00,0xFF,0xFF,0xFF,0x09,0x00,0x00,0x00,0x00,
    0x00,0x00,0x00,0x61,0xFF,0x99,0x00,0x00,0x00,0x00,0x00,
    0x00,0x00,0x00,0x00,0xE0,0x00,0x00,0x00,0x00,0x00,0x00,
    0x00,0x00,0x00,0x00,0x00,0x00,0x00,0x00,0x00,0x00,0x00,
    0x00,0x00,0x00,0x00,0x00,0x00,0x00,0x00,0x00,0x00,0x00,
    0x00,0x00,0x00,0x00,0x00,0x00,0x00,0x00,0x00,0x00,0x00,
    0x00,0x00,0x00,0x00,0x00,0x00,0x00,0x00,0x00,0x00,0x00,
    0x00,0x00,0x00,0x00,0x00,0x00,0x00,0x00,0x00,0x00,0x00
  }},
  { 'W', {
    0x00,0x00,0x00,0x00,0x00,0x00,0x00,0x00,0x00,0x00,0x00,
    0x00,0x00,0x00,0x00,0x00,0x00,0x00,0x00,0x00,0x00,0x00,
    0x00,0x00,0x00,0x00,0x00,0x00,0x00,0x00,0x00,0x00,0x00,
    0xFF,0xFF,0x9B,0x00,0x00,0x00,0x5F,0xFF,0xFF,0x27,0x00,
    0xFF,0xFF,0x9B,0x00,0x00,0x00,0x5F,0xFF,0xFF,0x27,0x00,
    0xFF,0xFF,0x9B,0x00,0x00,0x00,0x5F,0xFF,0xFF,0x27,0x00,
    0xFF,0xFF,0x9B,0x00,0x00,0x00,0x5F,0xFF,0xFF,0x27,0x00,
    0xFF,0xFF,0x9B,0x00,0x00,0x00,0x5F,0xFF,0xFF,0x27,0x00,
    0xFF,0xFF,0x9B,0xD8,0xFF,0xFF,0x5F,0xFF,0xFF,0x27,0x00,
    0xFF,0xFF,0x9B,0xD8,0xFF,0xFF,0x5F,0xFF,0xFF,0x27,0x00,
    0xFF,0xFF,0xB3,0xFF,0xFF,0xFF,0x8F,0xFF,0xFF,0x27,0x00,
    0xFF,0xFF,0xFF,0xFF,0xFF,0xFF,0xFF,0xFF,0xFF,0x27,0x00,
    0xFF,0xFF,0xFF,0xFF,0xFF,0xFF,0xFF,0xFF,0xFF,0x27,0x00,
    0xFF,0xFF,0xFF,0xD7,0x00,0xA6,0xFF,0xFF,0xFF,0x27,0x00,
    0xFF,0xFF,0xD7,0x00,0x00,0x00,0xA6,0xFF,0xFF,0x27,0x00,
    0x5F,0x5A,0x00,0x00,0x00,0x00,0x00,0x4E,0x5F,0x00,0x00,
    0x00,0x00,0x00,0x00,0x00,0x00,0x00,0x00,0x00,0x00,0x00,
    0x00,0x00,0x00,0x00,0x00,0x00,0x00,0x00,0x00,0x00,0x00,
    0x00,0x00,0x00,0x00,0x00,0x00,0x00,0x00,0x00,0x00,0x00,
    0x00,0x00,0x00,0x00,0x00,0x00,0x00,0x00,0x00,0x00,0x00
  }},
  { 'X', {
    0x00,0x00,0x00,0x00,0x00,0x00,0x00,0x00,0x00,0x00,0x00,
    0x00,0x00,0x00,0x00,0x00,0x00,0x00,0x00,0x00,0x00,0x00,
    0x00,0x00,0x00,0x00,0x00,0x00,0x00,0x00,0x00,0x00,0x00,
    0xFF,0xFF,0x9B,0x00,0x00,0x00,0x5F,0xFF,0xFF,0x27,0x00,
    0xFF,0xFF,0x9B,0x00,0x00,0x00,0x5F,0xFF,0xFF,0x27,0x00,
    0xFF,0xFF,0xD7,0x00,0x00,0x00,0x9D,0xFF,0xFF,0x27,0x00,
    0xED,0xFF,0xFF,0xB8,0x00,0x84,0xFF,0xFF,0xFF,0x00,0x00,
    0x00,0xED,0xFF,0xFF,0xF8,0xFF,0xFF,0xFF,0x0C,0x00,0x00,
    0x00,0x00,0xED,0xFF,0xFF,0xFF,0xFF,0x0C,0x00,0x00,0x00,
    0x00,0x00,0x8B,0xFF,0xFF,0xFF,0xC5,0x00,0x00,0x00,0x00,
    0x00,0x82,0xFF,0xFF,0xFF,0xFF,0xFF,0xBC,0x00,0x00,0x00,
    0x84,0xFF,0xFF,0xFF,0x17,0xED,0xFF,0xFF,0xBE,0x00,0x00,
    0xFF,0xFF,0xFF,0x0C,0x00,0x00,0xED,0xFF,0xFF,0x26,0x00,
    0xFF,0xFF,0x9B,0x00,0x00,0x00,0x5F,0xFF,0xFF,0x27,0x00,
    0xFF,0xFF,0x9B,0x00,0x00,0x00,0x5F,0xFF,0xFF,0x27,0x00,
    0x5F,0x5F,0x25,0x00,0x00,0x00,0x10,0x5F,0x5F,0x00,0x00,
    0x00,0x00,0x00,0x00,0x00,0x00,0x00,0x00,0x00,0x00,0x00,
    0x00,0x00,0x00,0x00,0x00,0x00,0x00,0x00,0x00,0x00,0x00,
    0x00,0x00,0x00,0x00,0x00,0x00,0x00,0x00,0x00,0x00,0x00,
    0x00,0x00,0x00,0x00,0x00,0x00,0x00,0x00,0x00,0x00,0x00
  }},
  { 'Y', {
    0x00,0x00,0x00,0x00,0x00,0x00,0x00,0x00,0x00,0x00,0x00,
    0x00,0x00,0x00,0x00,0x00,0x00,0x00,0x00,0x00,0x00,0x00,
    0x00,0x00,0x00,0x00,0x00,0x00,0x00,0x00,0x00,0x00,0x00,
    0xFF,0xFF,0x9B,0x00,0x00,0x00,0x5F,0xFF,0xFF,0x27,0x00,
    0xFF,0xFF,0x9B,0x00,0x00,0x00,0x5F,0xFF,0xFF,0x27,0x00,
    0xFF,0xFF,0x9B,0x00,0x00,0x00,0x5F,0xFF,0xFF,0x27,0x00,
    0xFF,0xFF,0x9B,0x00,0x00,0x00,0x5F,0xFF,0xFF,0x27,0x00,
    0xFF,0xFF,0xFF,0x0B,0x00,0x00,0xED,0xFF,0xFF,0x26,0x00,
    0x87,0xFF,0xFF,0xFF,0x17,0xEB,0xFF,0xFF,0xBE,0x00,0x00,
    0x00,0x87,0xFF,0xFF,0xFF,0xFF,0xFF,0xBC,0x00,0x00,0x00,
    0x00,0x00,0x87,0xFF,0xFF,0xFF,0xBB,0x00,0x00,0x00,0x00,
    0x00,0x00,0x00,0xE4,0xFF,0xFF,0x00,0x00,0x00,0x00,0x00,
    0x00,0x00,0x00,0xD8,0xFF,0xFF,0x00,0x00,0x00,0x00,0x00,
    0x00,0x00,0x00,0xD8,0xFF,0xFF,0x00,0x00,0x00,0x00,0x00,
    0x00,0x00,0x00,0xD8,0xFF,0xFF,0x00,0x00,0x00,0x00,0x00,
    0x00,0x00,0x00,0x38,0x5F,0x4A,0x00,0x00,0x00,0x00,0x00,
    0x00,0x00,0x00,0x00,0x00,0x00,0x00,0x00,0x00,0x00,0x00,
    0x00,0x00,0x00,0x00,0x00,0x00,0x00,0x00,0x00,0x00,0x00,
    0x00,0x00,0x00,0x00,0x00,0x00,0x00,0x00,0x00,0x00,0x00,
    0x00,0x00,0x00,0x00,0x00,0x00,0x00,0x00,0x00,0x00,0x00
  }},
  { 'Z', {
    0x00,0x00,0x00,0x00,0x00,0x00,0x00,0x00,0x00,0x00,0x00,
    0x00,0x00,0x00,0x00,0x00,0x00,0x00,0x00,0x00,0x00,0x00,
    0x00,0x00,0x00,0x00,0x00,0x00,0x00,0x00,0x00,0x00,0x00,
    0xFF,0xFF,0xFF,0xFF,0xFF,0xFF,0xFF,0xFF,0xFF,0x27,0x00,
    0xFF,0xFF,0xFF,0xFF,0xFF,0xFF,0xFF,0xFF,0xFF,0x27,0x00,
    0x5F,0x5F,0x5F,0x5F,0x5F,0x5F,0xFF,0xFF,0xFF,0x27,0x00,
    0x00,0x00,0x00,0x00,0x00,0xB7,0xFF,0xFF,0xFA,0x00,0x00,
    0x00,0x00,0x00,0x00,0xB7,0xFF,0xFF,0xFA,0x00,0x00,0x00,
    0x00,0x00,0x00,0xB8,0xFF,0xFF,0xFA,0x00,0x00,0x00,0x00,
    0x00,0x00,0xB8,0xFF,0xFF,0xF9,0x00,0x00,0x00,0x00,0x00,
    0x00,0xB8,0xFF,0xFF,0xF9,0x00,0x00,0x00,0x00,0x00,0x00,
    0xBA,0xFF,0xFF,0xF8,0x00,0x00,0x00,0x00,0x00,0x00,0x00,
    0xFF,0xFF,0xFF,0x00,0x00,0x00,0x00,0x00,0x00,0x00,0x00,
    0xFF,0xFF,0xFF,0xFF,0xFF,0xFF,0xFF,0xFF,0xFF,0x27,0x00,
    0xFF,0xFF,0xFF,0xFF,0xFF,0xFF,0xFF,0xFF,0xFF,0x27,0x00,
    0x5F,0x5F,0x5F,0x5F,0x5F,0x5F,0x5F,0x5F,0x5F,0x00,0x00,
    0x00,0x00,0x00,0x00,0x00,0x00,0x00,0x00,0x00,0x00,0x00,
    0x00,0x00,0x00,0x00,0x00,0x00,0x00,0x00,0x00,0x00,0x00,
    0x00,0x00,0x00,0x00,0x00,0x00,0x00,0x00,0x00,0x00,0x00,
    0x00,0x00,0x00,0x00,0x00,0x00,0x00,0x00,0x00,0x00,0x00
  }},
  { '[', {
    0x00,0x00,0x00,0x00,0x00,0x00,0x00,0x00,0x00,0x00,0x00,
    0x00,0x00,0x00,0x89,0xD8,0xD8,0xD8,0x61,0x00,0x00,0x00,
    0x00,0x00,0x00,0xD8,0xFF,0xFF,0xFF,0x9B,0x00,0x00,0x00,
    0x00,0x00,0x00,0xD8,0xFF,0xFF,0xD8,0x61,0x00,0x00,0x00,
    0x00,0x00,0x00,0xD8,0xFF,0xFF,0x00,0x00,0x00,0x00,0x00,
    0x00,0x00,0x00,0xD8,0xFF,0xFF,0x00,0x00,0x00,0x00,0x00,
    0x00,0x00,0x00,0xD8,0xFF,0xFF,0x00,0x00,0x00,0x00,0x00,
    0x00,0x00,0x00,0xD8,0xFF,0xFF,0x00,0x00,0x00,0x00,0x00,
    0x00,0x00,0x00,0xD8,0xFF,0xFF,0x00,0x00,0x00,0x00,0x00,
    0x00,0x00,0x00,0xD8,0xFF,0xFF,0x00,0x00,0x00,0x00,0x00,
    0x00,0x00,0x00,0xD8,0xFF,0xFF,0x00,0x00,0x00,0x00,0x00,
    0x00,0x00,0x00,0xD8,0xFF,0xFF,0x00,0x00,0x00,0x00,0x00,
    0x00,0x00,0x00,0xD8,0xFF,0xFF,0x00,0x00,0x00,0x00,0x00,
    0x00,0x00,0x00,0xD8,0xFF,0xFF,0x00,0x00,0x00,0x00,0x00,
    0x00,0x00,0x00,0xD8,0xFF,0xFF,0x5F,0x25,0x00,0x00,0x00,
    0x00,0x00,0x00,0xD8,0xFF,0xFF,0xFF,0x9B,0x00,0x00,0x00,
    0x00,0x00,0x00,0xD4,0xFF,0xFF,0xFF,0x99,0x00,0x00,0x00,
    0x00,0x00,0x00,0x00,0x00,0x00,0x00,0x00,0x00,0x00,0x00,
    0x00,0x00,0x00,0x00,0x00,0x00,0x00,0x00,0x00,0x00,0x00,
    0x00,0x00,0x00,0x00,0x00,0x00,0x00,0x00,0x00,0x00,0x00
  }},
  { '\\', {
    0x00,0x00,0x00,0x00,0x00,0x00,0x00,0x00,0x00,0x00,0x00,
    0x00,0x2E,0xCC,0x00,0x00,0x00,0x00,0x00,0x00,0x00,0x00,
    0x37,0xFF,0xFF,0x8B,0x00,0x00,0x00,0x00,0x00,0x00,0x00,
    0x00,0xFF,0xFF,0xFF,0x00,0x00,0x00,0x00,0x00,0x00,0x00,
    0x00,0x4F,0xFF,0xFF,0x8D,0x00,0x00,0x00,0x00,0x00,0x00,
    0x00,0x00,0xFC,0xFF,0xFF,0x00,0x00,0x00,0x00,0x00,0x00,
    0x00,0x00,0x47,0xFF,0xFF,0x90,0x00,0x00,0x00,0x00,0x00,
    0x00,0x00,0x00,0xF3,0xFF,0xFF,0x00,0x00,0x00,0x00,0x00,
    0x00,0x00,0x00,0x3F,0xFF,0xFF,0x93,0x00,0x00,0x00,0x00,
    0x00,0x00,0x00,0x00,0xEB,0xFF,0xFF,0x00,0x00,0x00,0x00,
    0x00,0x00,0x00,0x00,0x37,0xFF,0xFF,0x96,0x00,0x00,0x00,
    0x00,0x00,0x00,0x00,0x00,0xE3,0xFF,0xFF,0x00,0x00,0x00,
    0x00,0x00,0x00,0x00,0x00,0x30,0xFF,0xFF,0x99,0x00,0x00,
    0x00,0x00,0x00,0x00,0x00,0x00,0xDB,0xFF,0xFF,0x01,0x00,
    0x00,0x00,0x00,0x00,0x00,0x00,0x29,0xFF,0xFF,0x9B,0x00,
    0x00,0x00,0x00,0x00,0x00,0x00,0x00,0xD2,0xFF,0xFF,0x01,
    0x00,0x00,0x00,0x00,0x00,0x00,0x00,0x22,0xFF,0xFF,0x9E,
    0x00,0x00,0x00,0x00,0x00,0x00,0x00,0x00,0xCA,0xFF,0xF6,
    0x00,0x00,0x00,0x00,0x00,0x00,0x00,0x00,0x1B,0x71,0x00,
    0x00,0x00,0x00,0x00,0x00,0x00,0x00,0x00,0x00,0x00,0x00
  }},
  { ']', {
    0x00,0x00,0x00,0x00,0x00,0x00,0x00,0x00,0x00,0x00,0x00,
    0x00,0x38,0xD8,0xD8,0xD8,0xAF,0x00,0x00,0x00,0x00,0x00,
    0x00,0x5F,0xFF,0xFF,0xFF,0xFF,0x00,0x00,0x00,0x00,0x00,
    0x00,0x38,0xD8,0xFF,0xFF,0xFF,0x00,0x00,0x00,0x00,0x00,
    0x00,0x00,0x00,0xD8,0xFF,0xFF,0x00,0x00,0x00,0x00,0x00,
    0x00,0x00,0x00,0xD8,0xFF,0xFF,0x00,0x00,0x00,0x00,0x00,
    0x00,0x00,0x00,0xD8,0xFF,0xFF,0x00,0x00,0x00,0x00,0x00,
    0x00,0x00,0x00,0xD8,0xFF,0xFF,0x00,0x00,0x00,0x00,0x00,
    0x00,0x00,0x00,0xD8,0xFF,0xFF,0x00,0x00,0x00,0x00,0x00,
    0x00,0x00,0x00,0xD8,0xFF,0xFF,0x00,0x00,0x00,0x00,0x00,
    0x00,0x00,0x00,0xD8,0xFF,0xFF,0x00,0x00,0x00,0x00,0x00,
    0x00,0x00,0x00,0xD8,0xFF,0xFF,0x00,0x00,0x00,0x00,0x00,
    0x00,0x00,0x00,0xD8,0xFF,0xFF,0x00,0x00,0x00,0x00,0x00,
    0x00,0x00,0x00,0xD8,0xFF,0xFF,0x00,0x00,0x00,0x00,0x00,
    0x00,0x10,0x5F,0xFD,0xFF,0xFF,0x00,0x00,0x00,0x00,0x00,
    0x00,0x5F,0xFF,0xFF,0xFF,0xFF,0x00,0x00,0x00,0x00,0x00,
    0x00,0x5C,0xFF,0xFF,0xFF,0xFF,0x00,0x00,0x00,0x00,0x00,
    0x00,0x00,0x00,0x00,0x00,0x00,0x00,0x00,0x00,0x00,0x00,
    0x00,0x00,0x00,0x00,0x00,0x00,0x00,0x00,0x00,0x00,0x00,
    0x00,0x00,0x00,0x00,0x00,0x00,0x00,0x00,0x00,0x00,0x00
  }},
  { '^', {
    0x00,0x00,0x00,0x00,0x00,0x00,0x00,0x00,0x00,0x00,0x00,
    0x00,0x00,0x00,0x00,0x00,0x00,0x00,0x00,0x00,0x00,0x00,
    0x00,0x00,0x00,0x00,0x25,0x18,0x00,0x00,0x00,0x00,0x00,
    0x00,0x00,0x00,0x25,0xFF,0xFF,0x18,0x00,0x00,0x00,0x00,
    0x00,0x00,0x23,0xFF,0xFF,0xFF,0xFF,0x17,0x00,0x00,0x00,
    0x00,0x23,0xFF,0xFF,0xFF,0xFF,0xFF,0xFF,0x17,0x00,0x00,
    0x22,0xFF,0xFF,0xFF,0x6B,0x81,0xFF,0xFF,0xFF,0x17,0x00,
    0xE6,0xFF,0xFF,0x6A,0x00,0x00,0x81,0xFF,0xFF,0xD5,0x00,
    0x04,0xFF,0x68,0x00,0x00,0x00,0x00,0x81,0xFF,0x00,0x00,
    0x00,0x00,0x00,0x00,0x00,0x00,0x00,0x00,0x00,0x00,0x00,
    0x00,0x00,0x00,0x00,0x00,0x00,0x00,0x00,0x00,0x00,0x00,
    0x00,0x00,0x00,0x00,0x00,0x00,0x00,0x00,0x00,0x00,0x00,
    0x00,0x00,0x00,0x00,0x00,0x00,0x00,0x00,0x00,0x00,0x00,
    0x00,0x00,0x00,0x00,0x00,0x00,0x00,0x00,0x00,0x00,0x00,
    0x00,0x00,0x00,0x00,0x00,0x00,0x00,0x00,0x00,0x00,0x00,
    0x00,0x00,0x00,0x00,0x00,0x00,0x00,0x00,0x00,0x00,0x00,
    0x00,0x00,0x00,0x00,0x00,0x00,0x00,0x00,0x00,0x00,0x00,
    0x00,0x00,0x00,0x00,0x00,0x00,0x00,0x00,0x00,0x00,0x00,
    0x00,0x00,0x00,0x00,0x00,0x00,0x00,0x00,0x00,0x00,0x00,
    0x00,0x00,0x00,0x00,0x00,0x00,0x00,0x00,0x00,0x00,0x00
  }},
  { '_', {
    0x00,0x00,0x00,0x00,0x00,0x00,0x00,0x00,0x00,0x00,0x00,
    0x00,0x00,0x00,0x00,0x00,0x00,0x00,0x00,0x00,0x00,0x00,
    0x00,0x00,0x00,0x00,0x00,0x00,0x00,0x00,0x00,0x00,0x00,
    0x00,0x00,0x00,0x00,0x00,0x00,0x00,0x00,0x00,0x00,0x00,
    0x00,0x00,0x00,0x00,0x00,0x00,0x00,0x00,0x00,0x00,0x00,
    0x00,0x00,0x00,0x00,0x00,0x00,0x00,0x00,0x00,0x00,0x00,
    0x00,0x00,0x00,0x00,0x00,0x00,0x00,0x00,0x00,0x00,0x00,
    0x00,0x00,0x00,0x00,0x00,0x00,0x00,0x00,0x00,0x00,0x00,
    0x00,0x00,0x00,0x00,0x00,0x00,0x00,0x00,0x00,0x00,0x00,
    0x00,0x00,0x00,0x00,0x00,0x00,0x00,0x00,0x00,0x00,0x00,
    0x00,0x00,0x00,0x00,0x00,0x00,0x00,0x00,0x00,0x00,0x00,
    0x00,0x00,0x00,0x00,0x00,0x00,0x00,0x00,0x00,0x00,0x00,
    0x00,0x00,0x00,0x00,0x00,0x00,0x00,0x00,0x00,0x00,0x00,
    0x00,0x00,0x00,0x00,0x00,0x00,0x00,0x00,0x00,0x00,0x00,
    0x00,0x00,0x00,0x00,0x00,0x00,0x00,0x00,0x00,0x00,0x00,
    0x00,0x00,0x00,0x00,0x00,0x00,0x00,0x00,0x00,0x00,0x00,
    0xDD,0xDD,0xDD,0xDD,0xDD,0xDD,0xDD,0xDD,0xDD,0xDD,0xB3,
    0xFF,0xFF,0xFF,0xFF,0xFF,0xFF,0xFF,0xFF,0xFF,0xFF,0xFF,
    0xD2,0xD2,0xD2,0xD2,0xD2,0xD2,0xD2,0xD2,0xD2,0xD2,0xAA,
    0x00,0x00,0x00,0x00,0x00,0x00,0x00,0x00,0x00,0x00,0x00
  }},
  { '`', {
    0x00,0x00,0x00,0x00,0x00,0x00,0x00,0x00,0x00,0x00,0x00,
    0x00,0x00,0x66,0x75,0x00,0x00,0x00,0x00,0x00,0x00,0x00,
    0x00,0x5A,0xFF,0xFF,0x73,0x00,0x00,0x00,0x00,0x00,0x00,
    0x00,0x11,0xFF,0xFF,0xFF,0x72,0x00,0x00,0x00,0x00,0x00,
    0x00,0x00,0x10,0xFF,0xFF,0xFF,0x04,0x00,0x00,0x00,0x00,
    0x00,0x00,0x00,0x0F,0xFF,0x34,0x00,0x00,0x00,0x00,0x00,
    0x00,0x00,0x00,0x00,0x00,0x00,0x00,0x00,0x00,0x00,0x00,
    0x00,0x00,0x00,0x00,0x00,0x00,0x00,0x00,0x00,0x00,0x00,
    0x00,0x00,0x00,0x00,0x00,0x00,0x00,0x00,0x00,0x00,0x00,
    0x00,0x00,0x00,0x00,0x00,0x00,0x00,0x00,0x00,0x00,0x00,
    0x00,0x00,0x00,0x00,0x00,0x00,0x00,0x00,0x00,0x00,0x00,
    0x00,0x00,0x00,0x00,0x00,0x00,0x00,0x00,0x00,0x00,0x00,
    0x00,0x00,0x00,0x00,0x00,0x00,0x00,0x00,0x00,0x00,0x00,
    0x00,0x00,0x00,0x00,0x00,0x00,0x00,0x00,0x00,0x00,0x00,
    0x00,0x00,0x00,0x00,0x00,0x00,0x00,0x00,0x00,0x00,0x00,
    0x00,0x00,0x00,0x00,0x00,0x00,0x00,0x00,0x00,0x00,0x00,
    0x00,0x00,0x00,0x00,0x00,0x00,0x00,0x00,0x00,0x00,0x00,
    0x00,0x00,0x00,0x00,0x00,0x00,0x00,0x00,0x00,0x00,0x00,
    0x00,0x00,0x00,0x00,0x00,0x00,0x00,0x00,0x00,0x00,0x00,
    0x00,0x00,0x00,0x00,0x00,0x00,0x00,0x00,0x00,0x00,0x00
  }},
  { 'a', {
    0x00,0x00,0x00,0x00,0x00,0x00,0x00,0x00,0x00,0x00,0x00,
    0x00,0x00,0x00,0x00,0x00,0x00,0x00,0x00,0x00,0x00,0x00,
    0x00,0x00,0x00,0x00,0x00,0x00,0x00,0x00,0x00,0x00,0x00,
    0x00,0x00,0x00,0x00,0x00,0x00,0x00,0x00,0x00,0x00,0x00,
    0x00,0x00,0x00,0x00,0x00,0x00,0x00,0x00,0x00,0x00,0x00,
    0x00,0x00,0x00,0x00,0x00,0x00,0x00,0x00,0x00,0x00,0x00,
    0x00,0x00,0x88,0xCE,0xD8,0xD8,0xD8,0xD8,0xD8,0x13,0x00,
    0x0D,0xFF,0xFF,0xFF,0xFF,0xFF,0xFF,0xFF,0xFF,0x27,0x00,
    0xD1,0xFF,0xFF,0xF3,0xD8,0xD8,0xFD,0xFF,0xFF,0x27,0x00,
    0xFF,0xFF,0xD0,0x00,0x00,0x00,0x5F,0xFF,0xFF,0x27,0x00,
    0xFF,0xFF,0x9B,0x00,0x00,0x00,0x6C,0xFF,0xFF,0x27,0x00,
    0xFF,0xFF,0x9E,0x00,0x00,0x2E,0xFF,0xFF,0xFF,0x27,0x00,
    0xFF,0xFF,0xFF,0x08,0x52,0xFF,0xFF,0xFF,0xFF,0x27,0x00,
    0x94,0xFF,0xFF,0xFF,0xFF,0xFF,0xFF,0xFF,0xFF,0x27,0x00,
    0x00,0xB7,0xFF,0xFF,0xFF,0xD8,0x6F,0xFF,0xFF,0x27,0x00,
    0x00,0x00,0x14,0x55,0x29,0x00,0x10,0x5F,0x5F,0x00,0x00,
    0x00,0x00,0x00,0x00,0x00,0x00,0x00,0x00,0x00,0x00,0x00,
    0x00,0x00,0x00,0x00,0x00,0x00,0x00,0x00,0x00,0x00,0x00,
    0x00,0x00,0x00,0x00,0x00,0x00,0x00,0x00,0x00,0x00,0x00,
    0x00,0x00,0x00,0x00,0x00,0x00,0x00,0x00,0x00,0x00,0x00
  }},
  { 'b', {
    0x00,0x00,0x00,0x00,0x00,0x00,0x00,0x00,0x00,0x00,0x00,
    0x00,0x00,0x00,0x00,0x00,0x00,0x00,0x00,0x00,0x00,0x00,
    0x00,0x00,0x00,0x00,0x00,0x00,0x00,0x00,0x00,0x00,0x00,
    0xFF,0xFF,0x9B,0x00,0x00,0x00,0x00,0x00,0x00,0x00,0x00,
    0xFF,0xFF,0x9B,0x00,0x00,0x00,0x00,0x00,0x00,0x00,0x00,
    0xFF,0xFF,0x9B,0x00,0x00,0x00,0x00,0x00,0x00,0x00,0x00,
    0xFF,0xFF,0xFF,0xD8,0xD8,0xD1,0x9B,0x0C,0x00,0x00,0x00,
    0xFF,0xFF,0xFF,0xFF,0xFF,0xFF,0xFF,0xFF,0x2C,0x00,0x00,
    0xFF,0xFF,0xFF,0xD8,0xD8,0xE6,0xFF,0xFF,0xFF,0x00,0x00,
    0xFF,0xFF,0x9B,0x00,0x00,0x00,0x94,0xFF,0xFF,0x13,0x00,
    0xFF,0xFF,0x9B,0x00,0x00,0x00,0x5F,0xFF,0xFF,0x27,0x00,
    0xFF,0xFF,0x9B,0x00,0x00,0x00,0x61,0xFF,0xFF,0x25,0x00,
    0xFF,0xFF,0x9B,0x00,0x00,0x00,0xD8,0xFF,0xFF,0x01,0x00,
    0xFF,0xFF,0xFF,0xFF,0xFF,0xFF,0xFF,0xFF,0xCC,0x00,0x00,
    0xFF,0xFF,0xFF,0xFF,0xFF,0xFF,0xFF,0xDD,0x00,0x00,0x00,
    0x5F,0x5F,0x5F,0x5F,0x5F,0x59,0x23,0x00,0x00,0x00,0x00,
    0x00,0x00,0x00,0x00,0x00,0x00,0x00,0x00,0x00,0x00,0x00,
    0x00,0x00,0x00,0x00,0x00,0x00,0x00,0x00,0x00,0x00,0x00,
    0x00,0x00,0x00,0x00,0x00,0x00,0x00,0x00,0x00,0x00,0x00,
    0x00,0x00,0x00,0x00,0x00,0x00,0x00,0x00,0x00,0x00,0x00
  }},
  { 'c', {
    0x00,0x00,0x00,0x00,0x00,0x00,0x00,0x00,0x00,0x00,0x00,
    0x00,0x00,0x00,0x00,0x00,0x00,0x00,0x00,0x00,0x00,0x00,
    0x00,0x00,0x00,0x00,0x00,0x00,0x00,0x00,0x00,0x00,0x00,
    0x00,0x00,0x00,0x00,0x00,0x00,0x00,0x00,0x00,0x00,0x00,
    0x00,0x00,0x00,0x00,0x00,0x00,0x00,0x00,0x00,0x00,0x00,
    0x00,0x00,0x00,0x00,0x00,0x00,0x00,0x00,0x00,0x00,0x00,
    0x00,0x00,0x87,0xCE,0xD8,0xD1,0x9B,0x0C,0x00,0x00,0x00,
    0x0B,0xFF,0xFF,0xFF,0xFF,0xFF,0xFF,0xFF,0x2A,0x00,0x00,
    0xCE,0xFF,0xFF,0xF3,0xD8,0xE6,0xFF,0xFF,0xFF,0x00,0x00,
    0xFF,0xFF,0xD0,0x00,0x00,0x00,0x9E,0xFF,0xFF,0x08,0x00,
    0xFF,0xFF,0x9B,0x00,0x00,0x00,0x13,0x5F,0x5F,0x00,0x00,
    0xFF,0xFF,0x9E,0x00,0x00,0x00,0x00,0x00,0x00,0x00,0x00,
    0xFF,0xFF,0xFF,0x05,0x00,0x00,0x00,0x00,0x00,0x00,0x00,
    0x90,0xFF,0xFF,0xFF,0xFF,0xFF,0xFF,0xFF,0xFF,0x27,0x00,
    0x00,0xB3,0xFF,0xFF,0xFF,0xFF,0xFF,0xFF,0xFF,0x27,0x00,
    0x00,0x00,0x13,0x56,0x5F,0x5F,0x5F,0x5F,0x5F,0x00,0x00,
    0x00,0x00,0x00,0x00,0x00,0x00,0x00,0x00,0x00,0x00,0x00,
    0x00,0x00,0x00,0x00,0x00,0x00,0x00,0x00,0x00,0x00,0x00,
    0x00,0x00,0x00,0x00,0x00,0x00,0x00,0x00,0x00,0x00,0x00,
    0x00,0x00,0x00,0x00,0x00,0x00,0x00,0x00,0x00,0x00,0x00
  }},
  { 'd', {
    0x00,0x00,0x00,0x00,0x00,0x00,0x00,0x00,0x00,0x00,0x00,
    0x00,0x00,0x00,0x00,0x00,0x00,0x00,0x00,0x00,0x00,0x00,
    0x00,0x00,0x00,0x00,0x00,0x00,0x00,0x00,0x00,0x00,0x00,
    0x00,0x00,0x00,0x00,0x00,0x00,0x5F,0xFF,0xFF,0x27,0x00,
    0x00,0x00,0x00,0x00,0x00,0x00,0x5F,0xFF,0xFF,0x27,0x00,
    0x00,0x00,0x00,0x00,0x00,0x00,0x5F,0xFF,0xFF,0x27,0x00,
    0x00,0x00,0x87,0xCE,0xD8,0xD8,0xFD,0xFF,0xFF,0x27,0x00,
    0x0B,0xFF,0xFF,0xFF,0xFF,0xFF,0xFF,0xFF,0xFF,0x27,0x00,
    0xCE,0xFF,0xFF,0xF3,0xD8,0xD8,0xFD,0xFF,0xFF,0x27,0x00,
    0xFF,0xFF,0xD0,0x00,0x00,0x00,0x5F,0xFF,0xFF,0x27,0x00,
    0xFF,0xFF,0x9B,0x00,0x00,0x00,0x5F,0xFF,0xFF,0x27,0x00,
    0xFF,0xFF,0x9E,0x00,0x00,0x00,0x5F,0xFF,0xFF,0x27,0x00,
    0xFF,0xFF,0xFF,0x05,0x00,0x00,0x5F,0xFF,0xFF,0x27,0x00,
    0x90,0xFF,0xFF,0xFF,0xFF,0xFF,0xFF,0xFF,0xFF,0x27,0x00,
    0x00,0xB3,0xFF,0xFF,0xFF,0xFF,0xFF,0xFF,0xFF,0x27,0x00,
    0x00,0x00,0x13,0x56,0x5F,0x5F,0x5F,0x5F,0x5F,0x00,0x00,
    0x00,0x00,0x00,0x00,0x00,0x00,0x00,0x00,0x00,0x00,0x00,
    0x00,0x00,0x00,0x00,0x00,0x00,0x00,0x00,0x00,0x00,0x00,
    0x00,0x00,0x00,0x00,0x00,0x00,0x00,0x00,0x00,0x00,0x00,
    0x00,0x00,0x00,0x00,0x00,0x00,0x00,0x00,0x00,0x00,0x00
  }},
  { 'e', {
    0x00,0x00,0x00,0x00,0x00,0x00,0x00,0x00,0x00,0x00,0x00,
    0x00,0x00,0x00,0x00,0x00,0x00,0x00,0x00,0x00,0x00,0x00,
    0x00,0x00,0x00,0x00,0x00,0x00,0x00,0x00,0x00,0x00,0x00,
    0x00,0x00,0x00,0x00,0x00,0x00,0x00,0x00,0x00,0x00,0x00,
    0x00,0x00,0x00,0x00,0x00,0x00,0x00,0x00,0x00,0x00,0x00,
    0x00,0x00,0x00,0x00,0x00,0x00,0x00,0x00,0x00,0x00,0x00,
    0x00,0x00,0x87,0xCE,0xD8,0xD1,0x9B,0x0C,0x00,0x00,0x00,
    0x0B,0xFF,0xFF,0xFF,0xFF,0xFF,0xFF,0xFF,0x2C,0x00,0x00,
    0xCE,0xFF,0xFF,0xF3,0xD8,0xE6,0xFF,0xFF,0xFF,0x00,0x00,
    0xFF,0xFF,0xFF,0x5F,0x5F,0x5F,0xD7,0xFF,0xFF,0x13,0x00,
    0xFF,0xFF,0xFF,0xFF,0xFF,0xFF,0xFF,0xFF,0xFF,0x27,0x00,
    0xFF,0xFF,0xFF,0xFF,0xFF,0xFF,0xFF,0xFF,0xFF,0x27,0x00,
    0xFF,0xFF,0xFC,0x05,0x00,0x00,0x00,0x00,0x00,0x00,0x00,
    0x90,0xFF,0xFF,0xFF,0xFF,0xFF,0xFF,0xFF,0xFF,0x27,0x00,
    0x00,0xB3,0xFF,0xFF,0xFF,0xFF,0xFF,0xFF,0xFF,0x27,0x00,
    0x00,0x00,0x13,0x56,0x5F,0x5F,0x5F,0x5F,0x5F,0x00,0x00,
    0x00,0x00,0x00,0x00,0x00,0x00,0x00,0x00,0x00,0x00,0x00,
    0x00,0x00,0x00,0x00,0x00,0x00,0x00,0x00,0x00,0x00,0x00,
    0x00,0x00,0x00,0x00,0x00,0x00,0x00,0x00,0x00,0x00,0x00,
    0x00,0x00,0x00,0x00,0x00,0x00,0x00,0x00,0x00,0x00,0x00
  }},
  { 'f', {
    0x00,0x00,0x00,0x00,0x00,0x00,0x00,0x00,0x00,0x00,0x00,
    0x00,0x00,0x00,0x00,0x00,0x00,0x00,0x00,0x00,0x00,0x00,
    0x00,0x00,0x00,0x00,0x00,0x00,0x00,0x00,0x00,0x00,0x00,
    0x00,0x00,0x00,0x00,0x0B,0xCC,0xFF,0xFF,0xFF,0x27,0x00,
    0x00,0x00,0x00,0x00,0xFF,0xFF,0xFF,0xFF,0xFF,0x27,0x00,
    0x00,0x00,0x00,0x9A,0xFF,0xFF,0xAF,0x5F,0x5F,0x00,0x00,
    0x00,0x38,0xD8,0xFF,0xFF,0xFF,0xD8,0x61,0x00,0x00,0x00,
    0x00,0x5F,0xFF,0xFF,0xFF,0xFF,0xFF,0x9B,0x00,0x00,0x00,
    0x00,0x38,0xD8,0xFF,0xFF,0xFF,0xD8,0x61,0x00,0x00,0x00,
    0x00,0x00,0x00,0xD8,0xFF,0xFF,0x00,0x00,0x00,0x00,0x00,
    0x00,0x00,0x00,0xD8,0xFF,0xFF,0x00,0x00,0x00,0x00,0x00,
    0x00,0x00,0x00,0xD8,0xFF,0xFF,0x00,0x00,0x00,0x00,0x00,
    0x00,0x00,0x00,0xD8,0xFF,0xFF,0x00,0x00,0x00,0x00,0x00,
    0x00,0x00,0x00,0xD8,0xFF,0xFF,0x00,0x00,0x00,0x00,0x00,
    0x00,0x00,0x00,0xD8,0xFF,0xFF,0x00,0x00,0x00,0x00,0x00,
    0x00,0x00,0x00,0x38,0x5F,0x4A,0x00,0x00,0x00,0x00,0x00,
    0x00,0x00,0x00,0x00,0x00,0x00,0x00,0x00,0x00,0x00,0x00,
    0x00,0x00,0x00,0x00,0x00,0x00,0x00,0x00,0x00,0x00,0x00,
    0x00,0x00,0x00,0x00,0x00,0x00,0x00,0x00,0x00,0x00,0x00,
    0x00,0x00,0x00,0x00,0x00,0x00,0x00,0x00,0x00,0x00,0x00
  }},
  { 'g', {
    0x00,0x00,0x00,0x00,0x00,0x00,0x00,0x00,0x00,0x00,0x00,
    0x00,0x00,0x00,0x00,0x00,0x00,0x00,0x00,0x00,0x00,0x00,
    0x00,0x00,0x00,0x00,0x00,0x00,0x00,0x00,0x00,0x00,0x00,
    0x00,0x00,0x00,0x00,0x00,0x00,0x00,0x00,0x00,0x00,0x00,
    0x00,0x00,0x00,0x00,0x00,0x00,0x00,0x00,0x00,0x00,0x00,
    0x00,0x00,0x00,0x00,0x00,0x00,0x00,0x00,0x00,0x00,0x00,
    0x00,0x00,0x87,0xCE,0xD8,0xD8,0xD8,0xD8,0xD8,0x13,0x00,
    0x0B,0xFF,0xFF,0xFF,0xFF,0xFF,0xFF,0xFF,0xFF,0x27,0x00,
    0xCE,0xFF,0xFF,0xF3,0xD8,0xD8,0xFD,0xFF,0xFF,0x27,0x00,
    0xFF,0xFF,0xD0,0x00,0x00,0x00,0x5F,0xFF,0xFF,0x27,0x00,
    0xFF,0xFF,0x9B,0x00,0x00,0x00,0x5F,0xFF,0xFF,0x27,0x00,
    0xFF,0xFF,0x9E,0x00,0x00,0x00,0x5F,0xFF,0xFF,0x27,0x00,
    0xFF,0xFF,0xFF,0x05,0x00,0x00,0x5F,0xFF,0xFF,0x27,0x00,
    0x90,0xFF,0xFF,0xFF,0xFF,0xFF,0xFF,0xFF,0xFF,0x27,0x00,
    0x00,0xB3,0xFF,0xFF,0xFF,0xFF,0xFF,0xFF,0xFF,0x27,0x00,
    0x00,0x00,0x13,0x56,0x5F,0x5F,0xD8,0xFF,0xFF,0x11,0x00,
    0x00,0x39,0xDD,0xDD,0xDD,0xEA,0xFF,0xFF,0xFF,0x00,0x00,
    0x00,0x5F,0xFF,0xFF,0xFF,0xFF,0xFF,0xFF,0x29,0x00,0x00,
    0x00,0x37,0xD2,0xD2,0xD2,0xCD,0x96,0x0B,0x00,0x00,0x00,
    0x00,0x00,0x00,0x00,0x00,0x00,0x00,0x00,0x00,0x00,0x00
  }},
  { 'h', {
    0x00,0x00,0x00,0x00,0x00,0x00,0x00,0x00,0x00,0x00,0x00,
    0x00,0x00,0x00,0x00,0x00,0x00,0x00,0x00,0x00,0x00,0x00,
    0x00,0x00,0x00,0x00,0x00,0x00,0x00,0x00,0x00,0x00,0x00,
    0xFF,0xFF,0x9B,0x00,0x00,0x00,0x00,0x00,0x00,0x00,0x00,
    0xFF,0xFF,0x9B,0x00,0x00,0x00,0x00,0x00,0x00,0x00,0x00,
    0xFF,0xFF,0x9B,0x00,0x00,0x00,0x00,0x00,0x00,0x00,0x00,
    0xFF,0xFF,0xFF,0xD8,0xD8,0xD1,0x9B,0x0C,0x00,0x00,0x00,
    0xFF,0xFF,0xFF,0xFF,0xFF,0xFF,0xFF,0xFF,0x2C,0x00,0x00,
    0xFF,0xFF,0xFF,0xD8,0xD8,0xE6,0xFF,0xFF,0xFF,0x00,0x00,
    0xFF,0xFF,0x9B,0x00,0x00,0x00,0x94,0xFF,0xFF,0x13,0x00,
    0xFF,0xFF,0x9B,0x00,0x00,0x00,0x5F,0xFF,0xFF,0x27,0x00,
    0xFF,0xFF,0x9B,0x00,0x00,0x00,0x5F,0xFF,0xFF,0x27,0x00,
    0xFF,0xFF,0x9B,0x00,0x00,0x00,0x5F,0xFF,0xFF,0x27,0x00,
    0xFF,0xFF,0x9B,0x00,0x00,0x00,0x5F,0xFF,0xFF,0x27,0x00,
    0xFF,0xFF,0x9B,0x00,0x00,0x00,0x5F,0xFF,0xFF,0x27,0x00,
    0x5F,0x5F,0x25,0x00,0x00,0x00,0x10,0x5F,0x5F,0x00,0x00,
    0x00,0x00,0x00,0x00,0x00,0x00,0x00,0x00,0x00,0x00,0x00,
    0x00,0x00,0x00,0x00,0x00,0x00,0x00,0x00,0x00,0x00,0x00,
    0x00,0x00,0x00,0x00,0x00,0x00,0x00,0x00,0x00,0x00,0x00,
    0x00,0x00,0x00,0x00,0x00,0x00,0x00,0x00,0x00,0x00,0x00
  }},
  { 'i', {
    0x00,0x00,0x00,0x00,0x00,0x00,0x00,0x00,0x00,0x00,0x00,
    0x00,0x00,0x00,0x00,0x00,0x00,0x00,0x00,0x00,0x00,0x00,
    0x00,0x00,0x00,0x00,0x00,0x00,0x00,0x00,0x00,0x00,0x00,
    0x00,0x00,0x00,0x6C,0xFF,0x9E,0x00,0x00,0x00,0x00,0x00,
    0x00,0x00,0x00,0xB1,0xFF,0xE8,0x00,0x00,0x00,0x00,0x00,
    0x00,0x00,0x00,0x00,0x4E,0x02,0x00,0x00,0x00,0x00,0x00,
    0x00,0x38,0xD8,0xD8,0xD8,0xAF,0x00,0x00,0x00,0x00,0x00,
    0x00,0x5F,0xFF,0xFF,0xFF,0xFF,0x00,0x00,0x00,0x00,0x00,
    0x00,0x38,0xD8,0xFF,0xFF,0xFF,0x00,0x00,0x00,0x00,0x00,
    0x00,0x00,0x00,0xD8,0xFF,0xFF,0x00,0x00,0x00,0x00,0x00,
    0x00,0x00,0x00,0xD8,0xFF,0xFF,0x00,0x00,0x00,0x00,0x00,
    0x00,0x00,0x00,0xD8,0xFF,0xFF,0x00,0x00,0x00,0x00,0x00,
    0x00,0x00,0x00,0xD8,0xFF,0xFF,0x00,0x00,0x00,0x00,0x00,
    0x00,0x5F,0xFF,0xFF,0xFF,0xFF,0xFF,0x9B,0x00,0x00,0x00,
    0x00,0x5F,0xFF,0xFF,0xFF,0xFF,0xFF,0x9B,0x00,0x00,0x00,
    0x00,0x10,0x5F,0x5F,0x5F,0x5F,0x5F,0x25,0x00,0x00,0x00,
    0x00,0x00,0x00,0x00,0x00,0x00,0x00,0x00,0x00,0x00,0x00,
    0x00,0x00,0x00,0x00,0x00,0x00,0x00,0x00,0x00,0x00,0x00,
    0x00,0x00,0x00,0x00,0x00,0x00,0x00,0x00,0x00,0x00,0x00,
    0x00,0x00,0x00,0x00,0x00,0x00,0x00,0x00,0x00,0x00,0x00
  }},
  { 'j', {
    0x00,0x00,0x00,0x00,0x00,0x00,0x00,0x00,0x00,0x00,0x00,
    0x00,0x00,0x00,0x00,0x00,0x00,0x00,0x00,0x00,0x00,0x00,
    0x00,0x00,0x00,0x00,0x00,0x00,0x00,0x00,0x00,0x00,0x00,
    0x00,0x00,0x00,0x6C,0xFF,0x9E,0x00,0x00,0x00,0x00,0x00,
    0x00,0x00,0x00,0xB1,0xFF,0xE8,0x00,0x00,0x00,0x00,0x00,
    0x00,0x00,0x00,0x00,0x4E,0x02,0x00,0x00,0x00,0x00,0x00,
    0x00,0x38,0xD8,0xD8,0xD8,0xAF,0x00,0x00,0x00,0x00,0x00,
    0x00,0x5F,0xFF,0xFF,0xFF,0xFF,0x00,0x00,0x00,0x00,0x00,
    0x00,0x38,0xD8,0xFF,0xFF,0xFF,0x00,0x00,0x00,0x00,0x00,
    0x00,0x00,0x00,0xD8,0xFF,0xFF,0x00,0x00,0x00,0x00,0x00,
    0x00,0x00,0x00,0xD8,0xFF,0xFF,0x00,0x00,0x00,0x00,0x00,
    0x00,0x00,0x00,0xD8,0xFF,0xFF,0x00,0x00,0x00,0x00,0x00,
    0x00,0x00,0x00,0xD8,0xFF,0xFF,0x00,0x00,0x00,0x00,0x00,
    0x00,0x00,0x00,0xD8,0xFF,0xFF,0x00,0x00,0x00,0x00,0x00,
    0x00,0x00,0x00,0xD8,0xFF,0xFF,0x00,0x00,0x00,0x00,0x00,
    0x00,0x00,0x00,0xFF,0xFF,0xF9,0x00,0x00,0x00,0x00,0x00,
    0xDD,0xDD,0xFF,0xFF,0xFF,0x8F,0x00,0x00,0x00,0x00,0x00,
    0xFF,0xFF,0xFF,0xFF,0xEB,0x00,0x00,0x00,0x00,0x00,0x00,
    0xD2,0xD2,0xC3,0x6B,0x00,0x00,0x00,0x00,0x00,0x00,0x00,
    0x00,0x00,0x00,0x00,0x00,0x00,0x00,0x00,0x00,0x00,0x00
  }},
  { 'k', {
    0x00,0x00,0x00,0x00,0x00,0x00,0x00,0x00,0x00,0x00,0x00,
    0x00,0x00,0x00,0x00,0x00,0x00,0x00,0x00,0x00,0x00,0x00,
    0x00,0x00,0x00,0x00,0x00,0x00,0x00,0x00,0x00,0x00,0x00,
    0xFF,0xFF,0x9B,0x00,0x00,0x00,0x00,0x00,0x00,0x00,0x00,
    0xFF,0xFF,0x9B,0x00,0x00,0x00,0x00,0x00,0x00,0x00,0x00,
    0xFF,0xFF,0x9B,0x00,0x00,0x00,0x00,0x00,0x00,0x00,0x00,
    0xFF,0xFF,0x9B,0x00,0x00,0x79,0xD8,0xD8,0x9D,0x00,0x00,
    0xFF,0xFF,0x9B,0x00,0x85,0xFF,0xFF,0xFF,0x0B,0x00,0x00,
    0xFF,0xFF,0x9B,0x85,0xFF,0xFF,0xFF,0x0B,0x00,0x00,0x00,
    0xFF,0xFF,0xFF,0xFF,0xFF,0xFF,0x0C,0x00,0x00,0x00,0x00,
    0xFF,0xFF,0xFF,0xFF,0xFF,0xFF,0x0C,0x00,0x00,0x00,0x00,
    0xFF,0xFF,0xFF,0xFF,0xFF,0xFF,0xFF,0x0C,0x00,0x00,0x00,
    0xFF,0xFF,0xFF,0x0C,0x85,0xFF,0xFF,0xFF,0x0C,0x00,0x00,
    0xFF,0xFF,0x9B,0x00,0x00,0x84,0xFF,0xFF,0xFF,0x00,0x00,
    0xFF,0xFF,0x9B,0x00,0x00,0x00,0x82,0xFF,0xFF,0x27,0x00,
    0x5F,0x5F,0x25,0x00,0x00,0x00,0x00,0x42,0x5F,0x00,0x00,
    0x00,0x00,0x00,0x00,0x00,0x00,0x00,0x00,0x00,0x00,0x00,
    0x00,0x00,0x00,0x00,0x00,0x00,0x00,0x00,0x00,0x00,0x00,
    0x00,0x00,0x00,0x00,0x00,0x00,0x00,0x00,0x00,0x00,0x00,
    0x00,0x00,0x00,0x00,0x00,0x00,0x00,0x00,0x00,0x00,0x00
  }},
  { 'l', {
    0x00,0x00,0x00,0x00,0x00,0x00,0x00,0x00,0x00,0x00,0x00,
    0x00,0x00,0x00,0x00,0x00,0x00,0x00,0x00,0x00,0x00,0x00,
    0x00,0x00,0x00,0x00,0x00,0x00,0x00,0x00,0x00,0x00,0x00,
    0x00,0x5F,0xFF,0xFF,0xFF,0xFF,0x00,0x00,0x00,0x00,0x00,
    0x00,0x5F,0xFF,0xFF,0xFF,0xFF,0x00,0x00,0x00,0x00,0x00,
    0x00,0x10,0x5F,0xFD,0xFF,0xFF,0x00,0x00,0x00,0x00,0x00,
    0x00,0x00,0x00,0xD8,0xFF,0xFF,0x00,0x00,0x00,0x00,0x00,
    0x00,0x00,0x00,0xD8,0xFF,0xFF,0x00,0x00,0x00,0x00,0x00,
    0x00,0x00,0x00,0xD8,0xFF,0xFF,0x00,0x00,0x00,0x00,0x00,
    0x00,0x00,0x00,0xD8,0xFF,0xFF,0x00,0x00,0x00,0x00,0x00,
    0x00,0x00,0x00,0xD8,0xFF,0xFF,0x00,0x00,0x00,0x00,0x00,
    0x00,0x00,0x00,0xD8,0xFF,0xFF,0x00,0x00,0x00,0x00,0x00,
    0x00,0x00,0x00,0xD8,0xFF,0xFF,0x00,0x00,0x00,0x00,0x00,
    0x00,0x5F,0xFF,0xFF,0xFF,0xFF,0xFF,0x9B,0x00,0x00,0x00,
    0x00,0x5F,0xFF,0xFF,0xFF,0xFF,0xFF,0x9B,0x00,0x00,0x00,
    0x00,0x10,0x5F,0x5F,0x5F,0x5F,0x5F,0x25,0x00,0x00,0x00,
    0x00,0x00,0x00,0x00,0x00,0x00,0x00,0x00,0x00,0x00,0x00,
    0x00,0x00,0x00,0x00,0x00,0x00,0x00,0x00,0x00,0x00,0x00,
    0x00,0x00,0x00,0x00,0x00,0x00,0x00,0x00,0x00,0x00,0x00,
    0x00,0x00,0x00,0x00,0x00,0x00,0x00,0x00,0x00,0x00,0x00
  }},
  { 'm', {
    0x00,0x00,0x00,0x00,0x00,0x00,0x00,0x00,0x00,0x00,0x00,
    0x00,0x00,0x00,0x00,0x00,0x00,0x00,0x00,0x00,0x00,0x00,
    0x00,0x00,0x00,0x00,0x00,0x00,0x00,0x00,0x00,0x00,0x00,
    0x00,0x00,0x00,0x00,0x00,0x00,0x00,0x00,0x00,0x00,0x00,
    0x00,0x00,0x00,0x00,0x00,0x00,0x00,0x00,0x00,0x00,0x00,
    0x00,0x00,0x00,0x00,0x00,0x00,0x00,0x00,0x00,0x00,0x00,
    0xD8,0xD8,0xD8,0xD8,0xD8,0xD1,0x9B,0x0C,0x00,0x00,0x00,
    0xFF,0xFF,0xFF,0xFF,0xFF,0xFF,0xFF,0xFF,0x2C,0x00,0x00,
    0xFF,0xFF,0xFF,0xFF,0xFF,0xFF,0xFF,0xFF,0xFF,0x00,0x00,
    0xFF,0xFF,0x9B,0xD8,0xFF,0xFF,0x94,0xFF,0xFF,0x13,0x00,
    0xFF,0xFF,0x9B,0xD8,0xFF,0xFF,0x5F,0xFF,0xFF,0x27,0x00,
    0xFF,0xFF,0x9B,0xD8,0xFF,0xFF,0x5F,0xFF,0xFF,0x27,0x00,
    0xFF,0xFF,0x9B,0xD8,0xFF,0xFF,0x5F,0xFF,0xFF,0x27,0x00,
    0xFF,0xFF,0x9B,0xD8,0xFF,0xFF,0x5F,0xFF,0xFF,0x27,0x00,
    0xFF,0xFF,0x9B,0xD8,0xFF,0xFF,0x5F,0xFF,0xFF,0x27,0x00,
    0x5F,0x5F,0x25,0x38,0x5F,0x4A,0x10,0x5F,0x5F,0x00,0x00,
    0x00,0x00,0x00,0x00,0x00,0x00,0x00,0x00,0x00,0x00,0x00,
    0x00,0x00,0x00,0x00,0x00,0x00,0x00,0x00,0x00,0x00,0x00,
    0x00,0x00,0x00,0x00,0x00,0x00,0x00,0x00,0x00,0x00,0x00,
    0x00,0x00,0x00,0x00,0x00,0x00,0x00,0x00,0x00,0x00,0x00
  }},
  { 'n', {
    0x00,0x00,0x00,0x00,0x00,0x00,0x00,0x00,0x00,0x00,0x00,
    0x00,0x00,0x00,0x00,0x00,0x00,0x00,0x00,0x00,0x00,0x00,
    0x00,0x00,0x00,0x00,0x00,0x00,0x00,0x00,0x00,0x00,0x00,
    0x00,0x00,0x00,0x00,0x00,0x00,0x00,0x00,0x00,0x00,0x00,
    0x00,0x00,0x00,0x00,0x00,0x00,0x00,0x00,0x00,0x00,0x00,
    0x00,0x00,0x00,0x00,0x00,0x00,0x00,0x00,0x00,0x00,0x00,
    0xD8,0xD8,0x61,0x00,0x8B,0xCD,0x9B,0x0D,0x00,0x00,0x00,
    0xFF,0xFF,0xC2,0xFF,0xFF,0xFF,0xFF,0xFF,0x2D,0x00,0x00,
    0xFF,0xFF,0xFF,0xFF,0xFF,0xEE,0xFF,0xFF,0xFF,0x00,0x00,
    0xFF,0xFF,0xFF,0xFF,0x17,0x00,0x94,0xFF,0xFF,0x13,0x00,
    0xFF,0xFF,0xFF,0x0F,0x00,0x00,0x5F,0xFF,0xFF,0x27,0x00,
    0xFF,0xFF,0x9B,0x00,0x00,0x00,0x5F,0xFF,0xFF,0x27,0x00,
    0xFF,0xFF,0x9B,0x00,0x00,0x00,0x5F,0xFF,0xFF,0x27,0x00,
    0xFF,0xFF,0x9B,0x00,0x00,0x00,0x5F,0xFF,0xFF,0x27,0x00,
    0xFF,0xFF,0x9B,0x00,0x00,0x00,0x5F,0xFF,0xFF,0x27,0x00,
    0x5F,0x5F,0x25,0x00,0x00,0x00,0x10,0x5F,0x5F,0x00,0x00,
    0x00,0x00,0x00,0x00,0x00,0x00,0x00,0x00,0x00,0x00,0x00,
    0x00,0x00,0x00,0x00,0x00,0x00,0x00,0x00,0x00,0x00,0x00,
    0x00,0x00,0x00,0x00,0x00,0x00,0x00,0x00,0x00,0x00,0x00,
    0x00,0x00,0x00,0x00,0x00,0x00,0x00,0x00,0x00,0x00,0x00
  }},
  { 'o', {
    0x00,0x00,0x00,0x00,0x00,0x00,0x00,0x00,0x00,0x00,0x00,
    0x00,0x00,0x00,0x00,0x00,0x00,0x00,0x00,0x00,0x00,0x00,
    0x00,0x00,0x00,0x00,0x00,0x00,0x00,0x00,0x00,0x00,0x00,
    0x00,0x00,0x00,0x00,0x00,0x00,0x00,0x00,0x00,0x00,0x00,
    0x00,0x00,0x00,0x00,0x00,0x00,0x00,0x00,0x00,0x00,0x00,
    0x00,0x00,0x00,0x00,0x00,0x00,0x00,0x00,0x00,0x00,0x00,
    0x00,0x00,0x87,0xCE,0xD8,0xD1,0x9B,0x0C,0x00,0x00,0x00,
    0x0B,0xFF,0xFF,0xFF,0xFF,0xFF,0xFF,0xFF,0x2C,0x00,0x00,
    0xCE,0xFF,0xFF,0xF3,0xD8,0xE6,0xFF,0xFF,0xFF,0x00,0x00,
    0xFF,0xFF,0xD0,0x00,0x00,0x00,0x94,0xFF,0xFF,0x13,0x00,
    0xFF,0xFF,0x9B,0x00,0x00,0x00,0x5F,0xFF,0xFF,0x27,0x00,
    0xFF,0xFF,0x9E,0x00,0x00,0x00,0x61,0xFF,0xFF,0x25,0x00,
    0xFF,0xFF,0xFF,0x05,0x00,0x00,0xD8,0xFF,0xFF,0x01,0x00,
    0x90,0xFF,0xFF,0xFF,0xFF,0xFF,0xFF,0xFF,0xCC,0x00,0x00,
    0x00,0xB3,0xFF,0xFF,0xFF,0xFF,0xFF,0xDD,0x00,0x00,0x00,
    0x00,0x00,0x13,0x56,0x5F,0x59,0x23,0x00,0x00,0x00,0x00,
    0x00,0x00,0x00,0x00,0x00,0x00,0x00,0x00,0x00,0x00,0x00,
    0x00,0x00,0x00,0x00,0x00,0x00,0x00,0x00,0x00,0x00,0x00,
    0x00,0x00,0x00,0x00,0x00,0x00,0x00,0x00,0x00,0x00,0x00,
    0x00,0x00,0x00,0x00,0x00,0x00,0x00,0x00,0x00,0x00,0x00
  }},
  { 'p', {
    0x00,0x00,0x00,0x00,0x00,0x00,0x00,0x00,0x00,0x00,0x00,
    0x00,0x00,0x00,0x00,0x00,0x00,0x00,0x00,0x00,0x00,0x00,
    0x00,0x00,0x00,0x00,0x00,0x00,0x00,0x00,0x00,0x00,0x00,
    0x00,0x00,0x00,0x00,0x00,0x00,0x00,0x00,0x00,0x00,0x00,
    0x00,0x00,0x00,0x00,0x00,0x00,0x00,0x00,0x00,0x00,0x00,
    0x00,0x00,0x00,0x00,0x00,0x00,0x00,0x00,0x00,0x00,0x00,
    0xD8,0xD8,0xD8,0xD8,0xD8,0xD1,0x9B,0x0C,0x00,0x00,0x00,
    0xFF,0xFF,0xFF,0xFF,0xFF,0xFF,0xFF,0xFF,0x2C,0x00,0x00,
    0xFF,0xFF,0xFF,0xD8,0xD8,0xE6,0xFF,0xFF,0xFF,0x00,0x00,
    0xFF,0xFF,0x9B,0x00,0x00,0x00,0x94,0xFF,0xFF,0x13,0x00,
    0xFF,0xFF,0x9B,0x00,0x00,0x00,0x5F,0xFF,0xFF,0x27,0x00,
    0xFF,0xFF,0x9B,0x00,0x00,0x00,0x61,0xFF,0xFF,0x25,0x00,
    0xFF,0xFF,0x9B,0x00,0x00,0x00,0xD8,0xFF,0xFF,0x01,0x00,
    0xFF,0xFF,0xFF,0xFF,0xFF,0xFF,0xFF,0xFF,0xCC,0x00,0x00,
    0xFF,0xFF,0xFF,0xFF,0xFF,0xFF,0xFF,0xDD,0x00,0x00,0x00,
    0xFF,0xFF,0xD5,0x5F,0x5F,0x59,0x23,0x00,0x00,0x00,0x00,
    0xFF,0xFF,0x9B,0x00,0x00,0x00,0x00,0x00,0x00,0x00,0x00,
    0xFF,0xFF,0x9B,0x00,0x00,0x00,0x00,0x00,0x00,0x00,0x00,
    0xD2,0xD2,0x5F,0x00,0x00,0x00,0x00,0x00,0x00,0x00,0x00,
    0x00,0x00,0x00,0x00,0x00,0x00,0x00,0x00,0x00,0x00,0x00
  }},
  { 'q', {
    0x00,0x00,0x00,0x00,0x00,0x00,0x00,0x00,0x00,0x00,0x00,
    0x00,0x00,0x00,0x00,0x00,0x00,0x00,0x00,0x00,0x00,0x00,
    0x00,0x00,0x00,0x00,0x00,0x00,0x00,0x00,0x00,0x00,0x00,
    0x00,0x00,0x00,0x00,0x00,0x00,0x00,0x00,0x00,0x00,0x00,
    0x00,0x00,0x00,0x00,0x00,0x00,0x00,0x00,0x00,0x00,0x00,
    0x00,0x00,0x00,0x00,0x00,0x00,0x00,0x00,0x00,0x00,0x00,
    0x00,0x00,0x87,0xCE,0xD8,0xD8,0xD8,0xD8,0xD8,0x13,0x00,
    0x0B,0xFF,0xFF,0xFF,0xFF,0xFF,0xFF,0xFF,0xFF,0x27,0x00,
    0xCE,0xFF,0xFF,0xF3,0xD8,0xD8,0xFD,0xFF,0xFF,0x27,0x00,
    0xFF,0xFF,0xD0,0x00,0x00,0x00,0x5F,0xFF,0xFF,0x27,0x00,
    0xFF,0xFF,0x9B,0x00,0x00,0x00,0x5F,0xFF,0xFF,0x27,0x00,
    0xFF,0xFF,0x9E,0x00,0x00,0x00,0x5F,0xFF,0xFF,0x27,0x00,
    0xFF,0xFF,0xFF,0x05,0x00,0x00,0x5F,0xFF,0xFF,0x27,0x00,
    0x90,0xFF,0xFF,0xFF,0xFF,0xFF,0xFF,0xFF,0xFF,0x27,0x00,
    0x00,0xB3,0xFF,0xFF,0xFF,0xFF,0xFF,0xFF,0xFF,0x27,0x00,
    0x00,0x00,0x13,0x56,0x5F,0x5F,0xAC,0xFF,0xFF,0x27,0x00,
    0x00,0x00,0x00,0x00,0x00,0x00,0x5F,0xFF,0xFF,0x27,0x00,
    0x00,0x00,0x00,0x00,0x00,0x00,0x5F,0xFF,0xFF,0x27,0x00,
    0x00,0x00,0x00,0x00,0x00,0x00,0x37,0xD2,0xD2,0x11,0x00,
    0x00,0x00,0x00,0x00,0x00,0x00,0x00,0x00,0x00,0x00,0x00
  }},
  { 'r', {
    0x00,0x00,0x00,0x00,0x00,0x00,0x00,0x00,0x00,0x00,0x00,
    0x00,0x00,0x00,0x00,0x00,0x00,0x00,0x00,0x00,0x00,0x00,
    0x00,0x00,0x00,0x00,0x00,0x00,0x00,0x00,0x00,0x00,0x00,
    0x00,0x00,0x00,0x00,0x00,0x00,0x00,0x00,0x00,0x00,0x00,
    0x00,0x00,0x00,0x00,0x00,0x00,0x00,0x00,0x00,0x00,0x00,
    0x00,0x00,0x00,0x00,0x00,0x00,0x00,0x00,0x00,0x00,0x00,
    0xD8,0xD8,0x61,0x00,0x8B,0xCD,0x99,0x04,0x00,0x00,0x00,
    0xFF,0xFF,0xC2,0xFF,0xFF,0xFF,0xFF,0xFF,0x00,0x00,0x00,
    0xFF,0xFF,0xFF,0xFF,0xFF,0xEE,0xFF,0xFF,0xAD,0x00,0x00,
    0xFF,0xFF,0xFF,0xFF,0x17,0x00,0x79,0xE3,0x85,0x00,0x00,
    0xFF,0xFF,0xFF,0x0F,0x00,0x00,0x00,0x00,0x00,0x00,0x00,
    0xFF,0xFF,0x9B,0x00,0x00,0x00,0x00,0x00,0x00,0x00,0x00,
    0xFF,0xFF,0x9B,0x00,0x00,0x00,0x00,0x00,0x00,0x00,0x00,
    0xFF,0xFF,0x9B,0x00,0x00,0x00,0x00,0x00,0x00,0x00,0x00,
    0xFF,0xFF,0x9B,0x00,0x00,0x00,0x00,0x00,0x00,0x00,0x00,
    0x5F,0x5F,0x25,0x00,0x00,0x00,0x00,0x00,0x00,0x00,0x00,
    0x00,0x00,0x00,0x00,0x00,0x00,0x00,0x00,0x00,0x00,0x00,
    0x00,0x00,0x00,0x00,0x00,0x00,0x00,0x00,0x00,0x00,0x00,
    0x00,0x00,0x00,0x00,0x00,0x00,0x00,0x00,0x00,0x00,0x00,
    0x00,0x00,0x00,0x00,0x00,0x00,0x00,0x00,0x00,0x00,0x00
  }},
  { 's', {
    0x00,0x00,0x00,0x00,0x00,0x00,0x00,0x00,0x00,0x00,0x00,
    0x00,0x00,0x00,0x00,0x00,0x00,0x00,0x00,0x00,0x00,0x00,
    0x00,0x00,0x00,0x00,0x00,0x00,0x00,0x00,0x00,0x00,0x00,
    0x00,0x00,0x00,0x00,0x00,0x00,0x00,0x00,0x00,0x00,0x00,
    0x00,0x00,0x00,0x00,0x00,0x00,0x00,0x00,0x00,0x00,0x00,
    0x00,0x00,0x00,0x00,0x00,0x00,0x00,0x00,0x00,0x00,0x00,
    0x00,0x00,0x5C,0xAF,0xD4,0xD8,0xD8,0xD8,0xD8,0x13,0x00,
    0x10,0xFF,0xFF,0xFF,0xFF,0xFF,0xFF,0xFF,0xFF,0x27,0x00,
    0xCC,0xFF,0xFF,0xFC,0xD9,0xD8,0xD8,0xD8,0xD8,0x13,0x00,
    0xEA,0xFF,0xFF,0x81,0x5F,0x3E,0x04,0x00,0x00,0x00,0x00,
    0x4D,0xFF,0xFF,0xFF,0xFF,0xFF,0xFF,0xBC,0x00,0x00,0x00,
    0x00,0x2D,0xD0,0xFF,0xFF,0xFF,0xFF,0xFF,0xD7,0x00,0x00,
    0x00,0x00,0x00,0x00,0x00,0x1B,0xFF,0xFF,0xFF,0x00,0x00,
    0xFF,0xFF,0xFF,0xFF,0xFF,0xFF,0xFF,0xFF,0xD8,0x00,0x00,
    0xFF,0xFF,0xFF,0xFF,0xFF,0xFF,0xFF,0xC2,0x00,0x00,0x00,
    0x5F,0x5F,0x5F,0x5F,0x5D,0x3F,0x05,0x00,0x00,0x00,0x00,
    0x00,0x00,0x00,0x00,0x00,0x00,0x00,0x00,0x00,0x00,0x00,
    0x00,0x00,0x00,0x00,0x00,0x00,0x00,0x00,0x00,0x00,0x00,
    0x00,0x00,0x00,0x00,0x00,0x00,0x00,0x00,0x00,0x00,0x00,
    0x00,0x00,0x00,0x00,0x00,0x00,0x00,0x00,0x00,0x00,0x00
  }},
  { 't', {
    0x00,0x00,0x00,0x00,0x00,0x00,0x00,0x00,0x00,0x00,0x00,
    0x00,0x00,0x00,0x00,0x00,0x00,0x00,0x00,0x00,0x00,0x00,
    0x00,0x00,0x00,0x00,0x00,0x00,0x00,0x00,0x00,0x00,0x00,
    0x00,0x00,0x00,0xD8,0xFF,0xFF,0x00,0x00,0x00,0x00,0x00,
    0x00,0x00,0x00,0xD8,0xFF,0xFF,0x00,0x00,0x00,0x00,0x00,
    0x00,0x00,0x00,0xD8,0xFF,0xFF,0x00,0x00,0x00,0x00,0x00,
    0x00,0x38,0xD8,0xFF,0xFF,0xFF,0xD8,0x61,0x00,0x00,0x00,
    0x00,0x5F,0xFF,0xFF,0xFF,0xFF,0xFF,0x9B,0x00,0x00,0x00,
    0x00,0x38,0xD8,0xFF,0xFF,0xFF,0xD8,0x61,0x00,0x00,0x00,
    0x00,0x00,0x00,0xD8,0xFF,0xFF,0x00,0x00,0x00,0x00,0x00,
    0x00,0x00,0x00,0xD8,0xFF,0xFF,0x00,0x00,0x00,0x00,0x00,
    0x00,0x00,0x00,0xD5,0xFF,0xFF,0x00,0x00,0x00,0x00,0x00,
    0x00,0x00,0x00,0xAF,0xFF,0xFF,0x39,0x00,0x00,0x00,0x00,
    0x00,0x00,0x00,0x25,0xFF,0xFF,0xFF,0xFF,0xFF,0x27,0x00,
    0x00,0x00,0x00,0x00,0x56,0xFF,0xFF,0xFF,0xFF,0x27,0x00,
    0x00,0x00,0x00,0x00,0x00,0x00,0x49,0x5D,0x5F,0x00,0x00,
    0x00,0x00,0x00,0x00,0x00,0x00,0x00,0x00,0x00,0x00,0x00,
    0x00,0x00,0x00,0x00,0x00,0x00,0x00,0x00,0x00,0x00,0x00,
    0x00,0x00,0x00,0x00,0x00,0x00,0x00,0x00,0x00,0x00,0x00,
    0x00,0x00,0x00,0x00,0x00,0x00,0x00,0x00,0x00,0x00,0x00
  }},
  { 'u', {
    0x00,0x00,0x00,0x00,0x00,0x00,0x00,0x00,0x00,0x00,0x00,
    0x00,0x00,0x00,0x00,0x00,0x00,0x00,0x00,0x00,0x00,0x00,
    0x00,0x00,0x00,0x00,0x00,0x00,0x00,0x00,0x00,0x00,0x00,
    0x00,0x00,0x00,0x00,0x00,0x00,0x00,0x00,0x00,0x00,0x00,
    0x00,0x00,0x00,0x00,0x00,0x00,0x00,0x00,0x00,0x00,0x00,
    0x00,0x00,0x00,0x00,0x00,0x00,0x00,0x00,0x00,0x00,0x00,
    0xD8,0xD8,0x61,0x00,0x00,0x00,0x38,0xD8,0xD8,0x13,0x00,
    0xFF,0xFF,0x9B,0x00,0x00,0x00,0x5F,0xFF,0xFF,0x27,0x00,
    0xFF,0xFF,0x9B,0x00,0x00,0x00,0x5F,0xFF,0xFF,0x27,0x00,
    0xFF,0xFF,0x9B,0x00,0x00,0x00,0x5F,0xFF,0xFF,0x27,0x00,
    0xFF,0xFF,0x9B,0x00,0x00,0x00,0x6C,0xFF,0xFF,0x27,0x00,
    0xFF,0xFF,0x9E,0x00,0x00,0x2E,0xFF,0xFF,0xFF,0x27,0x00,
    0xFF,0xFF,0xFF,0x08,0x52,0xFF,0xFF,0xFF,0xFF,0x27,0x00,
    0x94,0xFF,0xFF,0xFF,0xFF,0xFF,0xFF,0xFF,0xFF,0x27,0x00,
    0x00,0xB7,0xFF,0xFF,0xFF,0xD8,0x6F,0xFF,0xFF,0x27,0x00,
    0x00,0x00,0x14,0x55,0x29,0x00,0x10,0x5F,0x5F,0x00,0x00,
    0x00,0x00,0x00,0x00,0x00,0x00,0x00,0x00,0x00,0x00,0x00,
    0x00,0x00,0x00,0x00,0x00,0x00,0x00,0x00,0x00,0x00,0x00,
    0x00,0x00,0x00,0x00,0x00,0x00,0x00,0x00,0x00,0x00,0x00,
    0x00,0x00,0x00,0x00,0x00,0x00,0x00,0x00,0x00,0x00,0x00
  }},
  { 'v', {
    0x00,0x00,0x00,0x00,0x00,0x00,0x00,0x00,0x00,0x00,0x00,
    0x00,0x00,0x00,0x00,0x00,0x00,0x00,0x00,0x00,0x00,0x00,
    0x00,0x00,0x00,0x00,0x00,0x00,0x00,0x00,0x00,0x00,0x00,
    0x00,0x00,0x00,0x00,0x00,0x00,0x00,0x00,0x00,0x00,0x00,
    0x00,0x00,0x00,0x00,0x00,0x00,0x00,0x00,0x00,0x00,0x00,
    0x00,0x00,0x00,0x00,0x00,0x00,0x00,0x00,0x00,0x00,0x00,
    0xD8,0xD8,0x61,0x00,0x00,0x00,0x38,0xD8,0xD8,0x13,0x00,
    0xFF,0xFF,0x9D,0x00,0x00,0x00,0x60,0xFF,0xFF,0x27,0x00,
    0xFF,0xFF,0xFF,0x00,0x00,0x00,0xD4,0xFF,0xFF,0x0D,0x00,
    0x8B,0xFF,0xFF,0x5C,0x00,0x26,0xFF,0xFF,0xC6,0x00,0x00,
    0x00,0xFF,0xFF,0xFF,0x00,0xD5,0xFF,0xFF,0x1B,0x00,0x00,
    0x00,0x89,0xFF,0xFF,0x97,0xFF,0xFF,0xC5,0x00,0x00,0x00,
    0x00,0x00,0xFF,0xFF,0xFF,0xFF,0xFF,0x1A,0x00,0x00,0x00,
    0x00,0x00,0x89,0xFF,0xFF,0xFF,0xC5,0x00,0x00,0x00,0x00,
    0x00,0x00,0x00,0xFF,0xFF,0xFF,0x1A,0x00,0x00,0x00,0x00,
    0x00,0x00,0x00,0x31,0x5F,0x44,0x00,0x00,0x00,0x00,0x00,
    0x00,0x00,0x00,0x00,0x00,0x00,0x00,0x00,0x00,0x00,0x00,
    0x00,0x00,0x00,0x00,0x00,0x00,0x00,0x00,0x00,0x00,0x00,
    0x00,0x00,0x00,0x00,0x00,0x00,0x00,0x00,0x00,0x00,0x00,
    0x00,0x00,0x00,0x00,0x00,0x00,0x00,0x00,0x00,0x00,0x00
  }},
  { 'w', {
    0x00,0x00,0x00,0x00,0x00,0x00,0x00,0x00,0x00,0x00,0x00,
    0x00,0x00,0x00,0x00,0x00,0x00,0x00,0x00,0x00,0x00,0x00,
    0x00,0x00,0x00,0x00,0x00,0x00,0x00,0x00,0x00,0x00,0x00,
    0x00,0x00,0x00,0x00,0x00,0x00,0x00,0x00,0x00,0x00,0x00,
    0x00,0x00,0x00,0x00,0x00,0x00,0x00,0x00,0x00,0x00,0x00,
    0x00,0x00,0x00,0x00,0x00,0x00,0x00,0x00,0x00,0x00,0x00,
    0xD8,0xD8,0x61,0x89,0xD8,0xAF,0x38,0xD8,0xD8,0x13,0x00,
    0xFF,0xFF,0x9B,0xD8,0xFF,0xFF,0x5F,0xFF,0xFF,0x27,0x00,
    0xFF,0xFF,0x9B,0xD8,0xFF,0xFF,0x5F,0xFF,0xFF,0x27,0x00,
    0xFF,0xFF,0x9B,0xD8,0xFF,0xFF,0x5F,0xFF,0xFF,0x27,0x00,
    0xFF,0xFF,0x9B,0xD8,0xFF,0xFF,0x5F,0xFF,0xFF,0x27,0x00,
    0xFF,0xFF,0xA1,0xDD,0xFF,0xFF,0x64,0xFF,0xFF,0x1A,0x00,
    0xFF,0xFF,0xDD,0xFF,0xFF,0xFF,0xBA,0xFF,0xFF,0x00,0x00,
    0x90,0xFF,0xFF,0xFF,0xFF,0xFF,0xFF,0xFF,0xC9,0x00,0x00,
    0x00,0xFF,0xFF,0xFF,0x92,0xFF,0xFF,0xFF,0x11,0x00,0x00,
    0x00,0x00,0x47,0x26,0x00,0x16,0x4F,0x00,0x00,0x00,0x00,
    0x00,0x00,0x00,0x00,0x00,0x00,0x00,0x00,0x00,0x00,0x00,
    0x00,0x00,0x00,0x00,0x00,0x00,0x00,0x00,0x00,0x00,0x00,
    0x00,0x00,0x00,0x00,0x00,0x00,0x00,0x00,0x00,0x00,0x00,
    0x00,0x00,0x00,0x00,0x00,0x00,0x00,0x00,0x00,0x00,0x00
  }},
  { 'x', {
    0x00,0x00,0x00,0x00,0x00,0x00,0x00,0x00,0x00,0x00,0x00,
    0x00,0x00,0x00,0x00,0x00,0x00,0x00,0x00,0x00,0x00,0x00,
    0x00,0x00,0x00,0x00,0x00,0x00,0x00,0x00,0x00,0x00,0x00,
    0x00,0x00,0x00,0x00,0x00,0x00,0x00,0x00,0x00,0x00,0x00,
    0x00,0x00,0x00,0x00,0x00,0x00,0x00,0x00,0x00,0x00,0x00,
    0x00,0x00,0x00,0x00,0x00,0x00,0x00,0x00,0x00,0x00,0x00,
    0xD8,0xD8,0x61,0x00,0x00,0x00,0x38,0xD8,0xD8,0x13,0x00,
    0xFF,0xFF,0xFF,0x0B,0x00,0x00,0xED,0xFF,0xFF,0x26,0x00,
    0x85,0xFF,0xFF,0xFF,0x17,0xEB,0xFF,0xFF,0xBE,0x00,0x00,
    0x00,0x84,0xFF,0xFF,0xFF,0xFF,0xFF,0xBC,0x00,0x00,0x00,
    0x00,0x00,0x8B,0xFF,0xFF,0xFF,0xC6,0x00,0x00,0x00,0x00,
    0x00,0x00,0xEB,0xFF,0xFF,0xFF,0xFF,0x0C,0x00,0x00,0x00,
    0x00,0xEB,0xFF,0xFF,0xF9,0xFF,0xFF,0xFF,0x0C,0x00,0x00,
    0xED,0xFF,0xFF,0xBA,0x00,0x84,0xFF,0xFF,0xFF,0x00,0x00,
    0xFF,0xFF,0xD8,0x00,0x00,0x00,0x9D,0xFF,0xFF,0x27,0x00,
    0x5F,0x5F,0x25,0x00,0x00,0x00,0x10,0x5F,0x5F,0x00,0x00,
    0x00,0x00,0x00,0x00,0x00,0x00,0x00,0x00,0x00,0x00,0x00,
    0x00,0x00,0x00,0x00,0x00,0x00,0x00,0x00,0x00,0x00,0x00,
    0x00,0x00,0x00,0x00,0x00,0x00,0x00,0x00,0x00,0x00,0x00,
    0x00,0x00,0x00,0x00,0x00,0x00,0x00,0x00,0x00,0x00,0x00
  }},
  { 'y', {
    0x00,0x00,0x00,0x00,0x00,0x00,0x00,0x00,0x00,0x00,0x00,
    0x00,0x00,0x00,0x00,0x00,0x00,0x00,0x00,0x00,0x00,0x00,
    0x00,0x00,0x00,0x00,0x00,0x00,0x00,0x00,0x00,0x00,0x00,
    0x00,0x00,0x00,0x00,0x00,0x00,0x00,0x00,0x00,0x00,0x00,
    0x00,0x00,0x00,0x00,0x00,0x00,0x00,0x00,0x00,0x00,0x00,
    0x00,0x00,0x00,0x00,0x00,0x00,0x00,0x00,0x00,0x00,0x00,
    0xD8,0xD8,0x61,0x00,0x00,0x00,0x38,0xD8,0xD8,0x13,0x00,
    0xFF,0xFF,0x9B,0x00,0x00,0x00,0x5F,0xFF,0xFF,0x27,0x00,
    0xFF,0xFF,0x9B,0x00,0x00,0x00,0x5F,0xFF,0xFF,0x27,0x00,
    0xFF,0xFF,0x9B,0x00,0x00,0x00,0x5F,0xFF,0xFF,0x27,0x00,
    0xFF,0xFF,0x9B,0x00,0x00,0x00,0x5F,0xFF,0xFF,0x27,0x00,
    0xFF,0xFF,0x9E,0x00,0x00,0x00,0x5F,0xFF,0xFF,0x27,0x00,
    0xFF,0xFF,0xFF,0x05,0x00,0x00,0x5F,0xFF,0xFF,0x27,0x00,
    0x90,0xFF,0xFF,0xFF,0xFF,0xFF,0xFF,0xFF,0xFF,0x27,0x00,
    0x00,0xB3,0xFF,0xFF,0xFF,0xFF,0xFF,0xFF,0xFF,0x27,0x00,
    0x00,0x00,0x13,0x56,0x5F,0x5F,0xD8,0xFF,0xFF,0x11,0x00,
    0x00,0x39,0xDD,0xDD,0xDD,0xEA,0xFF,0xFF,0xFF,0x00,0x00,
    0x00,0x5F,0xFF,0xFF,0xFF,0xFF,0xFF,0xFF,0x29,0x00,0x00,
    0x00,0x37,0xD2,0xD2,0xD2,0xCD,0x96,0x0B,0x00,0x00,0x00,
    0x00,0x00,0x00,0x00,0x00,0x00,0x00,0x00,0x00,0x00,0x00
  }},
  { 'z', {
    0x00,0x00,0x00,0x00,0x00,0x00,0x00,0x00,0x00,0x00,0x00,
    0x00,0x00,0x00,0x00,0x00,0x00,0x00,0x00,0x00,0x00,0x00,
    0x00,0x00,0x00,0x00,0x00,0x00,0x00,0x00,0x00,0x00,0x00,
    0x00,0x00,0x00,0x00,0x00,0x00,0x00,0x00,0x00,0x00,0x00,
    0x00,0x00,0x00,0x00,0x00,0x00,0x00,0x00,0x00,0x00,0x00,
    0x00,0x00,0x00,0x00,0x00,0x00,0x00,0x00,0x00,0x00,0x00,
    0xD8,0xD8,0xD8,0xD8,0xD8,0xD8,0xD8,0xD8,0xD8,0x13,0x00,
    0xFF,0xFF,0xFF,0xFF,0xFF,0xFF,0xFF,0xFF,0xFF,0x26,0x00,
    0xD8,0xD8,0xD8,0xD8,0xE4,0xFF,0xFF,0xFF,0xBF,0x00,0x00,
    0x00,0x00,0x00,0x00,0xEB,0xFF,0xFF,0xBE,0x00,0x00,0x00,
    0x00,0x00,0x00,0xEB,0xFF,0xFF,0xBC,0x00,0x00,0x00,0x00,
    0x00,0x00,0xEB,0xFF,0xFF,0xBB,0x00,0x00,0x00,0x00,0x00,
    0x00,0xEB,0xFF,0xFF,0xBB,0x00,0x00,0x00,0x00,0x00,0x00,
    0xED,0xFF,0xFF,0xFF,0xFF,0xFF,0xFF,0xFF,0xFF,0x27,0x00,
    0xFF,0xFF,0xFF,0xFF,0xFF,0xFF,0xFF,0xFF,0xFF,0x27,0x00,
    0x5F,0x5F,0x5F,0x5F,0x5F,0x5F,0x5F,0x5F,0x5F,0x00,0x00,
    0x00,0x00,0x00,0x00,0x00,0x00,0x00,0x00,0x00,0x00,0x00,
    0x00,0x00,0x00,0x00,0x00,0x00,0x00,0x00,0x00,0x00,0x00,
    0x00,0x00,0x00,0x00,0x00,0x00,0x00,0x00,0x00,0x00,0x00,
    0x00,0x00,0x00,0x00,0x00,0x00,0x00,0x00,0x00,0x00,0x00
  }},
  { '{', {
    0x00,0x00,0x00,0x00,0x6E,0xFF,0xFF,0x9B,0x00,0x00,0x00,
    0x00,0x00,0x00,0x4B,0xFF,0xFF,0xFF,0x9B,0x00,0x00,0x00,
    0x00,0x00,0x00,0xC5,0xFF,0xFF,0x46,0x00,0x00,0x00,0x00,
    0x00,0x00,0x00,0xD8,0xFF,0xFF,0x00,0x00,0x00,0x00,0x00,
    0x00,0x00,0x00,0xD8,0xFF,0xFF,0x00,0x00,0x00,0x00,0x00,
    0x00,0x00,0x00,0xD8,0xFF,0xFF,0x00,0x00,0x00,0x00,0x00,
    0x00,0x00,0x00,0xDB,0xFF,0xFF,0x00,0x00,0x00,0x00,0x00,
    0x00,0x00,0x27,0xFF,0xFF,0xFF,0x00,0x00,0x00,0x00,0x00,
    0x00,0x5F,0xFF,0xFF,0xFF,0x64,0x00,0x00,0x00,0x00,0x00,
    0x00,0x5F,0xFF,0xFF,0xFF,0x1B,0x00,0x00,0x00,0x00,0x00,
    0x00,0x13,0x9E,0xFF,0xFF,0xEE,0x00,0x00,0x00,0x00,0x00,
    0x00,0x00,0x00,0xE8,0xFF,0xFF,0x00,0x00,0x00,0x00,0x00,
    0x00,0x00,0x00,0xD8,0xFF,0xFF,0x00,0x00,0x00,0x00,0x00,
    0x00,0x00,0x00,0xD8,0xFF,0xFF,0x00,0x00,0x00,0x00,0x00,
    0x00,0x00,0x00,0xD8,0xFF,0xFF,0x00,0x00,0x00,0x00,0x00,
    0x00,0x00,0x00,0xD1,0xFF,0xFF,0x00,0x00,0x00,0x00,0x00,
    0x00,0x00,0x00,0x81,0xFF,0xFF,0xFF,0x68,0x00,0x00,0x00,
    0x00,0x00,0x00,0x00,0xDC,0xFF,0xFF,0x9B,0x00,0x00,0x00,
    0x00,0x00,0x00,0x00,0x00,0x49,0xA2,0x58,0x00,0x00,0x00,
    0x00,0x00,0x00,0x00,0x00,0x00,0x00,0x00,0x00,0x00,0x00
  }},
  { '|', {
    0x00,0x00,0x00,0x00,0x00,0x00,0x00,0x00,0x00,0x00,0x00,
    0x00,0x00,0x00,0x89,0xD8,0xAF,0x00,0x00,0x00,0x00,0x00,
    0x00,0x00,0x00,0xD8,0xFF,0xFF,0x00,0x00,0x00,0x00,0x00,
    0x00,0x00,0x00,0xD8,0xFF,0xFF,0x00,0x00,0x00,0x00,0x00,
    0x00,0x00,0x00,0xD8,0xFF,0xFF,0x00,0x00,0x00,0x00,0x00,
    0x00,0x00,0x00,0xD8,0xFF,0xFF,0x00,0x00,0x00,0x00,0x00,
    0x00,0x00,0x00,0xD8,0xFF,0xFF,0x00,0x00,0x00,0x00,0x00,
    0x00,0x00,0x00,0xD8,0xFF,0xFF,0x00,0x00,0x00,0x00,0x00,
    0x00,0x00,0x00,0xD8,0xFF,0xFF,0x00,0x00,0x00,0x00,0x00,
    0x00,0x00,0x00,0xD8,0xFF,0xFF,0x00,0x00,0x00,0x00,0x00,
    0x00,0x00,0x00,0xD8,0xFF,0xFF,0x00,0x00,0x00,0x00,0x00,
    0x00,0x00,0x00,0xD8,0xFF,0xFF,0x00,0x00,0x00,0x00,0x00,
    0x00,0x00,0x00,0xD8,0xFF,0xFF,0x00,0x00,0x00,0x00,0x00,
    0x00,0x00,0x00,0xD8,0xFF,0xFF,0x00,0x00,0x00,0x00,0x00,
    0x00,0x00,0x00,0xD8,0xFF,0xFF,0x00,0x00,0x00,0x00,0x00,
    0x00,0x00,0x00,0xD8,0xFF,0xFF,0x00,0x00,0x00,0x00,0x00,
    0x00,0x00,0x00,0xD4,0xFF,0xFF,0x00,0x00,0x00,0x00,0x00,
    0x00,0x00,0x00,0x00,0x00,0x00,0x00,0x00,0x00,0x00,0x00,
    0x00,0x00,0x00,0x00,0x00,0x00,0x00,0x00,0x00,0x00,0x00,
    0x00,0x00,0x00,0x00,0x00,0x00,0x00,0x00,0x00,0x00,0x00
  }},
  { '}', {
    0x00,0x5F,0xFF,0xFF,0x96,0x00,0x00,0x00,0x00,0x00,0x00,
    0x00,0x5F,0xFF,0xFF,0xFF,0x81,0x00,0x00,0x00,0x00,0x00,
    0x00,0x00,0x2A,0xFF,0xFF,0xFA,0x00,0x00,0x00,0x00,0x00,
    0x00,0x00,0x00,0xDB,0xFF,0xFF,0x00,0x00,0x00,0x00,0x00,
    0x00,0x00,0x00,0xD8,0xFF,0xFF,0x00,0x00,0x00,0x00,0x00,
    0x00,0x00,0x00,0xD8,0xFF,0xFF,0x00,0x00,0x00,0x00,0x00,
    0x00,0x00,0x00,0xD8,0xFF,0xFF,0x00,0x00,0x00,0x00,0x00,
    0x00,0x00,0x00,0xCE,0xFF,0xFF,0x43,0x00,0x00,0x00,0x00,
    0x00,0x00,0x00,0x3B,0xFF,0xFF,0xFF,0x9B,0x00,0x00,0x00,
    0x00,0x00,0x00,0x04,0xF1,0xFF,0xFF,0x9B,0x00,0x00,0x00,
    0x00,0x00,0x00,0xB7,0xFF,0xFF,0xBA,0x2A,0x00,0x00,0x00,
    0x00,0x00,0x00,0xD8,0xFF,0xFF,0x00,0x00,0x00,0x00,0x00,
    0x00,0x00,0x00,0xD8,0xFF,0xFF,0x00,0x00,0x00,0x00,0x00,
    0x00,0x00,0x00,0xD8,0xFF,0xFF,0x00,0x00,0x00,0x00,0x00,
    0x00,0x00,0x00,0xD8,0xFF,0xFF,0x00,0x00,0x00,0x00,0x00,
    0x00,0x00,0x00,0xFF,0xFF,0xFF,0x00,0x00,0x00,0x00,0x00,
    0x00,0x3C,0xFF,0xFF,0xFF,0xB7,0x00,0x00,0x00,0x00,0x00,
    0x00,0x5F,0xFF,0xFF,0xFF,0x04,0x00,0x00,0x00,0x00,0x00,
    0x00,0x34,0xAA,0x61,0x00,0x00,0x00,0x00,0x00,0x00,0x00,
    0x00,0x00,0x00,0x00,0x00,0x00,0x00,0x00,0x00,0x00,0x00
  }},
  { '~', {
    0x00,0x00,0x00,0x00,0x00,0x00,0x00,0x00,0x00,0x00,0x00,
    0x00,0x00,0x00,0x00,0x00,0x00,0x00,0x00,0x00,0x00,0x00,
    0x00,0x00,0x00,0x00,0x00,0x00,0x00,0x00,0x00,0x00,0x00,
    0x00,0x00,0x00,0x00,0x00,0x00,0x00,0x00,0x00,0x00,0x00,
    0x00,0x00,0x00,0x00,0x00,0x00,0x00,0x00,0x00,0x00,0x00,
    0x00,0x00,0x00,0x00,0x00,0x00,0x00,0x00,0x00,0x00,0x00,
    0x00,0x46,0xBB,0xB5,0x34,0x00,0x38,0xD8,0xD8,0x13,0x00,
    0x6E,0xFF,0xFF,0xFF,0xFF,0x84,0x79,0xFF,0xFF,0x1E,0x00,
    0xFF,0xFF,0xFF,0xFF,0xFF,0xFF,0xFF,0xFF,0xFF,0x00,0x00,
    0xFF,0xFF,0x9D,0x04,0xEA,0xFF,0xFF,0xFF,0x4E,0x00,0x00,
    0x5F,0x5F,0x25,0x00,0x00,0x31,0x4B,0x04,0x00,0x00,0x00,
    0x00,0x00,0x00,0x00,0x00,0x00,0x00,0x00,0x00,0x00,0x00,
    0x00,0x00,0x00,0x00,0x00,0x00,0x00,0x00,0x00,0x00,0x00,
    0x00,0x00,0x00,0x00,0x00,0x00,0x00,0x00,0x00,0x00,0x00,
    0x00,0x00,0x00,0x00,0x00,0x00,0x00,0x00,0x00,0x00,0x00,
    0x00,0x00,0x00,0x00,0x00,0x00,0x00,0x00,0x00,0x00,0x00,
    0x00,0x00,0x00,0x00,0x00,0x00,0x00,0x00,0x00,0x00,0x00,
    0x00,0x00,0x00,0x00,0x00,0x00,0x00,0x00,0x00,0x00,0x00,
    0x00,0x00,0x00,0x00,0x00,0x00,0x00,0x00,0x00,0x00,0x00,
    0x00,0x00,0x00,0x00,0x00,0x00,0x00,0x00,0x00,0x00,0x00
  }}
};

const struct Font* find_font_char(char c) {
    size_t font_count = sizeof(font) / sizeof(font[0]);
    for (size_t i = 0; i < font_count; i++) {
        if (font[i].letter == c) return &font[i];
    }
    return NULL;
}
