ISO-10303-21;
HEADER;
FILE_DESCRIPTION(('KiCad electronic assembly'),'2;1');
FILE_NAME('PSU_module.step','2026-03-07T23:45:03',('Pcbnew'),('Kicad'),
  'Open CASCADE STEP processor 7.8','KiCad to STEP converter','Unknown'
  );
FILE_SCHEMA(('AUTOMOTIVE_DESIGN { 1 0 10303 214 1 1 1 1 }'));
ENDSEC;
DATA;
#1 = APPLICATION_PROTOCOL_DEFINITION('international standard',
  'automotive_design',2000,#2);
#2 = APPLICATION_CONTEXT(
  'core data for automotive mechanical design processes');
#3 = SHAPE_DEFINITION_REPRESENTATION(#4,#10);
#4 = PRODUCT_DEFINITION_SHAPE('','',#5);
#5 = PRODUCT_DEFINITION('design','',#6,#9);
#6 = PRODUCT_DEFINITION_FORMATION('','',#7);
#7 = PRODUCT('PSU_module 1','PSU_module 1','',(#8));
#8 = PRODUCT_CONTEXT('',#2,'mechanical');
#9 = PRODUCT_DEFINITION_CONTEXT('part definition',#2,'design');
#10 = SHAPE_REPRESENTATION('',(#11,#15,#19,#23,#27,#31,#35,#39,#43,#47,
    #51,#55,#59,#63,#67,#71,#75,#79,#83,#87,#91,#95,#99,#103,#107,#111),
  #115);
#11 = AXIS2_PLACEMENT_3D('',#12,#13,#14);
#12 = CARTESIAN_POINT('',(0.,0.,0.));
#13 = DIRECTION('',(0.,0.,1.));
#14 = DIRECTION('',(1.,0.,-0.));
#15 = AXIS2_PLACEMENT_3D('',#16,#17,#18);
#16 = CARTESIAN_POINT('',(4.42875,4.6249E-02,0.995));
#17 = DIRECTION('',(0.,-0.,1.));
#18 = DIRECTION('',(1.110223024625E-16,1.,0.));
#19 = AXIS2_PLACEMENT_3D('',#20,#21,#22);
#20 = CARTESIAN_POINT('',(0.78125,-3.32125,0.995));
#21 = DIRECTION('',(0.,0.,1.));
#22 = DIRECTION('',(1.,0.,0.));
#23 = AXIS2_PLACEMENT_3D('',#24,#25,#26);
#24 = CARTESIAN_POINT('',(2.5275,-3.32125,0.995));
#25 = DIRECTION('',(0.,0.,1.));
#26 = DIRECTION('',(1.,0.,0.));
#27 = AXIS2_PLACEMENT_3D('',#28,#29,#30);
#28 = CARTESIAN_POINT('',(6.4,-6.49625,0.995));
#29 = DIRECTION('',(0.,0.,1.));
#30 = DIRECTION('',(-1.,2.22044604925E-16,0.));
#31 = AXIS2_PLACEMENT_3D('',#32,#33,#34);
#32 = CARTESIAN_POINT('',(-8.84,-6.49625,0.995));
#33 = DIRECTION('',(0.,0.,1.));
#34 = DIRECTION('',(-1.,2.22044604925E-16,0.));
#35 = AXIS2_PLACEMENT_3D('',#36,#37,#38);
#36 = CARTESIAN_POINT('',(-1.28625,-1.435,0.995));
#37 = DIRECTION('',(0.,-0.,1.));
#38 = DIRECTION('',(1.110223024625E-16,1.,0.));
#39 = AXIS2_PLACEMENT_3D('',#40,#41,#42);
#40 = CARTESIAN_POINT('',(-5.27125,-5.0125,-8.5E-02));
#41 = DIRECTION('',(1.499759782662E-32,1.224646799147E-16,-1.));
#42 = DIRECTION('',(-1.,1.224646799147E-16,0.));
#43 = AXIS2_PLACEMENT_3D('',#44,#45,#46);
#44 = CARTESIAN_POINT('',(-2.365,-4.415002,-8.5E-02));
#45 = DIRECTION('',(1.224646799147E-16,-1.359631073447E-32,-1.));
#46 = DIRECTION('',(1.110223024625E-16,1.,0.));
#47 = AXIS2_PLACEMENT_3D('',#48,#49,#50);
#48 = CARTESIAN_POINT('',(4.42875,1.025,-8.5E-02));
#49 = DIRECTION('',(-1.224646799147E-16,-1.359631073447E-32,-1.));
#50 = DIRECTION('',(1.110223024625E-16,-1.,0.));
#51 = AXIS2_PLACEMENT_3D('',#52,#53,#54);
#52 = CARTESIAN_POINT('',(-5.41375,-9.9999E-02,-8.5E-02));
#53 = DIRECTION('',(1.224646799147E-16,-1.359631073447E-32,-1.));
#54 = DIRECTION('',(1.110223024625E-16,1.,0.));
#55 = AXIS2_PLACEMENT_3D('',#56,#57,#58);
#56 = CARTESIAN_POINT('',(-5.255,6.97875,-8.5E-02));
#57 = DIRECTION('',(-1.224646799147E-16,-1.359631073447E-32,-1.));
#58 = DIRECTION('',(1.110223024625E-16,-1.,0.));
#59 = AXIS2_PLACEMENT_3D('',#60,#61,#62);
#60 = CARTESIAN_POINT('',(-6.8425,6.97875,-8.5E-02));
#61 = DIRECTION('',(-1.224646799147E-16,-1.359631073447E-32,-1.));
#62 = DIRECTION('',(1.110223024625E-16,-1.,0.));
#63 = AXIS2_PLACEMENT_3D('',#64,#65,#66);
#64 = CARTESIAN_POINT('',(0.93625,-0.25,-8.5E-02));
#65 = DIRECTION('',(0.,-1.224646799147E-16,-1.));
#66 = DIRECTION('',(1.,0.,0.));
#67 = AXIS2_PLACEMENT_3D('',#68,#69,#70);
#68 = CARTESIAN_POINT('',(1.01875,6.20375,-8.5E-02));
#69 = DIRECTION('',(0.,-1.224646799147E-16,-1.));
#70 = DIRECTION('',(1.,0.,0.));
#71 = AXIS2_PLACEMENT_3D('',#72,#73,#74);
#72 = CARTESIAN_POINT('',(0.7775,-5.283749,-8.5E-02));
#73 = DIRECTION('',(1.224646799147E-16,-1.359631073447E-32,-1.));
#74 = DIRECTION('',(1.110223024625E-16,1.,0.));
#75 = AXIS2_PLACEMENT_3D('',#76,#77,#78);
#76 = CARTESIAN_POINT('',(4.42875,-1.675,-8.5E-02));
#77 = DIRECTION('',(-1.224646799147E-16,-1.359631073447E-32,-1.));
#78 = DIRECTION('',(1.110223024625E-16,-1.,0.));
#79 = AXIS2_PLACEMENT_3D('',#80,#81,#82);
#80 = CARTESIAN_POINT('',(2.06125,-8.505,-8.5E-02));
#81 = DIRECTION('',(0.,-1.224646799147E-16,-1.));
#82 = DIRECTION('',(1.,0.,0.));
#83 = AXIS2_PLACEMENT_3D('',#84,#85,#86);
#84 = CARTESIAN_POINT('',(-5.25875,-6.6,-8.5E-02));
#85 = DIRECTION('',(1.499759782662E-32,1.224646799147E-16,-1.));
#86 = DIRECTION('',(-1.,1.224646799147E-16,0.));
#87 = AXIS2_PLACEMENT_3D('',#88,#89,#90);
#88 = CARTESIAN_POINT('',(-5.22625,3.8225,-8.5E-02));
#89 = DIRECTION('',(0.,-1.224646799147E-16,-1.));
#90 = DIRECTION('',(1.,0.,0.));
#91 = AXIS2_PLACEMENT_3D('',#92,#93,#94);
#92 = CARTESIAN_POINT('',(-5.27125,-3.425,-8.5E-02));
#93 = DIRECTION('',(1.499759782662E-32,1.224646799147E-16,-1.));
#94 = DIRECTION('',(-1.,1.224646799147E-16,0.));
#95 = AXIS2_PLACEMENT_3D('',#96,#97,#98);
#96 = CARTESIAN_POINT('',(3.3175,-5.272501,-8.5E-02));
#97 = DIRECTION('',(1.224646799147E-16,-1.359631073447E-32,-1.));
#98 = DIRECTION('',(1.110223024625E-16,1.,0.));
#99 = AXIS2_PLACEMENT_3D('',#100,#101,#102);
#100 = CARTESIAN_POINT('',(-3.6675,6.96625,-8.5E-02));
#101 = DIRECTION('',(1.224646799147E-16,-1.359631073447E-32,-1.));
#102 = DIRECTION('',(1.110223024625E-16,1.,0.));
#103 = AXIS2_PLACEMENT_3D('',#104,#105,#106);
#104 = CARTESIAN_POINT('',(-5.25875,-8.1875,-8.5E-02));
#105 = DIRECTION('',(1.499759782662E-32,1.224646799147E-16,-1.));
#106 = DIRECTION('',(-1.,1.224646799147E-16,0.));
#107 = AXIS2_PLACEMENT_3D('',#108,#109,#110);
#108 = CARTESIAN_POINT('',(-2.87375,-9.9999E-02,-8.5E-02));
#109 = DIRECTION('',(1.224646799147E-16,-1.359631073447E-32,-1.));
#110 = DIRECTION('',(1.110223024625E-16,1.,0.));
#111 = AXIS2_PLACEMENT_3D('',#112,#113,#114);
#112 = CARTESIAN_POINT('',(0.,0.,0.));
#113 = DIRECTION('',(0.,0.,1.));
#114 = DIRECTION('',(1.,0.,-0.));
#115 = ( GEOMETRIC_REPRESENTATION_CONTEXT(3) 
GLOBAL_UNCERTAINTY_ASSIGNED_CONTEXT((#119)) GLOBAL_UNIT_ASSIGNED_CONTEXT
((#116,#117,#118)) REPRESENTATION_CONTEXT('Context #1',
  '3D Context with UNIT and UNCERTAINTY') );
#116 = ( LENGTH_UNIT() NAMED_UNIT(*) SI_UNIT(.MILLI.,.METRE.) );
#117 = ( NAMED_UNIT(*) PLANE_ANGLE_UNIT() SI_UNIT($,.RADIAN.) );
#118 = ( NAMED_UNIT(*) SI_UNIT($,.STERADIAN.) SOLID_ANGLE_UNIT() );
#119 = UNCERTAINTY_MEASURE_WITH_UNIT(LENGTH_MEASURE(1.E-05),#116,
  'distance_accuracy_value','confusion accuracy');
#120 = PRODUCT_RELATED_PRODUCT_CATEGORY('part',$,(#7));
#121 = SHAPE_DEFINITION_REPRESENTATION(#122,#128);
#122 = PRODUCT_DEFINITION_SHAPE('','',#123);
#123 = PRODUCT_DEFINITION('design','',#124,#127);
#124 = PRODUCT_DEFINITION_FORMATION('','',#125);
#125 = PRODUCT('R_0402_1005Metric','R_0402_1005Metric','',(#126));
#126 = PRODUCT_CONTEXT('',#2,'mechanical');
#127 = PRODUCT_DEFINITION_CONTEXT('part definition',#2,'design');
#128 = ADVANCED_BREP_SHAPE_REPRESENTATION('',(#11,#129),#919);
#129 = MANIFOLD_SOLID_BREP('',#130);
#130 = CLOSED_SHELL('',(#131,#171,#254,#279,#304,#371,#388,#405,#454,
    #471,#488,#537,#554,#623,#654,#678,#747,#771,#788,#805,#822,#839,
    #856,#873,#890,#907));
#131 = ADVANCED_FACE('',(#132),#166,.F.);
#132 = FACE_BOUND('',#133,.F.);
#133 = EDGE_LOOP('',(#134,#144,#152,#160));
#134 = ORIENTED_EDGE('',*,*,#135,.F.);
#135 = EDGE_CURVE('',#136,#138,#140,.T.);
#136 = VERTEX_POINT('',#137);
#137 = CARTESIAN_POINT('',(-0.5,-0.25,3.5E-02));
#138 = VERTEX_POINT('',#139);
#139 = CARTESIAN_POINT('',(-0.5,-0.25,0.315));
#140 = LINE('',#141,#142);
#141 = CARTESIAN_POINT('',(-0.5,-0.25,0.));
#142 = VECTOR('',#143,1.);
#143 = DIRECTION('',(0.,0.,1.));
#144 = ORIENTED_EDGE('',*,*,#145,.T.);
#145 = EDGE_CURVE('',#136,#146,#148,.T.);
#146 = VERTEX_POINT('',#147);
#147 = CARTESIAN_POINT('',(-0.5,0.25,3.5E-02));
#148 = LINE('',#149,#150);
#149 = CARTESIAN_POINT('',(-0.5,-0.25,3.5E-02));
#150 = VECTOR('',#151,1.);
#151 = DIRECTION('',(0.,1.,0.));
#152 = ORIENTED_EDGE('',*,*,#153,.T.);
#153 = EDGE_CURVE('',#146,#154,#156,.T.);
#154 = VERTEX_POINT('',#155);
#155 = CARTESIAN_POINT('',(-0.5,0.25,0.315));
#156 = LINE('',#157,#158);
#157 = CARTESIAN_POINT('',(-0.5,0.25,0.));
#158 = VECTOR('',#159,1.);
#159 = DIRECTION('',(0.,0.,1.));
#160 = ORIENTED_EDGE('',*,*,#161,.F.);
#161 = EDGE_CURVE('',#138,#154,#162,.T.);
#162 = LINE('',#163,#164);
#163 = CARTESIAN_POINT('',(-0.5,-0.25,0.315));
#164 = VECTOR('',#165,1.);
#165 = DIRECTION('',(0.,1.,0.));
#166 = PLANE('',#167);
#167 = AXIS2_PLACEMENT_3D('',#168,#169,#170);
#168 = CARTESIAN_POINT('',(-0.5,-0.25,0.));
#169 = DIRECTION('',(1.,0.,0.));
#170 = DIRECTION('',(0.,0.,1.));
#171 = ADVANCED_FACE('',(#172),#249,.F.);
#172 = FACE_BOUND('',#173,.F.);
#173 = EDGE_LOOP('',(#174,#184,#191,#192,#201,#209,#218,#226,#234,#242)
  );
#174 = ORIENTED_EDGE('',*,*,#175,.F.);
#175 = EDGE_CURVE('',#176,#178,#180,.T.);
#176 = VERTEX_POINT('',#177);
#177 = CARTESIAN_POINT('',(-0.465,-0.25,-2.775557561563E-17));
#178 = VERTEX_POINT('',#179);
#179 = CARTESIAN_POINT('',(-0.335,-0.25,-2.775557561563E-17));
#180 = LINE('',#181,#182);
#181 = CARTESIAN_POINT('',(-0.5,-0.25,0.));
#182 = VECTOR('',#183,1.);
#183 = DIRECTION('',(1.,0.,0.));
#184 = ORIENTED_EDGE('',*,*,#185,.F.);
#185 = EDGE_CURVE('',#136,#176,#186,.T.);
#186 = CIRCLE('',#187,3.5E-02);
#187 = AXIS2_PLACEMENT_3D('',#188,#189,#190);
#188 = CARTESIAN_POINT('',(-0.465,-0.25,3.5E-02));
#189 = DIRECTION('',(0.,-1.,0.));
#190 = DIRECTION('',(0.,0.,1.));
#191 = ORIENTED_EDGE('',*,*,#135,.T.);
#192 = ORIENTED_EDGE('',*,*,#193,.T.);
#193 = EDGE_CURVE('',#138,#194,#196,.T.);
#194 = VERTEX_POINT('',#195);
#195 = CARTESIAN_POINT('',(-0.465,-0.25,0.35));
#196 = CIRCLE('',#197,3.5E-02);
#197 = AXIS2_PLACEMENT_3D('',#198,#199,#200);
#198 = CARTESIAN_POINT('',(-0.465,-0.25,0.315));
#199 = DIRECTION('',(0.,1.,0.));
#200 = DIRECTION('',(0.,-0.,1.));
#201 = ORIENTED_EDGE('',*,*,#202,.T.);
#202 = EDGE_CURVE('',#194,#203,#205,.T.);
#203 = VERTEX_POINT('',#204);
#204 = CARTESIAN_POINT('',(-0.335,-0.25,0.35));
#205 = LINE('',#206,#207);
#206 = CARTESIAN_POINT('',(-0.5,-0.25,0.35));
#207 = VECTOR('',#208,1.);
#208 = DIRECTION('',(1.,0.,0.));
#209 = ORIENTED_EDGE('',*,*,#210,.F.);
#210 = EDGE_CURVE('',#211,#203,#213,.T.);
#211 = VERTEX_POINT('',#212);
#212 = CARTESIAN_POINT('',(-0.3,-0.25,0.315));
#213 = CIRCLE('',#214,3.5E-02);
#214 = AXIS2_PLACEMENT_3D('',#215,#216,#217);
#215 = CARTESIAN_POINT('',(-0.335,-0.25,0.315));
#216 = DIRECTION('',(0.,-1.,0.));
#217 = DIRECTION('',(0.,0.,1.));
#218 = ORIENTED_EDGE('',*,*,#219,.F.);
#219 = EDGE_CURVE('',#220,#211,#222,.T.);
#220 = VERTEX_POINT('',#221);
#221 = CARTESIAN_POINT('',(-0.465,-0.25,0.315));
#222 = LINE('',#223,#224);
#223 = CARTESIAN_POINT('',(-0.465,-0.25,0.315));
#224 = VECTOR('',#225,1.);
#225 = DIRECTION('',(1.,0.,0.));
#226 = ORIENTED_EDGE('',*,*,#227,.F.);
#227 = EDGE_CURVE('',#228,#220,#230,.T.);
#228 = VERTEX_POINT('',#229);
#229 = CARTESIAN_POINT('',(-0.465,-0.25,3.5E-02));
#230 = LINE('',#231,#232);
#231 = CARTESIAN_POINT('',(-0.465,-0.25,3.5E-02));
#232 = VECTOR('',#233,1.);
#233 = DIRECTION('',(0.,0.,1.));
#234 = ORIENTED_EDGE('',*,*,#235,.T.);
#235 = EDGE_CURVE('',#228,#236,#238,.T.);
#236 = VERTEX_POINT('',#237);
#237 = CARTESIAN_POINT('',(-0.3,-0.25,3.5E-02));
#238 = LINE('',#239,#240);
#239 = CARTESIAN_POINT('',(-0.465,-0.25,3.5E-02));
#240 = VECTOR('',#241,1.);
#241 = DIRECTION('',(1.,0.,0.));
#242 = ORIENTED_EDGE('',*,*,#243,.T.);
#243 = EDGE_CURVE('',#236,#178,#244,.T.);
#244 = CIRCLE('',#245,3.5E-02);
#245 = AXIS2_PLACEMENT_3D('',#246,#247,#248);
#246 = CARTESIAN_POINT('',(-0.335,-0.25,3.5E-02));
#247 = DIRECTION('',(0.,1.,0.));
#248 = DIRECTION('',(0.,-0.,1.));
#249 = PLANE('',#250);
#250 = AXIS2_PLACEMENT_3D('',#251,#252,#253);
#251 = CARTESIAN_POINT('',(-0.5,-0.25,0.));
#252 = DIRECTION('',(0.,1.,0.));
#253 = DIRECTION('',(0.,-0.,1.));
#254 = ADVANCED_FACE('',(#255),#274,.T.);
#255 = FACE_BOUND('',#256,.T.);
#256 = EDGE_LOOP('',(#257,#258,#267,#273));
#257 = ORIENTED_EDGE('',*,*,#145,.T.);
#258 = ORIENTED_EDGE('',*,*,#259,.T.);
#259 = EDGE_CURVE('',#146,#260,#262,.T.);
#260 = VERTEX_POINT('',#261);
#261 = CARTESIAN_POINT('',(-0.465,0.25,-2.775557561563E-17));
#262 = CIRCLE('',#263,3.5E-02);
#263 = AXIS2_PLACEMENT_3D('',#264,#265,#266);
#264 = CARTESIAN_POINT('',(-0.465,0.25,3.5E-02));
#265 = DIRECTION('',(0.,-1.,0.));
#266 = DIRECTION('',(0.,0.,1.));
#267 = ORIENTED_EDGE('',*,*,#268,.F.);
#268 = EDGE_CURVE('',#176,#260,#269,.T.);
#269 = LINE('',#270,#271);
#270 = CARTESIAN_POINT('',(-0.465,-0.25,-2.775557561563E-17));
#271 = VECTOR('',#272,1.);
#272 = DIRECTION('',(0.,1.,0.));
#273 = ORIENTED_EDGE('',*,*,#185,.F.);
#274 = CYLINDRICAL_SURFACE('',#275,3.5E-02);
#275 = AXIS2_PLACEMENT_3D('',#276,#277,#278);
#276 = CARTESIAN_POINT('',(-0.465,-0.25,3.5E-02));
#277 = DIRECTION('',(0.,1.,0.));
#278 = DIRECTION('',(-1.,0.,0.));
#279 = ADVANCED_FACE('',(#280),#299,.T.);
#280 = FACE_BOUND('',#281,.T.);
#281 = EDGE_LOOP('',(#282,#283,#291,#298));
#282 = ORIENTED_EDGE('',*,*,#193,.T.);
#283 = ORIENTED_EDGE('',*,*,#284,.T.);
#284 = EDGE_CURVE('',#194,#285,#287,.T.);
#285 = VERTEX_POINT('',#286);
#286 = CARTESIAN_POINT('',(-0.465,0.25,0.35));
#287 = LINE('',#288,#289);
#288 = CARTESIAN_POINT('',(-0.465,-0.25,0.35));
#289 = VECTOR('',#290,1.);
#290 = DIRECTION('',(0.,1.,0.));
#291 = ORIENTED_EDGE('',*,*,#292,.F.);
#292 = EDGE_CURVE('',#154,#285,#293,.T.);
#293 = CIRCLE('',#294,3.5E-02);
#294 = AXIS2_PLACEMENT_3D('',#295,#296,#297);
#295 = CARTESIAN_POINT('',(-0.465,0.25,0.315));
#296 = DIRECTION('',(0.,1.,0.));
#297 = DIRECTION('',(0.,-0.,1.));
#298 = ORIENTED_EDGE('',*,*,#161,.F.);
#299 = CYLINDRICAL_SURFACE('',#300,3.5E-02);
#300 = AXIS2_PLACEMENT_3D('',#301,#302,#303);
#301 = CARTESIAN_POINT('',(-0.465,-0.25,0.315));
#302 = DIRECTION('',(0.,1.,0.));
#303 = DIRECTION('',(-1.,0.,0.));
#304 = ADVANCED_FACE('',(#305),#366,.T.);
#305 = FACE_BOUND('',#306,.T.);
#306 = EDGE_LOOP('',(#307,#315,#316,#317,#318,#326,#335,#343,#351,#359)
  );
#307 = ORIENTED_EDGE('',*,*,#308,.F.);
#308 = EDGE_CURVE('',#260,#309,#311,.T.);
#309 = VERTEX_POINT('',#310);
#310 = CARTESIAN_POINT('',(-0.335,0.25,-2.775557561563E-17));
#311 = LINE('',#312,#313);
#312 = CARTESIAN_POINT('',(-0.5,0.25,0.));
#313 = VECTOR('',#314,1.);
#314 = DIRECTION('',(1.,0.,0.));
#315 = ORIENTED_EDGE('',*,*,#259,.F.);
#316 = ORIENTED_EDGE('',*,*,#153,.T.);
#317 = ORIENTED_EDGE('',*,*,#292,.T.);
#318 = ORIENTED_EDGE('',*,*,#319,.T.);
#319 = EDGE_CURVE('',#285,#320,#322,.T.);
#320 = VERTEX_POINT('',#321);
#321 = CARTESIAN_POINT('',(-0.335,0.25,0.35));
#322 = LINE('',#323,#324);
#323 = CARTESIAN_POINT('',(-0.5,0.25,0.35));
#324 = VECTOR('',#325,1.);
#325 = DIRECTION('',(1.,0.,0.));
#326 = ORIENTED_EDGE('',*,*,#327,.F.);
#327 = EDGE_CURVE('',#328,#320,#330,.T.);
#328 = VERTEX_POINT('',#329);
#329 = CARTESIAN_POINT('',(-0.3,0.25,0.315));
#330 = CIRCLE('',#331,3.5E-02);
#331 = AXIS2_PLACEMENT_3D('',#332,#333,#334);
#332 = CARTESIAN_POINT('',(-0.335,0.25,0.315));
#333 = DIRECTION('',(0.,-1.,0.));
#334 = DIRECTION('',(0.,0.,1.));
#335 = ORIENTED_EDGE('',*,*,#336,.F.);
#336 = EDGE_CURVE('',#337,#328,#339,.T.);
#337 = VERTEX_POINT('',#338);
#338 = CARTESIAN_POINT('',(-0.465,0.25,0.315));
#339 = LINE('',#340,#341);
#340 = CARTESIAN_POINT('',(-0.465,0.25,0.315));
#341 = VECTOR('',#342,1.);
#342 = DIRECTION('',(1.,0.,0.));
#343 = ORIENTED_EDGE('',*,*,#344,.F.);
#344 = EDGE_CURVE('',#345,#337,#347,.T.);
#345 = VERTEX_POINT('',#346);
#346 = CARTESIAN_POINT('',(-0.465,0.25,3.5E-02));
#347 = LINE('',#348,#349);
#348 = CARTESIAN_POINT('',(-0.465,0.25,3.5E-02));
#349 = VECTOR('',#350,1.);
#350 = DIRECTION('',(0.,0.,1.));
#351 = ORIENTED_EDGE('',*,*,#352,.T.);
#352 = EDGE_CURVE('',#345,#353,#355,.T.);
#353 = VERTEX_POINT('',#354);
#354 = CARTESIAN_POINT('',(-0.3,0.25,3.5E-02));
#355 = LINE('',#356,#357);
#356 = CARTESIAN_POINT('',(-0.465,0.25,3.5E-02));
#357 = VECTOR('',#358,1.);
#358 = DIRECTION('',(1.,0.,0.));
#359 = ORIENTED_EDGE('',*,*,#360,.T.);
#360 = EDGE_CURVE('',#353,#309,#361,.T.);
#361 = CIRCLE('',#362,3.5E-02);
#362 = AXIS2_PLACEMENT_3D('',#363,#364,#365);
#363 = CARTESIAN_POINT('',(-0.335,0.25,3.5E-02));
#364 = DIRECTION('',(0.,1.,0.));
#365 = DIRECTION('',(0.,-0.,1.));
#366 = PLANE('',#367);
#367 = AXIS2_PLACEMENT_3D('',#368,#369,#370);
#368 = CARTESIAN_POINT('',(-0.5,0.25,0.));
#369 = DIRECTION('',(0.,1.,0.));
#370 = DIRECTION('',(0.,-0.,1.));
#371 = ADVANCED_FACE('',(#372),#383,.F.);
#372 = FACE_BOUND('',#373,.F.);
#373 = EDGE_LOOP('',(#374,#375,#376,#377));
#374 = ORIENTED_EDGE('',*,*,#308,.F.);
#375 = ORIENTED_EDGE('',*,*,#268,.F.);
#376 = ORIENTED_EDGE('',*,*,#175,.T.);
#377 = ORIENTED_EDGE('',*,*,#378,.T.);
#378 = EDGE_CURVE('',#178,#309,#379,.T.);
#379 = LINE('',#380,#381);
#380 = CARTESIAN_POINT('',(-0.335,-0.25,-2.775557561563E-17));
#381 = VECTOR('',#382,1.);
#382 = DIRECTION('',(0.,1.,0.));
#383 = PLANE('',#384);
#384 = AXIS2_PLACEMENT_3D('',#385,#386,#387);
#385 = CARTESIAN_POINT('',(-0.5,-0.25,0.));
#386 = DIRECTION('',(0.,0.,1.));
#387 = DIRECTION('',(1.,0.,-0.));
#388 = ADVANCED_FACE('',(#389),#400,.T.);
#389 = FACE_BOUND('',#390,.T.);
#390 = EDGE_LOOP('',(#391,#392,#393,#394));
#391 = ORIENTED_EDGE('',*,*,#243,.T.);
#392 = ORIENTED_EDGE('',*,*,#378,.T.);
#393 = ORIENTED_EDGE('',*,*,#360,.F.);
#394 = ORIENTED_EDGE('',*,*,#395,.F.);
#395 = EDGE_CURVE('',#236,#353,#396,.T.);
#396 = LINE('',#397,#398);
#397 = CARTESIAN_POINT('',(-0.3,-0.25,3.5E-02));
#398 = VECTOR('',#399,1.);
#399 = DIRECTION('',(0.,1.,0.));
#400 = CYLINDRICAL_SURFACE('',#401,3.5E-02);
#401 = AXIS2_PLACEMENT_3D('',#402,#403,#404);
#402 = CARTESIAN_POINT('',(-0.335,-0.25,3.5E-02));
#403 = DIRECTION('',(0.,1.,0.));
#404 = DIRECTION('',(1.,0.,0.));
#405 = ADVANCED_FACE('',(#406),#449,.F.);
#406 = FACE_BOUND('',#407,.F.);
#407 = EDGE_LOOP('',(#408,#409,#410,#411,#419,#427,#435,#443));
#408 = ORIENTED_EDGE('',*,*,#235,.F.);
#409 = ORIENTED_EDGE('',*,*,#227,.T.);
#410 = ORIENTED_EDGE('',*,*,#219,.T.);
#411 = ORIENTED_EDGE('',*,*,#412,.T.);
#412 = EDGE_CURVE('',#211,#413,#415,.T.);
#413 = VERTEX_POINT('',#414);
#414 = CARTESIAN_POINT('',(0.3,-0.25,0.315));
#415 = LINE('',#416,#417);
#416 = CARTESIAN_POINT('',(-0.3,-0.25,0.315));
#417 = VECTOR('',#418,1.);
#418 = DIRECTION('',(1.,0.,0.));
#419 = ORIENTED_EDGE('',*,*,#420,.T.);
#420 = EDGE_CURVE('',#413,#421,#423,.T.);
#421 = VERTEX_POINT('',#422);
#422 = CARTESIAN_POINT('',(0.465,-0.25,0.315));
#423 = LINE('',#424,#425);
#424 = CARTESIAN_POINT('',(-0.465,-0.25,0.315));
#425 = VECTOR('',#426,1.);
#426 = DIRECTION('',(1.,0.,0.));
#427 = ORIENTED_EDGE('',*,*,#428,.F.);
#428 = EDGE_CURVE('',#429,#421,#431,.T.);
#429 = VERTEX_POINT('',#430);
#430 = CARTESIAN_POINT('',(0.465,-0.25,3.5E-02));
#431 = LINE('',#432,#433);
#432 = CARTESIAN_POINT('',(0.465,-0.25,3.5E-02));
#433 = VECTOR('',#434,1.);
#434 = DIRECTION('',(0.,0.,1.));
#435 = ORIENTED_EDGE('',*,*,#436,.F.);
#436 = EDGE_CURVE('',#437,#429,#439,.T.);
#437 = VERTEX_POINT('',#438);
#438 = CARTESIAN_POINT('',(0.3,-0.25,3.5E-02));
#439 = LINE('',#440,#441);
#440 = CARTESIAN_POINT('',(-0.465,-0.25,3.5E-02));
#441 = VECTOR('',#442,1.);
#442 = DIRECTION('',(1.,0.,0.));
#443 = ORIENTED_EDGE('',*,*,#444,.F.);
#444 = EDGE_CURVE('',#236,#437,#445,.T.);
#445 = LINE('',#446,#447);
#446 = CARTESIAN_POINT('',(-0.465,-0.25,3.5E-02));
#447 = VECTOR('',#448,1.);
#448 = DIRECTION('',(1.,0.,0.));
#449 = PLANE('',#450);
#450 = AXIS2_PLACEMENT_3D('',#451,#452,#453);
#451 = CARTESIAN_POINT('',(-0.465,-0.25,3.5E-02));
#452 = DIRECTION('',(0.,1.,0.));
#453 = DIRECTION('',(0.,-0.,1.));
#454 = ADVANCED_FACE('',(#455),#466,.T.);
#455 = FACE_BOUND('',#456,.T.);
#456 = EDGE_LOOP('',(#457,#458,#459,#460));
#457 = ORIENTED_EDGE('',*,*,#319,.F.);
#458 = ORIENTED_EDGE('',*,*,#284,.F.);
#459 = ORIENTED_EDGE('',*,*,#202,.T.);
#460 = ORIENTED_EDGE('',*,*,#461,.T.);
#461 = EDGE_CURVE('',#203,#320,#462,.T.);
#462 = LINE('',#463,#464);
#463 = CARTESIAN_POINT('',(-0.335,-0.25,0.35));
#464 = VECTOR('',#465,1.);
#465 = DIRECTION('',(0.,1.,0.));
#466 = PLANE('',#467);
#467 = AXIS2_PLACEMENT_3D('',#468,#469,#470);
#468 = CARTESIAN_POINT('',(-0.5,-0.25,0.35));
#469 = DIRECTION('',(0.,0.,1.));
#470 = DIRECTION('',(1.,0.,-0.));
#471 = ADVANCED_FACE('',(#472),#483,.T.);
#472 = FACE_BOUND('',#473,.T.);
#473 = EDGE_LOOP('',(#474,#480,#481,#482));
#474 = ORIENTED_EDGE('',*,*,#475,.T.);
#475 = EDGE_CURVE('',#211,#328,#476,.T.);
#476 = LINE('',#477,#478);
#477 = CARTESIAN_POINT('',(-0.3,-0.25,0.315));
#478 = VECTOR('',#479,1.);
#479 = DIRECTION('',(0.,1.,0.));
#480 = ORIENTED_EDGE('',*,*,#327,.T.);
#481 = ORIENTED_EDGE('',*,*,#461,.F.);
#482 = ORIENTED_EDGE('',*,*,#210,.F.);
#483 = CYLINDRICAL_SURFACE('',#484,3.5E-02);
#484 = AXIS2_PLACEMENT_3D('',#485,#486,#487);
#485 = CARTESIAN_POINT('',(-0.335,-0.25,0.315));
#486 = DIRECTION('',(0.,1.,0.));
#487 = DIRECTION('',(1.,0.,0.));
#488 = ADVANCED_FACE('',(#489),#532,.T.);
#489 = FACE_BOUND('',#490,.T.);
#490 = EDGE_LOOP('',(#491,#492,#493,#494,#502,#510,#518,#526));
#491 = ORIENTED_EDGE('',*,*,#352,.F.);
#492 = ORIENTED_EDGE('',*,*,#344,.T.);
#493 = ORIENTED_EDGE('',*,*,#336,.T.);
#494 = ORIENTED_EDGE('',*,*,#495,.T.);
#495 = EDGE_CURVE('',#328,#496,#498,.T.);
#496 = VERTEX_POINT('',#497);
#497 = CARTESIAN_POINT('',(0.3,0.25,0.315));
#498 = LINE('',#499,#500);
#499 = CARTESIAN_POINT('',(-0.3,0.25,0.315));
#500 = VECTOR('',#501,1.);
#501 = DIRECTION('',(1.,0.,0.));
#502 = ORIENTED_EDGE('',*,*,#503,.T.);
#503 = EDGE_CURVE('',#496,#504,#506,.T.);
#504 = VERTEX_POINT('',#505);
#505 = CARTESIAN_POINT('',(0.465,0.25,0.315));
#506 = LINE('',#507,#508);
#507 = CARTESIAN_POINT('',(-0.465,0.25,0.315));
#508 = VECTOR('',#509,1.);
#509 = DIRECTION('',(1.,0.,0.));
#510 = ORIENTED_EDGE('',*,*,#511,.F.);
#511 = EDGE_CURVE('',#512,#504,#514,.T.);
#512 = VERTEX_POINT('',#513);
#513 = CARTESIAN_POINT('',(0.465,0.25,3.5E-02));
#514 = LINE('',#515,#516);
#515 = CARTESIAN_POINT('',(0.465,0.25,3.5E-02));
#516 = VECTOR('',#517,1.);
#517 = DIRECTION('',(0.,0.,1.));
#518 = ORIENTED_EDGE('',*,*,#519,.F.);
#519 = EDGE_CURVE('',#520,#512,#522,.T.);
#520 = VERTEX_POINT('',#521);
#521 = CARTESIAN_POINT('',(0.3,0.25,3.5E-02));
#522 = LINE('',#523,#524);
#523 = CARTESIAN_POINT('',(-0.465,0.25,3.5E-02));
#524 = VECTOR('',#525,1.);
#525 = DIRECTION('',(1.,0.,0.));
#526 = ORIENTED_EDGE('',*,*,#527,.F.);
#527 = EDGE_CURVE('',#353,#520,#528,.T.);
#528 = LINE('',#529,#530);
#529 = CARTESIAN_POINT('',(-0.465,0.25,3.5E-02));
#530 = VECTOR('',#531,1.);
#531 = DIRECTION('',(1.,0.,0.));
#532 = PLANE('',#533);
#533 = AXIS2_PLACEMENT_3D('',#534,#535,#536);
#534 = CARTESIAN_POINT('',(-0.465,0.25,3.5E-02));
#535 = DIRECTION('',(0.,1.,0.));
#536 = DIRECTION('',(0.,-0.,1.));
#537 = ADVANCED_FACE('',(#538),#549,.F.);
#538 = FACE_BOUND('',#539,.F.);
#539 = EDGE_LOOP('',(#540,#541,#542,#548));
#540 = ORIENTED_EDGE('',*,*,#395,.F.);
#541 = ORIENTED_EDGE('',*,*,#444,.T.);
#542 = ORIENTED_EDGE('',*,*,#543,.T.);
#543 = EDGE_CURVE('',#437,#520,#544,.T.);
#544 = LINE('',#545,#546);
#545 = CARTESIAN_POINT('',(0.3,-0.25,3.5E-02));
#546 = VECTOR('',#547,1.);
#547 = DIRECTION('',(0.,1.,0.));
#548 = ORIENTED_EDGE('',*,*,#527,.F.);
#549 = PLANE('',#550);
#550 = AXIS2_PLACEMENT_3D('',#551,#552,#553);
#551 = CARTESIAN_POINT('',(-0.465,-0.25,3.5E-02));
#552 = DIRECTION('',(0.,0.,1.));
#553 = DIRECTION('',(1.,0.,-0.));
#554 = ADVANCED_FACE('',(#555),#618,.F.);
#555 = FACE_BOUND('',#556,.F.);
#556 = EDGE_LOOP('',(#557,#567,#574,#575,#576,#577,#586,#594,#603,#611)
  );
#557 = ORIENTED_EDGE('',*,*,#558,.F.);
#558 = EDGE_CURVE('',#559,#561,#563,.T.);
#559 = VERTEX_POINT('',#560);
#560 = CARTESIAN_POINT('',(0.335,-0.25,-2.775557561563E-17));
#561 = VERTEX_POINT('',#562);
#562 = CARTESIAN_POINT('',(0.465,-0.25,-2.775557561563E-17));
#563 = LINE('',#564,#565);
#564 = CARTESIAN_POINT('',(0.3,-0.25,0.));
#565 = VECTOR('',#566,1.);
#566 = DIRECTION('',(1.,0.,0.));
#567 = ORIENTED_EDGE('',*,*,#568,.F.);
#568 = EDGE_CURVE('',#437,#559,#569,.T.);
#569 = CIRCLE('',#570,3.5E-02);
#570 = AXIS2_PLACEMENT_3D('',#571,#572,#573);
#571 = CARTESIAN_POINT('',(0.335,-0.25,3.5E-02));
#572 = DIRECTION('',(0.,-1.,0.));
#573 = DIRECTION('',(0.,0.,1.));
#574 = ORIENTED_EDGE('',*,*,#436,.T.);
#575 = ORIENTED_EDGE('',*,*,#428,.T.);
#576 = ORIENTED_EDGE('',*,*,#420,.F.);
#577 = ORIENTED_EDGE('',*,*,#578,.T.);
#578 = EDGE_CURVE('',#413,#579,#581,.T.);
#579 = VERTEX_POINT('',#580);
#580 = CARTESIAN_POINT('',(0.335,-0.25,0.35));
#581 = CIRCLE('',#582,3.5E-02);
#582 = AXIS2_PLACEMENT_3D('',#583,#584,#585);
#583 = CARTESIAN_POINT('',(0.335,-0.25,0.315));
#584 = DIRECTION('',(0.,1.,0.));
#585 = DIRECTION('',(0.,-0.,1.));
#586 = ORIENTED_EDGE('',*,*,#587,.T.);
#587 = EDGE_CURVE('',#579,#588,#590,.T.);
#588 = VERTEX_POINT('',#589);
#589 = CARTESIAN_POINT('',(0.465,-0.25,0.35));
#590 = LINE('',#591,#592);
#591 = CARTESIAN_POINT('',(0.3,-0.25,0.35));
#592 = VECTOR('',#593,1.);
#593 = DIRECTION('',(1.,0.,0.));
#594 = ORIENTED_EDGE('',*,*,#595,.F.);
#595 = EDGE_CURVE('',#596,#588,#598,.T.);
#596 = VERTEX_POINT('',#597);
#597 = CARTESIAN_POINT('',(0.5,-0.25,0.315));
#598 = CIRCLE('',#599,3.5E-02);
#599 = AXIS2_PLACEMENT_3D('',#600,#601,#602);
#600 = CARTESIAN_POINT('',(0.465,-0.25,0.315));
#601 = DIRECTION('',(0.,-1.,0.));
#602 = DIRECTION('',(0.,0.,1.));
#603 = ORIENTED_EDGE('',*,*,#604,.F.);
#604 = EDGE_CURVE('',#605,#596,#607,.T.);
#605 = VERTEX_POINT('',#606);
#606 = CARTESIAN_POINT('',(0.5,-0.25,3.5E-02));
#607 = LINE('',#608,#609);
#608 = CARTESIAN_POINT('',(0.5,-0.25,0.));
#609 = VECTOR('',#610,1.);
#610 = DIRECTION('',(0.,0.,1.));
#611 = ORIENTED_EDGE('',*,*,#612,.T.);
#612 = EDGE_CURVE('',#605,#561,#613,.T.);
#613 = CIRCLE('',#614,3.5E-02);
#614 = AXIS2_PLACEMENT_3D('',#615,#616,#617);
#615 = CARTESIAN_POINT('',(0.465,-0.25,3.5E-02));
#616 = DIRECTION('',(0.,1.,0.));
#617 = DIRECTION('',(0.,-0.,1.));
#618 = PLANE('',#619);
#619 = AXIS2_PLACEMENT_3D('',#620,#621,#622);
#620 = CARTESIAN_POINT('',(0.3,-0.25,0.));
#621 = DIRECTION('',(0.,1.,0.));
#622 = DIRECTION('',(0.,-0.,1.));
#623 = ADVANCED_FACE('',(#624),#649,.F.);
#624 = FACE_BOUND('',#625,.F.);
#625 = EDGE_LOOP('',(#626,#627,#635,#643));
#626 = ORIENTED_EDGE('',*,*,#412,.F.);
#627 = ORIENTED_EDGE('',*,*,#628,.T.);
#628 = EDGE_CURVE('',#211,#629,#631,.T.);
#629 = VERTEX_POINT('',#630);
#630 = CARTESIAN_POINT('',(-0.3,-0.25,0.35));
#631 = LINE('',#632,#633);
#632 = CARTESIAN_POINT('',(-0.3,-0.25,0.315));
#633 = VECTOR('',#634,1.);
#634 = DIRECTION('',(0.,0.,1.));
#635 = ORIENTED_EDGE('',*,*,#636,.T.);
#636 = EDGE_CURVE('',#629,#637,#639,.T.);
#637 = VERTEX_POINT('',#638);
#638 = CARTESIAN_POINT('',(0.3,-0.25,0.35));
#639 = LINE('',#640,#641);
#640 = CARTESIAN_POINT('',(-0.3,-0.25,0.35));
#641 = VECTOR('',#642,1.);
#642 = DIRECTION('',(1.,0.,0.));
#643 = ORIENTED_EDGE('',*,*,#644,.F.);
#644 = EDGE_CURVE('',#413,#637,#645,.T.);
#645 = LINE('',#646,#647);
#646 = CARTESIAN_POINT('',(0.3,-0.25,0.315));
#647 = VECTOR('',#648,1.);
#648 = DIRECTION('',(0.,0.,1.));
#649 = PLANE('',#650);
#650 = AXIS2_PLACEMENT_3D('',#651,#652,#653);
#651 = CARTESIAN_POINT('',(-0.3,-0.25,0.315));
#652 = DIRECTION('',(0.,1.,0.));
#653 = DIRECTION('',(0.,-0.,1.));
#654 = ADVANCED_FACE('',(#655),#673,.F.);
#655 = FACE_BOUND('',#656,.F.);
#656 = EDGE_LOOP('',(#657,#658,#659,#667));
#657 = ORIENTED_EDGE('',*,*,#628,.F.);
#658 = ORIENTED_EDGE('',*,*,#475,.T.);
#659 = ORIENTED_EDGE('',*,*,#660,.T.);
#660 = EDGE_CURVE('',#328,#661,#663,.T.);
#661 = VERTEX_POINT('',#662);
#662 = CARTESIAN_POINT('',(-0.3,0.25,0.35));
#663 = LINE('',#664,#665);
#664 = CARTESIAN_POINT('',(-0.3,0.25,0.315));
#665 = VECTOR('',#666,1.);
#666 = DIRECTION('',(0.,0.,1.));
#667 = ORIENTED_EDGE('',*,*,#668,.F.);
#668 = EDGE_CURVE('',#629,#661,#669,.T.);
#669 = LINE('',#670,#671);
#670 = CARTESIAN_POINT('',(-0.3,-0.25,0.35));
#671 = VECTOR('',#672,1.);
#672 = DIRECTION('',(0.,1.,0.));
#673 = PLANE('',#674);
#674 = AXIS2_PLACEMENT_3D('',#675,#676,#677);
#675 = CARTESIAN_POINT('',(-0.3,-0.25,0.315));
#676 = DIRECTION('',(1.,0.,0.));
#677 = DIRECTION('',(0.,0.,1.));
#678 = ADVANCED_FACE('',(#679),#742,.T.);
#679 = FACE_BOUND('',#680,.T.);
#680 = EDGE_LOOP('',(#681,#691,#698,#699,#700,#701,#710,#718,#727,#735)
  );
#681 = ORIENTED_EDGE('',*,*,#682,.F.);
#682 = EDGE_CURVE('',#683,#685,#687,.T.);
#683 = VERTEX_POINT('',#684);
#684 = CARTESIAN_POINT('',(0.335,0.25,-2.775557561563E-17));
#685 = VERTEX_POINT('',#686);
#686 = CARTESIAN_POINT('',(0.465,0.25,-2.775557561563E-17));
#687 = LINE('',#688,#689);
#688 = CARTESIAN_POINT('',(0.3,0.25,0.));
#689 = VECTOR('',#690,1.);
#690 = DIRECTION('',(1.,0.,0.));
#691 = ORIENTED_EDGE('',*,*,#692,.F.);
#692 = EDGE_CURVE('',#520,#683,#693,.T.);
#693 = CIRCLE('',#694,3.5E-02);
#694 = AXIS2_PLACEMENT_3D('',#695,#696,#697);
#695 = CARTESIAN_POINT('',(0.335,0.25,3.5E-02));
#696 = DIRECTION('',(0.,-1.,0.));
#697 = DIRECTION('',(0.,0.,1.));
#698 = ORIENTED_EDGE('',*,*,#519,.T.);
#699 = ORIENTED_EDGE('',*,*,#511,.T.);
#700 = ORIENTED_EDGE('',*,*,#503,.F.);
#701 = ORIENTED_EDGE('',*,*,#702,.T.);
#702 = EDGE_CURVE('',#496,#703,#705,.T.);
#703 = VERTEX_POINT('',#704);
#704 = CARTESIAN_POINT('',(0.335,0.25,0.35));
#705 = CIRCLE('',#706,3.5E-02);
#706 = AXIS2_PLACEMENT_3D('',#707,#708,#709);
#707 = CARTESIAN_POINT('',(0.335,0.25,0.315));
#708 = DIRECTION('',(0.,1.,0.));
#709 = DIRECTION('',(0.,-0.,1.));
#710 = ORIENTED_EDGE('',*,*,#711,.T.);
#711 = EDGE_CURVE('',#703,#712,#714,.T.);
#712 = VERTEX_POINT('',#713);
#713 = CARTESIAN_POINT('',(0.465,0.25,0.35));
#714 = LINE('',#715,#716);
#715 = CARTESIAN_POINT('',(0.3,0.25,0.35));
#716 = VECTOR('',#717,1.);
#717 = DIRECTION('',(1.,0.,0.));
#718 = ORIENTED_EDGE('',*,*,#719,.F.);
#719 = EDGE_CURVE('',#720,#712,#722,.T.);
#720 = VERTEX_POINT('',#721);
#721 = CARTESIAN_POINT('',(0.5,0.25,0.315));
#722 = CIRCLE('',#723,3.5E-02);
#723 = AXIS2_PLACEMENT_3D('',#724,#725,#726);
#724 = CARTESIAN_POINT('',(0.465,0.25,0.315));
#725 = DIRECTION('',(0.,-1.,0.));
#726 = DIRECTION('',(0.,0.,1.));
#727 = ORIENTED_EDGE('',*,*,#728,.F.);
#728 = EDGE_CURVE('',#729,#720,#731,.T.);
#729 = VERTEX_POINT('',#730);
#730 = CARTESIAN_POINT('',(0.5,0.25,3.5E-02));
#731 = LINE('',#732,#733);
#732 = CARTESIAN_POINT('',(0.5,0.25,0.));
#733 = VECTOR('',#734,1.);
#734 = DIRECTION('',(0.,0.,1.));
#735 = ORIENTED_EDGE('',*,*,#736,.T.);
#736 = EDGE_CURVE('',#729,#685,#737,.T.);
#737 = CIRCLE('',#738,3.5E-02);
#738 = AXIS2_PLACEMENT_3D('',#739,#740,#741);
#739 = CARTESIAN_POINT('',(0.465,0.25,3.5E-02));
#740 = DIRECTION('',(0.,1.,0.));
#741 = DIRECTION('',(0.,-0.,1.));
#742 = PLANE('',#743);
#743 = AXIS2_PLACEMENT_3D('',#744,#745,#746);
#744 = CARTESIAN_POINT('',(0.3,0.25,0.));
#745 = DIRECTION('',(0.,1.,0.));
#746 = DIRECTION('',(0.,-0.,1.));
#747 = ADVANCED_FACE('',(#748),#766,.T.);
#748 = FACE_BOUND('',#749,.T.);
#749 = EDGE_LOOP('',(#750,#751,#752,#760));
#750 = ORIENTED_EDGE('',*,*,#495,.F.);
#751 = ORIENTED_EDGE('',*,*,#660,.T.);
#752 = ORIENTED_EDGE('',*,*,#753,.T.);
#753 = EDGE_CURVE('',#661,#754,#756,.T.);
#754 = VERTEX_POINT('',#755);
#755 = CARTESIAN_POINT('',(0.3,0.25,0.35));
#756 = LINE('',#757,#758);
#757 = CARTESIAN_POINT('',(-0.3,0.25,0.35));
#758 = VECTOR('',#759,1.);
#759 = DIRECTION('',(1.,0.,0.));
#760 = ORIENTED_EDGE('',*,*,#761,.F.);
#761 = EDGE_CURVE('',#496,#754,#762,.T.);
#762 = LINE('',#763,#764);
#763 = CARTESIAN_POINT('',(0.3,0.25,0.315));
#764 = VECTOR('',#765,1.);
#765 = DIRECTION('',(0.,0.,1.));
#766 = PLANE('',#767);
#767 = AXIS2_PLACEMENT_3D('',#768,#769,#770);
#768 = CARTESIAN_POINT('',(-0.3,0.25,0.315));
#769 = DIRECTION('',(0.,1.,0.));
#770 = DIRECTION('',(0.,-0.,1.));
#771 = ADVANCED_FACE('',(#772),#783,.T.);
#772 = FACE_BOUND('',#773,.T.);
#773 = EDGE_LOOP('',(#774,#775,#776,#782));
#774 = ORIENTED_EDGE('',*,*,#543,.T.);
#775 = ORIENTED_EDGE('',*,*,#692,.T.);
#776 = ORIENTED_EDGE('',*,*,#777,.F.);
#777 = EDGE_CURVE('',#559,#683,#778,.T.);
#778 = LINE('',#779,#780);
#779 = CARTESIAN_POINT('',(0.335,-0.25,-2.775557561563E-17));
#780 = VECTOR('',#781,1.);
#781 = DIRECTION('',(0.,1.,0.));
#782 = ORIENTED_EDGE('',*,*,#568,.F.);
#783 = CYLINDRICAL_SURFACE('',#784,3.5E-02);
#784 = AXIS2_PLACEMENT_3D('',#785,#786,#787);
#785 = CARTESIAN_POINT('',(0.335,-0.25,3.5E-02));
#786 = DIRECTION('',(0.,1.,0.));
#787 = DIRECTION('',(-1.,0.,0.));
#788 = ADVANCED_FACE('',(#789),#800,.F.);
#789 = FACE_BOUND('',#790,.F.);
#790 = EDGE_LOOP('',(#791,#792,#793,#794));
#791 = ORIENTED_EDGE('',*,*,#682,.F.);
#792 = ORIENTED_EDGE('',*,*,#777,.F.);
#793 = ORIENTED_EDGE('',*,*,#558,.T.);
#794 = ORIENTED_EDGE('',*,*,#795,.T.);
#795 = EDGE_CURVE('',#561,#685,#796,.T.);
#796 = LINE('',#797,#798);
#797 = CARTESIAN_POINT('',(0.465,-0.25,-2.775557561563E-17));
#798 = VECTOR('',#799,1.);
#799 = DIRECTION('',(0.,1.,0.));
#800 = PLANE('',#801);
#801 = AXIS2_PLACEMENT_3D('',#802,#803,#804);
#802 = CARTESIAN_POINT('',(0.3,-0.25,0.));
#803 = DIRECTION('',(0.,0.,1.));
#804 = DIRECTION('',(1.,0.,-0.));
#805 = ADVANCED_FACE('',(#806),#817,.T.);
#806 = FACE_BOUND('',#807,.T.);
#807 = EDGE_LOOP('',(#808,#809,#810,#811));
#808 = ORIENTED_EDGE('',*,*,#612,.T.);
#809 = ORIENTED_EDGE('',*,*,#795,.T.);
#810 = ORIENTED_EDGE('',*,*,#736,.F.);
#811 = ORIENTED_EDGE('',*,*,#812,.F.);
#812 = EDGE_CURVE('',#605,#729,#813,.T.);
#813 = LINE('',#814,#815);
#814 = CARTESIAN_POINT('',(0.5,-0.25,3.5E-02));
#815 = VECTOR('',#816,1.);
#816 = DIRECTION('',(0.,1.,0.));
#817 = CYLINDRICAL_SURFACE('',#818,3.5E-02);
#818 = AXIS2_PLACEMENT_3D('',#819,#820,#821);
#819 = CARTESIAN_POINT('',(0.465,-0.25,3.5E-02));
#820 = DIRECTION('',(0.,1.,0.));
#821 = DIRECTION('',(1.,0.,0.));
#822 = ADVANCED_FACE('',(#823),#834,.T.);
#823 = FACE_BOUND('',#824,.T.);
#824 = EDGE_LOOP('',(#825,#826,#827,#828));
#825 = ORIENTED_EDGE('',*,*,#604,.F.);
#826 = ORIENTED_EDGE('',*,*,#812,.T.);
#827 = ORIENTED_EDGE('',*,*,#728,.T.);
#828 = ORIENTED_EDGE('',*,*,#829,.F.);
#829 = EDGE_CURVE('',#596,#720,#830,.T.);
#830 = LINE('',#831,#832);
#831 = CARTESIAN_POINT('',(0.5,-0.25,0.315));
#832 = VECTOR('',#833,1.);
#833 = DIRECTION('',(0.,1.,0.));
#834 = PLANE('',#835);
#835 = AXIS2_PLACEMENT_3D('',#836,#837,#838);
#836 = CARTESIAN_POINT('',(0.5,-0.25,0.));
#837 = DIRECTION('',(1.,0.,0.));
#838 = DIRECTION('',(0.,0.,1.));
#839 = ADVANCED_FACE('',(#840),#851,.T.);
#840 = FACE_BOUND('',#841,.T.);
#841 = EDGE_LOOP('',(#842,#843,#844,#850));
#842 = ORIENTED_EDGE('',*,*,#829,.T.);
#843 = ORIENTED_EDGE('',*,*,#719,.T.);
#844 = ORIENTED_EDGE('',*,*,#845,.F.);
#845 = EDGE_CURVE('',#588,#712,#846,.T.);
#846 = LINE('',#847,#848);
#847 = CARTESIAN_POINT('',(0.465,-0.25,0.35));
#848 = VECTOR('',#849,1.);
#849 = DIRECTION('',(0.,1.,0.));
#850 = ORIENTED_EDGE('',*,*,#595,.F.);
#851 = CYLINDRICAL_SURFACE('',#852,3.5E-02);
#852 = AXIS2_PLACEMENT_3D('',#853,#854,#855);
#853 = CARTESIAN_POINT('',(0.465,-0.25,0.315));
#854 = DIRECTION('',(0.,1.,0.));
#855 = DIRECTION('',(1.,0.,0.));
#856 = ADVANCED_FACE('',(#857),#868,.T.);
#857 = FACE_BOUND('',#858,.T.);
#858 = EDGE_LOOP('',(#859,#860,#866,#867));
#859 = ORIENTED_EDGE('',*,*,#711,.F.);
#860 = ORIENTED_EDGE('',*,*,#861,.F.);
#861 = EDGE_CURVE('',#579,#703,#862,.T.);
#862 = LINE('',#863,#864);
#863 = CARTESIAN_POINT('',(0.335,-0.25,0.35));
#864 = VECTOR('',#865,1.);
#865 = DIRECTION('',(0.,1.,0.));
#866 = ORIENTED_EDGE('',*,*,#587,.T.);
#867 = ORIENTED_EDGE('',*,*,#845,.T.);
#868 = PLANE('',#869);
#869 = AXIS2_PLACEMENT_3D('',#870,#871,#872);
#870 = CARTESIAN_POINT('',(0.3,-0.25,0.35));
#871 = DIRECTION('',(0.,0.,1.));
#872 = DIRECTION('',(1.,0.,-0.));
#873 = ADVANCED_FACE('',(#874),#885,.T.);
#874 = FACE_BOUND('',#875,.T.);
#875 = EDGE_LOOP('',(#876,#877,#878,#879));
#876 = ORIENTED_EDGE('',*,*,#578,.T.);
#877 = ORIENTED_EDGE('',*,*,#861,.T.);
#878 = ORIENTED_EDGE('',*,*,#702,.F.);
#879 = ORIENTED_EDGE('',*,*,#880,.F.);
#880 = EDGE_CURVE('',#413,#496,#881,.T.);
#881 = LINE('',#882,#883);
#882 = CARTESIAN_POINT('',(0.3,-0.25,0.315));
#883 = VECTOR('',#884,1.);
#884 = DIRECTION('',(0.,1.,0.));
#885 = CYLINDRICAL_SURFACE('',#886,3.5E-02);
#886 = AXIS2_PLACEMENT_3D('',#887,#888,#889);
#887 = CARTESIAN_POINT('',(0.335,-0.25,0.315));
#888 = DIRECTION('',(0.,1.,0.));
#889 = DIRECTION('',(-1.,0.,0.));
#890 = ADVANCED_FACE('',(#891),#902,.T.);
#891 = FACE_BOUND('',#892,.T.);
#892 = EDGE_LOOP('',(#893,#894,#895,#896));
#893 = ORIENTED_EDGE('',*,*,#644,.F.);
#894 = ORIENTED_EDGE('',*,*,#880,.T.);
#895 = ORIENTED_EDGE('',*,*,#761,.T.);
#896 = ORIENTED_EDGE('',*,*,#897,.F.);
#897 = EDGE_CURVE('',#637,#754,#898,.T.);
#898 = LINE('',#899,#900);
#899 = CARTESIAN_POINT('',(0.3,-0.25,0.35));
#900 = VECTOR('',#901,1.);
#901 = DIRECTION('',(0.,1.,0.));
#902 = PLANE('',#903);
#903 = AXIS2_PLACEMENT_3D('',#904,#905,#906);
#904 = CARTESIAN_POINT('',(0.3,-0.25,0.315));
#905 = DIRECTION('',(1.,0.,0.));
#906 = DIRECTION('',(0.,0.,1.));
#907 = ADVANCED_FACE('',(#908),#914,.T.);
#908 = FACE_BOUND('',#909,.T.);
#909 = EDGE_LOOP('',(#910,#911,#912,#913));
#910 = ORIENTED_EDGE('',*,*,#668,.F.);
#911 = ORIENTED_EDGE('',*,*,#636,.T.);
#912 = ORIENTED_EDGE('',*,*,#897,.T.);
#913 = ORIENTED_EDGE('',*,*,#753,.F.);
#914 = PLANE('',#915);
#915 = AXIS2_PLACEMENT_3D('',#916,#917,#918);
#916 = CARTESIAN_POINT('',(-0.3,-0.25,0.35));
#917 = DIRECTION('',(0.,0.,1.));
#918 = DIRECTION('',(1.,0.,-0.));
#919 = ( GEOMETRIC_REPRESENTATION_CONTEXT(3) 
GLOBAL_UNCERTAINTY_ASSIGNED_CONTEXT((#923)) GLOBAL_UNIT_ASSIGNED_CONTEXT
((#920,#921,#922)) REPRESENTATION_CONTEXT('Context #1',
  '3D Context with UNIT and UNCERTAINTY') );
#920 = ( LENGTH_UNIT() NAMED_UNIT(*) SI_UNIT(.MILLI.,.METRE.) );
#921 = ( NAMED_UNIT(*) PLANE_ANGLE_UNIT() SI_UNIT($,.RADIAN.) );
#922 = ( NAMED_UNIT(*) SI_UNIT($,.STERADIAN.) SOLID_ANGLE_UNIT() );
#923 = UNCERTAINTY_MEASURE_WITH_UNIT(LENGTH_MEASURE(1.E-07),#920,
  'distance_accuracy_value','confusion accuracy');
#924 = CONTEXT_DEPENDENT_SHAPE_REPRESENTATION(#925,#927);
#925 = ( REPRESENTATION_RELATIONSHIP('','',#128,#10) 
REPRESENTATION_RELATIONSHIP_WITH_TRANSFORMATION(#926) 
SHAPE_REPRESENTATION_RELATIONSHIP() );
#926 = ITEM_DEFINED_TRANSFORMATION('','',#11,#15);
#927 = PRODUCT_DEFINITION_SHAPE('Placement','Placement of an item',#928
  );
#928 = NEXT_ASSEMBLY_USAGE_OCCURRENCE('1','R54','',#5,#123,$);
#929 = PRODUCT_RELATED_PRODUCT_CATEGORY('part',$,(#125));
#930 = SHAPE_DEFINITION_REPRESENTATION(#931,#937);
#931 = PRODUCT_DEFINITION_SHAPE('','',#932);
#932 = PRODUCT_DEFINITION('design','',#933,#936);
#933 = PRODUCT_DEFINITION_FORMATION('','',#934);
#934 = PRODUCT('C_0402_1005Metric','C_0402_1005Metric','',(#935));
#935 = PRODUCT_CONTEXT('',#2,'mechanical');
#936 = PRODUCT_DEFINITION_CONTEXT('part definition',#2,'design');
#937 = ADVANCED_BREP_SHAPE_REPRESENTATION('',(#11,#938),#1792);
#938 = MANIFOLD_SOLID_BREP('',#939);
#939 = CLOSED_SHELL('',(#940,#1016,#1047,#1072,#1097,#1121,#1145,#1170,
    #1195,#1212,#1298,#1330,#1354,#1379,#1403,#1428,#1452,#1477,#1494,
    #1580,#1611,#1636,#1661,#1685,#1709,#1734,#1759,#1776));
#940 = ADVANCED_FACE('',(#941),#1011,.F.);
#941 = FACE_BOUND('',#942,.F.);
#942 = EDGE_LOOP('',(#943,#953,#962,#970,#979,#987,#996,#1004));
#943 = ORIENTED_EDGE('',*,*,#944,.F.);
#944 = EDGE_CURVE('',#945,#947,#949,.T.);
#945 = VERTEX_POINT('',#946);
#946 = CARTESIAN_POINT('',(-0.5,-0.25,2.E-02));
#947 = VERTEX_POINT('',#948);
#948 = CARTESIAN_POINT('',(-0.5,-0.25,0.48));
#949 = LINE('',#950,#951);
#950 = CARTESIAN_POINT('',(-0.5,-0.25,0.));
#951 = VECTOR('',#952,1.);
#952 = DIRECTION('',(0.,0.,1.));
#953 = ORIENTED_EDGE('',*,*,#954,.T.);
#954 = EDGE_CURVE('',#945,#955,#957,.T.);
#955 = VERTEX_POINT('',#956);
#956 = CARTESIAN_POINT('',(-0.5,-0.23,0.));
#957 = CIRCLE('',#958,2.E-02);
#958 = AXIS2_PLACEMENT_3D('',#959,#960,#961);
#959 = CARTESIAN_POINT('',(-0.5,-0.23,2.E-02));
#960 = DIRECTION('',(1.,0.,-0.));
#961 = DIRECTION('',(0.,0.,1.));
#962 = ORIENTED_EDGE('',*,*,#963,.T.);
#963 = EDGE_CURVE('',#955,#964,#966,.T.);
#964 = VERTEX_POINT('',#965);
#965 = CARTESIAN_POINT('',(-0.5,0.23,0.));
#966 = LINE('',#967,#968);
#967 = CARTESIAN_POINT('',(-0.5,-0.25,0.));
#968 = VECTOR('',#969,1.);
#969 = DIRECTION('',(0.,1.,0.));
#970 = ORIENTED_EDGE('',*,*,#971,.F.);
#971 = EDGE_CURVE('',#972,#964,#974,.T.);
#972 = VERTEX_POINT('',#973);
#973 = CARTESIAN_POINT('',(-0.5,0.25,2.E-02));
#974 = CIRCLE('',#975,2.E-02);
#975 = AXIS2_PLACEMENT_3D('',#976,#977,#978);
#976 = CARTESIAN_POINT('',(-0.5,0.23,2.E-02));
#977 = DIRECTION('',(-1.,0.,0.));
#978 = DIRECTION('',(0.,0.,1.));
#979 = ORIENTED_EDGE('',*,*,#980,.T.);
#980 = EDGE_CURVE('',#972,#981,#983,.T.);
#981 = VERTEX_POINT('',#982);
#982 = CARTESIAN_POINT('',(-0.5,0.25,0.48));
#983 = LINE('',#984,#985);
#984 = CARTESIAN_POINT('',(-0.5,0.25,0.));
#985 = VECTOR('',#986,1.);
#986 = DIRECTION('',(0.,0.,1.));
#987 = ORIENTED_EDGE('',*,*,#988,.T.);
#988 = EDGE_CURVE('',#981,#989,#991,.T.);
#989 = VERTEX_POINT('',#990);
#990 = CARTESIAN_POINT('',(-0.5,0.23,0.5));
#991 = CIRCLE('',#992,2.E-02);
#992 = AXIS2_PLACEMENT_3D('',#993,#994,#995);
#993 = CARTESIAN_POINT('',(-0.5,0.23,0.48));
#994 = DIRECTION('',(1.,0.,-0.));
#995 = DIRECTION('',(0.,0.,1.));
#996 = ORIENTED_EDGE('',*,*,#997,.F.);
#997 = EDGE_CURVE('',#998,#989,#1000,.T.);
#998 = VERTEX_POINT('',#999);
#999 = CARTESIAN_POINT('',(-0.5,-0.23,0.5));
#1000 = LINE('',#1001,#1002);
#1001 = CARTESIAN_POINT('',(-0.5,-0.25,0.5));
#1002 = VECTOR('',#1003,1.);
#1003 = DIRECTION('',(0.,1.,0.));
#1004 = ORIENTED_EDGE('',*,*,#1005,.F.);
#1005 = EDGE_CURVE('',#947,#998,#1006,.T.);
#1006 = CIRCLE('',#1007,2.E-02);
#1007 = AXIS2_PLACEMENT_3D('',#1008,#1009,#1010);
#1008 = CARTESIAN_POINT('',(-0.5,-0.23,0.48));
#1009 = DIRECTION('',(-1.,0.,0.));
#1010 = DIRECTION('',(0.,0.,1.));
#1011 = PLANE('',#1012);
#1012 = AXIS2_PLACEMENT_3D('',#1013,#1014,#1015);
#1013 = CARTESIAN_POINT('',(-0.5,-0.25,0.));
#1014 = DIRECTION('',(1.,0.,0.));
#1015 = DIRECTION('',(0.,0.,1.));
#1016 = ADVANCED_FACE('',(#1017),#1042,.F.);
#1017 = FACE_BOUND('',#1018,.F.);
#1018 = EDGE_LOOP('',(#1019,#1029,#1035,#1036));
#1019 = ORIENTED_EDGE('',*,*,#1020,.F.);
#1020 = EDGE_CURVE('',#1021,#1023,#1025,.T.);
#1021 = VERTEX_POINT('',#1022);
#1022 = CARTESIAN_POINT('',(-0.3,-0.25,2.E-02));
#1023 = VERTEX_POINT('',#1024);
#1024 = CARTESIAN_POINT('',(-0.3,-0.25,0.48));
#1025 = LINE('',#1026,#1027);
#1026 = CARTESIAN_POINT('',(-0.3,-0.25,0.));
#1027 = VECTOR('',#1028,1.);
#1028 = DIRECTION('',(0.,0.,1.));
#1029 = ORIENTED_EDGE('',*,*,#1030,.F.);
#1030 = EDGE_CURVE('',#945,#1021,#1031,.T.);
#1031 = LINE('',#1032,#1033);
#1032 = CARTESIAN_POINT('',(-0.5,-0.25,2.E-02));
#1033 = VECTOR('',#1034,1.);
#1034 = DIRECTION('',(1.,0.,0.));
#1035 = ORIENTED_EDGE('',*,*,#944,.T.);
#1036 = ORIENTED_EDGE('',*,*,#1037,.T.);
#1037 = EDGE_CURVE('',#947,#1023,#1038,.T.);
#1038 = LINE('',#1039,#1040);
#1039 = CARTESIAN_POINT('',(-0.5,-0.25,0.48));
#1040 = VECTOR('',#1041,1.);
#1041 = DIRECTION('',(1.,0.,0.));
#1042 = PLANE('',#1043);
#1043 = AXIS2_PLACEMENT_3D('',#1044,#1045,#1046);
#1044 = CARTESIAN_POINT('',(-0.5,-0.25,0.));
#1045 = DIRECTION('',(0.,1.,0.));
#1046 = DIRECTION('',(0.,-0.,1.));
#1047 = ADVANCED_FACE('',(#1048),#1067,.T.);
#1048 = FACE_BOUND('',#1049,.T.);
#1049 = EDGE_LOOP('',(#1050,#1051,#1059,#1066));
#1050 = ORIENTED_EDGE('',*,*,#954,.T.);
#1051 = ORIENTED_EDGE('',*,*,#1052,.T.);
#1052 = EDGE_CURVE('',#955,#1053,#1055,.T.);
#1053 = VERTEX_POINT('',#1054);
#1054 = CARTESIAN_POINT('',(-0.3,-0.23,0.));
#1055 = LINE('',#1056,#1057);
#1056 = CARTESIAN_POINT('',(-0.5,-0.23,0.));
#1057 = VECTOR('',#1058,1.);
#1058 = DIRECTION('',(1.,0.,0.));
#1059 = ORIENTED_EDGE('',*,*,#1060,.F.);
#1060 = EDGE_CURVE('',#1021,#1053,#1061,.T.);
#1061 = CIRCLE('',#1062,2.E-02);
#1062 = AXIS2_PLACEMENT_3D('',#1063,#1064,#1065);
#1063 = CARTESIAN_POINT('',(-0.3,-0.23,2.E-02));
#1064 = DIRECTION('',(1.,0.,-0.));
#1065 = DIRECTION('',(0.,0.,1.));
#1066 = ORIENTED_EDGE('',*,*,#1030,.F.);
#1067 = CYLINDRICAL_SURFACE('',#1068,2.E-02);
#1068 = AXIS2_PLACEMENT_3D('',#1069,#1070,#1071);
#1069 = CARTESIAN_POINT('',(-0.5,-0.23,2.E-02));
#1070 = DIRECTION('',(1.,0.,0.));
#1071 = DIRECTION('',(0.,-1.,0.));
#1072 = ADVANCED_FACE('',(#1073),#1092,.T.);
#1073 = FACE_BOUND('',#1074,.T.);
#1074 = EDGE_LOOP('',(#1075,#1076,#1085,#1091));
#1075 = ORIENTED_EDGE('',*,*,#1037,.T.);
#1076 = ORIENTED_EDGE('',*,*,#1077,.T.);
#1077 = EDGE_CURVE('',#1023,#1078,#1080,.T.);
#1078 = VERTEX_POINT('',#1079);
#1079 = CARTESIAN_POINT('',(-0.3,-0.23,0.5));
#1080 = CIRCLE('',#1081,2.E-02);
#1081 = AXIS2_PLACEMENT_3D('',#1082,#1083,#1084);
#1082 = CARTESIAN_POINT('',(-0.3,-0.23,0.48));
#1083 = DIRECTION('',(-1.,0.,0.));
#1084 = DIRECTION('',(0.,0.,1.));
#1085 = ORIENTED_EDGE('',*,*,#1086,.F.);
#1086 = EDGE_CURVE('',#998,#1078,#1087,.T.);
#1087 = LINE('',#1088,#1089);
#1088 = CARTESIAN_POINT('',(-0.5,-0.23,0.5));
#1089 = VECTOR('',#1090,1.);
#1090 = DIRECTION('',(1.,0.,0.));
#1091 = ORIENTED_EDGE('',*,*,#1005,.F.);
#1092 = CYLINDRICAL_SURFACE('',#1093,2.E-02);
#1093 = AXIS2_PLACEMENT_3D('',#1094,#1095,#1096);
#1094 = CARTESIAN_POINT('',(-0.5,-0.23,0.48));
#1095 = DIRECTION('',(1.,0.,0.));
#1096 = DIRECTION('',(0.,-1.,0.));
#1097 = ADVANCED_FACE('',(#1098),#1116,.F.);
#1098 = FACE_BOUND('',#1099,.F.);
#1099 = EDGE_LOOP('',(#1100,#1101,#1102,#1110));
#1100 = ORIENTED_EDGE('',*,*,#963,.F.);
#1101 = ORIENTED_EDGE('',*,*,#1052,.T.);
#1102 = ORIENTED_EDGE('',*,*,#1103,.T.);
#1103 = EDGE_CURVE('',#1053,#1104,#1106,.T.);
#1104 = VERTEX_POINT('',#1105);
#1105 = CARTESIAN_POINT('',(-0.3,0.23,0.));
#1106 = LINE('',#1107,#1108);
#1107 = CARTESIAN_POINT('',(-0.3,-0.25,0.));
#1108 = VECTOR('',#1109,1.);
#1109 = DIRECTION('',(0.,1.,0.));
#1110 = ORIENTED_EDGE('',*,*,#1111,.F.);
#1111 = EDGE_CURVE('',#964,#1104,#1112,.T.);
#1112 = LINE('',#1113,#1114);
#1113 = CARTESIAN_POINT('',(-0.5,0.23,0.));
#1114 = VECTOR('',#1115,1.);
#1115 = DIRECTION('',(1.,0.,0.));
#1116 = PLANE('',#1117);
#1117 = AXIS2_PLACEMENT_3D('',#1118,#1119,#1120);
#1118 = CARTESIAN_POINT('',(-0.5,-0.25,0.));
#1119 = DIRECTION('',(0.,0.,1.));
#1120 = DIRECTION('',(1.,0.,-0.));
#1121 = ADVANCED_FACE('',(#1122),#1140,.T.);
#1122 = FACE_BOUND('',#1123,.T.);
#1123 = EDGE_LOOP('',(#1124,#1125,#1126,#1134));
#1124 = ORIENTED_EDGE('',*,*,#997,.F.);
#1125 = ORIENTED_EDGE('',*,*,#1086,.T.);
#1126 = ORIENTED_EDGE('',*,*,#1127,.T.);
#1127 = EDGE_CURVE('',#1078,#1128,#1130,.T.);
#1128 = VERTEX_POINT('',#1129);
#1129 = CARTESIAN_POINT('',(-0.3,0.23,0.5));
#1130 = LINE('',#1131,#1132);
#1131 = CARTESIAN_POINT('',(-0.3,-0.25,0.5));
#1132 = VECTOR('',#1133,1.);
#1133 = DIRECTION('',(0.,1.,0.));
#1134 = ORIENTED_EDGE('',*,*,#1135,.F.);
#1135 = EDGE_CURVE('',#989,#1128,#1136,.T.);
#1136 = LINE('',#1137,#1138);
#1137 = CARTESIAN_POINT('',(-0.5,0.23,0.5));
#1138 = VECTOR('',#1139,1.);
#1139 = DIRECTION('',(1.,0.,0.));
#1140 = PLANE('',#1141);
#1141 = AXIS2_PLACEMENT_3D('',#1142,#1143,#1144);
#1142 = CARTESIAN_POINT('',(-0.5,-0.25,0.5));
#1143 = DIRECTION('',(0.,0.,1.));
#1144 = DIRECTION('',(1.,0.,-0.));
#1145 = ADVANCED_FACE('',(#1146),#1165,.T.);
#1146 = FACE_BOUND('',#1147,.T.);
#1147 = EDGE_LOOP('',(#1148,#1156,#1163,#1164));
#1148 = ORIENTED_EDGE('',*,*,#1149,.T.);
#1149 = EDGE_CURVE('',#972,#1150,#1152,.T.);
#1150 = VERTEX_POINT('',#1151);
#1151 = CARTESIAN_POINT('',(-0.3,0.25,2.E-02));
#1152 = LINE('',#1153,#1154);
#1153 = CARTESIAN_POINT('',(-0.5,0.25,2.E-02));
#1154 = VECTOR('',#1155,1.);
#1155 = DIRECTION('',(1.,0.,0.));
#1156 = ORIENTED_EDGE('',*,*,#1157,.T.);
#1157 = EDGE_CURVE('',#1150,#1104,#1158,.T.);
#1158 = CIRCLE('',#1159,2.E-02);
#1159 = AXIS2_PLACEMENT_3D('',#1160,#1161,#1162);
#1160 = CARTESIAN_POINT('',(-0.3,0.23,2.E-02));
#1161 = DIRECTION('',(-1.,0.,0.));
#1162 = DIRECTION('',(0.,0.,1.));
#1163 = ORIENTED_EDGE('',*,*,#1111,.F.);
#1164 = ORIENTED_EDGE('',*,*,#971,.F.);
#1165 = CYLINDRICAL_SURFACE('',#1166,2.E-02);
#1166 = AXIS2_PLACEMENT_3D('',#1167,#1168,#1169);
#1167 = CARTESIAN_POINT('',(-0.5,0.23,2.E-02));
#1168 = DIRECTION('',(1.,0.,0.));
#1169 = DIRECTION('',(-0.,1.,0.));
#1170 = ADVANCED_FACE('',(#1171),#1190,.T.);
#1171 = FACE_BOUND('',#1172,.T.);
#1172 = EDGE_LOOP('',(#1173,#1174,#1175,#1184));
#1173 = ORIENTED_EDGE('',*,*,#988,.T.);
#1174 = ORIENTED_EDGE('',*,*,#1135,.T.);
#1175 = ORIENTED_EDGE('',*,*,#1176,.F.);
#1176 = EDGE_CURVE('',#1177,#1128,#1179,.T.);
#1177 = VERTEX_POINT('',#1178);
#1178 = CARTESIAN_POINT('',(-0.3,0.25,0.48));
#1179 = CIRCLE('',#1180,2.E-02);
#1180 = AXIS2_PLACEMENT_3D('',#1181,#1182,#1183);
#1181 = CARTESIAN_POINT('',(-0.3,0.23,0.48));
#1182 = DIRECTION('',(1.,0.,-0.));
#1183 = DIRECTION('',(0.,0.,1.));
#1184 = ORIENTED_EDGE('',*,*,#1185,.F.);
#1185 = EDGE_CURVE('',#981,#1177,#1186,.T.);
#1186 = LINE('',#1187,#1188);
#1187 = CARTESIAN_POINT('',(-0.5,0.25,0.48));
#1188 = VECTOR('',#1189,1.);
#1189 = DIRECTION('',(1.,0.,0.));
#1190 = CYLINDRICAL_SURFACE('',#1191,2.E-02);
#1191 = AXIS2_PLACEMENT_3D('',#1192,#1193,#1194);
#1192 = CARTESIAN_POINT('',(-0.5,0.23,0.48));
#1193 = DIRECTION('',(1.,0.,0.));
#1194 = DIRECTION('',(-0.,1.,0.));
#1195 = ADVANCED_FACE('',(#1196),#1207,.T.);
#1196 = FACE_BOUND('',#1197,.T.);
#1197 = EDGE_LOOP('',(#1198,#1204,#1205,#1206));
#1198 = ORIENTED_EDGE('',*,*,#1199,.F.);
#1199 = EDGE_CURVE('',#1150,#1177,#1200,.T.);
#1200 = LINE('',#1201,#1202);
#1201 = CARTESIAN_POINT('',(-0.3,0.25,0.));
#1202 = VECTOR('',#1203,1.);
#1203 = DIRECTION('',(0.,0.,1.));
#1204 = ORIENTED_EDGE('',*,*,#1149,.F.);
#1205 = ORIENTED_EDGE('',*,*,#980,.T.);
#1206 = ORIENTED_EDGE('',*,*,#1185,.T.);
#1207 = PLANE('',#1208);
#1208 = AXIS2_PLACEMENT_3D('',#1209,#1210,#1211);
#1209 = CARTESIAN_POINT('',(-0.5,0.25,0.));
#1210 = DIRECTION('',(0.,1.,0.));
#1211 = DIRECTION('',(0.,-0.,1.));
#1212 = ADVANCED_FACE('',(#1213,#1223),#1293,.T.);
#1213 = FACE_BOUND('',#1214,.T.);
#1214 = EDGE_LOOP('',(#1215,#1216,#1217,#1218,#1219,#1220,#1221,#1222));
#1215 = ORIENTED_EDGE('',*,*,#1020,.F.);
#1216 = ORIENTED_EDGE('',*,*,#1060,.T.);
#1217 = ORIENTED_EDGE('',*,*,#1103,.T.);
#1218 = ORIENTED_EDGE('',*,*,#1157,.F.);
#1219 = ORIENTED_EDGE('',*,*,#1199,.T.);
#1220 = ORIENTED_EDGE('',*,*,#1176,.T.);
#1221 = ORIENTED_EDGE('',*,*,#1127,.F.);
#1222 = ORIENTED_EDGE('',*,*,#1077,.F.);
#1223 = FACE_BOUND('',#1224,.T.);
#1224 = EDGE_LOOP('',(#1225,#1236,#1244,#1253,#1261,#1270,#1278,#1287));
#1225 = ORIENTED_EDGE('',*,*,#1226,.F.);
#1226 = EDGE_CURVE('',#1227,#1229,#1231,.T.);
#1227 = VERTEX_POINT('',#1228);
#1228 = CARTESIAN_POINT('',(-0.3,-0.23,4.E-02));
#1229 = VERTEX_POINT('',#1230);
#1230 = CARTESIAN_POINT('',(-0.3,-0.21,2.E-02));
#1231 = CIRCLE('',#1232,2.E-02);
#1232 = AXIS2_PLACEMENT_3D('',#1233,#1234,#1235);
#1233 = CARTESIAN_POINT('',(-0.3,-0.21,4.E-02));
#1234 = DIRECTION('',(1.,0.,-0.));
#1235 = DIRECTION('',(0.,0.,1.));
#1236 = ORIENTED_EDGE('',*,*,#1237,.T.);
#1237 = EDGE_CURVE('',#1227,#1238,#1240,.T.);
#1238 = VERTEX_POINT('',#1239);
#1239 = CARTESIAN_POINT('',(-0.3,-0.23,0.46));
#1240 = LINE('',#1241,#1242);
#1241 = CARTESIAN_POINT('',(-0.3,-0.23,2.E-02));
#1242 = VECTOR('',#1243,1.);
#1243 = DIRECTION('',(0.,0.,1.));
#1244 = ORIENTED_EDGE('',*,*,#1245,.T.);
#1245 = EDGE_CURVE('',#1238,#1246,#1248,.T.);
#1246 = VERTEX_POINT('',#1247);
#1247 = CARTESIAN_POINT('',(-0.3,-0.21,0.48));
#1248 = CIRCLE('',#1249,2.E-02);
#1249 = AXIS2_PLACEMENT_3D('',#1250,#1251,#1252);
#1250 = CARTESIAN_POINT('',(-0.3,-0.21,0.46));
#1251 = DIRECTION('',(-1.,0.,0.));
#1252 = DIRECTION('',(0.,0.,1.));
#1253 = ORIENTED_EDGE('',*,*,#1254,.T.);
#1254 = EDGE_CURVE('',#1246,#1255,#1257,.T.);
#1255 = VERTEX_POINT('',#1256);
#1256 = CARTESIAN_POINT('',(-0.3,0.21,0.48));
#1257 = LINE('',#1258,#1259);
#1258 = CARTESIAN_POINT('',(-0.3,-0.23,0.48));
#1259 = VECTOR('',#1260,1.);
#1260 = DIRECTION('',(0.,1.,0.));
#1261 = ORIENTED_EDGE('',*,*,#1262,.F.);
#1262 = EDGE_CURVE('',#1263,#1255,#1265,.T.);
#1263 = VERTEX_POINT('',#1264);
#1264 = CARTESIAN_POINT('',(-0.3,0.23,0.46));
#1265 = CIRCLE('',#1266,2.E-02);
#1266 = AXIS2_PLACEMENT_3D('',#1267,#1268,#1269);
#1267 = CARTESIAN_POINT('',(-0.3,0.21,0.46));
#1268 = DIRECTION('',(1.,0.,-0.));
#1269 = DIRECTION('',(0.,0.,1.));
#1270 = ORIENTED_EDGE('',*,*,#1271,.F.);
#1271 = EDGE_CURVE('',#1272,#1263,#1274,.T.);
#1272 = VERTEX_POINT('',#1273);
#1273 = CARTESIAN_POINT('',(-0.3,0.23,4.E-02));
#1274 = LINE('',#1275,#1276);
#1275 = CARTESIAN_POINT('',(-0.3,0.23,2.E-02));
#1276 = VECTOR('',#1277,1.);
#1277 = DIRECTION('',(0.,0.,1.));
#1278 = ORIENTED_EDGE('',*,*,#1279,.T.);
#1279 = EDGE_CURVE('',#1272,#1280,#1282,.T.);
#1280 = VERTEX_POINT('',#1281);
#1281 = CARTESIAN_POINT('',(-0.3,0.21,2.E-02));
#1282 = CIRCLE('',#1283,2.E-02);
#1283 = AXIS2_PLACEMENT_3D('',#1284,#1285,#1286);
#1284 = CARTESIAN_POINT('',(-0.3,0.21,4.E-02));
#1285 = DIRECTION('',(-1.,0.,0.));
#1286 = DIRECTION('',(0.,0.,1.));
#1287 = ORIENTED_EDGE('',*,*,#1288,.F.);
#1288 = EDGE_CURVE('',#1229,#1280,#1289,.T.);
#1289 = LINE('',#1290,#1291);
#1290 = CARTESIAN_POINT('',(-0.3,-0.23,2.E-02));
#1291 = VECTOR('',#1292,1.);
#1292 = DIRECTION('',(0.,1.,0.));
#1293 = PLANE('',#1294);
#1294 = AXIS2_PLACEMENT_3D('',#1295,#1296,#1297);
#1295 = CARTESIAN_POINT('',(-0.3,-0.25,0.));
#1296 = DIRECTION('',(1.,0.,0.));
#1297 = DIRECTION('',(0.,0.,1.));
#1298 = ADVANCED_FACE('',(#1299),#1325,.T.);
#1299 = FACE_BOUND('',#1300,.T.);
#1300 = EDGE_LOOP('',(#1301,#1302,#1310,#1319));
#1301 = ORIENTED_EDGE('',*,*,#1226,.T.);
#1302 = ORIENTED_EDGE('',*,*,#1303,.T.);
#1303 = EDGE_CURVE('',#1229,#1304,#1306,.T.);
#1304 = VERTEX_POINT('',#1305);
#1305 = CARTESIAN_POINT('',(0.3,-0.21,2.E-02));
#1306 = LINE('',#1307,#1308);
#1307 = CARTESIAN_POINT('',(-0.3,-0.21,2.E-02));
#1308 = VECTOR('',#1309,1.);
#1309 = DIRECTION('',(1.,0.,0.));
#1310 = ORIENTED_EDGE('',*,*,#1311,.F.);
#1311 = EDGE_CURVE('',#1312,#1304,#1314,.T.);
#1312 = VERTEX_POINT('',#1313);
#1313 = CARTESIAN_POINT('',(0.3,-0.23,4.E-02));
#1314 = CIRCLE('',#1315,2.E-02);
#1315 = AXIS2_PLACEMENT_3D('',#1316,#1317,#1318);
#1316 = CARTESIAN_POINT('',(0.3,-0.21,4.E-02));
#1317 = DIRECTION('',(1.,0.,-0.));
#1318 = DIRECTION('',(0.,0.,1.));
#1319 = ORIENTED_EDGE('',*,*,#1320,.F.);
#1320 = EDGE_CURVE('',#1227,#1312,#1321,.T.);
#1321 = LINE('',#1322,#1323);
#1322 = CARTESIAN_POINT('',(-0.3,-0.23,4.E-02));
#1323 = VECTOR('',#1324,1.);
#1324 = DIRECTION('',(1.,0.,0.));
#1325 = CYLINDRICAL_SURFACE('',#1326,2.E-02);
#1326 = AXIS2_PLACEMENT_3D('',#1327,#1328,#1329);
#1327 = CARTESIAN_POINT('',(-0.3,-0.21,4.E-02));
#1328 = DIRECTION('',(1.,0.,0.));
#1329 = DIRECTION('',(0.,-1.,0.));
#1330 = ADVANCED_FACE('',(#1331),#1349,.F.);
#1331 = FACE_BOUND('',#1332,.F.);
#1332 = EDGE_LOOP('',(#1333,#1334,#1335,#1343));
#1333 = ORIENTED_EDGE('',*,*,#1288,.F.);
#1334 = ORIENTED_EDGE('',*,*,#1303,.T.);
#1335 = ORIENTED_EDGE('',*,*,#1336,.T.);
#1336 = EDGE_CURVE('',#1304,#1337,#1339,.T.);
#1337 = VERTEX_POINT('',#1338);
#1338 = CARTESIAN_POINT('',(0.3,0.21,2.E-02));
#1339 = LINE('',#1340,#1341);
#1340 = CARTESIAN_POINT('',(0.3,-0.23,2.E-02));
#1341 = VECTOR('',#1342,1.);
#1342 = DIRECTION('',(0.,1.,0.));
#1343 = ORIENTED_EDGE('',*,*,#1344,.F.);
#1344 = EDGE_CURVE('',#1280,#1337,#1345,.T.);
#1345 = LINE('',#1346,#1347);
#1346 = CARTESIAN_POINT('',(-0.3,0.21,2.E-02));
#1347 = VECTOR('',#1348,1.);
#1348 = DIRECTION('',(1.,0.,0.));
#1349 = PLANE('',#1350);
#1350 = AXIS2_PLACEMENT_3D('',#1351,#1352,#1353);
#1351 = CARTESIAN_POINT('',(-0.3,-0.23,2.E-02));
#1352 = DIRECTION('',(0.,0.,1.));
#1353 = DIRECTION('',(1.,0.,-0.));
#1354 = ADVANCED_FACE('',(#1355),#1374,.T.);
#1355 = FACE_BOUND('',#1356,.T.);
#1356 = EDGE_LOOP('',(#1357,#1365,#1372,#1373));
#1357 = ORIENTED_EDGE('',*,*,#1358,.T.);
#1358 = EDGE_CURVE('',#1272,#1359,#1361,.T.);
#1359 = VERTEX_POINT('',#1360);
#1360 = CARTESIAN_POINT('',(0.3,0.23,4.E-02));
#1361 = LINE('',#1362,#1363);
#1362 = CARTESIAN_POINT('',(-0.3,0.23,4.E-02));
#1363 = VECTOR('',#1364,1.);
#1364 = DIRECTION('',(1.,0.,0.));
#1365 = ORIENTED_EDGE('',*,*,#1366,.T.);
#1366 = EDGE_CURVE('',#1359,#1337,#1367,.T.);
#1367 = CIRCLE('',#1368,2.E-02);
#1368 = AXIS2_PLACEMENT_3D('',#1369,#1370,#1371);
#1369 = CARTESIAN_POINT('',(0.3,0.21,4.E-02));
#1370 = DIRECTION('',(-1.,0.,0.));
#1371 = DIRECTION('',(0.,0.,1.));
#1372 = ORIENTED_EDGE('',*,*,#1344,.F.);
#1373 = ORIENTED_EDGE('',*,*,#1279,.F.);
#1374 = CYLINDRICAL_SURFACE('',#1375,2.E-02);
#1375 = AXIS2_PLACEMENT_3D('',#1376,#1377,#1378);
#1376 = CARTESIAN_POINT('',(-0.3,0.21,4.E-02));
#1377 = DIRECTION('',(1.,0.,0.));
#1378 = DIRECTION('',(-0.,1.,0.));
#1379 = ADVANCED_FACE('',(#1380),#1398,.T.);
#1380 = FACE_BOUND('',#1381,.T.);
#1381 = EDGE_LOOP('',(#1382,#1390,#1391,#1392));
#1382 = ORIENTED_EDGE('',*,*,#1383,.F.);
#1383 = EDGE_CURVE('',#1359,#1384,#1386,.T.);
#1384 = VERTEX_POINT('',#1385);
#1385 = CARTESIAN_POINT('',(0.3,0.23,0.46));
#1386 = LINE('',#1387,#1388);
#1387 = CARTESIAN_POINT('',(0.3,0.23,2.E-02));
#1388 = VECTOR('',#1389,1.);
#1389 = DIRECTION('',(0.,0.,1.));
#1390 = ORIENTED_EDGE('',*,*,#1358,.F.);
#1391 = ORIENTED_EDGE('',*,*,#1271,.T.);
#1392 = ORIENTED_EDGE('',*,*,#1393,.T.);
#1393 = EDGE_CURVE('',#1263,#1384,#1394,.T.);
#1394 = LINE('',#1395,#1396);
#1395 = CARTESIAN_POINT('',(-0.3,0.23,0.46));
#1396 = VECTOR('',#1397,1.);
#1397 = DIRECTION('',(1.,0.,0.));
#1398 = PLANE('',#1399);
#1399 = AXIS2_PLACEMENT_3D('',#1400,#1401,#1402);
#1400 = CARTESIAN_POINT('',(-0.3,0.23,2.E-02));
#1401 = DIRECTION('',(0.,1.,0.));
#1402 = DIRECTION('',(0.,-0.,1.));
#1403 = ADVANCED_FACE('',(#1404),#1423,.T.);
#1404 = FACE_BOUND('',#1405,.T.);
#1405 = EDGE_LOOP('',(#1406,#1407,#1415,#1422));
#1406 = ORIENTED_EDGE('',*,*,#1262,.T.);
#1407 = ORIENTED_EDGE('',*,*,#1408,.T.);
#1408 = EDGE_CURVE('',#1255,#1409,#1411,.T.);
#1409 = VERTEX_POINT('',#1410);
#1410 = CARTESIAN_POINT('',(0.3,0.21,0.48));
#1411 = LINE('',#1412,#1413);
#1412 = CARTESIAN_POINT('',(-0.3,0.21,0.48));
#1413 = VECTOR('',#1414,1.);
#1414 = DIRECTION('',(1.,0.,0.));
#1415 = ORIENTED_EDGE('',*,*,#1416,.F.);
#1416 = EDGE_CURVE('',#1384,#1409,#1417,.T.);
#1417 = CIRCLE('',#1418,2.E-02);
#1418 = AXIS2_PLACEMENT_3D('',#1419,#1420,#1421);
#1419 = CARTESIAN_POINT('',(0.3,0.21,0.46));
#1420 = DIRECTION('',(1.,0.,-0.));
#1421 = DIRECTION('',(0.,0.,1.));
#1422 = ORIENTED_EDGE('',*,*,#1393,.F.);
#1423 = CYLINDRICAL_SURFACE('',#1424,2.E-02);
#1424 = AXIS2_PLACEMENT_3D('',#1425,#1426,#1427);
#1425 = CARTESIAN_POINT('',(-0.3,0.21,0.46));
#1426 = DIRECTION('',(1.,0.,0.));
#1427 = DIRECTION('',(-0.,1.,0.));
#1428 = ADVANCED_FACE('',(#1429),#1447,.T.);
#1429 = FACE_BOUND('',#1430,.T.);
#1430 = EDGE_LOOP('',(#1431,#1432,#1440,#1446));
#1431 = ORIENTED_EDGE('',*,*,#1254,.F.);
#1432 = ORIENTED_EDGE('',*,*,#1433,.T.);
#1433 = EDGE_CURVE('',#1246,#1434,#1436,.T.);
#1434 = VERTEX_POINT('',#1435);
#1435 = CARTESIAN_POINT('',(0.3,-0.21,0.48));
#1436 = LINE('',#1437,#1438);
#1437 = CARTESIAN_POINT('',(-0.3,-0.21,0.48));
#1438 = VECTOR('',#1439,1.);
#1439 = DIRECTION('',(1.,0.,0.));
#1440 = ORIENTED_EDGE('',*,*,#1441,.T.);
#1441 = EDGE_CURVE('',#1434,#1409,#1442,.T.);
#1442 = LINE('',#1443,#1444);
#1443 = CARTESIAN_POINT('',(0.3,-0.23,0.48));
#1444 = VECTOR('',#1445,1.);
#1445 = DIRECTION('',(0.,1.,0.));
#1446 = ORIENTED_EDGE('',*,*,#1408,.F.);
#1447 = PLANE('',#1448);
#1448 = AXIS2_PLACEMENT_3D('',#1449,#1450,#1451);
#1449 = CARTESIAN_POINT('',(-0.3,-0.23,0.48));
#1450 = DIRECTION('',(0.,0.,1.));
#1451 = DIRECTION('',(1.,0.,-0.));
#1452 = ADVANCED_FACE('',(#1453),#1472,.T.);
#1453 = FACE_BOUND('',#1454,.T.);
#1454 = EDGE_LOOP('',(#1455,#1463,#1470,#1471));
#1455 = ORIENTED_EDGE('',*,*,#1456,.T.);
#1456 = EDGE_CURVE('',#1238,#1457,#1459,.T.);
#1457 = VERTEX_POINT('',#1458);
#1458 = CARTESIAN_POINT('',(0.3,-0.23,0.46));
#1459 = LINE('',#1460,#1461);
#1460 = CARTESIAN_POINT('',(-0.3,-0.23,0.46));
#1461 = VECTOR('',#1462,1.);
#1462 = DIRECTION('',(1.,0.,0.));
#1463 = ORIENTED_EDGE('',*,*,#1464,.T.);
#1464 = EDGE_CURVE('',#1457,#1434,#1465,.T.);
#1465 = CIRCLE('',#1466,2.E-02);
#1466 = AXIS2_PLACEMENT_3D('',#1467,#1468,#1469);
#1467 = CARTESIAN_POINT('',(0.3,-0.21,0.46));
#1468 = DIRECTION('',(-1.,0.,0.));
#1469 = DIRECTION('',(0.,0.,1.));
#1470 = ORIENTED_EDGE('',*,*,#1433,.F.);
#1471 = ORIENTED_EDGE('',*,*,#1245,.F.);
#1472 = CYLINDRICAL_SURFACE('',#1473,2.E-02);
#1473 = AXIS2_PLACEMENT_3D('',#1474,#1475,#1476);
#1474 = CARTESIAN_POINT('',(-0.3,-0.21,0.46));
#1475 = DIRECTION('',(1.,0.,0.));
#1476 = DIRECTION('',(0.,-1.,0.));
#1477 = ADVANCED_FACE('',(#1478),#1489,.F.);
#1478 = FACE_BOUND('',#1479,.F.);
#1479 = EDGE_LOOP('',(#1480,#1486,#1487,#1488));
#1480 = ORIENTED_EDGE('',*,*,#1481,.F.);
#1481 = EDGE_CURVE('',#1312,#1457,#1482,.T.);
#1482 = LINE('',#1483,#1484);
#1483 = CARTESIAN_POINT('',(0.3,-0.23,2.E-02));
#1484 = VECTOR('',#1485,1.);
#1485 = DIRECTION('',(0.,0.,1.));
#1486 = ORIENTED_EDGE('',*,*,#1320,.F.);
#1487 = ORIENTED_EDGE('',*,*,#1237,.T.);
#1488 = ORIENTED_EDGE('',*,*,#1456,.T.);
#1489 = PLANE('',#1490);
#1490 = AXIS2_PLACEMENT_3D('',#1491,#1492,#1493);
#1491 = CARTESIAN_POINT('',(-0.3,-0.23,2.E-02));
#1492 = DIRECTION('',(0.,1.,0.));
#1493 = DIRECTION('',(0.,-0.,1.));
#1494 = ADVANCED_FACE('',(#1495,#1565),#1575,.F.);
#1495 = FACE_BOUND('',#1496,.F.);
#1496 = EDGE_LOOP('',(#1497,#1507,#1516,#1524,#1533,#1541,#1550,#1558));
#1497 = ORIENTED_EDGE('',*,*,#1498,.F.);
#1498 = EDGE_CURVE('',#1499,#1501,#1503,.T.);
#1499 = VERTEX_POINT('',#1500);
#1500 = CARTESIAN_POINT('',(0.3,-0.25,2.E-02));
#1501 = VERTEX_POINT('',#1502);
#1502 = CARTESIAN_POINT('',(0.3,-0.25,0.48));
#1503 = LINE('',#1504,#1505);
#1504 = CARTESIAN_POINT('',(0.3,-0.25,0.));
#1505 = VECTOR('',#1506,1.);
#1506 = DIRECTION('',(0.,0.,1.));
#1507 = ORIENTED_EDGE('',*,*,#1508,.T.);
#1508 = EDGE_CURVE('',#1499,#1509,#1511,.T.);
#1509 = VERTEX_POINT('',#1510);
#1510 = CARTESIAN_POINT('',(0.3,-0.23,0.));
#1511 = CIRCLE('',#1512,2.E-02);
#1512 = AXIS2_PLACEMENT_3D('',#1513,#1514,#1515);
#1513 = CARTESIAN_POINT('',(0.3,-0.23,2.E-02));
#1514 = DIRECTION('',(1.,0.,-0.));
#1515 = DIRECTION('',(0.,0.,1.));
#1516 = ORIENTED_EDGE('',*,*,#1517,.T.);
#1517 = EDGE_CURVE('',#1509,#1518,#1520,.T.);
#1518 = VERTEX_POINT('',#1519);
#1519 = CARTESIAN_POINT('',(0.3,0.23,0.));
#1520 = LINE('',#1521,#1522);
#1521 = CARTESIAN_POINT('',(0.3,-0.25,0.));
#1522 = VECTOR('',#1523,1.);
#1523 = DIRECTION('',(0.,1.,0.));
#1524 = ORIENTED_EDGE('',*,*,#1525,.F.);
#1525 = EDGE_CURVE('',#1526,#1518,#1528,.T.);
#1526 = VERTEX_POINT('',#1527);
#1527 = CARTESIAN_POINT('',(0.3,0.25,2.E-02));
#1528 = CIRCLE('',#1529,2.E-02);
#1529 = AXIS2_PLACEMENT_3D('',#1530,#1531,#1532);
#1530 = CARTESIAN_POINT('',(0.3,0.23,2.E-02));
#1531 = DIRECTION('',(-1.,0.,0.));
#1532 = DIRECTION('',(0.,0.,1.));
#1533 = ORIENTED_EDGE('',*,*,#1534,.T.);
#1534 = EDGE_CURVE('',#1526,#1535,#1537,.T.);
#1535 = VERTEX_POINT('',#1536);
#1536 = CARTESIAN_POINT('',(0.3,0.25,0.48));
#1537 = LINE('',#1538,#1539);
#1538 = CARTESIAN_POINT('',(0.3,0.25,0.));
#1539 = VECTOR('',#1540,1.);
#1540 = DIRECTION('',(0.,0.,1.));
#1541 = ORIENTED_EDGE('',*,*,#1542,.T.);
#1542 = EDGE_CURVE('',#1535,#1543,#1545,.T.);
#1543 = VERTEX_POINT('',#1544);
#1544 = CARTESIAN_POINT('',(0.3,0.23,0.5));
#1545 = CIRCLE('',#1546,2.E-02);
#1546 = AXIS2_PLACEMENT_3D('',#1547,#1548,#1549);
#1547 = CARTESIAN_POINT('',(0.3,0.23,0.48));
#1548 = DIRECTION('',(1.,0.,-0.));
#1549 = DIRECTION('',(0.,0.,1.));
#1550 = ORIENTED_EDGE('',*,*,#1551,.F.);
#1551 = EDGE_CURVE('',#1552,#1543,#1554,.T.);
#1552 = VERTEX_POINT('',#1553);
#1553 = CARTESIAN_POINT('',(0.3,-0.23,0.5));
#1554 = LINE('',#1555,#1556);
#1555 = CARTESIAN_POINT('',(0.3,-0.25,0.5));
#1556 = VECTOR('',#1557,1.);
#1557 = DIRECTION('',(0.,1.,0.));
#1558 = ORIENTED_EDGE('',*,*,#1559,.F.);
#1559 = EDGE_CURVE('',#1501,#1552,#1560,.T.);
#1560 = CIRCLE('',#1561,2.E-02);
#1561 = AXIS2_PLACEMENT_3D('',#1562,#1563,#1564);
#1562 = CARTESIAN_POINT('',(0.3,-0.23,0.48));
#1563 = DIRECTION('',(-1.,0.,0.));
#1564 = DIRECTION('',(0.,0.,1.));
#1565 = FACE_BOUND('',#1566,.F.);
#1566 = EDGE_LOOP('',(#1567,#1568,#1569,#1570,#1571,#1572,#1573,#1574));
#1567 = ORIENTED_EDGE('',*,*,#1311,.F.);
#1568 = ORIENTED_EDGE('',*,*,#1481,.T.);
#1569 = ORIENTED_EDGE('',*,*,#1464,.T.);
#1570 = ORIENTED_EDGE('',*,*,#1441,.T.);
#1571 = ORIENTED_EDGE('',*,*,#1416,.F.);
#1572 = ORIENTED_EDGE('',*,*,#1383,.F.);
#1573 = ORIENTED_EDGE('',*,*,#1366,.T.);
#1574 = ORIENTED_EDGE('',*,*,#1336,.F.);
#1575 = PLANE('',#1576);
#1576 = AXIS2_PLACEMENT_3D('',#1577,#1578,#1579);
#1577 = CARTESIAN_POINT('',(0.3,-0.25,0.));
#1578 = DIRECTION('',(1.,0.,0.));
#1579 = DIRECTION('',(0.,0.,1.));
#1580 = ADVANCED_FACE('',(#1581),#1606,.F.);
#1581 = FACE_BOUND('',#1582,.F.);
#1582 = EDGE_LOOP('',(#1583,#1593,#1599,#1600));
#1583 = ORIENTED_EDGE('',*,*,#1584,.F.);
#1584 = EDGE_CURVE('',#1585,#1587,#1589,.T.);
#1585 = VERTEX_POINT('',#1586);
#1586 = CARTESIAN_POINT('',(0.5,-0.25,2.E-02));
#1587 = VERTEX_POINT('',#1588);
#1588 = CARTESIAN_POINT('',(0.5,-0.25,0.48));
#1589 = LINE('',#1590,#1591);
#1590 = CARTESIAN_POINT('',(0.5,-0.25,0.));
#1591 = VECTOR('',#1592,1.);
#1592 = DIRECTION('',(0.,0.,1.));
#1593 = ORIENTED_EDGE('',*,*,#1594,.F.);
#1594 = EDGE_CURVE('',#1499,#1585,#1595,.T.);
#1595 = LINE('',#1596,#1597);
#1596 = CARTESIAN_POINT('',(0.3,-0.25,2.E-02));
#1597 = VECTOR('',#1598,1.);
#1598 = DIRECTION('',(1.,0.,0.));
#1599 = ORIENTED_EDGE('',*,*,#1498,.T.);
#1600 = ORIENTED_EDGE('',*,*,#1601,.T.);
#1601 = EDGE_CURVE('',#1501,#1587,#1602,.T.);
#1602 = LINE('',#1603,#1604);
#1603 = CARTESIAN_POINT('',(0.3,-0.25,0.48));
#1604 = VECTOR('',#1605,1.);
#1605 = DIRECTION('',(1.,0.,0.));
#1606 = PLANE('',#1607);
#1607 = AXIS2_PLACEMENT_3D('',#1608,#1609,#1610);
#1608 = CARTESIAN_POINT('',(0.3,-0.25,0.));
#1609 = DIRECTION('',(0.,1.,0.));
#1610 = DIRECTION('',(0.,-0.,1.));
#1611 = ADVANCED_FACE('',(#1612),#1631,.T.);
#1612 = FACE_BOUND('',#1613,.T.);
#1613 = EDGE_LOOP('',(#1614,#1615,#1623,#1630));
#1614 = ORIENTED_EDGE('',*,*,#1508,.T.);
#1615 = ORIENTED_EDGE('',*,*,#1616,.T.);
#1616 = EDGE_CURVE('',#1509,#1617,#1619,.T.);
#1617 = VERTEX_POINT('',#1618);
#1618 = CARTESIAN_POINT('',(0.5,-0.23,0.));
#1619 = LINE('',#1620,#1621);
#1620 = CARTESIAN_POINT('',(0.3,-0.23,0.));
#1621 = VECTOR('',#1622,1.);
#1622 = DIRECTION('',(1.,0.,0.));
#1623 = ORIENTED_EDGE('',*,*,#1624,.F.);
#1624 = EDGE_CURVE('',#1585,#1617,#1625,.T.);
#1625 = CIRCLE('',#1626,2.E-02);
#1626 = AXIS2_PLACEMENT_3D('',#1627,#1628,#1629);
#1627 = CARTESIAN_POINT('',(0.5,-0.23,2.E-02));
#1628 = DIRECTION('',(1.,0.,-0.));
#1629 = DIRECTION('',(0.,0.,1.));
#1630 = ORIENTED_EDGE('',*,*,#1594,.F.);
#1631 = CYLINDRICAL_SURFACE('',#1632,2.E-02);
#1632 = AXIS2_PLACEMENT_3D('',#1633,#1634,#1635);
#1633 = CARTESIAN_POINT('',(0.3,-0.23,2.E-02));
#1634 = DIRECTION('',(1.,0.,0.));
#1635 = DIRECTION('',(0.,-1.,0.));
#1636 = ADVANCED_FACE('',(#1637),#1656,.T.);
#1637 = FACE_BOUND('',#1638,.T.);
#1638 = EDGE_LOOP('',(#1639,#1640,#1649,#1655));
#1639 = ORIENTED_EDGE('',*,*,#1601,.T.);
#1640 = ORIENTED_EDGE('',*,*,#1641,.T.);
#1641 = EDGE_CURVE('',#1587,#1642,#1644,.T.);
#1642 = VERTEX_POINT('',#1643);
#1643 = CARTESIAN_POINT('',(0.5,-0.23,0.5));
#1644 = CIRCLE('',#1645,2.E-02);
#1645 = AXIS2_PLACEMENT_3D('',#1646,#1647,#1648);
#1646 = CARTESIAN_POINT('',(0.5,-0.23,0.48));
#1647 = DIRECTION('',(-1.,0.,0.));
#1648 = DIRECTION('',(0.,0.,1.));
#1649 = ORIENTED_EDGE('',*,*,#1650,.F.);
#1650 = EDGE_CURVE('',#1552,#1642,#1651,.T.);
#1651 = LINE('',#1652,#1653);
#1652 = CARTESIAN_POINT('',(0.3,-0.23,0.5));
#1653 = VECTOR('',#1654,1.);
#1654 = DIRECTION('',(1.,0.,0.));
#1655 = ORIENTED_EDGE('',*,*,#1559,.F.);
#1656 = CYLINDRICAL_SURFACE('',#1657,2.E-02);
#1657 = AXIS2_PLACEMENT_3D('',#1658,#1659,#1660);
#1658 = CARTESIAN_POINT('',(0.3,-0.23,0.48));
#1659 = DIRECTION('',(1.,0.,0.));
#1660 = DIRECTION('',(0.,-1.,0.));
#1661 = ADVANCED_FACE('',(#1662),#1680,.F.);
#1662 = FACE_BOUND('',#1663,.F.);
#1663 = EDGE_LOOP('',(#1664,#1665,#1666,#1674));
#1664 = ORIENTED_EDGE('',*,*,#1517,.F.);
#1665 = ORIENTED_EDGE('',*,*,#1616,.T.);
#1666 = ORIENTED_EDGE('',*,*,#1667,.T.);
#1667 = EDGE_CURVE('',#1617,#1668,#1670,.T.);
#1668 = VERTEX_POINT('',#1669);
#1669 = CARTESIAN_POINT('',(0.5,0.23,0.));
#1670 = LINE('',#1671,#1672);
#1671 = CARTESIAN_POINT('',(0.5,-0.25,0.));
#1672 = VECTOR('',#1673,1.);
#1673 = DIRECTION('',(0.,1.,0.));
#1674 = ORIENTED_EDGE('',*,*,#1675,.F.);
#1675 = EDGE_CURVE('',#1518,#1668,#1676,.T.);
#1676 = LINE('',#1677,#1678);
#1677 = CARTESIAN_POINT('',(0.3,0.23,0.));
#1678 = VECTOR('',#1679,1.);
#1679 = DIRECTION('',(1.,0.,0.));
#1680 = PLANE('',#1681);
#1681 = AXIS2_PLACEMENT_3D('',#1682,#1683,#1684);
#1682 = CARTESIAN_POINT('',(0.3,-0.25,0.));
#1683 = DIRECTION('',(0.,0.,1.));
#1684 = DIRECTION('',(1.,0.,-0.));
#1685 = ADVANCED_FACE('',(#1686),#1704,.T.);
#1686 = FACE_BOUND('',#1687,.T.);
#1687 = EDGE_LOOP('',(#1688,#1689,#1690,#1698));
#1688 = ORIENTED_EDGE('',*,*,#1551,.F.);
#1689 = ORIENTED_EDGE('',*,*,#1650,.T.);
#1690 = ORIENTED_EDGE('',*,*,#1691,.T.);
#1691 = EDGE_CURVE('',#1642,#1692,#1694,.T.);
#1692 = VERTEX_POINT('',#1693);
#1693 = CARTESIAN_POINT('',(0.5,0.23,0.5));
#1694 = LINE('',#1695,#1696);
#1695 = CARTESIAN_POINT('',(0.5,-0.25,0.5));
#1696 = VECTOR('',#1697,1.);
#1697 = DIRECTION('',(0.,1.,0.));
#1698 = ORIENTED_EDGE('',*,*,#1699,.F.);
#1699 = EDGE_CURVE('',#1543,#1692,#1700,.T.);
#1700 = LINE('',#1701,#1702);
#1701 = CARTESIAN_POINT('',(0.3,0.23,0.5));
#1702 = VECTOR('',#1703,1.);
#1703 = DIRECTION('',(1.,0.,0.));
#1704 = PLANE('',#1705);
#1705 = AXIS2_PLACEMENT_3D('',#1706,#1707,#1708);
#1706 = CARTESIAN_POINT('',(0.3,-0.25,0.5));
#1707 = DIRECTION('',(0.,0.,1.));
#1708 = DIRECTION('',(1.,0.,-0.));
#1709 = ADVANCED_FACE('',(#1710),#1729,.T.);
#1710 = FACE_BOUND('',#1711,.T.);
#1711 = EDGE_LOOP('',(#1712,#1720,#1727,#1728));
#1712 = ORIENTED_EDGE('',*,*,#1713,.T.);
#1713 = EDGE_CURVE('',#1526,#1714,#1716,.T.);
#1714 = VERTEX_POINT('',#1715);
#1715 = CARTESIAN_POINT('',(0.5,0.25,2.E-02));
#1716 = LINE('',#1717,#1718);
#1717 = CARTESIAN_POINT('',(0.3,0.25,2.E-02));
#1718 = VECTOR('',#1719,1.);
#1719 = DIRECTION('',(1.,0.,0.));
#1720 = ORIENTED_EDGE('',*,*,#1721,.T.);
#1721 = EDGE_CURVE('',#1714,#1668,#1722,.T.);
#1722 = CIRCLE('',#1723,2.E-02);
#1723 = AXIS2_PLACEMENT_3D('',#1724,#1725,#1726);
#1724 = CARTESIAN_POINT('',(0.5,0.23,2.E-02));
#1725 = DIRECTION('',(-1.,0.,0.));
#1726 = DIRECTION('',(0.,0.,1.));
#1727 = ORIENTED_EDGE('',*,*,#1675,.F.);
#1728 = ORIENTED_EDGE('',*,*,#1525,.F.);
#1729 = CYLINDRICAL_SURFACE('',#1730,2.E-02);
#1730 = AXIS2_PLACEMENT_3D('',#1731,#1732,#1733);
#1731 = CARTESIAN_POINT('',(0.3,0.23,2.E-02));
#1732 = DIRECTION('',(1.,0.,0.));
#1733 = DIRECTION('',(-0.,1.,0.));
#1734 = ADVANCED_FACE('',(#1735),#1754,.T.);
#1735 = FACE_BOUND('',#1736,.T.);
#1736 = EDGE_LOOP('',(#1737,#1738,#1739,#1748));
#1737 = ORIENTED_EDGE('',*,*,#1542,.T.);
#1738 = ORIENTED_EDGE('',*,*,#1699,.T.);
#1739 = ORIENTED_EDGE('',*,*,#1740,.F.);
#1740 = EDGE_CURVE('',#1741,#1692,#1743,.T.);
#1741 = VERTEX_POINT('',#1742);
#1742 = CARTESIAN_POINT('',(0.5,0.25,0.48));
#1743 = CIRCLE('',#1744,2.E-02);
#1744 = AXIS2_PLACEMENT_3D('',#1745,#1746,#1747);
#1745 = CARTESIAN_POINT('',(0.5,0.23,0.48));
#1746 = DIRECTION('',(1.,0.,-0.));
#1747 = DIRECTION('',(0.,0.,1.));
#1748 = ORIENTED_EDGE('',*,*,#1749,.F.);
#1749 = EDGE_CURVE('',#1535,#1741,#1750,.T.);
#1750 = LINE('',#1751,#1752);
#1751 = CARTESIAN_POINT('',(0.3,0.25,0.48));
#1752 = VECTOR('',#1753,1.);
#1753 = DIRECTION('',(1.,0.,0.));
#1754 = CYLINDRICAL_SURFACE('',#1755,2.E-02);
#1755 = AXIS2_PLACEMENT_3D('',#1756,#1757,#1758);
#1756 = CARTESIAN_POINT('',(0.3,0.23,0.48));
#1757 = DIRECTION('',(1.,0.,0.));
#1758 = DIRECTION('',(-0.,1.,0.));
#1759 = ADVANCED_FACE('',(#1760),#1771,.T.);
#1760 = FACE_BOUND('',#1761,.T.);
#1761 = EDGE_LOOP('',(#1762,#1768,#1769,#1770));
#1762 = ORIENTED_EDGE('',*,*,#1763,.F.);
#1763 = EDGE_CURVE('',#1714,#1741,#1764,.T.);
#1764 = LINE('',#1765,#1766);
#1765 = CARTESIAN_POINT('',(0.5,0.25,0.));
#1766 = VECTOR('',#1767,1.);
#1767 = DIRECTION('',(0.,0.,1.));
#1768 = ORIENTED_EDGE('',*,*,#1713,.F.);
#1769 = ORIENTED_EDGE('',*,*,#1534,.T.);
#1770 = ORIENTED_EDGE('',*,*,#1749,.T.);
#1771 = PLANE('',#1772);
#1772 = AXIS2_PLACEMENT_3D('',#1773,#1774,#1775);
#1773 = CARTESIAN_POINT('',(0.3,0.25,0.));
#1774 = DIRECTION('',(0.,1.,0.));
#1775 = DIRECTION('',(0.,-0.,1.));
#1776 = ADVANCED_FACE('',(#1777),#1787,.T.);
#1777 = FACE_BOUND('',#1778,.T.);
#1778 = EDGE_LOOP('',(#1779,#1780,#1781,#1782,#1783,#1784,#1785,#1786));
#1779 = ORIENTED_EDGE('',*,*,#1584,.F.);
#1780 = ORIENTED_EDGE('',*,*,#1624,.T.);
#1781 = ORIENTED_EDGE('',*,*,#1667,.T.);
#1782 = ORIENTED_EDGE('',*,*,#1721,.F.);
#1783 = ORIENTED_EDGE('',*,*,#1763,.T.);
#1784 = ORIENTED_EDGE('',*,*,#1740,.T.);
#1785 = ORIENTED_EDGE('',*,*,#1691,.F.);
#1786 = ORIENTED_EDGE('',*,*,#1641,.F.);
#1787 = PLANE('',#1788);
#1788 = AXIS2_PLACEMENT_3D('',#1789,#1790,#1791);
#1789 = CARTESIAN_POINT('',(0.5,-0.25,0.));
#1790 = DIRECTION('',(1.,0.,0.));
#1791 = DIRECTION('',(0.,0.,1.));
#1792 = ( GEOMETRIC_REPRESENTATION_CONTEXT(3) 
GLOBAL_UNCERTAINTY_ASSIGNED_CONTEXT((#1796)) 
GLOBAL_UNIT_ASSIGNED_CONTEXT((#1793,#1794,#1795)) REPRESENTATION_CONTEXT
('Context #1','3D Context with UNIT and UNCERTAINTY') );
#1793 = ( LENGTH_UNIT() NAMED_UNIT(*) SI_UNIT(.MILLI.,.METRE.) );
#1794 = ( NAMED_UNIT(*) PLANE_ANGLE_UNIT() SI_UNIT($,.RADIAN.) );
#1795 = ( NAMED_UNIT(*) SI_UNIT($,.STERADIAN.) SOLID_ANGLE_UNIT() );
#1796 = UNCERTAINTY_MEASURE_WITH_UNIT(LENGTH_MEASURE(1.E-07),#1793,
  'distance_accuracy_value','confusion accuracy');
#1797 = CONTEXT_DEPENDENT_SHAPE_REPRESENTATION(#1798,#1800);
#1798 = ( REPRESENTATION_RELATIONSHIP('','',#937,#10) 
REPRESENTATION_RELATIONSHIP_WITH_TRANSFORMATION(#1799) 
SHAPE_REPRESENTATION_RELATIONSHIP() );
#1799 = ITEM_DEFINED_TRANSFORMATION('','',#11,#19);
#1800 = PRODUCT_DEFINITION_SHAPE('Placement','Placement of an item',
  #1801);
#1801 = NEXT_ASSEMBLY_USAGE_OCCURRENCE('2','R4','',#5,#932,$);
#1802 = PRODUCT_RELATED_PRODUCT_CATEGORY('part',$,(#934));
#1803 = CONTEXT_DEPENDENT_SHAPE_REPRESENTATION(#1804,#1806);
#1804 = ( REPRESENTATION_RELATIONSHIP('','',#937,#10) 
REPRESENTATION_RELATIONSHIP_WITH_TRANSFORMATION(#1805) 
SHAPE_REPRESENTATION_RELATIONSHIP() );
#1805 = ITEM_DEFINED_TRANSFORMATION('','',#11,#23);
#1806 = PRODUCT_DEFINITION_SHAPE('Placement','Placement of an item',
  #1807);
#1807 = NEXT_ASSEMBLY_USAGE_OCCURRENCE('3','R13','',#5,#932,$);
#1808 = SHAPE_DEFINITION_REPRESENTATION(#1809,#1815);
#1809 = PRODUCT_DEFINITION_SHAPE('','',#1810);
#1810 = PRODUCT_DEFINITION('design','',#1811,#1814);
#1811 = PRODUCT_DEFINITION_FORMATION('','',#1812);
#1812 = PRODUCT('PinHeader_1x05_P2.54mm_Vertical',
  'PinHeader_1x05_P2.54mm_Vertical','',(#1813));
#1813 = PRODUCT_CONTEXT('',#2,'mechanical');
#1814 = PRODUCT_DEFINITION_CONTEXT('part definition',#2,'design');
#1815 = ADVANCED_BREP_SHAPE_REPRESENTATION('',(#11,#1816),#5270);
#1816 = MANIFOLD_SOLID_BREP('',#1817);
#1817 = CLOSED_SHELL('',(#1818,#1858,#1898,#1938,#1969,#1993,#2017,#2034
    ,#2065,#2089,#2113,#2130,#2161,#2185,#2209,#2226,#2257,#2281,#2305,
    #2322,#2353,#2384,#2415,#2446,#2477,#2508,#2548,#2588,#2619,#2643,
    #2667,#2684,#2715,#2739,#2763,#2780,#2811,#2835,#2859,#2876,#2907,
    #2931,#2955,#2972,#3012,#3043,#3083,#3114,#3145,#3176,#3198,#3229,
    #3260,#3291,#3322,#3353,#3384,#3424,#3455,#3486,#3508,#3548,#3579,
    #3610,#3632,#3663,#3687,#3711,#3728,#3759,#3783,#3807,#3824,#3836,
    #3848,#4054,#4260,#4277,#4294,#4311,#4328,#4345,#4362,#4379,#4396,
    #4413,#4425,#4442,#4454,#4485,#4509,#4533,#4550,#4581,#4605,#4629,
    #4646,#4677,#4701,#4725,#4742,#4773,#4797,#4821,#4838,#4869,#4893,
    #4917,#4934,#4965,#4989,#5013,#5030,#5061,#5085,#5109,#5126,#5157,
    #5181,#5205,#5222,#5234,#5246,#5258));
#1818 = ADVANCED_FACE('',(#1819),#1853,.F.);
#1819 = FACE_BOUND('',#1820,.T.);
#1820 = EDGE_LOOP('',(#1821,#1831,#1839,#1847));
#1821 = ORIENTED_EDGE('',*,*,#1822,.F.);
#1822 = EDGE_CURVE('',#1823,#1825,#1827,.T.);
#1823 = VERTEX_POINT('',#1824);
#1824 = CARTESIAN_POINT('',(-1.016,-11.43,0.));
#1825 = VERTEX_POINT('',#1826);
#1826 = CARTESIAN_POINT('',(-1.016,-11.43,2.54));
#1827 = LINE('',#1828,#1829);
#1828 = CARTESIAN_POINT('',(-1.016,-11.43,0.));
#1829 = VECTOR('',#1830,1.);
#1830 = DIRECTION('',(0.,0.,1.));
#1831 = ORIENTED_EDGE('',*,*,#1832,.F.);
#1832 = EDGE_CURVE('',#1833,#1823,#1835,.T.);
#1833 = VERTEX_POINT('',#1834);
#1834 = CARTESIAN_POINT('',(1.016,-11.43,0.));
#1835 = LINE('',#1836,#1837);
#1836 = CARTESIAN_POINT('',(2.129526844639E-17,-11.43,0.));
#1837 = VECTOR('',#1838,1.);
#1838 = DIRECTION('',(-1.,0.,0.));
#1839 = ORIENTED_EDGE('',*,*,#1840,.T.);
#1840 = EDGE_CURVE('',#1833,#1841,#1843,.T.);
#1841 = VERTEX_POINT('',#1842);
#1842 = CARTESIAN_POINT('',(1.016,-11.43,2.54));
#1843 = LINE('',#1844,#1845);
#1844 = CARTESIAN_POINT('',(1.016,-11.43,0.));
#1845 = VECTOR('',#1846,1.);
#1846 = DIRECTION('',(0.,0.,1.));
#1847 = ORIENTED_EDGE('',*,*,#1848,.F.);
#1848 = EDGE_CURVE('',#1825,#1841,#1849,.T.);
#1849 = LINE('',#1850,#1851);
#1850 = CARTESIAN_POINT('',(2.129526844639E-17,-11.43,2.54));
#1851 = VECTOR('',#1852,1.);
#1852 = DIRECTION('',(1.,0.,0.));
#1853 = PLANE('',#1854);
#1854 = AXIS2_PLACEMENT_3D('',#1855,#1856,#1857);
#1855 = CARTESIAN_POINT('',(0.,-11.43,2.77));
#1856 = DIRECTION('',(0.,1.,0.));
#1857 = DIRECTION('',(0.,-0.,1.));
#1858 = ADVANCED_FACE('',(#1859),#1893,.T.);
#1859 = FACE_BOUND('',#1860,.T.);
#1860 = EDGE_LOOP('',(#1861,#1871,#1879,#1887));
#1861 = ORIENTED_EDGE('',*,*,#1862,.T.);
#1862 = EDGE_CURVE('',#1863,#1865,#1867,.T.);
#1863 = VERTEX_POINT('',#1864);
#1864 = CARTESIAN_POINT('',(0.16,-10.32,8.54));
#1865 = VERTEX_POINT('',#1866);
#1866 = CARTESIAN_POINT('',(0.16,-10.,8.54));
#1867 = LINE('',#1868,#1869);
#1868 = CARTESIAN_POINT('',(0.16,-10.48,8.54));
#1869 = VECTOR('',#1870,1.);
#1870 = DIRECTION('',(0.,1.,0.));
#1871 = ORIENTED_EDGE('',*,*,#1872,.F.);
#1872 = EDGE_CURVE('',#1873,#1865,#1875,.T.);
#1873 = VERTEX_POINT('',#1874);
#1874 = CARTESIAN_POINT('',(-0.16,-10.,8.54));
#1875 = LINE('',#1876,#1877);
#1876 = CARTESIAN_POINT('',(-0.32,-10.,8.54));
#1877 = VECTOR('',#1878,1.);
#1878 = DIRECTION('',(1.,0.,0.));
#1879 = ORIENTED_EDGE('',*,*,#1880,.F.);
#1880 = EDGE_CURVE('',#1881,#1873,#1883,.T.);
#1881 = VERTEX_POINT('',#1882);
#1882 = CARTESIAN_POINT('',(-0.16,-10.32,8.54));
#1883 = LINE('',#1884,#1885);
#1884 = CARTESIAN_POINT('',(-0.16,-10.48,8.54));
#1885 = VECTOR('',#1886,1.);
#1886 = DIRECTION('',(0.,1.,0.));
#1887 = ORIENTED_EDGE('',*,*,#1888,.T.);
#1888 = EDGE_CURVE('',#1881,#1863,#1889,.T.);
#1889 = LINE('',#1890,#1891);
#1890 = CARTESIAN_POINT('',(-0.32,-10.32,8.54));
#1891 = VECTOR('',#1892,1.);
#1892 = DIRECTION('',(1.,0.,0.));
#1893 = PLANE('',#1894);
#1894 = AXIS2_PLACEMENT_3D('',#1895,#1896,#1897);
#1895 = CARTESIAN_POINT('',(-0.32,-10.48,8.54));
#1896 = DIRECTION('',(0.,0.,1.));
#1897 = DIRECTION('',(1.,0.,-0.));
#1898 = ADVANCED_FACE('',(#1899),#1933,.F.);
#1899 = FACE_BOUND('',#1900,.T.);
#1900 = EDGE_LOOP('',(#1901,#1911,#1919,#1927));
#1901 = ORIENTED_EDGE('',*,*,#1902,.F.);
#1902 = EDGE_CURVE('',#1903,#1905,#1907,.T.);
#1903 = VERTEX_POINT('',#1904);
#1904 = CARTESIAN_POINT('',(0.16,-10.32,-3.));
#1905 = VERTEX_POINT('',#1906);
#1906 = CARTESIAN_POINT('',(0.16,-10.,-3.));
#1907 = LINE('',#1908,#1909);
#1908 = CARTESIAN_POINT('',(0.16,-10.48,-3.));
#1909 = VECTOR('',#1910,1.);
#1910 = DIRECTION('',(0.,1.,0.));
#1911 = ORIENTED_EDGE('',*,*,#1912,.F.);
#1912 = EDGE_CURVE('',#1913,#1903,#1915,.T.);
#1913 = VERTEX_POINT('',#1914);
#1914 = CARTESIAN_POINT('',(-0.16,-10.32,-3.));
#1915 = LINE('',#1916,#1917);
#1916 = CARTESIAN_POINT('',(-0.32,-10.32,-3.));
#1917 = VECTOR('',#1918,1.);
#1918 = DIRECTION('',(1.,0.,0.));
#1919 = ORIENTED_EDGE('',*,*,#1920,.T.);
#1920 = EDGE_CURVE('',#1913,#1921,#1923,.T.);
#1921 = VERTEX_POINT('',#1922);
#1922 = CARTESIAN_POINT('',(-0.16,-10.,-3.));
#1923 = LINE('',#1924,#1925);
#1924 = CARTESIAN_POINT('',(-0.16,-10.48,-3.));
#1925 = VECTOR('',#1926,1.);
#1926 = DIRECTION('',(0.,1.,0.));
#1927 = ORIENTED_EDGE('',*,*,#1928,.T.);
#1928 = EDGE_CURVE('',#1921,#1905,#1929,.T.);
#1929 = LINE('',#1930,#1931);
#1930 = CARTESIAN_POINT('',(-0.32,-10.,-3.));
#1931 = VECTOR('',#1932,1.);
#1932 = DIRECTION('',(1.,0.,0.));
#1933 = PLANE('',#1934);
#1934 = AXIS2_PLACEMENT_3D('',#1935,#1936,#1937);
#1935 = CARTESIAN_POINT('',(-0.32,-10.48,-3.));
#1936 = DIRECTION('',(0.,0.,1.));
#1937 = DIRECTION('',(1.,0.,-0.));
#1938 = ADVANCED_FACE('',(#1939),#1964,.F.);
#1939 = FACE_BOUND('',#1940,.T.);
#1940 = EDGE_LOOP('',(#1941,#1949,#1957,#1963));
#1941 = ORIENTED_EDGE('',*,*,#1942,.F.);
#1942 = EDGE_CURVE('',#1943,#1881,#1945,.T.);
#1943 = VERTEX_POINT('',#1944);
#1944 = CARTESIAN_POINT('',(-0.32,-10.48,8.38));
#1945 = LINE('',#1946,#1947);
#1946 = CARTESIAN_POINT('',(-0.266666666667,-10.42666666666,
    8.433333333333));
#1947 = VECTOR('',#1948,1.);
#1948 = DIRECTION('',(0.57735026919,0.57735026919,0.57735026919));
#1949 = ORIENTED_EDGE('',*,*,#1950,.T.);
#1950 = EDGE_CURVE('',#1943,#1951,#1953,.T.);
#1951 = VERTEX_POINT('',#1952);
#1952 = CARTESIAN_POINT('',(0.32,-10.48,8.38));
#1953 = LINE('',#1954,#1955);
#1954 = CARTESIAN_POINT('',(-0.32,-10.48,8.38));
#1955 = VECTOR('',#1956,1.);
#1956 = DIRECTION('',(1.,0.,0.));
#1957 = ORIENTED_EDGE('',*,*,#1958,.T.);
#1958 = EDGE_CURVE('',#1951,#1863,#1959,.T.);
#1959 = LINE('',#1960,#1961);
#1960 = CARTESIAN_POINT('',(0.16,-10.32,8.54));
#1961 = VECTOR('',#1962,1.);
#1962 = DIRECTION('',(-0.57735026919,0.57735026919,0.57735026919));
#1963 = ORIENTED_EDGE('',*,*,#1888,.F.);
#1964 = PLANE('',#1965);
#1965 = AXIS2_PLACEMENT_3D('',#1966,#1967,#1968);
#1966 = CARTESIAN_POINT('',(-0.32,-10.4,8.46));
#1967 = DIRECTION('',(-1.735167508357E-18,0.707106781187,-0.707106781187
    ));
#1968 = DIRECTION('',(-1.,-1.226948711654E-18,1.226948711654E-18));
#1969 = ADVANCED_FACE('',(#1970),#1988,.F.);
#1970 = FACE_BOUND('',#1971,.T.);
#1971 = EDGE_LOOP('',(#1972,#1973,#1974,#1982));
#1972 = ORIENTED_EDGE('',*,*,#1942,.T.);
#1973 = ORIENTED_EDGE('',*,*,#1880,.T.);
#1974 = ORIENTED_EDGE('',*,*,#1975,.F.);
#1975 = EDGE_CURVE('',#1976,#1873,#1978,.T.);
#1976 = VERTEX_POINT('',#1977);
#1977 = CARTESIAN_POINT('',(-0.32,-9.84,8.38));
#1978 = LINE('',#1979,#1980);
#1979 = CARTESIAN_POINT('',(-0.16,-10.,8.54));
#1980 = VECTOR('',#1981,1.);
#1981 = DIRECTION('',(0.57735026919,-0.57735026919,0.57735026919));
#1982 = ORIENTED_EDGE('',*,*,#1983,.F.);
#1983 = EDGE_CURVE('',#1943,#1976,#1984,.T.);
#1984 = LINE('',#1985,#1986);
#1985 = CARTESIAN_POINT('',(-0.32,-10.48,8.38));
#1986 = VECTOR('',#1987,1.);
#1987 = DIRECTION('',(0.,1.,0.));
#1988 = PLANE('',#1989);
#1989 = AXIS2_PLACEMENT_3D('',#1990,#1991,#1992);
#1990 = CARTESIAN_POINT('',(-0.24,-10.48,8.46));
#1991 = DIRECTION('',(0.707106781187,1.735167508357E-18,-0.707106781187)
  );
#1992 = DIRECTION('',(-1.226948711654E-18,1.,1.226948711654E-18));
#1993 = ADVANCED_FACE('',(#1994),#2012,.T.);
#1994 = FACE_BOUND('',#1995,.T.);
#1995 = EDGE_LOOP('',(#1996,#1997,#1998,#2006));
#1996 = ORIENTED_EDGE('',*,*,#1975,.T.);
#1997 = ORIENTED_EDGE('',*,*,#1872,.T.);
#1998 = ORIENTED_EDGE('',*,*,#1999,.F.);
#1999 = EDGE_CURVE('',#2000,#1865,#2002,.T.);
#2000 = VERTEX_POINT('',#2001);
#2001 = CARTESIAN_POINT('',(0.32,-9.84,8.38));
#2002 = LINE('',#2003,#2004);
#2003 = CARTESIAN_POINT('',(5.333333333333E-02,-10.10666666666,
    8.646666666667));
#2004 = VECTOR('',#2005,1.);
#2005 = DIRECTION('',(-0.57735026919,-0.57735026919,0.57735026919));
#2006 = ORIENTED_EDGE('',*,*,#2007,.F.);
#2007 = EDGE_CURVE('',#1976,#2000,#2008,.T.);
#2008 = LINE('',#2009,#2010);
#2009 = CARTESIAN_POINT('',(-0.32,-9.84,8.38));
#2010 = VECTOR('',#2011,1.);
#2011 = DIRECTION('',(1.,0.,0.));
#2012 = PLANE('',#2013);
#2013 = AXIS2_PLACEMENT_3D('',#2014,#2015,#2016);
#2014 = CARTESIAN_POINT('',(-0.32,-9.92,8.46));
#2015 = DIRECTION('',(1.735167508357E-18,0.707106781187,0.707106781187)
  );
#2016 = DIRECTION('',(-1.,1.226948711654E-18,1.226948711654E-18));
#2017 = ADVANCED_FACE('',(#2018),#2029,.T.);
#2018 = FACE_BOUND('',#2019,.T.);
#2019 = EDGE_LOOP('',(#2020,#2021,#2027,#2028));
#2020 = ORIENTED_EDGE('',*,*,#1958,.F.);
#2021 = ORIENTED_EDGE('',*,*,#2022,.T.);
#2022 = EDGE_CURVE('',#1951,#2000,#2023,.T.);
#2023 = LINE('',#2024,#2025);
#2024 = CARTESIAN_POINT('',(0.32,-10.48,8.38));
#2025 = VECTOR('',#2026,1.);
#2026 = DIRECTION('',(0.,1.,0.));
#2027 = ORIENTED_EDGE('',*,*,#1999,.T.);
#2028 = ORIENTED_EDGE('',*,*,#1862,.F.);
#2029 = PLANE('',#2030);
#2030 = AXIS2_PLACEMENT_3D('',#2031,#2032,#2033);
#2031 = CARTESIAN_POINT('',(0.24,-10.48,8.46));
#2032 = DIRECTION('',(0.707106781187,-1.735167508357E-18,0.707106781187)
  );
#2033 = DIRECTION('',(1.226948711654E-18,1.,1.226948711654E-18));
#2034 = ADVANCED_FACE('',(#2035),#2060,.T.);
#2035 = FACE_BOUND('',#2036,.T.);
#2036 = EDGE_LOOP('',(#2037,#2045,#2046,#2054));
#2037 = ORIENTED_EDGE('',*,*,#2038,.T.);
#2038 = EDGE_CURVE('',#2039,#1913,#2041,.T.);
#2039 = VERTEX_POINT('',#2040);
#2040 = CARTESIAN_POINT('',(-0.32,-10.48,-2.84));
#2041 = LINE('',#2042,#2043);
#2042 = CARTESIAN_POINT('',(-0.266666666667,-10.42666666666,
    -2.893333333333));
#2043 = VECTOR('',#2044,1.);
#2044 = DIRECTION('',(0.57735026919,0.57735026919,-0.57735026919));
#2045 = ORIENTED_EDGE('',*,*,#1912,.T.);
#2046 = ORIENTED_EDGE('',*,*,#2047,.F.);
#2047 = EDGE_CURVE('',#2048,#1903,#2050,.T.);
#2048 = VERTEX_POINT('',#2049);
#2049 = CARTESIAN_POINT('',(0.32,-10.48,-2.84));
#2050 = LINE('',#2051,#2052);
#2051 = CARTESIAN_POINT('',(0.16,-10.32,-3.));
#2052 = VECTOR('',#2053,1.);
#2053 = DIRECTION('',(-0.57735026919,0.57735026919,-0.57735026919));
#2054 = ORIENTED_EDGE('',*,*,#2055,.F.);
#2055 = EDGE_CURVE('',#2039,#2048,#2056,.T.);
#2056 = LINE('',#2057,#2058);
#2057 = CARTESIAN_POINT('',(-0.32,-10.48,-2.84));
#2058 = VECTOR('',#2059,1.);
#2059 = DIRECTION('',(1.,0.,0.));
#2060 = PLANE('',#2061);
#2061 = AXIS2_PLACEMENT_3D('',#2062,#2063,#2064);
#2062 = CARTESIAN_POINT('',(-0.32,-10.4,-2.92));
#2063 = DIRECTION('',(1.735167508357E-18,-0.707106781187,-0.707106781187
    ));
#2064 = DIRECTION('',(-1.,-1.226948711654E-18,-1.226948711654E-18));
#2065 = ADVANCED_FACE('',(#2066),#2084,.T.);
#2066 = FACE_BOUND('',#2067,.T.);
#2067 = EDGE_LOOP('',(#2068,#2069,#2077,#2083));
#2068 = ORIENTED_EDGE('',*,*,#2038,.F.);
#2069 = ORIENTED_EDGE('',*,*,#2070,.T.);
#2070 = EDGE_CURVE('',#2039,#2071,#2073,.T.);
#2071 = VERTEX_POINT('',#2072);
#2072 = CARTESIAN_POINT('',(-0.32,-9.84,-2.84));
#2073 = LINE('',#2074,#2075);
#2074 = CARTESIAN_POINT('',(-0.32,-10.48,-2.84));
#2075 = VECTOR('',#2076,1.);
#2076 = DIRECTION('',(0.,1.,0.));
#2077 = ORIENTED_EDGE('',*,*,#2078,.T.);
#2078 = EDGE_CURVE('',#2071,#1921,#2079,.T.);
#2079 = LINE('',#2080,#2081);
#2080 = CARTESIAN_POINT('',(-0.16,-10.,-3.));
#2081 = VECTOR('',#2082,1.);
#2082 = DIRECTION('',(0.57735026919,-0.57735026919,-0.57735026919));
#2083 = ORIENTED_EDGE('',*,*,#1920,.F.);
#2084 = PLANE('',#2085);
#2085 = AXIS2_PLACEMENT_3D('',#2086,#2087,#2088);
#2086 = CARTESIAN_POINT('',(-0.24,-10.48,-2.92));
#2087 = DIRECTION('',(-0.707106781187,-1.735167508357E-18,
    -0.707106781187));
#2088 = DIRECTION('',(-1.226948711654E-18,1.,-1.226948711654E-18));
#2089 = ADVANCED_FACE('',(#2090),#2108,.F.);
#2090 = FACE_BOUND('',#2091,.T.);
#2091 = EDGE_LOOP('',(#2092,#2093,#2101,#2107));
#2092 = ORIENTED_EDGE('',*,*,#2078,.F.);
#2093 = ORIENTED_EDGE('',*,*,#2094,.T.);
#2094 = EDGE_CURVE('',#2071,#2095,#2097,.T.);
#2095 = VERTEX_POINT('',#2096);
#2096 = CARTESIAN_POINT('',(0.32,-9.84,-2.84));
#2097 = LINE('',#2098,#2099);
#2098 = CARTESIAN_POINT('',(-0.32,-9.84,-2.84));
#2099 = VECTOR('',#2100,1.);
#2100 = DIRECTION('',(1.,0.,0.));
#2101 = ORIENTED_EDGE('',*,*,#2102,.T.);
#2102 = EDGE_CURVE('',#2095,#1905,#2103,.T.);
#2103 = LINE('',#2104,#2105);
#2104 = CARTESIAN_POINT('',(5.333333333333E-02,-10.10666666666,
    -3.106666666667));
#2105 = VECTOR('',#2106,1.);
#2106 = DIRECTION('',(-0.57735026919,-0.57735026919,-0.57735026919));
#2107 = ORIENTED_EDGE('',*,*,#1928,.F.);
#2108 = PLANE('',#2109);
#2109 = AXIS2_PLACEMENT_3D('',#2110,#2111,#2112);
#2110 = CARTESIAN_POINT('',(-0.32,-9.92,-2.92));
#2111 = DIRECTION('',(-1.735167508357E-18,-0.707106781187,0.707106781187
    ));
#2112 = DIRECTION('',(-1.,1.226948711654E-18,-1.226948711654E-18));
#2113 = ADVANCED_FACE('',(#2114),#2125,.F.);
#2114 = FACE_BOUND('',#2115,.T.);
#2115 = EDGE_LOOP('',(#2116,#2117,#2118,#2119));
#2116 = ORIENTED_EDGE('',*,*,#2047,.T.);
#2117 = ORIENTED_EDGE('',*,*,#1902,.T.);
#2118 = ORIENTED_EDGE('',*,*,#2102,.F.);
#2119 = ORIENTED_EDGE('',*,*,#2120,.F.);
#2120 = EDGE_CURVE('',#2048,#2095,#2121,.T.);
#2121 = LINE('',#2122,#2123);
#2122 = CARTESIAN_POINT('',(0.32,-10.48,-2.84));
#2123 = VECTOR('',#2124,1.);
#2124 = DIRECTION('',(0.,1.,0.));
#2125 = PLANE('',#2126);
#2126 = AXIS2_PLACEMENT_3D('',#2127,#2128,#2129);
#2127 = CARTESIAN_POINT('',(0.24,-10.48,-2.92));
#2128 = DIRECTION('',(-0.707106781187,1.735167508357E-18,0.707106781187)
  );
#2129 = DIRECTION('',(1.226948711654E-18,1.,-1.226948711654E-18));
#2130 = ADVANCED_FACE('',(#2131),#2156,.F.);
#2131 = FACE_BOUND('',#2132,.T.);
#2132 = EDGE_LOOP('',(#2133,#2141,#2142,#2150));
#2133 = ORIENTED_EDGE('',*,*,#2134,.T.);
#2134 = EDGE_CURVE('',#2135,#1951,#2137,.T.);
#2135 = VERTEX_POINT('',#2136);
#2136 = CARTESIAN_POINT('',(0.32,-10.48,2.54));
#2137 = LINE('',#2138,#2139);
#2138 = CARTESIAN_POINT('',(0.32,-10.48,-3.));
#2139 = VECTOR('',#2140,1.);
#2140 = DIRECTION('',(0.,0.,1.));
#2141 = ORIENTED_EDGE('',*,*,#1950,.F.);
#2142 = ORIENTED_EDGE('',*,*,#2143,.F.);
#2143 = EDGE_CURVE('',#2144,#1943,#2146,.T.);
#2144 = VERTEX_POINT('',#2145);
#2145 = CARTESIAN_POINT('',(-0.32,-10.48,2.54));
#2146 = LINE('',#2147,#2148);
#2147 = CARTESIAN_POINT('',(-0.32,-10.48,-3.));
#2148 = VECTOR('',#2149,1.);
#2149 = DIRECTION('',(0.,0.,1.));
#2150 = ORIENTED_EDGE('',*,*,#2151,.F.);
#2151 = EDGE_CURVE('',#2135,#2144,#2152,.T.);
#2152 = LINE('',#2153,#2154);
#2153 = CARTESIAN_POINT('',(-0.16,-10.48,2.54));
#2154 = VECTOR('',#2155,1.);
#2155 = DIRECTION('',(-1.,0.,0.));
#2156 = PLANE('',#2157);
#2157 = AXIS2_PLACEMENT_3D('',#2158,#2159,#2160);
#2158 = CARTESIAN_POINT('',(-0.32,-10.48,-3.));
#2159 = DIRECTION('',(0.,1.,0.));
#2160 = DIRECTION('',(0.,-0.,1.));
#2161 = ADVANCED_FACE('',(#2162),#2180,.F.);
#2162 = FACE_BOUND('',#2163,.T.);
#2163 = EDGE_LOOP('',(#2164,#2165,#2166,#2174));
#2164 = ORIENTED_EDGE('',*,*,#2143,.T.);
#2165 = ORIENTED_EDGE('',*,*,#1983,.T.);
#2166 = ORIENTED_EDGE('',*,*,#2167,.F.);
#2167 = EDGE_CURVE('',#2168,#1976,#2170,.T.);
#2168 = VERTEX_POINT('',#2169);
#2169 = CARTESIAN_POINT('',(-0.32,-9.84,2.54));
#2170 = LINE('',#2171,#2172);
#2171 = CARTESIAN_POINT('',(-0.32,-9.84,-3.));
#2172 = VECTOR('',#2173,1.);
#2173 = DIRECTION('',(0.,0.,1.));
#2174 = ORIENTED_EDGE('',*,*,#2175,.F.);
#2175 = EDGE_CURVE('',#2144,#2168,#2176,.T.);
#2176 = LINE('',#2177,#2178);
#2177 = CARTESIAN_POINT('',(-0.32,-12.225,2.54));
#2178 = VECTOR('',#2179,1.);
#2179 = DIRECTION('',(0.,1.,0.));
#2180 = PLANE('',#2181);
#2181 = AXIS2_PLACEMENT_3D('',#2182,#2183,#2184);
#2182 = CARTESIAN_POINT('',(-0.32,-10.48,-3.));
#2183 = DIRECTION('',(1.,0.,0.));
#2184 = DIRECTION('',(0.,0.,1.));
#2185 = ADVANCED_FACE('',(#2186),#2204,.T.);
#2186 = FACE_BOUND('',#2187,.T.);
#2187 = EDGE_LOOP('',(#2188,#2196,#2202,#2203));
#2188 = ORIENTED_EDGE('',*,*,#2189,.F.);
#2189 = EDGE_CURVE('',#2190,#2000,#2192,.T.);
#2190 = VERTEX_POINT('',#2191);
#2191 = CARTESIAN_POINT('',(0.32,-9.84,2.54));
#2192 = LINE('',#2193,#2194);
#2193 = CARTESIAN_POINT('',(0.32,-9.84,-3.));
#2194 = VECTOR('',#2195,1.);
#2195 = DIRECTION('',(0.,0.,1.));
#2196 = ORIENTED_EDGE('',*,*,#2197,.T.);
#2197 = EDGE_CURVE('',#2190,#2168,#2198,.T.);
#2198 = LINE('',#2199,#2200);
#2199 = CARTESIAN_POINT('',(-0.16,-9.84,2.54));
#2200 = VECTOR('',#2201,1.);
#2201 = DIRECTION('',(-1.,0.,0.));
#2202 = ORIENTED_EDGE('',*,*,#2167,.T.);
#2203 = ORIENTED_EDGE('',*,*,#2007,.T.);
#2204 = PLANE('',#2205);
#2205 = AXIS2_PLACEMENT_3D('',#2206,#2207,#2208);
#2206 = CARTESIAN_POINT('',(-0.32,-9.84,-3.));
#2207 = DIRECTION('',(0.,1.,0.));
#2208 = DIRECTION('',(0.,-0.,1.));
#2209 = ADVANCED_FACE('',(#2210),#2221,.T.);
#2210 = FACE_BOUND('',#2211,.T.);
#2211 = EDGE_LOOP('',(#2212,#2213,#2219,#2220));
#2212 = ORIENTED_EDGE('',*,*,#2134,.F.);
#2213 = ORIENTED_EDGE('',*,*,#2214,.T.);
#2214 = EDGE_CURVE('',#2135,#2190,#2215,.T.);
#2215 = LINE('',#2216,#2217);
#2216 = CARTESIAN_POINT('',(0.32,-12.225,2.54));
#2217 = VECTOR('',#2218,1.);
#2218 = DIRECTION('',(0.,1.,0.));
#2219 = ORIENTED_EDGE('',*,*,#2189,.T.);
#2220 = ORIENTED_EDGE('',*,*,#2022,.F.);
#2221 = PLANE('',#2222);
#2222 = AXIS2_PLACEMENT_3D('',#2223,#2224,#2225);
#2223 = CARTESIAN_POINT('',(0.32,-10.48,-3.));
#2224 = DIRECTION('',(1.,0.,0.));
#2225 = DIRECTION('',(0.,0.,1.));
#2226 = ADVANCED_FACE('',(#2227),#2252,.F.);
#2227 = FACE_BOUND('',#2228,.T.);
#2228 = EDGE_LOOP('',(#2229,#2237,#2245,#2251));
#2229 = ORIENTED_EDGE('',*,*,#2230,.T.);
#2230 = EDGE_CURVE('',#2048,#2231,#2233,.T.);
#2231 = VERTEX_POINT('',#2232);
#2232 = CARTESIAN_POINT('',(0.32,-10.48,0.));
#2233 = LINE('',#2234,#2235);
#2234 = CARTESIAN_POINT('',(0.32,-10.48,-3.));
#2235 = VECTOR('',#2236,1.);
#2236 = DIRECTION('',(0.,0.,1.));
#2237 = ORIENTED_EDGE('',*,*,#2238,.T.);
#2238 = EDGE_CURVE('',#2231,#2239,#2241,.T.);
#2239 = VERTEX_POINT('',#2240);
#2240 = CARTESIAN_POINT('',(-0.32,-10.48,0.));
#2241 = LINE('',#2242,#2243);
#2242 = CARTESIAN_POINT('',(-0.16,-10.48,0.));
#2243 = VECTOR('',#2244,1.);
#2244 = DIRECTION('',(-1.,0.,0.));
#2245 = ORIENTED_EDGE('',*,*,#2246,.F.);
#2246 = EDGE_CURVE('',#2039,#2239,#2247,.T.);
#2247 = LINE('',#2248,#2249);
#2248 = CARTESIAN_POINT('',(-0.32,-10.48,-3.));
#2249 = VECTOR('',#2250,1.);
#2250 = DIRECTION('',(0.,0.,1.));
#2251 = ORIENTED_EDGE('',*,*,#2055,.T.);
#2252 = PLANE('',#2253);
#2253 = AXIS2_PLACEMENT_3D('',#2254,#2255,#2256);
#2254 = CARTESIAN_POINT('',(-0.32,-10.48,-3.));
#2255 = DIRECTION('',(0.,1.,0.));
#2256 = DIRECTION('',(0.,-0.,1.));
#2257 = ADVANCED_FACE('',(#2258),#2276,.F.);
#2258 = FACE_BOUND('',#2259,.T.);
#2259 = EDGE_LOOP('',(#2260,#2261,#2269,#2275));
#2260 = ORIENTED_EDGE('',*,*,#2246,.T.);
#2261 = ORIENTED_EDGE('',*,*,#2262,.T.);
#2262 = EDGE_CURVE('',#2239,#2263,#2265,.T.);
#2263 = VERTEX_POINT('',#2264);
#2264 = CARTESIAN_POINT('',(-0.32,-9.84,0.));
#2265 = LINE('',#2266,#2267);
#2266 = CARTESIAN_POINT('',(-0.32,-12.225,0.));
#2267 = VECTOR('',#2268,1.);
#2268 = DIRECTION('',(0.,1.,0.));
#2269 = ORIENTED_EDGE('',*,*,#2270,.F.);
#2270 = EDGE_CURVE('',#2071,#2263,#2271,.T.);
#2271 = LINE('',#2272,#2273);
#2272 = CARTESIAN_POINT('',(-0.32,-9.84,-3.));
#2273 = VECTOR('',#2274,1.);
#2274 = DIRECTION('',(0.,0.,1.));
#2275 = ORIENTED_EDGE('',*,*,#2070,.F.);
#2276 = PLANE('',#2277);
#2277 = AXIS2_PLACEMENT_3D('',#2278,#2279,#2280);
#2278 = CARTESIAN_POINT('',(-0.32,-10.48,-3.));
#2279 = DIRECTION('',(1.,0.,0.));
#2280 = DIRECTION('',(0.,0.,1.));
#2281 = ADVANCED_FACE('',(#2282),#2300,.T.);
#2282 = FACE_BOUND('',#2283,.T.);
#2283 = EDGE_LOOP('',(#2284,#2292,#2293,#2294));
#2284 = ORIENTED_EDGE('',*,*,#2285,.F.);
#2285 = EDGE_CURVE('',#2095,#2286,#2288,.T.);
#2286 = VERTEX_POINT('',#2287);
#2287 = CARTESIAN_POINT('',(0.32,-9.84,0.));
#2288 = LINE('',#2289,#2290);
#2289 = CARTESIAN_POINT('',(0.32,-9.84,-3.));
#2290 = VECTOR('',#2291,1.);
#2291 = DIRECTION('',(0.,0.,1.));
#2292 = ORIENTED_EDGE('',*,*,#2094,.F.);
#2293 = ORIENTED_EDGE('',*,*,#2270,.T.);
#2294 = ORIENTED_EDGE('',*,*,#2295,.F.);
#2295 = EDGE_CURVE('',#2286,#2263,#2296,.T.);
#2296 = LINE('',#2297,#2298);
#2297 = CARTESIAN_POINT('',(-0.16,-9.84,0.));
#2298 = VECTOR('',#2299,1.);
#2299 = DIRECTION('',(-1.,0.,0.));
#2300 = PLANE('',#2301);
#2301 = AXIS2_PLACEMENT_3D('',#2302,#2303,#2304);
#2302 = CARTESIAN_POINT('',(-0.32,-9.84,-3.));
#2303 = DIRECTION('',(0.,1.,0.));
#2304 = DIRECTION('',(0.,-0.,1.));
#2305 = ADVANCED_FACE('',(#2306),#2317,.T.);
#2306 = FACE_BOUND('',#2307,.T.);
#2307 = EDGE_LOOP('',(#2308,#2309,#2310,#2311));
#2308 = ORIENTED_EDGE('',*,*,#2230,.F.);
#2309 = ORIENTED_EDGE('',*,*,#2120,.T.);
#2310 = ORIENTED_EDGE('',*,*,#2285,.T.);
#2311 = ORIENTED_EDGE('',*,*,#2312,.F.);
#2312 = EDGE_CURVE('',#2231,#2286,#2313,.T.);
#2313 = LINE('',#2314,#2315);
#2314 = CARTESIAN_POINT('',(0.32,-12.225,0.));
#2315 = VECTOR('',#2316,1.);
#2316 = DIRECTION('',(0.,1.,0.));
#2317 = PLANE('',#2318);
#2318 = AXIS2_PLACEMENT_3D('',#2319,#2320,#2321);
#2319 = CARTESIAN_POINT('',(0.32,-10.48,-3.));
#2320 = DIRECTION('',(1.,0.,0.));
#2321 = DIRECTION('',(0.,0.,1.));
#2322 = ADVANCED_FACE('',(#2323),#2348,.F.);
#2323 = FACE_BOUND('',#2324,.T.);
#2324 = EDGE_LOOP('',(#2325,#2326,#2334,#2342));
#2325 = ORIENTED_EDGE('',*,*,#1840,.F.);
#2326 = ORIENTED_EDGE('',*,*,#2327,.T.);
#2327 = EDGE_CURVE('',#1833,#2328,#2330,.T.);
#2328 = VERTEX_POINT('',#2329);
#2329 = CARTESIAN_POINT('',(1.27,-11.176,0.));
#2330 = LINE('',#2331,#2332);
#2331 = CARTESIAN_POINT('',(1.016,-11.43,0.));
#2332 = VECTOR('',#2333,1.);
#2333 = DIRECTION('',(0.707106781187,0.707106781187,0.));
#2334 = ORIENTED_EDGE('',*,*,#2335,.T.);
#2335 = EDGE_CURVE('',#2328,#2336,#2338,.T.);
#2336 = VERTEX_POINT('',#2337);
#2337 = CARTESIAN_POINT('',(1.27,-11.176,2.54));
#2338 = LINE('',#2339,#2340);
#2339 = CARTESIAN_POINT('',(1.27,-11.176,0.));
#2340 = VECTOR('',#2341,1.);
#2341 = DIRECTION('',(0.,0.,1.));
#2342 = ORIENTED_EDGE('',*,*,#2343,.F.);
#2343 = EDGE_CURVE('',#1841,#2336,#2344,.T.);
#2344 = LINE('',#2345,#2346);
#2345 = CARTESIAN_POINT('',(1.016,-11.43,2.54));
#2346 = VECTOR('',#2347,1.);
#2347 = DIRECTION('',(0.707106781187,0.707106781187,0.));
#2348 = PLANE('',#2349);
#2349 = AXIS2_PLACEMENT_3D('',#2350,#2351,#2352);
#2350 = CARTESIAN_POINT('',(1.016,-11.43,0.));
#2351 = DIRECTION('',(-0.707106781187,0.707106781187,0.));
#2352 = DIRECTION('',(0.707106781187,0.707106781187,0.));
#2353 = ADVANCED_FACE('',(#2354),#2379,.F.);
#2354 = FACE_BOUND('',#2355,.T.);
#2355 = EDGE_LOOP('',(#2356,#2357,#2365,#2373));
#2356 = ORIENTED_EDGE('',*,*,#2335,.F.);
#2357 = ORIENTED_EDGE('',*,*,#2358,.T.);
#2358 = EDGE_CURVE('',#2328,#2359,#2361,.T.);
#2359 = VERTEX_POINT('',#2360);
#2360 = CARTESIAN_POINT('',(1.27,-9.144,0.));
#2361 = LINE('',#2362,#2363);
#2362 = CARTESIAN_POINT('',(1.27,-11.176,0.));
#2363 = VECTOR('',#2364,1.);
#2364 = DIRECTION('',(0.,1.,0.));
#2365 = ORIENTED_EDGE('',*,*,#2366,.T.);
#2366 = EDGE_CURVE('',#2359,#2367,#2369,.T.);
#2367 = VERTEX_POINT('',#2368);
#2368 = CARTESIAN_POINT('',(1.27,-9.144,2.54));
#2369 = LINE('',#2370,#2371);
#2370 = CARTESIAN_POINT('',(1.27,-9.144,0.));
#2371 = VECTOR('',#2372,1.);
#2372 = DIRECTION('',(0.,0.,1.));
#2373 = ORIENTED_EDGE('',*,*,#2374,.F.);
#2374 = EDGE_CURVE('',#2336,#2367,#2375,.T.);
#2375 = LINE('',#2376,#2377);
#2376 = CARTESIAN_POINT('',(1.27,-11.176,2.54));
#2377 = VECTOR('',#2378,1.);
#2378 = DIRECTION('',(0.,1.,0.));
#2379 = PLANE('',#2380);
#2380 = AXIS2_PLACEMENT_3D('',#2381,#2382,#2383);
#2381 = CARTESIAN_POINT('',(1.27,-11.176,0.));
#2382 = DIRECTION('',(-1.,0.,0.));
#2383 = DIRECTION('',(0.,1.,0.));
#2384 = ADVANCED_FACE('',(#2385),#2410,.F.);
#2385 = FACE_BOUND('',#2386,.T.);
#2386 = EDGE_LOOP('',(#2387,#2397,#2403,#2404));
#2387 = ORIENTED_EDGE('',*,*,#2388,.F.);
#2388 = EDGE_CURVE('',#2389,#2391,#2393,.T.);
#2389 = VERTEX_POINT('',#2390);
#2390 = CARTESIAN_POINT('',(-1.27,-11.176,0.));
#2391 = VERTEX_POINT('',#2392);
#2392 = CARTESIAN_POINT('',(-1.27,-11.176,2.54));
#2393 = LINE('',#2394,#2395);
#2394 = CARTESIAN_POINT('',(-1.27,-11.176,0.));
#2395 = VECTOR('',#2396,1.);
#2396 = DIRECTION('',(0.,0.,1.));
#2397 = ORIENTED_EDGE('',*,*,#2398,.T.);
#2398 = EDGE_CURVE('',#2389,#1823,#2399,.T.);
#2399 = LINE('',#2400,#2401);
#2400 = CARTESIAN_POINT('',(-1.27,-11.176,0.));
#2401 = VECTOR('',#2402,1.);
#2402 = DIRECTION('',(0.707106781187,-0.707106781187,0.));
#2403 = ORIENTED_EDGE('',*,*,#1822,.T.);
#2404 = ORIENTED_EDGE('',*,*,#2405,.F.);
#2405 = EDGE_CURVE('',#2391,#1825,#2406,.T.);
#2406 = LINE('',#2407,#2408);
#2407 = CARTESIAN_POINT('',(-1.27,-11.176,2.54));
#2408 = VECTOR('',#2409,1.);
#2409 = DIRECTION('',(0.707106781187,-0.707106781187,0.));
#2410 = PLANE('',#2411);
#2411 = AXIS2_PLACEMENT_3D('',#2412,#2413,#2414);
#2412 = CARTESIAN_POINT('',(-1.27,-11.176,0.));
#2413 = DIRECTION('',(0.707106781187,0.707106781187,0.));
#2414 = DIRECTION('',(0.707106781187,-0.707106781187,0.));
#2415 = ADVANCED_FACE('',(#2416),#2441,.F.);
#2416 = FACE_BOUND('',#2417,.T.);
#2417 = EDGE_LOOP('',(#2418,#2419,#2427,#2435));
#2418 = ORIENTED_EDGE('',*,*,#2366,.F.);
#2419 = ORIENTED_EDGE('',*,*,#2420,.T.);
#2420 = EDGE_CURVE('',#2359,#2421,#2423,.T.);
#2421 = VERTEX_POINT('',#2422);
#2422 = CARTESIAN_POINT('',(1.016,-8.89,0.));
#2423 = LINE('',#2424,#2425);
#2424 = CARTESIAN_POINT('',(1.27,-9.144,0.));
#2425 = VECTOR('',#2426,1.);
#2426 = DIRECTION('',(-0.707106781187,0.707106781187,0.));
#2427 = ORIENTED_EDGE('',*,*,#2428,.T.);
#2428 = EDGE_CURVE('',#2421,#2429,#2431,.T.);
#2429 = VERTEX_POINT('',#2430);
#2430 = CARTESIAN_POINT('',(1.016,-8.89,2.54));
#2431 = LINE('',#2432,#2433);
#2432 = CARTESIAN_POINT('',(1.016,-8.89,0.));
#2433 = VECTOR('',#2434,1.);
#2434 = DIRECTION('',(0.,0.,1.));
#2435 = ORIENTED_EDGE('',*,*,#2436,.F.);
#2436 = EDGE_CURVE('',#2367,#2429,#2437,.T.);
#2437 = LINE('',#2438,#2439);
#2438 = CARTESIAN_POINT('',(1.27,-9.144,2.54));
#2439 = VECTOR('',#2440,1.);
#2440 = DIRECTION('',(-0.707106781187,0.707106781187,0.));
#2441 = PLANE('',#2442);
#2442 = AXIS2_PLACEMENT_3D('',#2443,#2444,#2445);
#2443 = CARTESIAN_POINT('',(1.27,-9.144,0.));
#2444 = DIRECTION('',(-0.707106781187,-0.707106781187,0.));
#2445 = DIRECTION('',(-0.707106781187,0.707106781187,0.));
#2446 = ADVANCED_FACE('',(#2447),#2472,.F.);
#2447 = FACE_BOUND('',#2448,.T.);
#2448 = EDGE_LOOP('',(#2449,#2459,#2465,#2466));
#2449 = ORIENTED_EDGE('',*,*,#2450,.F.);
#2450 = EDGE_CURVE('',#2451,#2453,#2455,.T.);
#2451 = VERTEX_POINT('',#2452);
#2452 = CARTESIAN_POINT('',(-1.27,-9.144,0.));
#2453 = VERTEX_POINT('',#2454);
#2454 = CARTESIAN_POINT('',(-1.27,-9.144,2.54));
#2455 = LINE('',#2456,#2457);
#2456 = CARTESIAN_POINT('',(-1.27,-9.144,0.));
#2457 = VECTOR('',#2458,1.);
#2458 = DIRECTION('',(0.,0.,1.));
#2459 = ORIENTED_EDGE('',*,*,#2460,.T.);
#2460 = EDGE_CURVE('',#2451,#2389,#2461,.T.);
#2461 = LINE('',#2462,#2463);
#2462 = CARTESIAN_POINT('',(-1.27,-9.144,0.));
#2463 = VECTOR('',#2464,1.);
#2464 = DIRECTION('',(0.,-1.,0.));
#2465 = ORIENTED_EDGE('',*,*,#2388,.T.);
#2466 = ORIENTED_EDGE('',*,*,#2467,.F.);
#2467 = EDGE_CURVE('',#2453,#2391,#2468,.T.);
#2468 = LINE('',#2469,#2470);
#2469 = CARTESIAN_POINT('',(-1.27,-9.144,2.54));
#2470 = VECTOR('',#2471,1.);
#2471 = DIRECTION('',(0.,-1.,0.));
#2472 = PLANE('',#2473);
#2473 = AXIS2_PLACEMENT_3D('',#2474,#2475,#2476);
#2474 = CARTESIAN_POINT('',(-1.27,-9.144,0.));
#2475 = DIRECTION('',(1.,0.,0.));
#2476 = DIRECTION('',(0.,-1.,0.));
#2477 = ADVANCED_FACE('',(#2478),#2503,.F.);
#2478 = FACE_BOUND('',#2479,.T.);
#2479 = EDGE_LOOP('',(#2480,#2490,#2496,#2497));
#2480 = ORIENTED_EDGE('',*,*,#2481,.F.);
#2481 = EDGE_CURVE('',#2482,#2484,#2486,.T.);
#2482 = VERTEX_POINT('',#2483);
#2483 = CARTESIAN_POINT('',(-1.016,-8.89,0.));
#2484 = VERTEX_POINT('',#2485);
#2485 = CARTESIAN_POINT('',(-1.016,-8.89,2.54));
#2486 = LINE('',#2487,#2488);
#2487 = CARTESIAN_POINT('',(-1.016,-8.89,0.));
#2488 = VECTOR('',#2489,1.);
#2489 = DIRECTION('',(0.,0.,1.));
#2490 = ORIENTED_EDGE('',*,*,#2491,.T.);
#2491 = EDGE_CURVE('',#2482,#2451,#2492,.T.);
#2492 = LINE('',#2493,#2494);
#2493 = CARTESIAN_POINT('',(-1.016,-8.89,0.));
#2494 = VECTOR('',#2495,1.);
#2495 = DIRECTION('',(-0.707106781187,-0.707106781187,0.));
#2496 = ORIENTED_EDGE('',*,*,#2450,.T.);
#2497 = ORIENTED_EDGE('',*,*,#2498,.F.);
#2498 = EDGE_CURVE('',#2484,#2453,#2499,.T.);
#2499 = LINE('',#2500,#2501);
#2500 = CARTESIAN_POINT('',(-1.016,-8.89,2.54));
#2501 = VECTOR('',#2502,1.);
#2502 = DIRECTION('',(-0.707106781187,-0.707106781187,0.));
#2503 = PLANE('',#2504);
#2504 = AXIS2_PLACEMENT_3D('',#2505,#2506,#2507);
#2505 = CARTESIAN_POINT('',(-1.016,-8.89,0.));
#2506 = DIRECTION('',(0.707106781187,-0.707106781187,0.));
#2507 = DIRECTION('',(-0.707106781187,-0.707106781187,0.));
#2508 = ADVANCED_FACE('',(#2509),#2543,.T.);
#2509 = FACE_BOUND('',#2510,.T.);
#2510 = EDGE_LOOP('',(#2511,#2521,#2529,#2537));
#2511 = ORIENTED_EDGE('',*,*,#2512,.T.);
#2512 = EDGE_CURVE('',#2513,#2515,#2517,.T.);
#2513 = VERTEX_POINT('',#2514);
#2514 = CARTESIAN_POINT('',(0.16,-0.16,8.54));
#2515 = VERTEX_POINT('',#2516);
#2516 = CARTESIAN_POINT('',(0.16,0.16,8.54));
#2517 = LINE('',#2518,#2519);
#2518 = CARTESIAN_POINT('',(0.16,-0.32,8.54));
#2519 = VECTOR('',#2520,1.);
#2520 = DIRECTION('',(0.,1.,0.));
#2521 = ORIENTED_EDGE('',*,*,#2522,.F.);
#2522 = EDGE_CURVE('',#2523,#2515,#2525,.T.);
#2523 = VERTEX_POINT('',#2524);
#2524 = CARTESIAN_POINT('',(-0.16,0.16,8.54));
#2525 = LINE('',#2526,#2527);
#2526 = CARTESIAN_POINT('',(-0.32,0.16,8.54));
#2527 = VECTOR('',#2528,1.);
#2528 = DIRECTION('',(1.,0.,0.));
#2529 = ORIENTED_EDGE('',*,*,#2530,.F.);
#2530 = EDGE_CURVE('',#2531,#2523,#2533,.T.);
#2531 = VERTEX_POINT('',#2532);
#2532 = CARTESIAN_POINT('',(-0.16,-0.16,8.54));
#2533 = LINE('',#2534,#2535);
#2534 = CARTESIAN_POINT('',(-0.16,-0.32,8.54));
#2535 = VECTOR('',#2536,1.);
#2536 = DIRECTION('',(0.,1.,0.));
#2537 = ORIENTED_EDGE('',*,*,#2538,.T.);
#2538 = EDGE_CURVE('',#2531,#2513,#2539,.T.);
#2539 = LINE('',#2540,#2541);
#2540 = CARTESIAN_POINT('',(-0.32,-0.16,8.54));
#2541 = VECTOR('',#2542,1.);
#2542 = DIRECTION('',(1.,0.,0.));
#2543 = PLANE('',#2544);
#2544 = AXIS2_PLACEMENT_3D('',#2545,#2546,#2547);
#2545 = CARTESIAN_POINT('',(-0.32,-0.32,8.54));
#2546 = DIRECTION('',(0.,0.,1.));
#2547 = DIRECTION('',(1.,0.,-0.));
#2548 = ADVANCED_FACE('',(#2549),#2583,.F.);
#2549 = FACE_BOUND('',#2550,.T.);
#2550 = EDGE_LOOP('',(#2551,#2561,#2569,#2577));
#2551 = ORIENTED_EDGE('',*,*,#2552,.F.);
#2552 = EDGE_CURVE('',#2553,#2555,#2557,.T.);
#2553 = VERTEX_POINT('',#2554);
#2554 = CARTESIAN_POINT('',(0.16,-0.16,-3.));
#2555 = VERTEX_POINT('',#2556);
#2556 = CARTESIAN_POINT('',(0.16,0.16,-3.));
#2557 = LINE('',#2558,#2559);
#2558 = CARTESIAN_POINT('',(0.16,-0.32,-3.));
#2559 = VECTOR('',#2560,1.);
#2560 = DIRECTION('',(0.,1.,0.));
#2561 = ORIENTED_EDGE('',*,*,#2562,.F.);
#2562 = EDGE_CURVE('',#2563,#2553,#2565,.T.);
#2563 = VERTEX_POINT('',#2564);
#2564 = CARTESIAN_POINT('',(-0.16,-0.16,-3.));
#2565 = LINE('',#2566,#2567);
#2566 = CARTESIAN_POINT('',(-0.32,-0.16,-3.));
#2567 = VECTOR('',#2568,1.);
#2568 = DIRECTION('',(1.,0.,0.));
#2569 = ORIENTED_EDGE('',*,*,#2570,.T.);
#2570 = EDGE_CURVE('',#2563,#2571,#2573,.T.);
#2571 = VERTEX_POINT('',#2572);
#2572 = CARTESIAN_POINT('',(-0.16,0.16,-3.));
#2573 = LINE('',#2574,#2575);
#2574 = CARTESIAN_POINT('',(-0.16,-0.32,-3.));
#2575 = VECTOR('',#2576,1.);
#2576 = DIRECTION('',(0.,1.,0.));
#2577 = ORIENTED_EDGE('',*,*,#2578,.T.);
#2578 = EDGE_CURVE('',#2571,#2555,#2579,.T.);
#2579 = LINE('',#2580,#2581);
#2580 = CARTESIAN_POINT('',(-0.32,0.16,-3.));
#2581 = VECTOR('',#2582,1.);
#2582 = DIRECTION('',(1.,0.,0.));
#2583 = PLANE('',#2584);
#2584 = AXIS2_PLACEMENT_3D('',#2585,#2586,#2587);
#2585 = CARTESIAN_POINT('',(-0.32,-0.32,-3.));
#2586 = DIRECTION('',(0.,0.,1.));
#2587 = DIRECTION('',(1.,0.,-0.));
#2588 = ADVANCED_FACE('',(#2589),#2614,.F.);
#2589 = FACE_BOUND('',#2590,.T.);
#2590 = EDGE_LOOP('',(#2591,#2599,#2607,#2613));
#2591 = ORIENTED_EDGE('',*,*,#2592,.F.);
#2592 = EDGE_CURVE('',#2593,#2531,#2595,.T.);
#2593 = VERTEX_POINT('',#2594);
#2594 = CARTESIAN_POINT('',(-0.32,-0.32,8.38));
#2595 = LINE('',#2596,#2597);
#2596 = CARTESIAN_POINT('',(-0.266666666667,-0.266666666667,
    8.433333333333));
#2597 = VECTOR('',#2598,1.);
#2598 = DIRECTION('',(0.57735026919,0.57735026919,0.57735026919));
#2599 = ORIENTED_EDGE('',*,*,#2600,.T.);
#2600 = EDGE_CURVE('',#2593,#2601,#2603,.T.);
#2601 = VERTEX_POINT('',#2602);
#2602 = CARTESIAN_POINT('',(0.32,-0.32,8.38));
#2603 = LINE('',#2604,#2605);
#2604 = CARTESIAN_POINT('',(-0.32,-0.32,8.38));
#2605 = VECTOR('',#2606,1.);
#2606 = DIRECTION('',(1.,0.,0.));
#2607 = ORIENTED_EDGE('',*,*,#2608,.T.);
#2608 = EDGE_CURVE('',#2601,#2513,#2609,.T.);
#2609 = LINE('',#2610,#2611);
#2610 = CARTESIAN_POINT('',(0.16,-0.16,8.54));
#2611 = VECTOR('',#2612,1.);
#2612 = DIRECTION('',(-0.57735026919,0.57735026919,0.57735026919));
#2613 = ORIENTED_EDGE('',*,*,#2538,.F.);
#2614 = PLANE('',#2615);
#2615 = AXIS2_PLACEMENT_3D('',#2616,#2617,#2618);
#2616 = CARTESIAN_POINT('',(-0.32,-0.24,8.46));
#2617 = DIRECTION('',(-1.735167508357E-18,0.707106781187,-0.707106781187
    ));
#2618 = DIRECTION('',(-1.,-1.226948711654E-18,1.226948711654E-18));
#2619 = ADVANCED_FACE('',(#2620),#2638,.F.);
#2620 = FACE_BOUND('',#2621,.T.);
#2621 = EDGE_LOOP('',(#2622,#2623,#2624,#2632));
#2622 = ORIENTED_EDGE('',*,*,#2592,.T.);
#2623 = ORIENTED_EDGE('',*,*,#2530,.T.);
#2624 = ORIENTED_EDGE('',*,*,#2625,.F.);
#2625 = EDGE_CURVE('',#2626,#2523,#2628,.T.);
#2626 = VERTEX_POINT('',#2627);
#2627 = CARTESIAN_POINT('',(-0.32,0.32,8.38));
#2628 = LINE('',#2629,#2630);
#2629 = CARTESIAN_POINT('',(-0.16,0.16,8.54));
#2630 = VECTOR('',#2631,1.);
#2631 = DIRECTION('',(0.57735026919,-0.57735026919,0.57735026919));
#2632 = ORIENTED_EDGE('',*,*,#2633,.F.);
#2633 = EDGE_CURVE('',#2593,#2626,#2634,.T.);
#2634 = LINE('',#2635,#2636);
#2635 = CARTESIAN_POINT('',(-0.32,-0.32,8.38));
#2636 = VECTOR('',#2637,1.);
#2637 = DIRECTION('',(0.,1.,0.));
#2638 = PLANE('',#2639);
#2639 = AXIS2_PLACEMENT_3D('',#2640,#2641,#2642);
#2640 = CARTESIAN_POINT('',(-0.24,-0.32,8.46));
#2641 = DIRECTION('',(0.707106781187,1.735167508357E-18,-0.707106781187)
  );
#2642 = DIRECTION('',(-1.226948711654E-18,1.,1.226948711654E-18));
#2643 = ADVANCED_FACE('',(#2644),#2662,.T.);
#2644 = FACE_BOUND('',#2645,.T.);
#2645 = EDGE_LOOP('',(#2646,#2647,#2648,#2656));
#2646 = ORIENTED_EDGE('',*,*,#2625,.T.);
#2647 = ORIENTED_EDGE('',*,*,#2522,.T.);
#2648 = ORIENTED_EDGE('',*,*,#2649,.F.);
#2649 = EDGE_CURVE('',#2650,#2515,#2652,.T.);
#2650 = VERTEX_POINT('',#2651);
#2651 = CARTESIAN_POINT('',(0.32,0.32,8.38));
#2652 = LINE('',#2653,#2654);
#2653 = CARTESIAN_POINT('',(5.333333333333E-02,5.333333333333E-02,
    8.646666666667));
#2654 = VECTOR('',#2655,1.);
#2655 = DIRECTION('',(-0.57735026919,-0.57735026919,0.57735026919));
#2656 = ORIENTED_EDGE('',*,*,#2657,.F.);
#2657 = EDGE_CURVE('',#2626,#2650,#2658,.T.);
#2658 = LINE('',#2659,#2660);
#2659 = CARTESIAN_POINT('',(-0.32,0.32,8.38));
#2660 = VECTOR('',#2661,1.);
#2661 = DIRECTION('',(1.,0.,0.));
#2662 = PLANE('',#2663);
#2663 = AXIS2_PLACEMENT_3D('',#2664,#2665,#2666);
#2664 = CARTESIAN_POINT('',(-0.32,0.24,8.46));
#2665 = DIRECTION('',(1.735167508357E-18,0.707106781187,0.707106781187)
  );
#2666 = DIRECTION('',(-1.,1.226948711654E-18,1.226948711654E-18));
#2667 = ADVANCED_FACE('',(#2668),#2679,.T.);
#2668 = FACE_BOUND('',#2669,.T.);
#2669 = EDGE_LOOP('',(#2670,#2671,#2677,#2678));
#2670 = ORIENTED_EDGE('',*,*,#2608,.F.);
#2671 = ORIENTED_EDGE('',*,*,#2672,.T.);
#2672 = EDGE_CURVE('',#2601,#2650,#2673,.T.);
#2673 = LINE('',#2674,#2675);
#2674 = CARTESIAN_POINT('',(0.32,-0.32,8.38));
#2675 = VECTOR('',#2676,1.);
#2676 = DIRECTION('',(0.,1.,0.));
#2677 = ORIENTED_EDGE('',*,*,#2649,.T.);
#2678 = ORIENTED_EDGE('',*,*,#2512,.F.);
#2679 = PLANE('',#2680);
#2680 = AXIS2_PLACEMENT_3D('',#2681,#2682,#2683);
#2681 = CARTESIAN_POINT('',(0.24,-0.32,8.46));
#2682 = DIRECTION('',(0.707106781187,-1.735167508357E-18,0.707106781187)
  );
#2683 = DIRECTION('',(1.226948711654E-18,1.,1.226948711654E-18));
#2684 = ADVANCED_FACE('',(#2685),#2710,.T.);
#2685 = FACE_BOUND('',#2686,.T.);
#2686 = EDGE_LOOP('',(#2687,#2695,#2696,#2704));
#2687 = ORIENTED_EDGE('',*,*,#2688,.T.);
#2688 = EDGE_CURVE('',#2689,#2563,#2691,.T.);
#2689 = VERTEX_POINT('',#2690);
#2690 = CARTESIAN_POINT('',(-0.32,-0.32,-2.84));
#2691 = LINE('',#2692,#2693);
#2692 = CARTESIAN_POINT('',(-0.266666666667,-0.266666666667,
    -2.893333333333));
#2693 = VECTOR('',#2694,1.);
#2694 = DIRECTION('',(0.57735026919,0.57735026919,-0.57735026919));
#2695 = ORIENTED_EDGE('',*,*,#2562,.T.);
#2696 = ORIENTED_EDGE('',*,*,#2697,.F.);
#2697 = EDGE_CURVE('',#2698,#2553,#2700,.T.);
#2698 = VERTEX_POINT('',#2699);
#2699 = CARTESIAN_POINT('',(0.32,-0.32,-2.84));
#2700 = LINE('',#2701,#2702);
#2701 = CARTESIAN_POINT('',(0.16,-0.16,-3.));
#2702 = VECTOR('',#2703,1.);
#2703 = DIRECTION('',(-0.57735026919,0.57735026919,-0.57735026919));
#2704 = ORIENTED_EDGE('',*,*,#2705,.F.);
#2705 = EDGE_CURVE('',#2689,#2698,#2706,.T.);
#2706 = LINE('',#2707,#2708);
#2707 = CARTESIAN_POINT('',(-0.32,-0.32,-2.84));
#2708 = VECTOR('',#2709,1.);
#2709 = DIRECTION('',(1.,0.,0.));
#2710 = PLANE('',#2711);
#2711 = AXIS2_PLACEMENT_3D('',#2712,#2713,#2714);
#2712 = CARTESIAN_POINT('',(-0.32,-0.24,-2.92));
#2713 = DIRECTION('',(1.735167508357E-18,-0.707106781187,-0.707106781187
    ));
#2714 = DIRECTION('',(-1.,-1.226948711654E-18,-1.226948711654E-18));
#2715 = ADVANCED_FACE('',(#2716),#2734,.T.);
#2716 = FACE_BOUND('',#2717,.T.);
#2717 = EDGE_LOOP('',(#2718,#2719,#2727,#2733));
#2718 = ORIENTED_EDGE('',*,*,#2688,.F.);
#2719 = ORIENTED_EDGE('',*,*,#2720,.T.);
#2720 = EDGE_CURVE('',#2689,#2721,#2723,.T.);
#2721 = VERTEX_POINT('',#2722);
#2722 = CARTESIAN_POINT('',(-0.32,0.32,-2.84));
#2723 = LINE('',#2724,#2725);
#2724 = CARTESIAN_POINT('',(-0.32,-0.32,-2.84));
#2725 = VECTOR('',#2726,1.);
#2726 = DIRECTION('',(0.,1.,0.));
#2727 = ORIENTED_EDGE('',*,*,#2728,.T.);
#2728 = EDGE_CURVE('',#2721,#2571,#2729,.T.);
#2729 = LINE('',#2730,#2731);
#2730 = CARTESIAN_POINT('',(-0.16,0.16,-3.));
#2731 = VECTOR('',#2732,1.);
#2732 = DIRECTION('',(0.57735026919,-0.57735026919,-0.57735026919));
#2733 = ORIENTED_EDGE('',*,*,#2570,.F.);
#2734 = PLANE('',#2735);
#2735 = AXIS2_PLACEMENT_3D('',#2736,#2737,#2738);
#2736 = CARTESIAN_POINT('',(-0.24,-0.32,-2.92));
#2737 = DIRECTION('',(-0.707106781187,-1.735167508357E-18,
    -0.707106781187));
#2738 = DIRECTION('',(-1.226948711654E-18,1.,-1.226948711654E-18));
#2739 = ADVANCED_FACE('',(#2740),#2758,.F.);
#2740 = FACE_BOUND('',#2741,.T.);
#2741 = EDGE_LOOP('',(#2742,#2743,#2751,#2757));
#2742 = ORIENTED_EDGE('',*,*,#2728,.F.);
#2743 = ORIENTED_EDGE('',*,*,#2744,.T.);
#2744 = EDGE_CURVE('',#2721,#2745,#2747,.T.);
#2745 = VERTEX_POINT('',#2746);
#2746 = CARTESIAN_POINT('',(0.32,0.32,-2.84));
#2747 = LINE('',#2748,#2749);
#2748 = CARTESIAN_POINT('',(-0.32,0.32,-2.84));
#2749 = VECTOR('',#2750,1.);
#2750 = DIRECTION('',(1.,0.,0.));
#2751 = ORIENTED_EDGE('',*,*,#2752,.T.);
#2752 = EDGE_CURVE('',#2745,#2555,#2753,.T.);
#2753 = LINE('',#2754,#2755);
#2754 = CARTESIAN_POINT('',(5.333333333333E-02,5.333333333333E-02,
    -3.106666666667));
#2755 = VECTOR('',#2756,1.);
#2756 = DIRECTION('',(-0.57735026919,-0.57735026919,-0.57735026919));
#2757 = ORIENTED_EDGE('',*,*,#2578,.F.);
#2758 = PLANE('',#2759);
#2759 = AXIS2_PLACEMENT_3D('',#2760,#2761,#2762);
#2760 = CARTESIAN_POINT('',(-0.32,0.24,-2.92));
#2761 = DIRECTION('',(-1.735167508357E-18,-0.707106781187,0.707106781187
    ));
#2762 = DIRECTION('',(-1.,1.226948711654E-18,-1.226948711654E-18));
#2763 = ADVANCED_FACE('',(#2764),#2775,.F.);
#2764 = FACE_BOUND('',#2765,.T.);
#2765 = EDGE_LOOP('',(#2766,#2767,#2768,#2769));
#2766 = ORIENTED_EDGE('',*,*,#2697,.T.);
#2767 = ORIENTED_EDGE('',*,*,#2552,.T.);
#2768 = ORIENTED_EDGE('',*,*,#2752,.F.);
#2769 = ORIENTED_EDGE('',*,*,#2770,.F.);
#2770 = EDGE_CURVE('',#2698,#2745,#2771,.T.);
#2771 = LINE('',#2772,#2773);
#2772 = CARTESIAN_POINT('',(0.32,-0.32,-2.84));
#2773 = VECTOR('',#2774,1.);
#2774 = DIRECTION('',(0.,1.,0.));
#2775 = PLANE('',#2776);
#2776 = AXIS2_PLACEMENT_3D('',#2777,#2778,#2779);
#2777 = CARTESIAN_POINT('',(0.24,-0.32,-2.92));
#2778 = DIRECTION('',(-0.707106781187,1.735167508357E-18,0.707106781187)
  );
#2779 = DIRECTION('',(1.226948711654E-18,1.,-1.226948711654E-18));
#2780 = ADVANCED_FACE('',(#2781),#2806,.F.);
#2781 = FACE_BOUND('',#2782,.T.);
#2782 = EDGE_LOOP('',(#2783,#2791,#2792,#2800));
#2783 = ORIENTED_EDGE('',*,*,#2784,.T.);
#2784 = EDGE_CURVE('',#2785,#2601,#2787,.T.);
#2785 = VERTEX_POINT('',#2786);
#2786 = CARTESIAN_POINT('',(0.32,-0.32,2.54));
#2787 = LINE('',#2788,#2789);
#2788 = CARTESIAN_POINT('',(0.32,-0.32,-3.));
#2789 = VECTOR('',#2790,1.);
#2790 = DIRECTION('',(0.,0.,1.));
#2791 = ORIENTED_EDGE('',*,*,#2600,.F.);
#2792 = ORIENTED_EDGE('',*,*,#2793,.F.);
#2793 = EDGE_CURVE('',#2794,#2593,#2796,.T.);
#2794 = VERTEX_POINT('',#2795);
#2795 = CARTESIAN_POINT('',(-0.32,-0.32,2.54));
#2796 = LINE('',#2797,#2798);
#2797 = CARTESIAN_POINT('',(-0.32,-0.32,-3.));
#2798 = VECTOR('',#2799,1.);
#2799 = DIRECTION('',(0.,0.,1.));
#2800 = ORIENTED_EDGE('',*,*,#2801,.F.);
#2801 = EDGE_CURVE('',#2785,#2794,#2802,.T.);
#2802 = LINE('',#2803,#2804);
#2803 = CARTESIAN_POINT('',(-0.16,-0.32,2.54));
#2804 = VECTOR('',#2805,1.);
#2805 = DIRECTION('',(-1.,0.,0.));
#2806 = PLANE('',#2807);
#2807 = AXIS2_PLACEMENT_3D('',#2808,#2809,#2810);
#2808 = CARTESIAN_POINT('',(-0.32,-0.32,-3.));
#2809 = DIRECTION('',(0.,1.,0.));
#2810 = DIRECTION('',(0.,-0.,1.));
#2811 = ADVANCED_FACE('',(#2812),#2830,.F.);
#2812 = FACE_BOUND('',#2813,.T.);
#2813 = EDGE_LOOP('',(#2814,#2815,#2816,#2824));
#2814 = ORIENTED_EDGE('',*,*,#2793,.T.);
#2815 = ORIENTED_EDGE('',*,*,#2633,.T.);
#2816 = ORIENTED_EDGE('',*,*,#2817,.F.);
#2817 = EDGE_CURVE('',#2818,#2626,#2820,.T.);
#2818 = VERTEX_POINT('',#2819);
#2819 = CARTESIAN_POINT('',(-0.32,0.32,2.54));
#2820 = LINE('',#2821,#2822);
#2821 = CARTESIAN_POINT('',(-0.32,0.32,-3.));
#2822 = VECTOR('',#2823,1.);
#2823 = DIRECTION('',(0.,0.,1.));
#2824 = ORIENTED_EDGE('',*,*,#2825,.F.);
#2825 = EDGE_CURVE('',#2794,#2818,#2826,.T.);
#2826 = LINE('',#2827,#2828);
#2827 = CARTESIAN_POINT('',(-0.32,-2.065,2.54));
#2828 = VECTOR('',#2829,1.);
#2829 = DIRECTION('',(0.,1.,0.));
#2830 = PLANE('',#2831);
#2831 = AXIS2_PLACEMENT_3D('',#2832,#2833,#2834);
#2832 = CARTESIAN_POINT('',(-0.32,-0.32,-3.));
#2833 = DIRECTION('',(1.,0.,0.));
#2834 = DIRECTION('',(0.,0.,1.));
#2835 = ADVANCED_FACE('',(#2836),#2854,.T.);
#2836 = FACE_BOUND('',#2837,.T.);
#2837 = EDGE_LOOP('',(#2838,#2846,#2852,#2853));
#2838 = ORIENTED_EDGE('',*,*,#2839,.F.);
#2839 = EDGE_CURVE('',#2840,#2650,#2842,.T.);
#2840 = VERTEX_POINT('',#2841);
#2841 = CARTESIAN_POINT('',(0.32,0.32,2.54));
#2842 = LINE('',#2843,#2844);
#2843 = CARTESIAN_POINT('',(0.32,0.32,-3.));
#2844 = VECTOR('',#2845,1.);
#2845 = DIRECTION('',(0.,0.,1.));
#2846 = ORIENTED_EDGE('',*,*,#2847,.T.);
#2847 = EDGE_CURVE('',#2840,#2818,#2848,.T.);
#2848 = LINE('',#2849,#2850);
#2849 = CARTESIAN_POINT('',(-0.16,0.32,2.54));
#2850 = VECTOR('',#2851,1.);
#2851 = DIRECTION('',(-1.,0.,0.));
#2852 = ORIENTED_EDGE('',*,*,#2817,.T.);
#2853 = ORIENTED_EDGE('',*,*,#2657,.T.);
#2854 = PLANE('',#2855);
#2855 = AXIS2_PLACEMENT_3D('',#2856,#2857,#2858);
#2856 = CARTESIAN_POINT('',(-0.32,0.32,-3.));
#2857 = DIRECTION('',(0.,1.,0.));
#2858 = DIRECTION('',(0.,-0.,1.));
#2859 = ADVANCED_FACE('',(#2860),#2871,.T.);
#2860 = FACE_BOUND('',#2861,.T.);
#2861 = EDGE_LOOP('',(#2862,#2863,#2869,#2870));
#2862 = ORIENTED_EDGE('',*,*,#2784,.F.);
#2863 = ORIENTED_EDGE('',*,*,#2864,.T.);
#2864 = EDGE_CURVE('',#2785,#2840,#2865,.T.);
#2865 = LINE('',#2866,#2867);
#2866 = CARTESIAN_POINT('',(0.32,-2.065,2.54));
#2867 = VECTOR('',#2868,1.);
#2868 = DIRECTION('',(0.,1.,0.));
#2869 = ORIENTED_EDGE('',*,*,#2839,.T.);
#2870 = ORIENTED_EDGE('',*,*,#2672,.F.);
#2871 = PLANE('',#2872);
#2872 = AXIS2_PLACEMENT_3D('',#2873,#2874,#2875);
#2873 = CARTESIAN_POINT('',(0.32,-0.32,-3.));
#2874 = DIRECTION('',(1.,0.,0.));
#2875 = DIRECTION('',(0.,0.,1.));
#2876 = ADVANCED_FACE('',(#2877),#2902,.F.);
#2877 = FACE_BOUND('',#2878,.T.);
#2878 = EDGE_LOOP('',(#2879,#2887,#2895,#2901));
#2879 = ORIENTED_EDGE('',*,*,#2880,.T.);
#2880 = EDGE_CURVE('',#2698,#2881,#2883,.T.);
#2881 = VERTEX_POINT('',#2882);
#2882 = CARTESIAN_POINT('',(0.32,-0.32,0.));
#2883 = LINE('',#2884,#2885);
#2884 = CARTESIAN_POINT('',(0.32,-0.32,-3.));
#2885 = VECTOR('',#2886,1.);
#2886 = DIRECTION('',(0.,0.,1.));
#2887 = ORIENTED_EDGE('',*,*,#2888,.T.);
#2888 = EDGE_CURVE('',#2881,#2889,#2891,.T.);
#2889 = VERTEX_POINT('',#2890);
#2890 = CARTESIAN_POINT('',(-0.32,-0.32,0.));
#2891 = LINE('',#2892,#2893);
#2892 = CARTESIAN_POINT('',(-0.16,-0.32,0.));
#2893 = VECTOR('',#2894,1.);
#2894 = DIRECTION('',(-1.,0.,0.));
#2895 = ORIENTED_EDGE('',*,*,#2896,.F.);
#2896 = EDGE_CURVE('',#2689,#2889,#2897,.T.);
#2897 = LINE('',#2898,#2899);
#2898 = CARTESIAN_POINT('',(-0.32,-0.32,-3.));
#2899 = VECTOR('',#2900,1.);
#2900 = DIRECTION('',(0.,0.,1.));
#2901 = ORIENTED_EDGE('',*,*,#2705,.T.);
#2902 = PLANE('',#2903);
#2903 = AXIS2_PLACEMENT_3D('',#2904,#2905,#2906);
#2904 = CARTESIAN_POINT('',(-0.32,-0.32,-3.));
#2905 = DIRECTION('',(0.,1.,0.));
#2906 = DIRECTION('',(0.,-0.,1.));
#2907 = ADVANCED_FACE('',(#2908),#2926,.F.);
#2908 = FACE_BOUND('',#2909,.T.);
#2909 = EDGE_LOOP('',(#2910,#2911,#2919,#2925));
#2910 = ORIENTED_EDGE('',*,*,#2896,.T.);
#2911 = ORIENTED_EDGE('',*,*,#2912,.T.);
#2912 = EDGE_CURVE('',#2889,#2913,#2915,.T.);
#2913 = VERTEX_POINT('',#2914);
#2914 = CARTESIAN_POINT('',(-0.32,0.32,0.));
#2915 = LINE('',#2916,#2917);
#2916 = CARTESIAN_POINT('',(-0.32,-2.065,0.));
#2917 = VECTOR('',#2918,1.);
#2918 = DIRECTION('',(0.,1.,0.));
#2919 = ORIENTED_EDGE('',*,*,#2920,.F.);
#2920 = EDGE_CURVE('',#2721,#2913,#2921,.T.);
#2921 = LINE('',#2922,#2923);
#2922 = CARTESIAN_POINT('',(-0.32,0.32,-3.));
#2923 = VECTOR('',#2924,1.);
#2924 = DIRECTION('',(0.,0.,1.));
#2925 = ORIENTED_EDGE('',*,*,#2720,.F.);
#2926 = PLANE('',#2927);
#2927 = AXIS2_PLACEMENT_3D('',#2928,#2929,#2930);
#2928 = CARTESIAN_POINT('',(-0.32,-0.32,-3.));
#2929 = DIRECTION('',(1.,0.,0.));
#2930 = DIRECTION('',(0.,0.,1.));
#2931 = ADVANCED_FACE('',(#2932),#2950,.T.);
#2932 = FACE_BOUND('',#2933,.T.);
#2933 = EDGE_LOOP('',(#2934,#2942,#2943,#2944));
#2934 = ORIENTED_EDGE('',*,*,#2935,.F.);
#2935 = EDGE_CURVE('',#2745,#2936,#2938,.T.);
#2936 = VERTEX_POINT('',#2937);
#2937 = CARTESIAN_POINT('',(0.32,0.32,0.));
#2938 = LINE('',#2939,#2940);
#2939 = CARTESIAN_POINT('',(0.32,0.32,-3.));
#2940 = VECTOR('',#2941,1.);
#2941 = DIRECTION('',(0.,0.,1.));
#2942 = ORIENTED_EDGE('',*,*,#2744,.F.);
#2943 = ORIENTED_EDGE('',*,*,#2920,.T.);
#2944 = ORIENTED_EDGE('',*,*,#2945,.F.);
#2945 = EDGE_CURVE('',#2936,#2913,#2946,.T.);
#2946 = LINE('',#2947,#2948);
#2947 = CARTESIAN_POINT('',(-0.16,0.32,0.));
#2948 = VECTOR('',#2949,1.);
#2949 = DIRECTION('',(-1.,0.,0.));
#2950 = PLANE('',#2951);
#2951 = AXIS2_PLACEMENT_3D('',#2952,#2953,#2954);
#2952 = CARTESIAN_POINT('',(-0.32,0.32,-3.));
#2953 = DIRECTION('',(0.,1.,0.));
#2954 = DIRECTION('',(0.,-0.,1.));
#2955 = ADVANCED_FACE('',(#2956),#2967,.T.);
#2956 = FACE_BOUND('',#2957,.T.);
#2957 = EDGE_LOOP('',(#2958,#2959,#2960,#2961));
#2958 = ORIENTED_EDGE('',*,*,#2880,.F.);
#2959 = ORIENTED_EDGE('',*,*,#2770,.T.);
#2960 = ORIENTED_EDGE('',*,*,#2935,.T.);
#2961 = ORIENTED_EDGE('',*,*,#2962,.F.);
#2962 = EDGE_CURVE('',#2881,#2936,#2963,.T.);
#2963 = LINE('',#2964,#2965);
#2964 = CARTESIAN_POINT('',(0.32,-2.065,0.));
#2965 = VECTOR('',#2966,1.);
#2966 = DIRECTION('',(0.,1.,0.));
#2967 = PLANE('',#2968);
#2968 = AXIS2_PLACEMENT_3D('',#2969,#2970,#2971);
#2969 = CARTESIAN_POINT('',(0.32,-0.32,-3.));
#2970 = DIRECTION('',(1.,0.,0.));
#2971 = DIRECTION('',(0.,0.,1.));
#2972 = ADVANCED_FACE('',(#2973),#3007,.F.);
#2973 = FACE_BOUND('',#2974,.T.);
#2974 = EDGE_LOOP('',(#2975,#2985,#2993,#3001));
#2975 = ORIENTED_EDGE('',*,*,#2976,.F.);
#2976 = EDGE_CURVE('',#2977,#2979,#2981,.T.);
#2977 = VERTEX_POINT('',#2978);
#2978 = CARTESIAN_POINT('',(1.016,-1.27,0.));
#2979 = VERTEX_POINT('',#2980);
#2980 = CARTESIAN_POINT('',(1.016,-1.27,2.54));
#2981 = LINE('',#2982,#2983);
#2982 = CARTESIAN_POINT('',(1.016,-1.27,0.));
#2983 = VECTOR('',#2984,1.);
#2984 = DIRECTION('',(0.,0.,1.));
#2985 = ORIENTED_EDGE('',*,*,#2986,.T.);
#2986 = EDGE_CURVE('',#2977,#2987,#2989,.T.);
#2987 = VERTEX_POINT('',#2988);
#2988 = CARTESIAN_POINT('',(1.27,-1.016,0.));
#2989 = LINE('',#2990,#2991);
#2990 = CARTESIAN_POINT('',(1.016,-1.27,0.));
#2991 = VECTOR('',#2992,1.);
#2992 = DIRECTION('',(0.707106781187,0.707106781187,0.));
#2993 = ORIENTED_EDGE('',*,*,#2994,.T.);
#2994 = EDGE_CURVE('',#2987,#2995,#2997,.T.);
#2995 = VERTEX_POINT('',#2996);
#2996 = CARTESIAN_POINT('',(1.27,-1.016,2.54));
#2997 = LINE('',#2998,#2999);
#2998 = CARTESIAN_POINT('',(1.27,-1.016,0.));
#2999 = VECTOR('',#3000,1.);
#3000 = DIRECTION('',(0.,0.,1.));
#3001 = ORIENTED_EDGE('',*,*,#3002,.F.);
#3002 = EDGE_CURVE('',#2979,#2995,#3003,.T.);
#3003 = LINE('',#3004,#3005);
#3004 = CARTESIAN_POINT('',(1.016,-1.27,2.54));
#3005 = VECTOR('',#3006,1.);
#3006 = DIRECTION('',(0.707106781187,0.707106781187,0.));
#3007 = PLANE('',#3008);
#3008 = AXIS2_PLACEMENT_3D('',#3009,#3010,#3011);
#3009 = CARTESIAN_POINT('',(1.016,-1.27,0.));
#3010 = DIRECTION('',(-0.707106781187,0.707106781187,0.));
#3011 = DIRECTION('',(0.707106781187,0.707106781187,0.));
#3012 = ADVANCED_FACE('',(#3013),#3038,.F.);
#3013 = FACE_BOUND('',#3014,.T.);
#3014 = EDGE_LOOP('',(#3015,#3016,#3024,#3032));
#3015 = ORIENTED_EDGE('',*,*,#2994,.F.);
#3016 = ORIENTED_EDGE('',*,*,#3017,.T.);
#3017 = EDGE_CURVE('',#2987,#3018,#3020,.T.);
#3018 = VERTEX_POINT('',#3019);
#3019 = CARTESIAN_POINT('',(1.27,1.016,0.));
#3020 = LINE('',#3021,#3022);
#3021 = CARTESIAN_POINT('',(1.27,-1.016,0.));
#3022 = VECTOR('',#3023,1.);
#3023 = DIRECTION('',(0.,1.,0.));
#3024 = ORIENTED_EDGE('',*,*,#3025,.T.);
#3025 = EDGE_CURVE('',#3018,#3026,#3028,.T.);
#3026 = VERTEX_POINT('',#3027);
#3027 = CARTESIAN_POINT('',(1.27,1.016,2.54));
#3028 = LINE('',#3029,#3030);
#3029 = CARTESIAN_POINT('',(1.27,1.016,0.));
#3030 = VECTOR('',#3031,1.);
#3031 = DIRECTION('',(0.,0.,1.));
#3032 = ORIENTED_EDGE('',*,*,#3033,.F.);
#3033 = EDGE_CURVE('',#2995,#3026,#3034,.T.);
#3034 = LINE('',#3035,#3036);
#3035 = CARTESIAN_POINT('',(1.27,-1.016,2.54));
#3036 = VECTOR('',#3037,1.);
#3037 = DIRECTION('',(0.,1.,0.));
#3038 = PLANE('',#3039);
#3039 = AXIS2_PLACEMENT_3D('',#3040,#3041,#3042);
#3040 = CARTESIAN_POINT('',(1.27,-1.016,0.));
#3041 = DIRECTION('',(-1.,0.,0.));
#3042 = DIRECTION('',(0.,1.,0.));
#3043 = ADVANCED_FACE('',(#3044),#3078,.F.);
#3044 = FACE_BOUND('',#3045,.T.);
#3045 = EDGE_LOOP('',(#3046,#3056,#3064,#3072));
#3046 = ORIENTED_EDGE('',*,*,#3047,.F.);
#3047 = EDGE_CURVE('',#3048,#3050,#3052,.T.);
#3048 = VERTEX_POINT('',#3049);
#3049 = CARTESIAN_POINT('',(-1.27,-1.016,0.));
#3050 = VERTEX_POINT('',#3051);
#3051 = CARTESIAN_POINT('',(-1.27,-1.016,2.54));
#3052 = LINE('',#3053,#3054);
#3053 = CARTESIAN_POINT('',(-1.27,-1.016,0.));
#3054 = VECTOR('',#3055,1.);
#3055 = DIRECTION('',(0.,0.,1.));
#3056 = ORIENTED_EDGE('',*,*,#3057,.T.);
#3057 = EDGE_CURVE('',#3048,#3058,#3060,.T.);
#3058 = VERTEX_POINT('',#3059);
#3059 = CARTESIAN_POINT('',(-1.016,-1.27,0.));
#3060 = LINE('',#3061,#3062);
#3061 = CARTESIAN_POINT('',(-1.27,-1.016,0.));
#3062 = VECTOR('',#3063,1.);
#3063 = DIRECTION('',(0.707106781187,-0.707106781187,0.));
#3064 = ORIENTED_EDGE('',*,*,#3065,.T.);
#3065 = EDGE_CURVE('',#3058,#3066,#3068,.T.);
#3066 = VERTEX_POINT('',#3067);
#3067 = CARTESIAN_POINT('',(-1.016,-1.27,2.54));
#3068 = LINE('',#3069,#3070);
#3069 = CARTESIAN_POINT('',(-1.016,-1.27,0.));
#3070 = VECTOR('',#3071,1.);
#3071 = DIRECTION('',(0.,0.,1.));
#3072 = ORIENTED_EDGE('',*,*,#3073,.F.);
#3073 = EDGE_CURVE('',#3050,#3066,#3074,.T.);
#3074 = LINE('',#3075,#3076);
#3075 = CARTESIAN_POINT('',(-1.27,-1.016,2.54));
#3076 = VECTOR('',#3077,1.);
#3077 = DIRECTION('',(0.707106781187,-0.707106781187,0.));
#3078 = PLANE('',#3079);
#3079 = AXIS2_PLACEMENT_3D('',#3080,#3081,#3082);
#3080 = CARTESIAN_POINT('',(-1.27,-1.016,0.));
#3081 = DIRECTION('',(0.707106781187,0.707106781187,0.));
#3082 = DIRECTION('',(0.707106781187,-0.707106781187,0.));
#3083 = ADVANCED_FACE('',(#3084),#3109,.F.);
#3084 = FACE_BOUND('',#3085,.T.);
#3085 = EDGE_LOOP('',(#3086,#3087,#3095,#3103));
#3086 = ORIENTED_EDGE('',*,*,#3025,.F.);
#3087 = ORIENTED_EDGE('',*,*,#3088,.T.);
#3088 = EDGE_CURVE('',#3018,#3089,#3091,.T.);
#3089 = VERTEX_POINT('',#3090);
#3090 = CARTESIAN_POINT('',(1.016,1.27,0.));
#3091 = LINE('',#3092,#3093);
#3092 = CARTESIAN_POINT('',(1.27,1.016,0.));
#3093 = VECTOR('',#3094,1.);
#3094 = DIRECTION('',(-0.707106781187,0.707106781187,0.));
#3095 = ORIENTED_EDGE('',*,*,#3096,.T.);
#3096 = EDGE_CURVE('',#3089,#3097,#3099,.T.);
#3097 = VERTEX_POINT('',#3098);
#3098 = CARTESIAN_POINT('',(1.016,1.27,2.54));
#3099 = LINE('',#3100,#3101);
#3100 = CARTESIAN_POINT('',(1.016,1.27,0.));
#3101 = VECTOR('',#3102,1.);
#3102 = DIRECTION('',(0.,0.,1.));
#3103 = ORIENTED_EDGE('',*,*,#3104,.F.);
#3104 = EDGE_CURVE('',#3026,#3097,#3105,.T.);
#3105 = LINE('',#3106,#3107);
#3106 = CARTESIAN_POINT('',(1.27,1.016,2.54));
#3107 = VECTOR('',#3108,1.);
#3108 = DIRECTION('',(-0.707106781187,0.707106781187,0.));
#3109 = PLANE('',#3110);
#3110 = AXIS2_PLACEMENT_3D('',#3111,#3112,#3113);
#3111 = CARTESIAN_POINT('',(1.27,1.016,0.));
#3112 = DIRECTION('',(-0.707106781187,-0.707106781187,0.));
#3113 = DIRECTION('',(-0.707106781187,0.707106781187,0.));
#3114 = ADVANCED_FACE('',(#3115),#3140,.F.);
#3115 = FACE_BOUND('',#3116,.T.);
#3116 = EDGE_LOOP('',(#3117,#3127,#3133,#3134));
#3117 = ORIENTED_EDGE('',*,*,#3118,.F.);
#3118 = EDGE_CURVE('',#3119,#3121,#3123,.T.);
#3119 = VERTEX_POINT('',#3120);
#3120 = CARTESIAN_POINT('',(-1.27,1.016,0.));
#3121 = VERTEX_POINT('',#3122);
#3122 = CARTESIAN_POINT('',(-1.27,1.016,2.54));
#3123 = LINE('',#3124,#3125);
#3124 = CARTESIAN_POINT('',(-1.27,1.016,0.));
#3125 = VECTOR('',#3126,1.);
#3126 = DIRECTION('',(0.,0.,1.));
#3127 = ORIENTED_EDGE('',*,*,#3128,.T.);
#3128 = EDGE_CURVE('',#3119,#3048,#3129,.T.);
#3129 = LINE('',#3130,#3131);
#3130 = CARTESIAN_POINT('',(-1.27,1.016,0.));
#3131 = VECTOR('',#3132,1.);
#3132 = DIRECTION('',(0.,-1.,0.));
#3133 = ORIENTED_EDGE('',*,*,#3047,.T.);
#3134 = ORIENTED_EDGE('',*,*,#3135,.F.);
#3135 = EDGE_CURVE('',#3121,#3050,#3136,.T.);
#3136 = LINE('',#3137,#3138);
#3137 = CARTESIAN_POINT('',(-1.27,1.016,2.54));
#3138 = VECTOR('',#3139,1.);
#3139 = DIRECTION('',(0.,-1.,0.));
#3140 = PLANE('',#3141);
#3141 = AXIS2_PLACEMENT_3D('',#3142,#3143,#3144);
#3142 = CARTESIAN_POINT('',(-1.27,1.016,0.));
#3143 = DIRECTION('',(1.,0.,0.));
#3144 = DIRECTION('',(0.,-1.,0.));
#3145 = ADVANCED_FACE('',(#3146),#3171,.F.);
#3146 = FACE_BOUND('',#3147,.T.);
#3147 = EDGE_LOOP('',(#3148,#3149,#3157,#3165));
#3148 = ORIENTED_EDGE('',*,*,#3096,.F.);
#3149 = ORIENTED_EDGE('',*,*,#3150,.T.);
#3150 = EDGE_CURVE('',#3089,#3151,#3153,.T.);
#3151 = VERTEX_POINT('',#3152);
#3152 = CARTESIAN_POINT('',(-1.016,1.27,0.));
#3153 = LINE('',#3154,#3155);
#3154 = CARTESIAN_POINT('',(1.016,1.27,0.));
#3155 = VECTOR('',#3156,1.);
#3156 = DIRECTION('',(-1.,0.,0.));
#3157 = ORIENTED_EDGE('',*,*,#3158,.T.);
#3158 = EDGE_CURVE('',#3151,#3159,#3161,.T.);
#3159 = VERTEX_POINT('',#3160);
#3160 = CARTESIAN_POINT('',(-1.016,1.27,2.54));
#3161 = LINE('',#3162,#3163);
#3162 = CARTESIAN_POINT('',(-1.016,1.27,0.));
#3163 = VECTOR('',#3164,1.);
#3164 = DIRECTION('',(0.,0.,1.));
#3165 = ORIENTED_EDGE('',*,*,#3166,.F.);
#3166 = EDGE_CURVE('',#3097,#3159,#3167,.T.);
#3167 = LINE('',#3168,#3169);
#3168 = CARTESIAN_POINT('',(1.016,1.27,2.54));
#3169 = VECTOR('',#3170,1.);
#3170 = DIRECTION('',(-1.,0.,0.));
#3171 = PLANE('',#3172);
#3172 = AXIS2_PLACEMENT_3D('',#3173,#3174,#3175);
#3173 = CARTESIAN_POINT('',(1.016,1.27,0.));
#3174 = DIRECTION('',(0.,-1.,0.));
#3175 = DIRECTION('',(-1.,0.,0.));
#3176 = ADVANCED_FACE('',(#3177),#3193,.F.);
#3177 = FACE_BOUND('',#3178,.T.);
#3178 = EDGE_LOOP('',(#3179,#3180,#3186,#3187));
#3179 = ORIENTED_EDGE('',*,*,#3158,.F.);
#3180 = ORIENTED_EDGE('',*,*,#3181,.T.);
#3181 = EDGE_CURVE('',#3151,#3119,#3182,.T.);
#3182 = LINE('',#3183,#3184);
#3183 = CARTESIAN_POINT('',(-1.016,1.27,0.));
#3184 = VECTOR('',#3185,1.);
#3185 = DIRECTION('',(-0.707106781187,-0.707106781187,0.));
#3186 = ORIENTED_EDGE('',*,*,#3118,.T.);
#3187 = ORIENTED_EDGE('',*,*,#3188,.F.);
#3188 = EDGE_CURVE('',#3159,#3121,#3189,.T.);
#3189 = LINE('',#3190,#3191);
#3190 = CARTESIAN_POINT('',(-1.016,1.27,2.54));
#3191 = VECTOR('',#3192,1.);
#3192 = DIRECTION('',(-0.707106781187,-0.707106781187,0.));
#3193 = PLANE('',#3194);
#3194 = AXIS2_PLACEMENT_3D('',#3195,#3196,#3197);
#3195 = CARTESIAN_POINT('',(-1.016,1.27,0.));
#3196 = DIRECTION('',(0.707106781187,-0.707106781187,0.));
#3197 = DIRECTION('',(-0.707106781187,-0.707106781187,0.));
#3198 = ADVANCED_FACE('',(#3199),#3224,.F.);
#3199 = FACE_BOUND('',#3200,.T.);
#3200 = EDGE_LOOP('',(#3201,#3202,#3210,#3218));
#3201 = ORIENTED_EDGE('',*,*,#3065,.F.);
#3202 = ORIENTED_EDGE('',*,*,#3203,.T.);
#3203 = EDGE_CURVE('',#3058,#3204,#3206,.T.);
#3204 = VERTEX_POINT('',#3205);
#3205 = CARTESIAN_POINT('',(-1.27,-1.524,0.));
#3206 = LINE('',#3207,#3208);
#3207 = CARTESIAN_POINT('',(-1.016,-1.27,0.));
#3208 = VECTOR('',#3209,1.);
#3209 = DIRECTION('',(-0.707106781187,-0.707106781187,0.));
#3210 = ORIENTED_EDGE('',*,*,#3211,.T.);
#3211 = EDGE_CURVE('',#3204,#3212,#3214,.T.);
#3212 = VERTEX_POINT('',#3213);
#3213 = CARTESIAN_POINT('',(-1.27,-1.524,2.54));
#3214 = LINE('',#3215,#3216);
#3215 = CARTESIAN_POINT('',(-1.27,-1.524,0.));
#3216 = VECTOR('',#3217,1.);
#3217 = DIRECTION('',(0.,0.,1.));
#3218 = ORIENTED_EDGE('',*,*,#3219,.F.);
#3219 = EDGE_CURVE('',#3066,#3212,#3220,.T.);
#3220 = LINE('',#3221,#3222);
#3221 = CARTESIAN_POINT('',(-1.016,-1.27,2.54));
#3222 = VECTOR('',#3223,1.);
#3223 = DIRECTION('',(-0.707106781187,-0.707106781187,0.));
#3224 = PLANE('',#3225);
#3225 = AXIS2_PLACEMENT_3D('',#3226,#3227,#3228);
#3226 = CARTESIAN_POINT('',(-1.016,-1.27,0.));
#3227 = DIRECTION('',(0.707106781187,-0.707106781187,0.));
#3228 = DIRECTION('',(-0.707106781187,-0.707106781187,0.));
#3229 = ADVANCED_FACE('',(#3230),#3255,.F.);
#3230 = FACE_BOUND('',#3231,.T.);
#3231 = EDGE_LOOP('',(#3232,#3233,#3241,#3249));
#3232 = ORIENTED_EDGE('',*,*,#3211,.F.);
#3233 = ORIENTED_EDGE('',*,*,#3234,.T.);
#3234 = EDGE_CURVE('',#3204,#3235,#3237,.T.);
#3235 = VERTEX_POINT('',#3236);
#3236 = CARTESIAN_POINT('',(-1.27,-3.556,0.));
#3237 = LINE('',#3238,#3239);
#3238 = CARTESIAN_POINT('',(-1.27,-1.524,0.));
#3239 = VECTOR('',#3240,1.);
#3240 = DIRECTION('',(0.,-1.,0.));
#3241 = ORIENTED_EDGE('',*,*,#3242,.T.);
#3242 = EDGE_CURVE('',#3235,#3243,#3245,.T.);
#3243 = VERTEX_POINT('',#3244);
#3244 = CARTESIAN_POINT('',(-1.27,-3.556,2.54));
#3245 = LINE('',#3246,#3247);
#3246 = CARTESIAN_POINT('',(-1.27,-3.556,0.));
#3247 = VECTOR('',#3248,1.);
#3248 = DIRECTION('',(0.,0.,1.));
#3249 = ORIENTED_EDGE('',*,*,#3250,.F.);
#3250 = EDGE_CURVE('',#3212,#3243,#3251,.T.);
#3251 = LINE('',#3252,#3253);
#3252 = CARTESIAN_POINT('',(-1.27,-1.524,2.54));
#3253 = VECTOR('',#3254,1.);
#3254 = DIRECTION('',(0.,-1.,0.));
#3255 = PLANE('',#3256);
#3256 = AXIS2_PLACEMENT_3D('',#3257,#3258,#3259);
#3257 = CARTESIAN_POINT('',(-1.27,-1.524,0.));
#3258 = DIRECTION('',(1.,0.,0.));
#3259 = DIRECTION('',(0.,-1.,0.));
#3260 = ADVANCED_FACE('',(#3261),#3286,.F.);
#3261 = FACE_BOUND('',#3262,.T.);
#3262 = EDGE_LOOP('',(#3263,#3273,#3279,#3280));
#3263 = ORIENTED_EDGE('',*,*,#3264,.F.);
#3264 = EDGE_CURVE('',#3265,#3267,#3269,.T.);
#3265 = VERTEX_POINT('',#3266);
#3266 = CARTESIAN_POINT('',(1.27,-1.524,0.));
#3267 = VERTEX_POINT('',#3268);
#3268 = CARTESIAN_POINT('',(1.27,-1.524,2.54));
#3269 = LINE('',#3270,#3271);
#3270 = CARTESIAN_POINT('',(1.27,-1.524,0.));
#3271 = VECTOR('',#3272,1.);
#3272 = DIRECTION('',(0.,0.,1.));
#3273 = ORIENTED_EDGE('',*,*,#3274,.T.);
#3274 = EDGE_CURVE('',#3265,#2977,#3275,.T.);
#3275 = LINE('',#3276,#3277);
#3276 = CARTESIAN_POINT('',(1.27,-1.524,0.));
#3277 = VECTOR('',#3278,1.);
#3278 = DIRECTION('',(-0.707106781187,0.707106781187,0.));
#3279 = ORIENTED_EDGE('',*,*,#2976,.T.);
#3280 = ORIENTED_EDGE('',*,*,#3281,.F.);
#3281 = EDGE_CURVE('',#3267,#2979,#3282,.T.);
#3282 = LINE('',#3283,#3284);
#3283 = CARTESIAN_POINT('',(1.27,-1.524,2.54));
#3284 = VECTOR('',#3285,1.);
#3285 = DIRECTION('',(-0.707106781187,0.707106781187,0.));
#3286 = PLANE('',#3287);
#3287 = AXIS2_PLACEMENT_3D('',#3288,#3289,#3290);
#3288 = CARTESIAN_POINT('',(1.27,-1.524,0.));
#3289 = DIRECTION('',(-0.707106781187,-0.707106781187,0.));
#3290 = DIRECTION('',(-0.707106781187,0.707106781187,0.));
#3291 = ADVANCED_FACE('',(#3292),#3317,.F.);
#3292 = FACE_BOUND('',#3293,.T.);
#3293 = EDGE_LOOP('',(#3294,#3295,#3303,#3311));
#3294 = ORIENTED_EDGE('',*,*,#3242,.F.);
#3295 = ORIENTED_EDGE('',*,*,#3296,.T.);
#3296 = EDGE_CURVE('',#3235,#3297,#3299,.T.);
#3297 = VERTEX_POINT('',#3298);
#3298 = CARTESIAN_POINT('',(-1.016,-3.81,0.));
#3299 = LINE('',#3300,#3301);
#3300 = CARTESIAN_POINT('',(-1.27,-3.556,0.));
#3301 = VECTOR('',#3302,1.);
#3302 = DIRECTION('',(0.707106781187,-0.707106781187,0.));
#3303 = ORIENTED_EDGE('',*,*,#3304,.T.);
#3304 = EDGE_CURVE('',#3297,#3305,#3307,.T.);
#3305 = VERTEX_POINT('',#3306);
#3306 = CARTESIAN_POINT('',(-1.016,-3.81,2.54));
#3307 = LINE('',#3308,#3309);
#3308 = CARTESIAN_POINT('',(-1.016,-3.81,0.));
#3309 = VECTOR('',#3310,1.);
#3310 = DIRECTION('',(0.,0.,1.));
#3311 = ORIENTED_EDGE('',*,*,#3312,.F.);
#3312 = EDGE_CURVE('',#3243,#3305,#3313,.T.);
#3313 = LINE('',#3314,#3315);
#3314 = CARTESIAN_POINT('',(-1.27,-3.556,2.54));
#3315 = VECTOR('',#3316,1.);
#3316 = DIRECTION('',(0.707106781187,-0.707106781187,0.));
#3317 = PLANE('',#3318);
#3318 = AXIS2_PLACEMENT_3D('',#3319,#3320,#3321);
#3319 = CARTESIAN_POINT('',(-1.27,-3.556,0.));
#3320 = DIRECTION('',(0.707106781187,0.707106781187,0.));
#3321 = DIRECTION('',(0.707106781187,-0.707106781187,0.));
#3322 = ADVANCED_FACE('',(#3323),#3348,.F.);
#3323 = FACE_BOUND('',#3324,.T.);
#3324 = EDGE_LOOP('',(#3325,#3335,#3341,#3342));
#3325 = ORIENTED_EDGE('',*,*,#3326,.F.);
#3326 = EDGE_CURVE('',#3327,#3329,#3331,.T.);
#3327 = VERTEX_POINT('',#3328);
#3328 = CARTESIAN_POINT('',(1.27,-3.556,0.));
#3329 = VERTEX_POINT('',#3330);
#3330 = CARTESIAN_POINT('',(1.27,-3.556,2.54));
#3331 = LINE('',#3332,#3333);
#3332 = CARTESIAN_POINT('',(1.27,-3.556,0.));
#3333 = VECTOR('',#3334,1.);
#3334 = DIRECTION('',(0.,0.,1.));
#3335 = ORIENTED_EDGE('',*,*,#3336,.T.);
#3336 = EDGE_CURVE('',#3327,#3265,#3337,.T.);
#3337 = LINE('',#3338,#3339);
#3338 = CARTESIAN_POINT('',(1.27,-3.556,0.));
#3339 = VECTOR('',#3340,1.);
#3340 = DIRECTION('',(0.,1.,0.));
#3341 = ORIENTED_EDGE('',*,*,#3264,.T.);
#3342 = ORIENTED_EDGE('',*,*,#3343,.F.);
#3343 = EDGE_CURVE('',#3329,#3267,#3344,.T.);
#3344 = LINE('',#3345,#3346);
#3345 = CARTESIAN_POINT('',(1.27,-3.556,2.54));
#3346 = VECTOR('',#3347,1.);
#3347 = DIRECTION('',(0.,1.,0.));
#3348 = PLANE('',#3349);
#3349 = AXIS2_PLACEMENT_3D('',#3350,#3351,#3352);
#3350 = CARTESIAN_POINT('',(1.27,-3.556,0.));
#3351 = DIRECTION('',(-1.,0.,0.));
#3352 = DIRECTION('',(0.,1.,0.));
#3353 = ADVANCED_FACE('',(#3354),#3379,.F.);
#3354 = FACE_BOUND('',#3355,.T.);
#3355 = EDGE_LOOP('',(#3356,#3366,#3372,#3373));
#3356 = ORIENTED_EDGE('',*,*,#3357,.F.);
#3357 = EDGE_CURVE('',#3358,#3360,#3362,.T.);
#3358 = VERTEX_POINT('',#3359);
#3359 = CARTESIAN_POINT('',(1.016,-3.81,0.));
#3360 = VERTEX_POINT('',#3361);
#3361 = CARTESIAN_POINT('',(1.016,-3.81,2.54));
#3362 = LINE('',#3363,#3364);
#3363 = CARTESIAN_POINT('',(1.016,-3.81,0.));
#3364 = VECTOR('',#3365,1.);
#3365 = DIRECTION('',(0.,0.,1.));
#3366 = ORIENTED_EDGE('',*,*,#3367,.T.);
#3367 = EDGE_CURVE('',#3358,#3327,#3368,.T.);
#3368 = LINE('',#3369,#3370);
#3369 = CARTESIAN_POINT('',(1.016,-3.81,0.));
#3370 = VECTOR('',#3371,1.);
#3371 = DIRECTION('',(0.707106781187,0.707106781187,0.));
#3372 = ORIENTED_EDGE('',*,*,#3326,.T.);
#3373 = ORIENTED_EDGE('',*,*,#3374,.F.);
#3374 = EDGE_CURVE('',#3360,#3329,#3375,.T.);
#3375 = LINE('',#3376,#3377);
#3376 = CARTESIAN_POINT('',(1.016,-3.81,2.54));
#3377 = VECTOR('',#3378,1.);
#3378 = DIRECTION('',(0.707106781187,0.707106781187,0.));
#3379 = PLANE('',#3380);
#3380 = AXIS2_PLACEMENT_3D('',#3381,#3382,#3383);
#3381 = CARTESIAN_POINT('',(1.016,-3.81,0.));
#3382 = DIRECTION('',(-0.707106781187,0.707106781187,0.));
#3383 = DIRECTION('',(0.707106781187,0.707106781187,0.));
#3384 = ADVANCED_FACE('',(#3385),#3419,.T.);
#3385 = FACE_BOUND('',#3386,.T.);
#3386 = EDGE_LOOP('',(#3387,#3397,#3405,#3413));
#3387 = ORIENTED_EDGE('',*,*,#3388,.F.);
#3388 = EDGE_CURVE('',#3389,#3391,#3393,.T.);
#3389 = VERTEX_POINT('',#3390);
#3390 = CARTESIAN_POINT('',(0.32,-2.22,-2.84));
#3391 = VERTEX_POINT('',#3392);
#3392 = CARTESIAN_POINT('',(0.32,-2.22,0.));
#3393 = LINE('',#3394,#3395);
#3394 = CARTESIAN_POINT('',(0.32,-2.22,-3.));
#3395 = VECTOR('',#3396,1.);
#3396 = DIRECTION('',(0.,0.,1.));
#3397 = ORIENTED_EDGE('',*,*,#3398,.F.);
#3398 = EDGE_CURVE('',#3399,#3389,#3401,.T.);
#3399 = VERTEX_POINT('',#3400);
#3400 = CARTESIAN_POINT('',(-0.32,-2.22,-2.84));
#3401 = LINE('',#3402,#3403);
#3402 = CARTESIAN_POINT('',(-0.32,-2.22,-2.84));
#3403 = VECTOR('',#3404,1.);
#3404 = DIRECTION('',(1.,0.,0.));
#3405 = ORIENTED_EDGE('',*,*,#3406,.T.);
#3406 = EDGE_CURVE('',#3399,#3407,#3409,.T.);
#3407 = VERTEX_POINT('',#3408);
#3408 = CARTESIAN_POINT('',(-0.32,-2.22,0.));
#3409 = LINE('',#3410,#3411);
#3410 = CARTESIAN_POINT('',(-0.32,-2.22,-3.));
#3411 = VECTOR('',#3412,1.);
#3412 = DIRECTION('',(0.,0.,1.));
#3413 = ORIENTED_EDGE('',*,*,#3414,.F.);
#3414 = EDGE_CURVE('',#3391,#3407,#3415,.T.);
#3415 = LINE('',#3416,#3417);
#3416 = CARTESIAN_POINT('',(-0.16,-2.22,0.));
#3417 = VECTOR('',#3418,1.);
#3418 = DIRECTION('',(-1.,0.,0.));
#3419 = PLANE('',#3420);
#3420 = AXIS2_PLACEMENT_3D('',#3421,#3422,#3423);
#3421 = CARTESIAN_POINT('',(-0.32,-2.22,-3.));
#3422 = DIRECTION('',(0.,1.,0.));
#3423 = DIRECTION('',(0.,-0.,1.));
#3424 = ADVANCED_FACE('',(#3425),#3450,.F.);
#3425 = FACE_BOUND('',#3426,.T.);
#3426 = EDGE_LOOP('',(#3427,#3437,#3443,#3444));
#3427 = ORIENTED_EDGE('',*,*,#3428,.T.);
#3428 = EDGE_CURVE('',#3429,#3431,#3433,.T.);
#3429 = VERTEX_POINT('',#3430);
#3430 = CARTESIAN_POINT('',(-0.32,-2.86,-2.84));
#3431 = VERTEX_POINT('',#3432);
#3432 = CARTESIAN_POINT('',(-0.32,-2.86,0.));
#3433 = LINE('',#3434,#3435);
#3434 = CARTESIAN_POINT('',(-0.32,-2.86,-3.));
#3435 = VECTOR('',#3436,1.);
#3436 = DIRECTION('',(0.,0.,1.));
#3437 = ORIENTED_EDGE('',*,*,#3438,.T.);
#3438 = EDGE_CURVE('',#3431,#3407,#3439,.T.);
#3439 = LINE('',#3440,#3441);
#3440 = CARTESIAN_POINT('',(-0.32,-3.335,0.));
#3441 = VECTOR('',#3442,1.);
#3442 = DIRECTION('',(0.,1.,0.));
#3443 = ORIENTED_EDGE('',*,*,#3406,.F.);
#3444 = ORIENTED_EDGE('',*,*,#3445,.F.);
#3445 = EDGE_CURVE('',#3429,#3399,#3446,.T.);
#3446 = LINE('',#3447,#3448);
#3447 = CARTESIAN_POINT('',(-0.32,-2.86,-2.84));
#3448 = VECTOR('',#3449,1.);
#3449 = DIRECTION('',(0.,1.,0.));
#3450 = PLANE('',#3451);
#3451 = AXIS2_PLACEMENT_3D('',#3452,#3453,#3454);
#3452 = CARTESIAN_POINT('',(-0.32,-2.86,-3.));
#3453 = DIRECTION('',(1.,0.,0.));
#3454 = DIRECTION('',(0.,0.,1.));
#3455 = ADVANCED_FACE('',(#3456),#3481,.F.);
#3456 = FACE_BOUND('',#3457,.T.);
#3457 = EDGE_LOOP('',(#3458,#3468,#3474,#3475));
#3458 = ORIENTED_EDGE('',*,*,#3459,.T.);
#3459 = EDGE_CURVE('',#3460,#3462,#3464,.T.);
#3460 = VERTEX_POINT('',#3461);
#3461 = CARTESIAN_POINT('',(0.32,-2.86,-2.84));
#3462 = VERTEX_POINT('',#3463);
#3463 = CARTESIAN_POINT('',(0.32,-2.86,0.));
#3464 = LINE('',#3465,#3466);
#3465 = CARTESIAN_POINT('',(0.32,-2.86,-3.));
#3466 = VECTOR('',#3467,1.);
#3467 = DIRECTION('',(0.,0.,1.));
#3468 = ORIENTED_EDGE('',*,*,#3469,.T.);
#3469 = EDGE_CURVE('',#3462,#3431,#3470,.T.);
#3470 = LINE('',#3471,#3472);
#3471 = CARTESIAN_POINT('',(-0.16,-2.86,0.));
#3472 = VECTOR('',#3473,1.);
#3473 = DIRECTION('',(-1.,0.,0.));
#3474 = ORIENTED_EDGE('',*,*,#3428,.F.);
#3475 = ORIENTED_EDGE('',*,*,#3476,.T.);
#3476 = EDGE_CURVE('',#3429,#3460,#3477,.T.);
#3477 = LINE('',#3478,#3479);
#3478 = CARTESIAN_POINT('',(-0.32,-2.86,-2.84));
#3479 = VECTOR('',#3480,1.);
#3480 = DIRECTION('',(1.,0.,0.));
#3481 = PLANE('',#3482);
#3482 = AXIS2_PLACEMENT_3D('',#3483,#3484,#3485);
#3483 = CARTESIAN_POINT('',(-0.32,-2.86,-3.));
#3484 = DIRECTION('',(0.,1.,0.));
#3485 = DIRECTION('',(0.,-0.,1.));
#3486 = ADVANCED_FACE('',(#3487),#3503,.T.);
#3487 = FACE_BOUND('',#3488,.T.);
#3488 = EDGE_LOOP('',(#3489,#3490,#3496,#3497));
#3489 = ORIENTED_EDGE('',*,*,#3459,.F.);
#3490 = ORIENTED_EDGE('',*,*,#3491,.T.);
#3491 = EDGE_CURVE('',#3460,#3389,#3492,.T.);
#3492 = LINE('',#3493,#3494);
#3493 = CARTESIAN_POINT('',(0.32,-2.86,-2.84));
#3494 = VECTOR('',#3495,1.);
#3495 = DIRECTION('',(0.,1.,0.));
#3496 = ORIENTED_EDGE('',*,*,#3388,.T.);
#3497 = ORIENTED_EDGE('',*,*,#3498,.F.);
#3498 = EDGE_CURVE('',#3462,#3391,#3499,.T.);
#3499 = LINE('',#3500,#3501);
#3500 = CARTESIAN_POINT('',(0.32,-3.335,0.));
#3501 = VECTOR('',#3502,1.);
#3502 = DIRECTION('',(0.,1.,0.));
#3503 = PLANE('',#3504);
#3504 = AXIS2_PLACEMENT_3D('',#3505,#3506,#3507);
#3505 = CARTESIAN_POINT('',(0.32,-2.86,-3.));
#3506 = DIRECTION('',(1.,0.,0.));
#3507 = DIRECTION('',(0.,0.,1.));
#3508 = ADVANCED_FACE('',(#3509),#3543,.T.);
#3509 = FACE_BOUND('',#3510,.T.);
#3510 = EDGE_LOOP('',(#3511,#3521,#3529,#3537));
#3511 = ORIENTED_EDGE('',*,*,#3512,.F.);
#3512 = EDGE_CURVE('',#3513,#3515,#3517,.T.);
#3513 = VERTEX_POINT('',#3514);
#3514 = CARTESIAN_POINT('',(0.32,-2.22,2.54));
#3515 = VERTEX_POINT('',#3516);
#3516 = CARTESIAN_POINT('',(0.32,-2.22,8.38));
#3517 = LINE('',#3518,#3519);
#3518 = CARTESIAN_POINT('',(0.32,-2.22,-3.));
#3519 = VECTOR('',#3520,1.);
#3520 = DIRECTION('',(0.,0.,1.));
#3521 = ORIENTED_EDGE('',*,*,#3522,.T.);
#3522 = EDGE_CURVE('',#3513,#3523,#3525,.T.);
#3523 = VERTEX_POINT('',#3524);
#3524 = CARTESIAN_POINT('',(-0.32,-2.22,2.54));
#3525 = LINE('',#3526,#3527);
#3526 = CARTESIAN_POINT('',(-0.16,-2.22,2.54));
#3527 = VECTOR('',#3528,1.);
#3528 = DIRECTION('',(-1.,0.,0.));
#3529 = ORIENTED_EDGE('',*,*,#3530,.T.);
#3530 = EDGE_CURVE('',#3523,#3531,#3533,.T.);
#3531 = VERTEX_POINT('',#3532);
#3532 = CARTESIAN_POINT('',(-0.32,-2.22,8.38));
#3533 = LINE('',#3534,#3535);
#3534 = CARTESIAN_POINT('',(-0.32,-2.22,-3.));
#3535 = VECTOR('',#3536,1.);
#3536 = DIRECTION('',(0.,0.,1.));
#3537 = ORIENTED_EDGE('',*,*,#3538,.T.);
#3538 = EDGE_CURVE('',#3531,#3515,#3539,.T.);
#3539 = LINE('',#3540,#3541);
#3540 = CARTESIAN_POINT('',(-0.32,-2.22,8.38));
#3541 = VECTOR('',#3542,1.);
#3542 = DIRECTION('',(1.,0.,0.));
#3543 = PLANE('',#3544);
#3544 = AXIS2_PLACEMENT_3D('',#3545,#3546,#3547);
#3545 = CARTESIAN_POINT('',(-0.32,-2.22,-3.));
#3546 = DIRECTION('',(0.,1.,0.));
#3547 = DIRECTION('',(0.,-0.,1.));
#3548 = ADVANCED_FACE('',(#3549),#3574,.F.);
#3549 = FACE_BOUND('',#3550,.T.);
#3550 = EDGE_LOOP('',(#3551,#3561,#3567,#3568));
#3551 = ORIENTED_EDGE('',*,*,#3552,.T.);
#3552 = EDGE_CURVE('',#3553,#3555,#3557,.T.);
#3553 = VERTEX_POINT('',#3554);
#3554 = CARTESIAN_POINT('',(-0.32,-2.86,2.54));
#3555 = VERTEX_POINT('',#3556);
#3556 = CARTESIAN_POINT('',(-0.32,-2.86,8.38));
#3557 = LINE('',#3558,#3559);
#3558 = CARTESIAN_POINT('',(-0.32,-2.86,-3.));
#3559 = VECTOR('',#3560,1.);
#3560 = DIRECTION('',(0.,0.,1.));
#3561 = ORIENTED_EDGE('',*,*,#3562,.T.);
#3562 = EDGE_CURVE('',#3555,#3531,#3563,.T.);
#3563 = LINE('',#3564,#3565);
#3564 = CARTESIAN_POINT('',(-0.32,-2.86,8.38));
#3565 = VECTOR('',#3566,1.);
#3566 = DIRECTION('',(0.,1.,0.));
#3567 = ORIENTED_EDGE('',*,*,#3530,.F.);
#3568 = ORIENTED_EDGE('',*,*,#3569,.F.);
#3569 = EDGE_CURVE('',#3553,#3523,#3570,.T.);
#3570 = LINE('',#3571,#3572);
#3571 = CARTESIAN_POINT('',(-0.32,-3.335,2.54));
#3572 = VECTOR('',#3573,1.);
#3573 = DIRECTION('',(0.,1.,0.));
#3574 = PLANE('',#3575);
#3575 = AXIS2_PLACEMENT_3D('',#3576,#3577,#3578);
#3576 = CARTESIAN_POINT('',(-0.32,-2.86,-3.));
#3577 = DIRECTION('',(1.,0.,0.));
#3578 = DIRECTION('',(0.,0.,1.));
#3579 = ADVANCED_FACE('',(#3580),#3605,.F.);
#3580 = FACE_BOUND('',#3581,.T.);
#3581 = EDGE_LOOP('',(#3582,#3592,#3598,#3599));
#3582 = ORIENTED_EDGE('',*,*,#3583,.T.);
#3583 = EDGE_CURVE('',#3584,#3586,#3588,.T.);
#3584 = VERTEX_POINT('',#3585);
#3585 = CARTESIAN_POINT('',(0.32,-2.86,2.54));
#3586 = VERTEX_POINT('',#3587);
#3587 = CARTESIAN_POINT('',(0.32,-2.86,8.38));
#3588 = LINE('',#3589,#3590);
#3589 = CARTESIAN_POINT('',(0.32,-2.86,-3.));
#3590 = VECTOR('',#3591,1.);
#3591 = DIRECTION('',(0.,0.,1.));
#3592 = ORIENTED_EDGE('',*,*,#3593,.F.);
#3593 = EDGE_CURVE('',#3555,#3586,#3594,.T.);
#3594 = LINE('',#3595,#3596);
#3595 = CARTESIAN_POINT('',(-0.32,-2.86,8.38));
#3596 = VECTOR('',#3597,1.);
#3597 = DIRECTION('',(1.,0.,0.));
#3598 = ORIENTED_EDGE('',*,*,#3552,.F.);
#3599 = ORIENTED_EDGE('',*,*,#3600,.F.);
#3600 = EDGE_CURVE('',#3584,#3553,#3601,.T.);
#3601 = LINE('',#3602,#3603);
#3602 = CARTESIAN_POINT('',(-0.16,-2.86,2.54));
#3603 = VECTOR('',#3604,1.);
#3604 = DIRECTION('',(-1.,0.,0.));
#3605 = PLANE('',#3606);
#3606 = AXIS2_PLACEMENT_3D('',#3607,#3608,#3609);
#3607 = CARTESIAN_POINT('',(-0.32,-2.86,-3.));
#3608 = DIRECTION('',(0.,1.,0.));
#3609 = DIRECTION('',(0.,-0.,1.));
#3610 = ADVANCED_FACE('',(#3611),#3627,.T.);
#3611 = FACE_BOUND('',#3612,.T.);
#3612 = EDGE_LOOP('',(#3613,#3614,#3620,#3621));
#3613 = ORIENTED_EDGE('',*,*,#3583,.F.);
#3614 = ORIENTED_EDGE('',*,*,#3615,.T.);
#3615 = EDGE_CURVE('',#3584,#3513,#3616,.T.);
#3616 = LINE('',#3617,#3618);
#3617 = CARTESIAN_POINT('',(0.32,-3.335,2.54));
#3618 = VECTOR('',#3619,1.);
#3619 = DIRECTION('',(0.,1.,0.));
#3620 = ORIENTED_EDGE('',*,*,#3512,.T.);
#3621 = ORIENTED_EDGE('',*,*,#3622,.F.);
#3622 = EDGE_CURVE('',#3586,#3515,#3623,.T.);
#3623 = LINE('',#3624,#3625);
#3624 = CARTESIAN_POINT('',(0.32,-2.86,8.38));
#3625 = VECTOR('',#3626,1.);
#3626 = DIRECTION('',(0.,1.,0.));
#3627 = PLANE('',#3628);
#3628 = AXIS2_PLACEMENT_3D('',#3629,#3630,#3631);
#3629 = CARTESIAN_POINT('',(0.32,-2.86,-3.));
#3630 = DIRECTION('',(1.,0.,0.));
#3631 = DIRECTION('',(0.,0.,1.));
#3632 = ADVANCED_FACE('',(#3633),#3658,.F.);
#3633 = FACE_BOUND('',#3634,.T.);
#3634 = EDGE_LOOP('',(#3635,#3643,#3644,#3652));
#3635 = ORIENTED_EDGE('',*,*,#3636,.F.);
#3636 = EDGE_CURVE('',#3399,#3637,#3639,.T.);
#3637 = VERTEX_POINT('',#3638);
#3638 = CARTESIAN_POINT('',(-0.16,-2.38,-3.));
#3639 = LINE('',#3640,#3641);
#3640 = CARTESIAN_POINT('',(-0.16,-2.38,-3.));
#3641 = VECTOR('',#3642,1.);
#3642 = DIRECTION('',(0.57735026919,-0.57735026919,-0.57735026919));
#3643 = ORIENTED_EDGE('',*,*,#3398,.T.);
#3644 = ORIENTED_EDGE('',*,*,#3645,.T.);
#3645 = EDGE_CURVE('',#3389,#3646,#3648,.T.);
#3646 = VERTEX_POINT('',#3647);
#3647 = CARTESIAN_POINT('',(0.16,-2.38,-3.));
#3648 = LINE('',#3649,#3650);
#3649 = CARTESIAN_POINT('',(5.333333333333E-02,-2.486666666667,
    -3.106666666667));
#3650 = VECTOR('',#3651,1.);
#3651 = DIRECTION('',(-0.57735026919,-0.57735026919,-0.57735026919));
#3652 = ORIENTED_EDGE('',*,*,#3653,.F.);
#3653 = EDGE_CURVE('',#3637,#3646,#3654,.T.);
#3654 = LINE('',#3655,#3656);
#3655 = CARTESIAN_POINT('',(-0.32,-2.38,-3.));
#3656 = VECTOR('',#3657,1.);
#3657 = DIRECTION('',(1.,0.,0.));
#3658 = PLANE('',#3659);
#3659 = AXIS2_PLACEMENT_3D('',#3660,#3661,#3662);
#3660 = CARTESIAN_POINT('',(-0.32,-2.3,-2.92));
#3661 = DIRECTION('',(-1.735167508357E-18,-0.707106781187,0.707106781187
    ));
#3662 = DIRECTION('',(-1.,1.226948711654E-18,-1.226948711654E-18));
#3663 = ADVANCED_FACE('',(#3664),#3682,.T.);
#3664 = FACE_BOUND('',#3665,.T.);
#3665 = EDGE_LOOP('',(#3666,#3674,#3675,#3676));
#3666 = ORIENTED_EDGE('',*,*,#3667,.F.);
#3667 = EDGE_CURVE('',#3429,#3668,#3670,.T.);
#3668 = VERTEX_POINT('',#3669);
#3669 = CARTESIAN_POINT('',(-0.16,-2.7,-3.));
#3670 = LINE('',#3671,#3672);
#3671 = CARTESIAN_POINT('',(-0.266666666667,-2.806666666667,
    -2.893333333333));
#3672 = VECTOR('',#3673,1.);
#3673 = DIRECTION('',(0.57735026919,0.57735026919,-0.57735026919));
#3674 = ORIENTED_EDGE('',*,*,#3445,.T.);
#3675 = ORIENTED_EDGE('',*,*,#3636,.T.);
#3676 = ORIENTED_EDGE('',*,*,#3677,.F.);
#3677 = EDGE_CURVE('',#3668,#3637,#3678,.T.);
#3678 = LINE('',#3679,#3680);
#3679 = CARTESIAN_POINT('',(-0.16,-2.86,-3.));
#3680 = VECTOR('',#3681,1.);
#3681 = DIRECTION('',(0.,1.,0.));
#3682 = PLANE('',#3683);
#3683 = AXIS2_PLACEMENT_3D('',#3684,#3685,#3686);
#3684 = CARTESIAN_POINT('',(-0.24,-2.86,-2.92));
#3685 = DIRECTION('',(-0.707106781187,-1.735167508357E-18,
    -0.707106781187));
#3686 = DIRECTION('',(-1.226948711654E-18,1.,-1.226948711654E-18));
#3687 = ADVANCED_FACE('',(#3688),#3706,.T.);
#3688 = FACE_BOUND('',#3689,.T.);
#3689 = EDGE_LOOP('',(#3690,#3691,#3699,#3705));
#3690 = ORIENTED_EDGE('',*,*,#3667,.T.);
#3691 = ORIENTED_EDGE('',*,*,#3692,.T.);
#3692 = EDGE_CURVE('',#3668,#3693,#3695,.T.);
#3693 = VERTEX_POINT('',#3694);
#3694 = CARTESIAN_POINT('',(0.16,-2.7,-3.));
#3695 = LINE('',#3696,#3697);
#3696 = CARTESIAN_POINT('',(-0.32,-2.7,-3.));
#3697 = VECTOR('',#3698,1.);
#3698 = DIRECTION('',(1.,0.,0.));
#3699 = ORIENTED_EDGE('',*,*,#3700,.F.);
#3700 = EDGE_CURVE('',#3460,#3693,#3701,.T.);
#3701 = LINE('',#3702,#3703);
#3702 = CARTESIAN_POINT('',(0.16,-2.7,-3.));
#3703 = VECTOR('',#3704,1.);
#3704 = DIRECTION('',(-0.57735026919,0.57735026919,-0.57735026919));
#3705 = ORIENTED_EDGE('',*,*,#3476,.F.);
#3706 = PLANE('',#3707);
#3707 = AXIS2_PLACEMENT_3D('',#3708,#3709,#3710);
#3708 = CARTESIAN_POINT('',(-0.32,-2.78,-2.92));
#3709 = DIRECTION('',(1.735167508357E-18,-0.707106781187,-0.707106781187
    ));
#3710 = DIRECTION('',(-1.,-1.226948711654E-18,-1.226948711654E-18));
#3711 = ADVANCED_FACE('',(#3712),#3723,.F.);
#3712 = FACE_BOUND('',#3713,.T.);
#3713 = EDGE_LOOP('',(#3714,#3715,#3721,#3722));
#3714 = ORIENTED_EDGE('',*,*,#3700,.T.);
#3715 = ORIENTED_EDGE('',*,*,#3716,.T.);
#3716 = EDGE_CURVE('',#3693,#3646,#3717,.T.);
#3717 = LINE('',#3718,#3719);
#3718 = CARTESIAN_POINT('',(0.16,-2.86,-3.));
#3719 = VECTOR('',#3720,1.);
#3720 = DIRECTION('',(0.,1.,0.));
#3721 = ORIENTED_EDGE('',*,*,#3645,.F.);
#3722 = ORIENTED_EDGE('',*,*,#3491,.F.);
#3723 = PLANE('',#3724);
#3724 = AXIS2_PLACEMENT_3D('',#3725,#3726,#3727);
#3725 = CARTESIAN_POINT('',(0.24,-2.86,-2.92));
#3726 = DIRECTION('',(-0.707106781187,1.735167508357E-18,0.707106781187)
  );
#3727 = DIRECTION('',(1.226948711654E-18,1.,-1.226948711654E-18));
#3728 = ADVANCED_FACE('',(#3729),#3754,.T.);
#3729 = FACE_BOUND('',#3730,.T.);
#3730 = EDGE_LOOP('',(#3731,#3739,#3747,#3753));
#3731 = ORIENTED_EDGE('',*,*,#3732,.T.);
#3732 = EDGE_CURVE('',#3531,#3733,#3735,.T.);
#3733 = VERTEX_POINT('',#3734);
#3734 = CARTESIAN_POINT('',(-0.16,-2.38,8.54));
#3735 = LINE('',#3736,#3737);
#3736 = CARTESIAN_POINT('',(-0.16,-2.38,8.54));
#3737 = VECTOR('',#3738,1.);
#3738 = DIRECTION('',(0.57735026919,-0.57735026919,0.57735026919));
#3739 = ORIENTED_EDGE('',*,*,#3740,.T.);
#3740 = EDGE_CURVE('',#3733,#3741,#3743,.T.);
#3741 = VERTEX_POINT('',#3742);
#3742 = CARTESIAN_POINT('',(0.16,-2.38,8.54));
#3743 = LINE('',#3744,#3745);
#3744 = CARTESIAN_POINT('',(-0.32,-2.38,8.54));
#3745 = VECTOR('',#3746,1.);
#3746 = DIRECTION('',(1.,0.,0.));
#3747 = ORIENTED_EDGE('',*,*,#3748,.F.);
#3748 = EDGE_CURVE('',#3515,#3741,#3749,.T.);
#3749 = LINE('',#3750,#3751);
#3750 = CARTESIAN_POINT('',(5.333333333333E-02,-2.486666666667,
    8.646666666667));
#3751 = VECTOR('',#3752,1.);
#3752 = DIRECTION('',(-0.57735026919,-0.57735026919,0.57735026919));
#3753 = ORIENTED_EDGE('',*,*,#3538,.F.);
#3754 = PLANE('',#3755);
#3755 = AXIS2_PLACEMENT_3D('',#3756,#3757,#3758);
#3756 = CARTESIAN_POINT('',(-0.32,-2.3,8.46));
#3757 = DIRECTION('',(1.735167508357E-18,0.707106781187,0.707106781187)
  );
#3758 = DIRECTION('',(-1.,1.226948711654E-18,1.226948711654E-18));
#3759 = ADVANCED_FACE('',(#3760),#3778,.F.);
#3760 = FACE_BOUND('',#3761,.T.);
#3761 = EDGE_LOOP('',(#3762,#3770,#3776,#3777));
#3762 = ORIENTED_EDGE('',*,*,#3763,.T.);
#3763 = EDGE_CURVE('',#3555,#3764,#3766,.T.);
#3764 = VERTEX_POINT('',#3765);
#3765 = CARTESIAN_POINT('',(-0.16,-2.7,8.54));
#3766 = LINE('',#3767,#3768);
#3767 = CARTESIAN_POINT('',(-0.266666666667,-2.806666666667,
    8.433333333333));
#3768 = VECTOR('',#3769,1.);
#3769 = DIRECTION('',(0.57735026919,0.57735026919,0.57735026919));
#3770 = ORIENTED_EDGE('',*,*,#3771,.T.);
#3771 = EDGE_CURVE('',#3764,#3733,#3772,.T.);
#3772 = LINE('',#3773,#3774);
#3773 = CARTESIAN_POINT('',(-0.16,-2.86,8.54));
#3774 = VECTOR('',#3775,1.);
#3775 = DIRECTION('',(0.,1.,0.));
#3776 = ORIENTED_EDGE('',*,*,#3732,.F.);
#3777 = ORIENTED_EDGE('',*,*,#3562,.F.);
#3778 = PLANE('',#3779);
#3779 = AXIS2_PLACEMENT_3D('',#3780,#3781,#3782);
#3780 = CARTESIAN_POINT('',(-0.24,-2.86,8.46));
#3781 = DIRECTION('',(0.707106781187,1.735167508357E-18,-0.707106781187)
  );
#3782 = DIRECTION('',(-1.226948711654E-18,1.,1.226948711654E-18));
#3783 = ADVANCED_FACE('',(#3784),#3802,.F.);
#3784 = FACE_BOUND('',#3785,.T.);
#3785 = EDGE_LOOP('',(#3786,#3787,#3788,#3796));
#3786 = ORIENTED_EDGE('',*,*,#3763,.F.);
#3787 = ORIENTED_EDGE('',*,*,#3593,.T.);
#3788 = ORIENTED_EDGE('',*,*,#3789,.T.);
#3789 = EDGE_CURVE('',#3586,#3790,#3792,.T.);
#3790 = VERTEX_POINT('',#3791);
#3791 = CARTESIAN_POINT('',(0.16,-2.7,8.54));
#3792 = LINE('',#3793,#3794);
#3793 = CARTESIAN_POINT('',(0.16,-2.7,8.54));
#3794 = VECTOR('',#3795,1.);
#3795 = DIRECTION('',(-0.57735026919,0.57735026919,0.57735026919));
#3796 = ORIENTED_EDGE('',*,*,#3797,.F.);
#3797 = EDGE_CURVE('',#3764,#3790,#3798,.T.);
#3798 = LINE('',#3799,#3800);
#3799 = CARTESIAN_POINT('',(-0.32,-2.7,8.54));
#3800 = VECTOR('',#3801,1.);
#3801 = DIRECTION('',(1.,0.,0.));
#3802 = PLANE('',#3803);
#3803 = AXIS2_PLACEMENT_3D('',#3804,#3805,#3806);
#3804 = CARTESIAN_POINT('',(-0.32,-2.78,8.46));
#3805 = DIRECTION('',(-1.735167508357E-18,0.707106781187,-0.707106781187
    ));
#3806 = DIRECTION('',(-1.,-1.226948711654E-18,1.226948711654E-18));
#3807 = ADVANCED_FACE('',(#3808),#3819,.T.);
#3808 = FACE_BOUND('',#3809,.T.);
#3809 = EDGE_LOOP('',(#3810,#3811,#3812,#3813));
#3810 = ORIENTED_EDGE('',*,*,#3789,.F.);
#3811 = ORIENTED_EDGE('',*,*,#3622,.T.);
#3812 = ORIENTED_EDGE('',*,*,#3748,.T.);
#3813 = ORIENTED_EDGE('',*,*,#3814,.F.);
#3814 = EDGE_CURVE('',#3790,#3741,#3815,.T.);
#3815 = LINE('',#3816,#3817);
#3816 = CARTESIAN_POINT('',(0.16,-2.86,8.54));
#3817 = VECTOR('',#3818,1.);
#3818 = DIRECTION('',(0.,1.,0.));
#3819 = PLANE('',#3820);
#3820 = AXIS2_PLACEMENT_3D('',#3821,#3822,#3823);
#3821 = CARTESIAN_POINT('',(0.24,-2.86,8.46));
#3822 = DIRECTION('',(0.707106781187,-1.735167508357E-18,0.707106781187)
  );
#3823 = DIRECTION('',(1.226948711654E-18,1.,1.226948711654E-18));
#3824 = ADVANCED_FACE('',(#3825),#3831,.F.);
#3825 = FACE_BOUND('',#3826,.T.);
#3826 = EDGE_LOOP('',(#3827,#3828,#3829,#3830));
#3827 = ORIENTED_EDGE('',*,*,#3716,.F.);
#3828 = ORIENTED_EDGE('',*,*,#3692,.F.);
#3829 = ORIENTED_EDGE('',*,*,#3677,.T.);
#3830 = ORIENTED_EDGE('',*,*,#3653,.T.);
#3831 = PLANE('',#3832);
#3832 = AXIS2_PLACEMENT_3D('',#3833,#3834,#3835);
#3833 = CARTESIAN_POINT('',(-0.32,-2.86,-3.));
#3834 = DIRECTION('',(0.,0.,1.));
#3835 = DIRECTION('',(1.,0.,-0.));
#3836 = ADVANCED_FACE('',(#3837),#3843,.T.);
#3837 = FACE_BOUND('',#3838,.T.);
#3838 = EDGE_LOOP('',(#3839,#3840,#3841,#3842));
#3839 = ORIENTED_EDGE('',*,*,#3814,.T.);
#3840 = ORIENTED_EDGE('',*,*,#3740,.F.);
#3841 = ORIENTED_EDGE('',*,*,#3771,.F.);
#3842 = ORIENTED_EDGE('',*,*,#3797,.T.);
#3843 = PLANE('',#3844);
#3844 = AXIS2_PLACEMENT_3D('',#3845,#3846,#3847);
#3845 = CARTESIAN_POINT('',(-0.32,-2.86,8.54));
#3846 = DIRECTION('',(0.,0.,1.));
#3847 = DIRECTION('',(1.,0.,-0.));
#3848 = ADVANCED_FACE('',(#3849,#3963,#3969,#3975,#3981,#4015),#4049,.F.
  );
#3849 = FACE_BOUND('',#3850,.T.);
#3850 = EDGE_LOOP('',(#3851,#3859,#3867,#3875,#3883,#3891,#3897,#3898,
    #3899,#3900,#3901,#3902,#3903,#3904,#3912,#3920,#3928,#3936,#3944,
    #3950,#3951,#3952,#3953,#3954,#3955,#3956,#3957,#3958,#3959,#3960,
    #3961,#3962));
#3851 = ORIENTED_EDGE('',*,*,#3852,.F.);
#3852 = EDGE_CURVE('',#3853,#3358,#3855,.T.);
#3853 = VERTEX_POINT('',#3854);
#3854 = CARTESIAN_POINT('',(1.27,-4.064,0.));
#3855 = LINE('',#3856,#3857);
#3856 = CARTESIAN_POINT('',(1.27,-4.064,0.));
#3857 = VECTOR('',#3858,1.);
#3858 = DIRECTION('',(-0.707106781187,0.707106781187,0.));
#3859 = ORIENTED_EDGE('',*,*,#3860,.F.);
#3860 = EDGE_CURVE('',#3861,#3853,#3863,.T.);
#3861 = VERTEX_POINT('',#3862);
#3862 = CARTESIAN_POINT('',(1.27,-6.096,0.));
#3863 = LINE('',#3864,#3865);
#3864 = CARTESIAN_POINT('',(1.27,-6.096,0.));
#3865 = VECTOR('',#3866,1.);
#3866 = DIRECTION('',(0.,1.,0.));
#3867 = ORIENTED_EDGE('',*,*,#3868,.F.);
#3868 = EDGE_CURVE('',#3869,#3861,#3871,.T.);
#3869 = VERTEX_POINT('',#3870);
#3870 = CARTESIAN_POINT('',(1.016,-6.35,0.));
#3871 = LINE('',#3872,#3873);
#3872 = CARTESIAN_POINT('',(1.016,-6.35,0.));
#3873 = VECTOR('',#3874,1.);
#3874 = DIRECTION('',(0.707106781187,0.707106781187,0.));
#3875 = ORIENTED_EDGE('',*,*,#3876,.F.);
#3876 = EDGE_CURVE('',#3877,#3869,#3879,.T.);
#3877 = VERTEX_POINT('',#3878);
#3878 = CARTESIAN_POINT('',(1.27,-6.604,0.));
#3879 = LINE('',#3880,#3881);
#3880 = CARTESIAN_POINT('',(1.27,-6.604,0.));
#3881 = VECTOR('',#3882,1.);
#3882 = DIRECTION('',(-0.707106781187,0.707106781187,0.));
#3883 = ORIENTED_EDGE('',*,*,#3884,.F.);
#3884 = EDGE_CURVE('',#3885,#3877,#3887,.T.);
#3885 = VERTEX_POINT('',#3886);
#3886 = CARTESIAN_POINT('',(1.27,-8.636,0.));
#3887 = LINE('',#3888,#3889);
#3888 = CARTESIAN_POINT('',(1.27,-8.636,0.));
#3889 = VECTOR('',#3890,1.);
#3890 = DIRECTION('',(0.,1.,0.));
#3891 = ORIENTED_EDGE('',*,*,#3892,.F.);
#3892 = EDGE_CURVE('',#2421,#3885,#3893,.T.);
#3893 = LINE('',#3894,#3895);
#3894 = CARTESIAN_POINT('',(1.016,-8.89,0.));
#3895 = VECTOR('',#3896,1.);
#3896 = DIRECTION('',(0.707106781187,0.707106781187,0.));
#3897 = ORIENTED_EDGE('',*,*,#2420,.F.);
#3898 = ORIENTED_EDGE('',*,*,#2358,.F.);
#3899 = ORIENTED_EDGE('',*,*,#2327,.F.);
#3900 = ORIENTED_EDGE('',*,*,#1832,.T.);
#3901 = ORIENTED_EDGE('',*,*,#2398,.F.);
#3902 = ORIENTED_EDGE('',*,*,#2460,.F.);
#3903 = ORIENTED_EDGE('',*,*,#2491,.F.);
#3904 = ORIENTED_EDGE('',*,*,#3905,.F.);
#3905 = EDGE_CURVE('',#3906,#2482,#3908,.T.);
#3906 = VERTEX_POINT('',#3907);
#3907 = CARTESIAN_POINT('',(-1.27,-8.636,0.));
#3908 = LINE('',#3909,#3910);
#3909 = CARTESIAN_POINT('',(-1.27,-8.636,0.));
#3910 = VECTOR('',#3911,1.);
#3911 = DIRECTION('',(0.707106781187,-0.707106781187,0.));
#3912 = ORIENTED_EDGE('',*,*,#3913,.F.);
#3913 = EDGE_CURVE('',#3914,#3906,#3916,.T.);
#3914 = VERTEX_POINT('',#3915);
#3915 = CARTESIAN_POINT('',(-1.27,-6.604,0.));
#3916 = LINE('',#3917,#3918);
#3917 = CARTESIAN_POINT('',(-1.27,-6.604,0.));
#3918 = VECTOR('',#3919,1.);
#3919 = DIRECTION('',(0.,-1.,0.));
#3920 = ORIENTED_EDGE('',*,*,#3921,.F.);
#3921 = EDGE_CURVE('',#3922,#3914,#3924,.T.);
#3922 = VERTEX_POINT('',#3923);
#3923 = CARTESIAN_POINT('',(-1.016,-6.35,0.));
#3924 = LINE('',#3925,#3926);
#3925 = CARTESIAN_POINT('',(-1.016,-6.35,0.));
#3926 = VECTOR('',#3927,1.);
#3927 = DIRECTION('',(-0.707106781187,-0.707106781187,0.));
#3928 = ORIENTED_EDGE('',*,*,#3929,.F.);
#3929 = EDGE_CURVE('',#3930,#3922,#3932,.T.);
#3930 = VERTEX_POINT('',#3931);
#3931 = CARTESIAN_POINT('',(-1.27,-6.096,0.));
#3932 = LINE('',#3933,#3934);
#3933 = CARTESIAN_POINT('',(-1.27,-6.096,0.));
#3934 = VECTOR('',#3935,1.);
#3935 = DIRECTION('',(0.707106781187,-0.707106781187,0.));
#3936 = ORIENTED_EDGE('',*,*,#3937,.F.);
#3937 = EDGE_CURVE('',#3938,#3930,#3940,.T.);
#3938 = VERTEX_POINT('',#3939);
#3939 = CARTESIAN_POINT('',(-1.27,-4.064,0.));
#3940 = LINE('',#3941,#3942);
#3941 = CARTESIAN_POINT('',(-1.27,-4.064,0.));
#3942 = VECTOR('',#3943,1.);
#3943 = DIRECTION('',(0.,-1.,0.));
#3944 = ORIENTED_EDGE('',*,*,#3945,.F.);
#3945 = EDGE_CURVE('',#3297,#3938,#3946,.T.);
#3946 = LINE('',#3947,#3948);
#3947 = CARTESIAN_POINT('',(-1.016,-3.81,0.));
#3948 = VECTOR('',#3949,1.);
#3949 = DIRECTION('',(-0.707106781187,-0.707106781187,0.));
#3950 = ORIENTED_EDGE('',*,*,#3296,.F.);
#3951 = ORIENTED_EDGE('',*,*,#3234,.F.);
#3952 = ORIENTED_EDGE('',*,*,#3203,.F.);
#3953 = ORIENTED_EDGE('',*,*,#3057,.F.);
#3954 = ORIENTED_EDGE('',*,*,#3128,.F.);
#3955 = ORIENTED_EDGE('',*,*,#3181,.F.);
#3956 = ORIENTED_EDGE('',*,*,#3150,.F.);
#3957 = ORIENTED_EDGE('',*,*,#3088,.F.);
#3958 = ORIENTED_EDGE('',*,*,#3017,.F.);
#3959 = ORIENTED_EDGE('',*,*,#2986,.F.);
#3960 = ORIENTED_EDGE('',*,*,#3274,.F.);
#3961 = ORIENTED_EDGE('',*,*,#3336,.F.);
#3962 = ORIENTED_EDGE('',*,*,#3367,.F.);
#3963 = FACE_BOUND('',#3964,.T.);
#3964 = EDGE_LOOP('',(#3965,#3966,#3967,#3968));
#3965 = ORIENTED_EDGE('',*,*,#2312,.T.);
#3966 = ORIENTED_EDGE('',*,*,#2295,.T.);
#3967 = ORIENTED_EDGE('',*,*,#2262,.F.);
#3968 = ORIENTED_EDGE('',*,*,#2238,.F.);
#3969 = FACE_BOUND('',#3970,.T.);
#3970 = EDGE_LOOP('',(#3971,#3972,#3973,#3974));
#3971 = ORIENTED_EDGE('',*,*,#2962,.T.);
#3972 = ORIENTED_EDGE('',*,*,#2945,.T.);
#3973 = ORIENTED_EDGE('',*,*,#2912,.F.);
#3974 = ORIENTED_EDGE('',*,*,#2888,.F.);
#3975 = FACE_BOUND('',#3976,.T.);
#3976 = EDGE_LOOP('',(#3977,#3978,#3979,#3980));
#3977 = ORIENTED_EDGE('',*,*,#3414,.T.);
#3978 = ORIENTED_EDGE('',*,*,#3438,.F.);
#3979 = ORIENTED_EDGE('',*,*,#3469,.F.);
#3980 = ORIENTED_EDGE('',*,*,#3498,.T.);
#3981 = FACE_BOUND('',#3982,.T.);
#3982 = EDGE_LOOP('',(#3983,#3993,#4001,#4009));
#3983 = ORIENTED_EDGE('',*,*,#3984,.T.);
#3984 = EDGE_CURVE('',#3985,#3987,#3989,.T.);
#3985 = VERTEX_POINT('',#3986);
#3986 = CARTESIAN_POINT('',(0.32,-7.94,0.));
#3987 = VERTEX_POINT('',#3988);
#3988 = CARTESIAN_POINT('',(0.32,-7.3,0.));
#3989 = LINE('',#3990,#3991);
#3990 = CARTESIAN_POINT('',(0.32,-5.875,0.));
#3991 = VECTOR('',#3992,1.);
#3992 = DIRECTION('',(0.,1.,0.));
#3993 = ORIENTED_EDGE('',*,*,#3994,.T.);
#3994 = EDGE_CURVE('',#3987,#3995,#3997,.T.);
#3995 = VERTEX_POINT('',#3996);
#3996 = CARTESIAN_POINT('',(-0.32,-7.3,0.));
#3997 = LINE('',#3998,#3999);
#3998 = CARTESIAN_POINT('',(-0.16,-7.3,0.));
#3999 = VECTOR('',#4000,1.);
#4000 = DIRECTION('',(-1.,0.,0.));
#4001 = ORIENTED_EDGE('',*,*,#4002,.F.);
#4002 = EDGE_CURVE('',#4003,#3995,#4005,.T.);
#4003 = VERTEX_POINT('',#4004);
#4004 = CARTESIAN_POINT('',(-0.32,-7.94,0.));
#4005 = LINE('',#4006,#4007);
#4006 = CARTESIAN_POINT('',(-0.32,-5.875,0.));
#4007 = VECTOR('',#4008,1.);
#4008 = DIRECTION('',(0.,1.,0.));
#4009 = ORIENTED_EDGE('',*,*,#4010,.F.);
#4010 = EDGE_CURVE('',#3985,#4003,#4011,.T.);
#4011 = LINE('',#4012,#4013);
#4012 = CARTESIAN_POINT('',(-0.16,-7.94,0.));
#4013 = VECTOR('',#4014,1.);
#4014 = DIRECTION('',(-1.,0.,0.));
#4015 = FACE_BOUND('',#4016,.T.);
#4016 = EDGE_LOOP('',(#4017,#4027,#4035,#4043));
#4017 = ORIENTED_EDGE('',*,*,#4018,.T.);
#4018 = EDGE_CURVE('',#4019,#4021,#4023,.T.);
#4019 = VERTEX_POINT('',#4020);
#4020 = CARTESIAN_POINT('',(0.32,-4.76,0.));
#4021 = VERTEX_POINT('',#4022);
#4022 = CARTESIAN_POINT('',(-0.32,-4.76,0.));
#4023 = LINE('',#4024,#4025);
#4024 = CARTESIAN_POINT('',(-0.16,-4.76,0.));
#4025 = VECTOR('',#4026,1.);
#4026 = DIRECTION('',(-1.,0.,0.));
#4027 = ORIENTED_EDGE('',*,*,#4028,.F.);
#4028 = EDGE_CURVE('',#4029,#4021,#4031,.T.);
#4029 = VERTEX_POINT('',#4030);
#4030 = CARTESIAN_POINT('',(-0.32,-5.4,0.));
#4031 = LINE('',#4032,#4033);
#4032 = CARTESIAN_POINT('',(-0.32,-4.605,0.));
#4033 = VECTOR('',#4034,1.);
#4034 = DIRECTION('',(0.,1.,0.));
#4035 = ORIENTED_EDGE('',*,*,#4036,.F.);
#4036 = EDGE_CURVE('',#4037,#4029,#4039,.T.);
#4037 = VERTEX_POINT('',#4038);
#4038 = CARTESIAN_POINT('',(0.32,-5.4,0.));
#4039 = LINE('',#4040,#4041);
#4040 = CARTESIAN_POINT('',(-0.16,-5.4,0.));
#4041 = VECTOR('',#4042,1.);
#4042 = DIRECTION('',(-1.,0.,0.));
#4043 = ORIENTED_EDGE('',*,*,#4044,.T.);
#4044 = EDGE_CURVE('',#4037,#4019,#4045,.T.);
#4045 = LINE('',#4046,#4047);
#4046 = CARTESIAN_POINT('',(0.32,-4.605,0.));
#4047 = VECTOR('',#4048,1.);
#4048 = DIRECTION('',(0.,1.,0.));
#4049 = PLANE('',#4050);
#4050 = AXIS2_PLACEMENT_3D('',#4051,#4052,#4053);
#4051 = CARTESIAN_POINT('',(4.259053689278E-17,-3.81,0.));
#4052 = DIRECTION('',(0.,0.,1.));
#4053 = DIRECTION('',(1.,0.,-0.));
#4054 = ADVANCED_FACE('',(#4055,#4169,#4175,#4181,#4187,#4221),#4255,.T.
  );
#4055 = FACE_BOUND('',#4056,.T.);
#4056 = EDGE_LOOP('',(#4057,#4065,#4073,#4081,#4089,#4097,#4103,#4104,
    #4105,#4106,#4107,#4108,#4109,#4110,#4118,#4126,#4134,#4142,#4150,
    #4156,#4157,#4158,#4159,#4160,#4161,#4162,#4163,#4164,#4165,#4166,
    #4167,#4168));
#4057 = ORIENTED_EDGE('',*,*,#4058,.T.);
#4058 = EDGE_CURVE('',#3305,#4059,#4061,.T.);
#4059 = VERTEX_POINT('',#4060);
#4060 = CARTESIAN_POINT('',(-1.27,-4.064,2.54));
#4061 = LINE('',#4062,#4063);
#4062 = CARTESIAN_POINT('',(-1.016,-3.81,2.54));
#4063 = VECTOR('',#4064,1.);
#4064 = DIRECTION('',(-0.707106781187,-0.707106781187,0.));
#4065 = ORIENTED_EDGE('',*,*,#4066,.T.);
#4066 = EDGE_CURVE('',#4059,#4067,#4069,.T.);
#4067 = VERTEX_POINT('',#4068);
#4068 = CARTESIAN_POINT('',(-1.27,-6.096,2.54));
#4069 = LINE('',#4070,#4071);
#4070 = CARTESIAN_POINT('',(-1.27,-4.064,2.54));
#4071 = VECTOR('',#4072,1.);
#4072 = DIRECTION('',(0.,-1.,0.));
#4073 = ORIENTED_EDGE('',*,*,#4074,.T.);
#4074 = EDGE_CURVE('',#4067,#4075,#4077,.T.);
#4075 = VERTEX_POINT('',#4076);
#4076 = CARTESIAN_POINT('',(-1.016,-6.35,2.54));
#4077 = LINE('',#4078,#4079);
#4078 = CARTESIAN_POINT('',(-1.27,-6.096,2.54));
#4079 = VECTOR('',#4080,1.);
#4080 = DIRECTION('',(0.707106781187,-0.707106781187,0.));
#4081 = ORIENTED_EDGE('',*,*,#4082,.T.);
#4082 = EDGE_CURVE('',#4075,#4083,#4085,.T.);
#4083 = VERTEX_POINT('',#4084);
#4084 = CARTESIAN_POINT('',(-1.27,-6.604,2.54));
#4085 = LINE('',#4086,#4087);
#4086 = CARTESIAN_POINT('',(-1.016,-6.35,2.54));
#4087 = VECTOR('',#4088,1.);
#4088 = DIRECTION('',(-0.707106781187,-0.707106781187,0.));
#4089 = ORIENTED_EDGE('',*,*,#4090,.T.);
#4090 = EDGE_CURVE('',#4083,#4091,#4093,.T.);
#4091 = VERTEX_POINT('',#4092);
#4092 = CARTESIAN_POINT('',(-1.27,-8.636,2.54));
#4093 = LINE('',#4094,#4095);
#4094 = CARTESIAN_POINT('',(-1.27,-6.604,2.54));
#4095 = VECTOR('',#4096,1.);
#4096 = DIRECTION('',(0.,-1.,0.));
#4097 = ORIENTED_EDGE('',*,*,#4098,.T.);
#4098 = EDGE_CURVE('',#4091,#2484,#4099,.T.);
#4099 = LINE('',#4100,#4101);
#4100 = CARTESIAN_POINT('',(-1.27,-8.636,2.54));
#4101 = VECTOR('',#4102,1.);
#4102 = DIRECTION('',(0.707106781187,-0.707106781187,0.));
#4103 = ORIENTED_EDGE('',*,*,#2498,.T.);
#4104 = ORIENTED_EDGE('',*,*,#2467,.T.);
#4105 = ORIENTED_EDGE('',*,*,#2405,.T.);
#4106 = ORIENTED_EDGE('',*,*,#1848,.T.);
#4107 = ORIENTED_EDGE('',*,*,#2343,.T.);
#4108 = ORIENTED_EDGE('',*,*,#2374,.T.);
#4109 = ORIENTED_EDGE('',*,*,#2436,.T.);
#4110 = ORIENTED_EDGE('',*,*,#4111,.T.);
#4111 = EDGE_CURVE('',#2429,#4112,#4114,.T.);
#4112 = VERTEX_POINT('',#4113);
#4113 = CARTESIAN_POINT('',(1.27,-8.636,2.54));
#4114 = LINE('',#4115,#4116);
#4115 = CARTESIAN_POINT('',(1.016,-8.89,2.54));
#4116 = VECTOR('',#4117,1.);
#4117 = DIRECTION('',(0.707106781187,0.707106781187,0.));
#4118 = ORIENTED_EDGE('',*,*,#4119,.T.);
#4119 = EDGE_CURVE('',#4112,#4120,#4122,.T.);
#4120 = VERTEX_POINT('',#4121);
#4121 = CARTESIAN_POINT('',(1.27,-6.604,2.54));
#4122 = LINE('',#4123,#4124);
#4123 = CARTESIAN_POINT('',(1.27,-8.636,2.54));
#4124 = VECTOR('',#4125,1.);
#4125 = DIRECTION('',(0.,1.,0.));
#4126 = ORIENTED_EDGE('',*,*,#4127,.T.);
#4127 = EDGE_CURVE('',#4120,#4128,#4130,.T.);
#4128 = VERTEX_POINT('',#4129);
#4129 = CARTESIAN_POINT('',(1.016,-6.35,2.54));
#4130 = LINE('',#4131,#4132);
#4131 = CARTESIAN_POINT('',(1.27,-6.604,2.54));
#4132 = VECTOR('',#4133,1.);
#4133 = DIRECTION('',(-0.707106781187,0.707106781187,0.));
#4134 = ORIENTED_EDGE('',*,*,#4135,.T.);
#4135 = EDGE_CURVE('',#4128,#4136,#4138,.T.);
#4136 = VERTEX_POINT('',#4137);
#4137 = CARTESIAN_POINT('',(1.27,-6.096,2.54));
#4138 = LINE('',#4139,#4140);
#4139 = CARTESIAN_POINT('',(1.016,-6.35,2.54));
#4140 = VECTOR('',#4141,1.);
#4141 = DIRECTION('',(0.707106781187,0.707106781187,0.));
#4142 = ORIENTED_EDGE('',*,*,#4143,.T.);
#4143 = EDGE_CURVE('',#4136,#4144,#4146,.T.);
#4144 = VERTEX_POINT('',#4145);
#4145 = CARTESIAN_POINT('',(1.27,-4.064,2.54));
#4146 = LINE('',#4147,#4148);
#4147 = CARTESIAN_POINT('',(1.27,-6.096,2.54));
#4148 = VECTOR('',#4149,1.);
#4149 = DIRECTION('',(0.,1.,0.));
#4150 = ORIENTED_EDGE('',*,*,#4151,.T.);
#4151 = EDGE_CURVE('',#4144,#3360,#4152,.T.);
#4152 = LINE('',#4153,#4154);
#4153 = CARTESIAN_POINT('',(1.27,-4.064,2.54));
#4154 = VECTOR('',#4155,1.);
#4155 = DIRECTION('',(-0.707106781187,0.707106781187,0.));
#4156 = ORIENTED_EDGE('',*,*,#3374,.T.);
#4157 = ORIENTED_EDGE('',*,*,#3343,.T.);
#4158 = ORIENTED_EDGE('',*,*,#3281,.T.);
#4159 = ORIENTED_EDGE('',*,*,#3002,.T.);
#4160 = ORIENTED_EDGE('',*,*,#3033,.T.);
#4161 = ORIENTED_EDGE('',*,*,#3104,.T.);
#4162 = ORIENTED_EDGE('',*,*,#3166,.T.);
#4163 = ORIENTED_EDGE('',*,*,#3188,.T.);
#4164 = ORIENTED_EDGE('',*,*,#3135,.T.);
#4165 = ORIENTED_EDGE('',*,*,#3073,.T.);
#4166 = ORIENTED_EDGE('',*,*,#3219,.T.);
#4167 = ORIENTED_EDGE('',*,*,#3250,.T.);
#4168 = ORIENTED_EDGE('',*,*,#3312,.T.);
#4169 = FACE_BOUND('',#4170,.T.);
#4170 = EDGE_LOOP('',(#4171,#4172,#4173,#4174));
#4171 = ORIENTED_EDGE('',*,*,#2214,.F.);
#4172 = ORIENTED_EDGE('',*,*,#2151,.T.);
#4173 = ORIENTED_EDGE('',*,*,#2175,.T.);
#4174 = ORIENTED_EDGE('',*,*,#2197,.F.);
#4175 = FACE_BOUND('',#4176,.T.);
#4176 = EDGE_LOOP('',(#4177,#4178,#4179,#4180));
#4177 = ORIENTED_EDGE('',*,*,#2864,.F.);
#4178 = ORIENTED_EDGE('',*,*,#2801,.T.);
#4179 = ORIENTED_EDGE('',*,*,#2825,.T.);
#4180 = ORIENTED_EDGE('',*,*,#2847,.F.);
#4181 = FACE_BOUND('',#4182,.T.);
#4182 = EDGE_LOOP('',(#4183,#4184,#4185,#4186));
#4183 = ORIENTED_EDGE('',*,*,#3522,.F.);
#4184 = ORIENTED_EDGE('',*,*,#3615,.F.);
#4185 = ORIENTED_EDGE('',*,*,#3600,.T.);
#4186 = ORIENTED_EDGE('',*,*,#3569,.T.);
#4187 = FACE_BOUND('',#4188,.T.);
#4188 = EDGE_LOOP('',(#4189,#4199,#4207,#4215));
#4189 = ORIENTED_EDGE('',*,*,#4190,.F.);
#4190 = EDGE_CURVE('',#4191,#4193,#4195,.T.);
#4191 = VERTEX_POINT('',#4192);
#4192 = CARTESIAN_POINT('',(0.32,-4.76,2.54));
#4193 = VERTEX_POINT('',#4194);
#4194 = CARTESIAN_POINT('',(-0.32,-4.76,2.54));
#4195 = LINE('',#4196,#4197);
#4196 = CARTESIAN_POINT('',(-0.16,-4.76,2.54));
#4197 = VECTOR('',#4198,1.);
#4198 = DIRECTION('',(-1.,0.,0.));
#4199 = ORIENTED_EDGE('',*,*,#4200,.F.);
#4200 = EDGE_CURVE('',#4201,#4191,#4203,.T.);
#4201 = VERTEX_POINT('',#4202);
#4202 = CARTESIAN_POINT('',(0.32,-5.4,2.54));
#4203 = LINE('',#4204,#4205);
#4204 = CARTESIAN_POINT('',(0.32,-4.605,2.54));
#4205 = VECTOR('',#4206,1.);
#4206 = DIRECTION('',(0.,1.,0.));
#4207 = ORIENTED_EDGE('',*,*,#4208,.T.);
#4208 = EDGE_CURVE('',#4201,#4209,#4211,.T.);
#4209 = VERTEX_POINT('',#4210);
#4210 = CARTESIAN_POINT('',(-0.32,-5.4,2.54));
#4211 = LINE('',#4212,#4213);
#4212 = CARTESIAN_POINT('',(-0.16,-5.4,2.54));
#4213 = VECTOR('',#4214,1.);
#4214 = DIRECTION('',(-1.,0.,0.));
#4215 = ORIENTED_EDGE('',*,*,#4216,.T.);
#4216 = EDGE_CURVE('',#4209,#4193,#4217,.T.);
#4217 = LINE('',#4218,#4219);
#4218 = CARTESIAN_POINT('',(-0.32,-4.605,2.54));
#4219 = VECTOR('',#4220,1.);
#4220 = DIRECTION('',(0.,1.,0.));
#4221 = FACE_BOUND('',#4222,.T.);
#4222 = EDGE_LOOP('',(#4223,#4233,#4241,#4249));
#4223 = ORIENTED_EDGE('',*,*,#4224,.F.);
#4224 = EDGE_CURVE('',#4225,#4227,#4229,.T.);
#4225 = VERTEX_POINT('',#4226);
#4226 = CARTESIAN_POINT('',(0.32,-7.94,2.54));
#4227 = VERTEX_POINT('',#4228);
#4228 = CARTESIAN_POINT('',(0.32,-7.3,2.54));
#4229 = LINE('',#4230,#4231);
#4230 = CARTESIAN_POINT('',(0.32,-5.875,2.54));
#4231 = VECTOR('',#4232,1.);
#4232 = DIRECTION('',(0.,1.,0.));
#4233 = ORIENTED_EDGE('',*,*,#4234,.T.);
#4234 = EDGE_CURVE('',#4225,#4235,#4237,.T.);
#4235 = VERTEX_POINT('',#4236);
#4236 = CARTESIAN_POINT('',(-0.32,-7.94,2.54));
#4237 = LINE('',#4238,#4239);
#4238 = CARTESIAN_POINT('',(-0.16,-7.94,2.54));
#4239 = VECTOR('',#4240,1.);
#4240 = DIRECTION('',(-1.,0.,0.));
#4241 = ORIENTED_EDGE('',*,*,#4242,.T.);
#4242 = EDGE_CURVE('',#4235,#4243,#4245,.T.);
#4243 = VERTEX_POINT('',#4244);
#4244 = CARTESIAN_POINT('',(-0.32,-7.3,2.54));
#4245 = LINE('',#4246,#4247);
#4246 = CARTESIAN_POINT('',(-0.32,-5.875,2.54));
#4247 = VECTOR('',#4248,1.);
#4248 = DIRECTION('',(0.,1.,0.));
#4249 = ORIENTED_EDGE('',*,*,#4250,.F.);
#4250 = EDGE_CURVE('',#4227,#4243,#4251,.T.);
#4251 = LINE('',#4252,#4253);
#4252 = CARTESIAN_POINT('',(-0.16,-7.3,2.54));
#4253 = VECTOR('',#4254,1.);
#4254 = DIRECTION('',(-1.,0.,0.));
#4255 = PLANE('',#4256);
#4256 = AXIS2_PLACEMENT_3D('',#4257,#4258,#4259);
#4257 = CARTESIAN_POINT('',(4.259053689278E-17,-3.81,2.54));
#4258 = DIRECTION('',(0.,0.,1.));
#4259 = DIRECTION('',(1.,0.,-0.));
#4260 = ADVANCED_FACE('',(#4261),#4272,.F.);
#4261 = FACE_BOUND('',#4262,.T.);
#4262 = EDGE_LOOP('',(#4263,#4264,#4265,#4271));
#4263 = ORIENTED_EDGE('',*,*,#3304,.F.);
#4264 = ORIENTED_EDGE('',*,*,#3945,.T.);
#4265 = ORIENTED_EDGE('',*,*,#4266,.T.);
#4266 = EDGE_CURVE('',#3938,#4059,#4267,.T.);
#4267 = LINE('',#4268,#4269);
#4268 = CARTESIAN_POINT('',(-1.27,-4.064,0.));
#4269 = VECTOR('',#4270,1.);
#4270 = DIRECTION('',(0.,0.,1.));
#4271 = ORIENTED_EDGE('',*,*,#4058,.F.);
#4272 = PLANE('',#4273);
#4273 = AXIS2_PLACEMENT_3D('',#4274,#4275,#4276);
#4274 = CARTESIAN_POINT('',(-1.016,-3.81,0.));
#4275 = DIRECTION('',(0.707106781187,-0.707106781187,0.));
#4276 = DIRECTION('',(-0.707106781187,-0.707106781187,0.));
#4277 = ADVANCED_FACE('',(#4278),#4289,.F.);
#4278 = FACE_BOUND('',#4279,.T.);
#4279 = EDGE_LOOP('',(#4280,#4281,#4282,#4288));
#4280 = ORIENTED_EDGE('',*,*,#4266,.F.);
#4281 = ORIENTED_EDGE('',*,*,#3937,.T.);
#4282 = ORIENTED_EDGE('',*,*,#4283,.T.);
#4283 = EDGE_CURVE('',#3930,#4067,#4284,.T.);
#4284 = LINE('',#4285,#4286);
#4285 = CARTESIAN_POINT('',(-1.27,-6.096,0.));
#4286 = VECTOR('',#4287,1.);
#4287 = DIRECTION('',(0.,0.,1.));
#4288 = ORIENTED_EDGE('',*,*,#4066,.F.);
#4289 = PLANE('',#4290);
#4290 = AXIS2_PLACEMENT_3D('',#4291,#4292,#4293);
#4291 = CARTESIAN_POINT('',(-1.27,-4.064,0.));
#4292 = DIRECTION('',(1.,0.,0.));
#4293 = DIRECTION('',(0.,-1.,0.));
#4294 = ADVANCED_FACE('',(#4295),#4306,.F.);
#4295 = FACE_BOUND('',#4296,.T.);
#4296 = EDGE_LOOP('',(#4297,#4303,#4304,#4305));
#4297 = ORIENTED_EDGE('',*,*,#4298,.F.);
#4298 = EDGE_CURVE('',#3853,#4144,#4299,.T.);
#4299 = LINE('',#4300,#4301);
#4300 = CARTESIAN_POINT('',(1.27,-4.064,0.));
#4301 = VECTOR('',#4302,1.);
#4302 = DIRECTION('',(0.,0.,1.));
#4303 = ORIENTED_EDGE('',*,*,#3852,.T.);
#4304 = ORIENTED_EDGE('',*,*,#3357,.T.);
#4305 = ORIENTED_EDGE('',*,*,#4151,.F.);
#4306 = PLANE('',#4307);
#4307 = AXIS2_PLACEMENT_3D('',#4308,#4309,#4310);
#4308 = CARTESIAN_POINT('',(1.27,-4.064,0.));
#4309 = DIRECTION('',(-0.707106781187,-0.707106781187,0.));
#4310 = DIRECTION('',(-0.707106781187,0.707106781187,0.));
#4311 = ADVANCED_FACE('',(#4312),#4323,.F.);
#4312 = FACE_BOUND('',#4313,.T.);
#4313 = EDGE_LOOP('',(#4314,#4315,#4316,#4322));
#4314 = ORIENTED_EDGE('',*,*,#4283,.F.);
#4315 = ORIENTED_EDGE('',*,*,#3929,.T.);
#4316 = ORIENTED_EDGE('',*,*,#4317,.T.);
#4317 = EDGE_CURVE('',#3922,#4075,#4318,.T.);
#4318 = LINE('',#4319,#4320);
#4319 = CARTESIAN_POINT('',(-1.016,-6.35,0.));
#4320 = VECTOR('',#4321,1.);
#4321 = DIRECTION('',(0.,0.,1.));
#4322 = ORIENTED_EDGE('',*,*,#4074,.F.);
#4323 = PLANE('',#4324);
#4324 = AXIS2_PLACEMENT_3D('',#4325,#4326,#4327);
#4325 = CARTESIAN_POINT('',(-1.27,-6.096,0.));
#4326 = DIRECTION('',(0.707106781187,0.707106781187,0.));
#4327 = DIRECTION('',(0.707106781187,-0.707106781187,0.));
#4328 = ADVANCED_FACE('',(#4329),#4340,.F.);
#4329 = FACE_BOUND('',#4330,.T.);
#4330 = EDGE_LOOP('',(#4331,#4337,#4338,#4339));
#4331 = ORIENTED_EDGE('',*,*,#4332,.F.);
#4332 = EDGE_CURVE('',#3861,#4136,#4333,.T.);
#4333 = LINE('',#4334,#4335);
#4334 = CARTESIAN_POINT('',(1.27,-6.096,0.));
#4335 = VECTOR('',#4336,1.);
#4336 = DIRECTION('',(0.,0.,1.));
#4337 = ORIENTED_EDGE('',*,*,#3860,.T.);
#4338 = ORIENTED_EDGE('',*,*,#4298,.T.);
#4339 = ORIENTED_EDGE('',*,*,#4143,.F.);
#4340 = PLANE('',#4341);
#4341 = AXIS2_PLACEMENT_3D('',#4342,#4343,#4344);
#4342 = CARTESIAN_POINT('',(1.27,-6.096,0.));
#4343 = DIRECTION('',(-1.,0.,0.));
#4344 = DIRECTION('',(0.,1.,0.));
#4345 = ADVANCED_FACE('',(#4346),#4357,.F.);
#4346 = FACE_BOUND('',#4347,.T.);
#4347 = EDGE_LOOP('',(#4348,#4349,#4350,#4356));
#4348 = ORIENTED_EDGE('',*,*,#4317,.F.);
#4349 = ORIENTED_EDGE('',*,*,#3921,.T.);
#4350 = ORIENTED_EDGE('',*,*,#4351,.T.);
#4351 = EDGE_CURVE('',#3914,#4083,#4352,.T.);
#4352 = LINE('',#4353,#4354);
#4353 = CARTESIAN_POINT('',(-1.27,-6.604,0.));
#4354 = VECTOR('',#4355,1.);
#4355 = DIRECTION('',(0.,0.,1.));
#4356 = ORIENTED_EDGE('',*,*,#4082,.F.);
#4357 = PLANE('',#4358);
#4358 = AXIS2_PLACEMENT_3D('',#4359,#4360,#4361);
#4359 = CARTESIAN_POINT('',(-1.016,-6.35,0.));
#4360 = DIRECTION('',(0.707106781187,-0.707106781187,0.));
#4361 = DIRECTION('',(-0.707106781187,-0.707106781187,0.));
#4362 = ADVANCED_FACE('',(#4363),#4374,.F.);
#4363 = FACE_BOUND('',#4364,.T.);
#4364 = EDGE_LOOP('',(#4365,#4371,#4372,#4373));
#4365 = ORIENTED_EDGE('',*,*,#4366,.F.);
#4366 = EDGE_CURVE('',#3869,#4128,#4367,.T.);
#4367 = LINE('',#4368,#4369);
#4368 = CARTESIAN_POINT('',(1.016,-6.35,0.));
#4369 = VECTOR('',#4370,1.);
#4370 = DIRECTION('',(0.,0.,1.));
#4371 = ORIENTED_EDGE('',*,*,#3868,.T.);
#4372 = ORIENTED_EDGE('',*,*,#4332,.T.);
#4373 = ORIENTED_EDGE('',*,*,#4135,.F.);
#4374 = PLANE('',#4375);
#4375 = AXIS2_PLACEMENT_3D('',#4376,#4377,#4378);
#4376 = CARTESIAN_POINT('',(1.016,-6.35,0.));
#4377 = DIRECTION('',(-0.707106781187,0.707106781187,0.));
#4378 = DIRECTION('',(0.707106781187,0.707106781187,0.));
#4379 = ADVANCED_FACE('',(#4380),#4391,.F.);
#4380 = FACE_BOUND('',#4381,.T.);
#4381 = EDGE_LOOP('',(#4382,#4383,#4384,#4390));
#4382 = ORIENTED_EDGE('',*,*,#4351,.F.);
#4383 = ORIENTED_EDGE('',*,*,#3913,.T.);
#4384 = ORIENTED_EDGE('',*,*,#4385,.T.);
#4385 = EDGE_CURVE('',#3906,#4091,#4386,.T.);
#4386 = LINE('',#4387,#4388);
#4387 = CARTESIAN_POINT('',(-1.27,-8.636,0.));
#4388 = VECTOR('',#4389,1.);
#4389 = DIRECTION('',(0.,0.,1.));
#4390 = ORIENTED_EDGE('',*,*,#4090,.F.);
#4391 = PLANE('',#4392);
#4392 = AXIS2_PLACEMENT_3D('',#4393,#4394,#4395);
#4393 = CARTESIAN_POINT('',(-1.27,-6.604,0.));
#4394 = DIRECTION('',(1.,0.,0.));
#4395 = DIRECTION('',(0.,-1.,0.));
#4396 = ADVANCED_FACE('',(#4397),#4408,.F.);
#4397 = FACE_BOUND('',#4398,.T.);
#4398 = EDGE_LOOP('',(#4399,#4405,#4406,#4407));
#4399 = ORIENTED_EDGE('',*,*,#4400,.F.);
#4400 = EDGE_CURVE('',#3877,#4120,#4401,.T.);
#4401 = LINE('',#4402,#4403);
#4402 = CARTESIAN_POINT('',(1.27,-6.604,0.));
#4403 = VECTOR('',#4404,1.);
#4404 = DIRECTION('',(0.,0.,1.));
#4405 = ORIENTED_EDGE('',*,*,#3876,.T.);
#4406 = ORIENTED_EDGE('',*,*,#4366,.T.);
#4407 = ORIENTED_EDGE('',*,*,#4127,.F.);
#4408 = PLANE('',#4409);
#4409 = AXIS2_PLACEMENT_3D('',#4410,#4411,#4412);
#4410 = CARTESIAN_POINT('',(1.27,-6.604,0.));
#4411 = DIRECTION('',(-0.707106781187,-0.707106781187,0.));
#4412 = DIRECTION('',(-0.707106781187,0.707106781187,0.));
#4413 = ADVANCED_FACE('',(#4414),#4420,.F.);
#4414 = FACE_BOUND('',#4415,.T.);
#4415 = EDGE_LOOP('',(#4416,#4417,#4418,#4419));
#4416 = ORIENTED_EDGE('',*,*,#4385,.F.);
#4417 = ORIENTED_EDGE('',*,*,#3905,.T.);
#4418 = ORIENTED_EDGE('',*,*,#2481,.T.);
#4419 = ORIENTED_EDGE('',*,*,#4098,.F.);
#4420 = PLANE('',#4421);
#4421 = AXIS2_PLACEMENT_3D('',#4422,#4423,#4424);
#4422 = CARTESIAN_POINT('',(-1.27,-8.636,0.));
#4423 = DIRECTION('',(0.707106781187,0.707106781187,0.));
#4424 = DIRECTION('',(0.707106781187,-0.707106781187,0.));
#4425 = ADVANCED_FACE('',(#4426),#4437,.F.);
#4426 = FACE_BOUND('',#4427,.T.);
#4427 = EDGE_LOOP('',(#4428,#4434,#4435,#4436));
#4428 = ORIENTED_EDGE('',*,*,#4429,.F.);
#4429 = EDGE_CURVE('',#3885,#4112,#4430,.T.);
#4430 = LINE('',#4431,#4432);
#4431 = CARTESIAN_POINT('',(1.27,-8.636,0.));
#4432 = VECTOR('',#4433,1.);
#4433 = DIRECTION('',(0.,0.,1.));
#4434 = ORIENTED_EDGE('',*,*,#3884,.T.);
#4435 = ORIENTED_EDGE('',*,*,#4400,.T.);
#4436 = ORIENTED_EDGE('',*,*,#4119,.F.);
#4437 = PLANE('',#4438);
#4438 = AXIS2_PLACEMENT_3D('',#4439,#4440,#4441);
#4439 = CARTESIAN_POINT('',(1.27,-8.636,0.));
#4440 = DIRECTION('',(-1.,0.,0.));
#4441 = DIRECTION('',(0.,1.,0.));
#4442 = ADVANCED_FACE('',(#4443),#4449,.F.);
#4443 = FACE_BOUND('',#4444,.T.);
#4444 = EDGE_LOOP('',(#4445,#4446,#4447,#4448));
#4445 = ORIENTED_EDGE('',*,*,#2428,.F.);
#4446 = ORIENTED_EDGE('',*,*,#3892,.T.);
#4447 = ORIENTED_EDGE('',*,*,#4429,.T.);
#4448 = ORIENTED_EDGE('',*,*,#4111,.F.);
#4449 = PLANE('',#4450);
#4450 = AXIS2_PLACEMENT_3D('',#4451,#4452,#4453);
#4451 = CARTESIAN_POINT('',(1.016,-8.89,0.));
#4452 = DIRECTION('',(-0.707106781187,0.707106781187,0.));
#4453 = DIRECTION('',(0.707106781187,0.707106781187,0.));
#4454 = ADVANCED_FACE('',(#4455),#4480,.T.);
#4455 = FACE_BOUND('',#4456,.T.);
#4456 = EDGE_LOOP('',(#4457,#4465,#4473,#4479));
#4457 = ORIENTED_EDGE('',*,*,#4458,.F.);
#4458 = EDGE_CURVE('',#4459,#4019,#4461,.T.);
#4459 = VERTEX_POINT('',#4460);
#4460 = CARTESIAN_POINT('',(0.32,-4.76,-2.84));
#4461 = LINE('',#4462,#4463);
#4462 = CARTESIAN_POINT('',(0.32,-4.76,-3.));
#4463 = VECTOR('',#4464,1.);
#4464 = DIRECTION('',(0.,0.,1.));
#4465 = ORIENTED_EDGE('',*,*,#4466,.F.);
#4466 = EDGE_CURVE('',#4467,#4459,#4469,.T.);
#4467 = VERTEX_POINT('',#4468);
#4468 = CARTESIAN_POINT('',(-0.32,-4.76,-2.84));
#4469 = LINE('',#4470,#4471);
#4470 = CARTESIAN_POINT('',(-0.32,-4.76,-2.84));
#4471 = VECTOR('',#4472,1.);
#4472 = DIRECTION('',(1.,0.,0.));
#4473 = ORIENTED_EDGE('',*,*,#4474,.T.);
#4474 = EDGE_CURVE('',#4467,#4021,#4475,.T.);
#4475 = LINE('',#4476,#4477);
#4476 = CARTESIAN_POINT('',(-0.32,-4.76,-3.));
#4477 = VECTOR('',#4478,1.);
#4478 = DIRECTION('',(0.,0.,1.));
#4479 = ORIENTED_EDGE('',*,*,#4018,.F.);
#4480 = PLANE('',#4481);
#4481 = AXIS2_PLACEMENT_3D('',#4482,#4483,#4484);
#4482 = CARTESIAN_POINT('',(-0.32,-4.76,-3.));
#4483 = DIRECTION('',(0.,1.,0.));
#4484 = DIRECTION('',(0.,-0.,1.));
#4485 = ADVANCED_FACE('',(#4486),#4504,.F.);
#4486 = FACE_BOUND('',#4487,.T.);
#4487 = EDGE_LOOP('',(#4488,#4496,#4497,#4498));
#4488 = ORIENTED_EDGE('',*,*,#4489,.T.);
#4489 = EDGE_CURVE('',#4490,#4029,#4492,.T.);
#4490 = VERTEX_POINT('',#4491);
#4491 = CARTESIAN_POINT('',(-0.32,-5.4,-2.84));
#4492 = LINE('',#4493,#4494);
#4493 = CARTESIAN_POINT('',(-0.32,-5.4,-3.));
#4494 = VECTOR('',#4495,1.);
#4495 = DIRECTION('',(0.,0.,1.));
#4496 = ORIENTED_EDGE('',*,*,#4028,.T.);
#4497 = ORIENTED_EDGE('',*,*,#4474,.F.);
#4498 = ORIENTED_EDGE('',*,*,#4499,.F.);
#4499 = EDGE_CURVE('',#4490,#4467,#4500,.T.);
#4500 = LINE('',#4501,#4502);
#4501 = CARTESIAN_POINT('',(-0.32,-5.4,-2.84));
#4502 = VECTOR('',#4503,1.);
#4503 = DIRECTION('',(0.,1.,0.));
#4504 = PLANE('',#4505);
#4505 = AXIS2_PLACEMENT_3D('',#4506,#4507,#4508);
#4506 = CARTESIAN_POINT('',(-0.32,-5.4,-3.));
#4507 = DIRECTION('',(1.,0.,0.));
#4508 = DIRECTION('',(0.,0.,1.));
#4509 = ADVANCED_FACE('',(#4510),#4528,.F.);
#4510 = FACE_BOUND('',#4511,.T.);
#4511 = EDGE_LOOP('',(#4512,#4520,#4521,#4522));
#4512 = ORIENTED_EDGE('',*,*,#4513,.T.);
#4513 = EDGE_CURVE('',#4514,#4037,#4516,.T.);
#4514 = VERTEX_POINT('',#4515);
#4515 = CARTESIAN_POINT('',(0.32,-5.4,-2.84));
#4516 = LINE('',#4517,#4518);
#4517 = CARTESIAN_POINT('',(0.32,-5.4,-3.));
#4518 = VECTOR('',#4519,1.);
#4519 = DIRECTION('',(0.,0.,1.));
#4520 = ORIENTED_EDGE('',*,*,#4036,.T.);
#4521 = ORIENTED_EDGE('',*,*,#4489,.F.);
#4522 = ORIENTED_EDGE('',*,*,#4523,.T.);
#4523 = EDGE_CURVE('',#4490,#4514,#4524,.T.);
#4524 = LINE('',#4525,#4526);
#4525 = CARTESIAN_POINT('',(-0.32,-5.4,-2.84));
#4526 = VECTOR('',#4527,1.);
#4527 = DIRECTION('',(1.,0.,0.));
#4528 = PLANE('',#4529);
#4529 = AXIS2_PLACEMENT_3D('',#4530,#4531,#4532);
#4530 = CARTESIAN_POINT('',(-0.32,-5.4,-3.));
#4531 = DIRECTION('',(0.,1.,0.));
#4532 = DIRECTION('',(0.,-0.,1.));
#4533 = ADVANCED_FACE('',(#4534),#4545,.T.);
#4534 = FACE_BOUND('',#4535,.T.);
#4535 = EDGE_LOOP('',(#4536,#4537,#4543,#4544));
#4536 = ORIENTED_EDGE('',*,*,#4513,.F.);
#4537 = ORIENTED_EDGE('',*,*,#4538,.T.);
#4538 = EDGE_CURVE('',#4514,#4459,#4539,.T.);
#4539 = LINE('',#4540,#4541);
#4540 = CARTESIAN_POINT('',(0.32,-5.4,-2.84));
#4541 = VECTOR('',#4542,1.);
#4542 = DIRECTION('',(0.,1.,0.));
#4543 = ORIENTED_EDGE('',*,*,#4458,.T.);
#4544 = ORIENTED_EDGE('',*,*,#4044,.F.);
#4545 = PLANE('',#4546);
#4546 = AXIS2_PLACEMENT_3D('',#4547,#4548,#4549);
#4547 = CARTESIAN_POINT('',(0.32,-5.4,-3.));
#4548 = DIRECTION('',(1.,0.,0.));
#4549 = DIRECTION('',(0.,0.,1.));
#4550 = ADVANCED_FACE('',(#4551),#4576,.T.);
#4551 = FACE_BOUND('',#4552,.T.);
#4552 = EDGE_LOOP('',(#4553,#4561,#4569,#4575));
#4553 = ORIENTED_EDGE('',*,*,#4554,.F.);
#4554 = EDGE_CURVE('',#4555,#3985,#4557,.T.);
#4555 = VERTEX_POINT('',#4556);
#4556 = CARTESIAN_POINT('',(0.32,-7.94,-2.84));
#4557 = LINE('',#4558,#4559);
#4558 = CARTESIAN_POINT('',(0.32,-7.94,-3.));
#4559 = VECTOR('',#4560,1.);
#4560 = DIRECTION('',(0.,0.,1.));
#4561 = ORIENTED_EDGE('',*,*,#4562,.T.);
#4562 = EDGE_CURVE('',#4555,#4563,#4565,.T.);
#4563 = VERTEX_POINT('',#4564);
#4564 = CARTESIAN_POINT('',(0.32,-7.3,-2.84));
#4565 = LINE('',#4566,#4567);
#4566 = CARTESIAN_POINT('',(0.32,-7.94,-2.84));
#4567 = VECTOR('',#4568,1.);
#4568 = DIRECTION('',(0.,1.,0.));
#4569 = ORIENTED_EDGE('',*,*,#4570,.T.);
#4570 = EDGE_CURVE('',#4563,#3987,#4571,.T.);
#4571 = LINE('',#4572,#4573);
#4572 = CARTESIAN_POINT('',(0.32,-7.3,-3.));
#4573 = VECTOR('',#4574,1.);
#4574 = DIRECTION('',(0.,0.,1.));
#4575 = ORIENTED_EDGE('',*,*,#3984,.F.);
#4576 = PLANE('',#4577);
#4577 = AXIS2_PLACEMENT_3D('',#4578,#4579,#4580);
#4578 = CARTESIAN_POINT('',(0.32,-7.94,-3.));
#4579 = DIRECTION('',(1.,0.,0.));
#4580 = DIRECTION('',(0.,0.,1.));
#4581 = ADVANCED_FACE('',(#4582),#4600,.T.);
#4582 = FACE_BOUND('',#4583,.T.);
#4583 = EDGE_LOOP('',(#4584,#4585,#4593,#4599));
#4584 = ORIENTED_EDGE('',*,*,#4570,.F.);
#4585 = ORIENTED_EDGE('',*,*,#4586,.F.);
#4586 = EDGE_CURVE('',#4587,#4563,#4589,.T.);
#4587 = VERTEX_POINT('',#4588);
#4588 = CARTESIAN_POINT('',(-0.32,-7.3,-2.84));
#4589 = LINE('',#4590,#4591);
#4590 = CARTESIAN_POINT('',(-0.32,-7.3,-2.84));
#4591 = VECTOR('',#4592,1.);
#4592 = DIRECTION('',(1.,0.,0.));
#4593 = ORIENTED_EDGE('',*,*,#4594,.T.);
#4594 = EDGE_CURVE('',#4587,#3995,#4595,.T.);
#4595 = LINE('',#4596,#4597);
#4596 = CARTESIAN_POINT('',(-0.32,-7.3,-3.));
#4597 = VECTOR('',#4598,1.);
#4598 = DIRECTION('',(0.,0.,1.));
#4599 = ORIENTED_EDGE('',*,*,#3994,.F.);
#4600 = PLANE('',#4601);
#4601 = AXIS2_PLACEMENT_3D('',#4602,#4603,#4604);
#4602 = CARTESIAN_POINT('',(-0.32,-7.3,-3.));
#4603 = DIRECTION('',(0.,1.,0.));
#4604 = DIRECTION('',(0.,-0.,1.));
#4605 = ADVANCED_FACE('',(#4606),#4624,.F.);
#4606 = FACE_BOUND('',#4607,.T.);
#4607 = EDGE_LOOP('',(#4608,#4616,#4617,#4618));
#4608 = ORIENTED_EDGE('',*,*,#4609,.T.);
#4609 = EDGE_CURVE('',#4610,#4003,#4612,.T.);
#4610 = VERTEX_POINT('',#4611);
#4611 = CARTESIAN_POINT('',(-0.32,-7.94,-2.84));
#4612 = LINE('',#4613,#4614);
#4613 = CARTESIAN_POINT('',(-0.32,-7.94,-3.));
#4614 = VECTOR('',#4615,1.);
#4615 = DIRECTION('',(0.,0.,1.));
#4616 = ORIENTED_EDGE('',*,*,#4002,.T.);
#4617 = ORIENTED_EDGE('',*,*,#4594,.F.);
#4618 = ORIENTED_EDGE('',*,*,#4619,.F.);
#4619 = EDGE_CURVE('',#4610,#4587,#4620,.T.);
#4620 = LINE('',#4621,#4622);
#4621 = CARTESIAN_POINT('',(-0.32,-7.94,-2.84));
#4622 = VECTOR('',#4623,1.);
#4623 = DIRECTION('',(0.,1.,0.));
#4624 = PLANE('',#4625);
#4625 = AXIS2_PLACEMENT_3D('',#4626,#4627,#4628);
#4626 = CARTESIAN_POINT('',(-0.32,-7.94,-3.));
#4627 = DIRECTION('',(1.,0.,0.));
#4628 = DIRECTION('',(0.,0.,1.));
#4629 = ADVANCED_FACE('',(#4630),#4641,.F.);
#4630 = FACE_BOUND('',#4631,.T.);
#4631 = EDGE_LOOP('',(#4632,#4633,#4634,#4635));
#4632 = ORIENTED_EDGE('',*,*,#4554,.T.);
#4633 = ORIENTED_EDGE('',*,*,#4010,.T.);
#4634 = ORIENTED_EDGE('',*,*,#4609,.F.);
#4635 = ORIENTED_EDGE('',*,*,#4636,.T.);
#4636 = EDGE_CURVE('',#4610,#4555,#4637,.T.);
#4637 = LINE('',#4638,#4639);
#4638 = CARTESIAN_POINT('',(-0.32,-7.94,-2.84));
#4639 = VECTOR('',#4640,1.);
#4640 = DIRECTION('',(1.,0.,0.));
#4641 = PLANE('',#4642);
#4642 = AXIS2_PLACEMENT_3D('',#4643,#4644,#4645);
#4643 = CARTESIAN_POINT('',(-0.32,-7.94,-3.));
#4644 = DIRECTION('',(0.,1.,0.));
#4645 = DIRECTION('',(0.,-0.,1.));
#4646 = ADVANCED_FACE('',(#4647),#4672,.T.);
#4647 = FACE_BOUND('',#4648,.T.);
#4648 = EDGE_LOOP('',(#4649,#4657,#4658,#4666));
#4649 = ORIENTED_EDGE('',*,*,#4650,.F.);
#4650 = EDGE_CURVE('',#4191,#4651,#4653,.T.);
#4651 = VERTEX_POINT('',#4652);
#4652 = CARTESIAN_POINT('',(0.32,-4.76,8.38));
#4653 = LINE('',#4654,#4655);
#4654 = CARTESIAN_POINT('',(0.32,-4.76,-3.));
#4655 = VECTOR('',#4656,1.);
#4656 = DIRECTION('',(0.,0.,1.));
#4657 = ORIENTED_EDGE('',*,*,#4190,.T.);
#4658 = ORIENTED_EDGE('',*,*,#4659,.T.);
#4659 = EDGE_CURVE('',#4193,#4660,#4662,.T.);
#4660 = VERTEX_POINT('',#4661);
#4661 = CARTESIAN_POINT('',(-0.32,-4.76,8.38));
#4662 = LINE('',#4663,#4664);
#4663 = CARTESIAN_POINT('',(-0.32,-4.76,-3.));
#4664 = VECTOR('',#4665,1.);
#4665 = DIRECTION('',(0.,0.,1.));
#4666 = ORIENTED_EDGE('',*,*,#4667,.T.);
#4667 = EDGE_CURVE('',#4660,#4651,#4668,.T.);
#4668 = LINE('',#4669,#4670);
#4669 = CARTESIAN_POINT('',(-0.32,-4.76,8.38));
#4670 = VECTOR('',#4671,1.);
#4671 = DIRECTION('',(1.,0.,0.));
#4672 = PLANE('',#4673);
#4673 = AXIS2_PLACEMENT_3D('',#4674,#4675,#4676);
#4674 = CARTESIAN_POINT('',(-0.32,-4.76,-3.));
#4675 = DIRECTION('',(0.,1.,0.));
#4676 = DIRECTION('',(0.,-0.,1.));
#4677 = ADVANCED_FACE('',(#4678),#4696,.F.);
#4678 = FACE_BOUND('',#4679,.T.);
#4679 = EDGE_LOOP('',(#4680,#4688,#4694,#4695));
#4680 = ORIENTED_EDGE('',*,*,#4681,.T.);
#4681 = EDGE_CURVE('',#4209,#4682,#4684,.T.);
#4682 = VERTEX_POINT('',#4683);
#4683 = CARTESIAN_POINT('',(-0.32,-5.4,8.38));
#4684 = LINE('',#4685,#4686);
#4685 = CARTESIAN_POINT('',(-0.32,-5.4,-3.));
#4686 = VECTOR('',#4687,1.);
#4687 = DIRECTION('',(0.,0.,1.));
#4688 = ORIENTED_EDGE('',*,*,#4689,.T.);
#4689 = EDGE_CURVE('',#4682,#4660,#4690,.T.);
#4690 = LINE('',#4691,#4692);
#4691 = CARTESIAN_POINT('',(-0.32,-5.4,8.38));
#4692 = VECTOR('',#4693,1.);
#4693 = DIRECTION('',(0.,1.,0.));
#4694 = ORIENTED_EDGE('',*,*,#4659,.F.);
#4695 = ORIENTED_EDGE('',*,*,#4216,.F.);
#4696 = PLANE('',#4697);
#4697 = AXIS2_PLACEMENT_3D('',#4698,#4699,#4700);
#4698 = CARTESIAN_POINT('',(-0.32,-5.4,-3.));
#4699 = DIRECTION('',(1.,0.,0.));
#4700 = DIRECTION('',(0.,0.,1.));
#4701 = ADVANCED_FACE('',(#4702),#4720,.F.);
#4702 = FACE_BOUND('',#4703,.T.);
#4703 = EDGE_LOOP('',(#4704,#4712,#4718,#4719));
#4704 = ORIENTED_EDGE('',*,*,#4705,.T.);
#4705 = EDGE_CURVE('',#4201,#4706,#4708,.T.);
#4706 = VERTEX_POINT('',#4707);
#4707 = CARTESIAN_POINT('',(0.32,-5.4,8.38));
#4708 = LINE('',#4709,#4710);
#4709 = CARTESIAN_POINT('',(0.32,-5.4,-3.));
#4710 = VECTOR('',#4711,1.);
#4711 = DIRECTION('',(0.,0.,1.));
#4712 = ORIENTED_EDGE('',*,*,#4713,.F.);
#4713 = EDGE_CURVE('',#4682,#4706,#4714,.T.);
#4714 = LINE('',#4715,#4716);
#4715 = CARTESIAN_POINT('',(-0.32,-5.4,8.38));
#4716 = VECTOR('',#4717,1.);
#4717 = DIRECTION('',(1.,0.,0.));
#4718 = ORIENTED_EDGE('',*,*,#4681,.F.);
#4719 = ORIENTED_EDGE('',*,*,#4208,.F.);
#4720 = PLANE('',#4721);
#4721 = AXIS2_PLACEMENT_3D('',#4722,#4723,#4724);
#4722 = CARTESIAN_POINT('',(-0.32,-5.4,-3.));
#4723 = DIRECTION('',(0.,1.,0.));
#4724 = DIRECTION('',(0.,-0.,1.));
#4725 = ADVANCED_FACE('',(#4726),#4737,.T.);
#4726 = FACE_BOUND('',#4727,.T.);
#4727 = EDGE_LOOP('',(#4728,#4729,#4730,#4731));
#4728 = ORIENTED_EDGE('',*,*,#4705,.F.);
#4729 = ORIENTED_EDGE('',*,*,#4200,.T.);
#4730 = ORIENTED_EDGE('',*,*,#4650,.T.);
#4731 = ORIENTED_EDGE('',*,*,#4732,.F.);
#4732 = EDGE_CURVE('',#4706,#4651,#4733,.T.);
#4733 = LINE('',#4734,#4735);
#4734 = CARTESIAN_POINT('',(0.32,-5.4,8.38));
#4735 = VECTOR('',#4736,1.);
#4736 = DIRECTION('',(0.,1.,0.));
#4737 = PLANE('',#4738);
#4738 = AXIS2_PLACEMENT_3D('',#4739,#4740,#4741);
#4739 = CARTESIAN_POINT('',(0.32,-5.4,-3.));
#4740 = DIRECTION('',(1.,0.,0.));
#4741 = DIRECTION('',(0.,0.,1.));
#4742 = ADVANCED_FACE('',(#4743),#4768,.T.);
#4743 = FACE_BOUND('',#4744,.T.);
#4744 = EDGE_LOOP('',(#4745,#4753,#4754,#4762));
#4745 = ORIENTED_EDGE('',*,*,#4746,.F.);
#4746 = EDGE_CURVE('',#4225,#4747,#4749,.T.);
#4747 = VERTEX_POINT('',#4748);
#4748 = CARTESIAN_POINT('',(0.32,-7.94,8.38));
#4749 = LINE('',#4750,#4751);
#4750 = CARTESIAN_POINT('',(0.32,-7.94,-3.));
#4751 = VECTOR('',#4752,1.);
#4752 = DIRECTION('',(0.,0.,1.));
#4753 = ORIENTED_EDGE('',*,*,#4224,.T.);
#4754 = ORIENTED_EDGE('',*,*,#4755,.T.);
#4755 = EDGE_CURVE('',#4227,#4756,#4758,.T.);
#4756 = VERTEX_POINT('',#4757);
#4757 = CARTESIAN_POINT('',(0.32,-7.3,8.38));
#4758 = LINE('',#4759,#4760);
#4759 = CARTESIAN_POINT('',(0.32,-7.3,-3.));
#4760 = VECTOR('',#4761,1.);
#4761 = DIRECTION('',(0.,0.,1.));
#4762 = ORIENTED_EDGE('',*,*,#4763,.F.);
#4763 = EDGE_CURVE('',#4747,#4756,#4764,.T.);
#4764 = LINE('',#4765,#4766);
#4765 = CARTESIAN_POINT('',(0.32,-7.94,8.38));
#4766 = VECTOR('',#4767,1.);
#4767 = DIRECTION('',(0.,1.,0.));
#4768 = PLANE('',#4769);
#4769 = AXIS2_PLACEMENT_3D('',#4770,#4771,#4772);
#4770 = CARTESIAN_POINT('',(0.32,-7.94,-3.));
#4771 = DIRECTION('',(1.,0.,0.));
#4772 = DIRECTION('',(0.,0.,1.));
#4773 = ADVANCED_FACE('',(#4774),#4792,.T.);
#4774 = FACE_BOUND('',#4775,.T.);
#4775 = EDGE_LOOP('',(#4776,#4777,#4778,#4786));
#4776 = ORIENTED_EDGE('',*,*,#4755,.F.);
#4777 = ORIENTED_EDGE('',*,*,#4250,.T.);
#4778 = ORIENTED_EDGE('',*,*,#4779,.T.);
#4779 = EDGE_CURVE('',#4243,#4780,#4782,.T.);
#4780 = VERTEX_POINT('',#4781);
#4781 = CARTESIAN_POINT('',(-0.32,-7.3,8.38));
#4782 = LINE('',#4783,#4784);
#4783 = CARTESIAN_POINT('',(-0.32,-7.3,-3.));
#4784 = VECTOR('',#4785,1.);
#4785 = DIRECTION('',(0.,0.,1.));
#4786 = ORIENTED_EDGE('',*,*,#4787,.T.);
#4787 = EDGE_CURVE('',#4780,#4756,#4788,.T.);
#4788 = LINE('',#4789,#4790);
#4789 = CARTESIAN_POINT('',(-0.32,-7.3,8.38));
#4790 = VECTOR('',#4791,1.);
#4791 = DIRECTION('',(1.,0.,0.));
#4792 = PLANE('',#4793);
#4793 = AXIS2_PLACEMENT_3D('',#4794,#4795,#4796);
#4794 = CARTESIAN_POINT('',(-0.32,-7.3,-3.));
#4795 = DIRECTION('',(0.,1.,0.));
#4796 = DIRECTION('',(0.,-0.,1.));
#4797 = ADVANCED_FACE('',(#4798),#4816,.F.);
#4798 = FACE_BOUND('',#4799,.T.);
#4799 = EDGE_LOOP('',(#4800,#4808,#4814,#4815));
#4800 = ORIENTED_EDGE('',*,*,#4801,.T.);
#4801 = EDGE_CURVE('',#4235,#4802,#4804,.T.);
#4802 = VERTEX_POINT('',#4803);
#4803 = CARTESIAN_POINT('',(-0.32,-7.94,8.38));
#4804 = LINE('',#4805,#4806);
#4805 = CARTESIAN_POINT('',(-0.32,-7.94,-3.));
#4806 = VECTOR('',#4807,1.);
#4807 = DIRECTION('',(0.,0.,1.));
#4808 = ORIENTED_EDGE('',*,*,#4809,.T.);
#4809 = EDGE_CURVE('',#4802,#4780,#4810,.T.);
#4810 = LINE('',#4811,#4812);
#4811 = CARTESIAN_POINT('',(-0.32,-7.94,8.38));
#4812 = VECTOR('',#4813,1.);
#4813 = DIRECTION('',(0.,1.,0.));
#4814 = ORIENTED_EDGE('',*,*,#4779,.F.);
#4815 = ORIENTED_EDGE('',*,*,#4242,.F.);
#4816 = PLANE('',#4817);
#4817 = AXIS2_PLACEMENT_3D('',#4818,#4819,#4820);
#4818 = CARTESIAN_POINT('',(-0.32,-7.94,-3.));
#4819 = DIRECTION('',(1.,0.,0.));
#4820 = DIRECTION('',(0.,0.,1.));
#4821 = ADVANCED_FACE('',(#4822),#4833,.F.);
#4822 = FACE_BOUND('',#4823,.T.);
#4823 = EDGE_LOOP('',(#4824,#4825,#4831,#4832));
#4824 = ORIENTED_EDGE('',*,*,#4746,.T.);
#4825 = ORIENTED_EDGE('',*,*,#4826,.F.);
#4826 = EDGE_CURVE('',#4802,#4747,#4827,.T.);
#4827 = LINE('',#4828,#4829);
#4828 = CARTESIAN_POINT('',(-0.32,-7.94,8.38));
#4829 = VECTOR('',#4830,1.);
#4830 = DIRECTION('',(1.,0.,0.));
#4831 = ORIENTED_EDGE('',*,*,#4801,.F.);
#4832 = ORIENTED_EDGE('',*,*,#4234,.F.);
#4833 = PLANE('',#4834);
#4834 = AXIS2_PLACEMENT_3D('',#4835,#4836,#4837);
#4835 = CARTESIAN_POINT('',(-0.32,-7.94,-3.));
#4836 = DIRECTION('',(0.,1.,0.));
#4837 = DIRECTION('',(0.,-0.,1.));
#4838 = ADVANCED_FACE('',(#4839),#4864,.F.);
#4839 = FACE_BOUND('',#4840,.T.);
#4840 = EDGE_LOOP('',(#4841,#4849,#4850,#4858));
#4841 = ORIENTED_EDGE('',*,*,#4842,.F.);
#4842 = EDGE_CURVE('',#4467,#4843,#4845,.T.);
#4843 = VERTEX_POINT('',#4844);
#4844 = CARTESIAN_POINT('',(-0.16,-4.92,-3.));
#4845 = LINE('',#4846,#4847);
#4846 = CARTESIAN_POINT('',(-0.16,-4.92,-3.));
#4847 = VECTOR('',#4848,1.);
#4848 = DIRECTION('',(0.57735026919,-0.57735026919,-0.57735026919));
#4849 = ORIENTED_EDGE('',*,*,#4466,.T.);
#4850 = ORIENTED_EDGE('',*,*,#4851,.T.);
#4851 = EDGE_CURVE('',#4459,#4852,#4854,.T.);
#4852 = VERTEX_POINT('',#4853);
#4853 = CARTESIAN_POINT('',(0.16,-4.92,-3.));
#4854 = LINE('',#4855,#4856);
#4855 = CARTESIAN_POINT('',(5.333333333333E-02,-5.026666666667,
    -3.106666666667));
#4856 = VECTOR('',#4857,1.);
#4857 = DIRECTION('',(-0.57735026919,-0.57735026919,-0.57735026919));
#4858 = ORIENTED_EDGE('',*,*,#4859,.F.);
#4859 = EDGE_CURVE('',#4843,#4852,#4860,.T.);
#4860 = LINE('',#4861,#4862);
#4861 = CARTESIAN_POINT('',(-0.32,-4.92,-3.));
#4862 = VECTOR('',#4863,1.);
#4863 = DIRECTION('',(1.,0.,0.));
#4864 = PLANE('',#4865);
#4865 = AXIS2_PLACEMENT_3D('',#4866,#4867,#4868);
#4866 = CARTESIAN_POINT('',(-0.32,-4.84,-2.92));
#4867 = DIRECTION('',(-1.735167508357E-18,-0.707106781187,0.707106781187
    ));
#4868 = DIRECTION('',(-1.,1.226948711654E-18,-1.226948711654E-18));
#4869 = ADVANCED_FACE('',(#4870),#4888,.T.);
#4870 = FACE_BOUND('',#4871,.T.);
#4871 = EDGE_LOOP('',(#4872,#4880,#4881,#4882));
#4872 = ORIENTED_EDGE('',*,*,#4873,.F.);
#4873 = EDGE_CURVE('',#4490,#4874,#4876,.T.);
#4874 = VERTEX_POINT('',#4875);
#4875 = CARTESIAN_POINT('',(-0.16,-5.24,-3.));
#4876 = LINE('',#4877,#4878);
#4877 = CARTESIAN_POINT('',(-0.266666666667,-5.346666666667,
    -2.893333333333));
#4878 = VECTOR('',#4879,1.);
#4879 = DIRECTION('',(0.57735026919,0.57735026919,-0.57735026919));
#4880 = ORIENTED_EDGE('',*,*,#4499,.T.);
#4881 = ORIENTED_EDGE('',*,*,#4842,.T.);
#4882 = ORIENTED_EDGE('',*,*,#4883,.F.);
#4883 = EDGE_CURVE('',#4874,#4843,#4884,.T.);
#4884 = LINE('',#4885,#4886);
#4885 = CARTESIAN_POINT('',(-0.16,-5.4,-3.));
#4886 = VECTOR('',#4887,1.);
#4887 = DIRECTION('',(0.,1.,0.));
#4888 = PLANE('',#4889);
#4889 = AXIS2_PLACEMENT_3D('',#4890,#4891,#4892);
#4890 = CARTESIAN_POINT('',(-0.24,-5.4,-2.92));
#4891 = DIRECTION('',(-0.707106781187,-1.735167508357E-18,
    -0.707106781187));
#4892 = DIRECTION('',(-1.226948711654E-18,1.,-1.226948711654E-18));
#4893 = ADVANCED_FACE('',(#4894),#4912,.T.);
#4894 = FACE_BOUND('',#4895,.T.);
#4895 = EDGE_LOOP('',(#4896,#4897,#4905,#4911));
#4896 = ORIENTED_EDGE('',*,*,#4873,.T.);
#4897 = ORIENTED_EDGE('',*,*,#4898,.T.);
#4898 = EDGE_CURVE('',#4874,#4899,#4901,.T.);
#4899 = VERTEX_POINT('',#4900);
#4900 = CARTESIAN_POINT('',(0.16,-5.24,-3.));
#4901 = LINE('',#4902,#4903);
#4902 = CARTESIAN_POINT('',(-0.32,-5.24,-3.));
#4903 = VECTOR('',#4904,1.);
#4904 = DIRECTION('',(1.,0.,0.));
#4905 = ORIENTED_EDGE('',*,*,#4906,.F.);
#4906 = EDGE_CURVE('',#4514,#4899,#4907,.T.);
#4907 = LINE('',#4908,#4909);
#4908 = CARTESIAN_POINT('',(0.16,-5.24,-3.));
#4909 = VECTOR('',#4910,1.);
#4910 = DIRECTION('',(-0.57735026919,0.57735026919,-0.57735026919));
#4911 = ORIENTED_EDGE('',*,*,#4523,.F.);
#4912 = PLANE('',#4913);
#4913 = AXIS2_PLACEMENT_3D('',#4914,#4915,#4916);
#4914 = CARTESIAN_POINT('',(-0.32,-5.32,-2.92));
#4915 = DIRECTION('',(1.735167508357E-18,-0.707106781187,-0.707106781187
    ));
#4916 = DIRECTION('',(-1.,-1.226948711654E-18,-1.226948711654E-18));
#4917 = ADVANCED_FACE('',(#4918),#4929,.F.);
#4918 = FACE_BOUND('',#4919,.T.);
#4919 = EDGE_LOOP('',(#4920,#4921,#4927,#4928));
#4920 = ORIENTED_EDGE('',*,*,#4906,.T.);
#4921 = ORIENTED_EDGE('',*,*,#4922,.T.);
#4922 = EDGE_CURVE('',#4899,#4852,#4923,.T.);
#4923 = LINE('',#4924,#4925);
#4924 = CARTESIAN_POINT('',(0.16,-5.4,-3.));
#4925 = VECTOR('',#4926,1.);
#4926 = DIRECTION('',(0.,1.,0.));
#4927 = ORIENTED_EDGE('',*,*,#4851,.F.);
#4928 = ORIENTED_EDGE('',*,*,#4538,.F.);
#4929 = PLANE('',#4930);
#4930 = AXIS2_PLACEMENT_3D('',#4931,#4932,#4933);
#4931 = CARTESIAN_POINT('',(0.24,-5.4,-2.92));
#4932 = DIRECTION('',(-0.707106781187,1.735167508357E-18,0.707106781187)
  );
#4933 = DIRECTION('',(1.226948711654E-18,1.,-1.226948711654E-18));
#4934 = ADVANCED_FACE('',(#4935),#4960,.F.);
#4935 = FACE_BOUND('',#4936,.T.);
#4936 = EDGE_LOOP('',(#4937,#4945,#4953,#4959));
#4937 = ORIENTED_EDGE('',*,*,#4938,.T.);
#4938 = EDGE_CURVE('',#4555,#4939,#4941,.T.);
#4939 = VERTEX_POINT('',#4940);
#4940 = CARTESIAN_POINT('',(0.16,-7.78,-3.));
#4941 = LINE('',#4942,#4943);
#4942 = CARTESIAN_POINT('',(0.16,-7.78,-3.));
#4943 = VECTOR('',#4944,1.);
#4944 = DIRECTION('',(-0.57735026919,0.57735026919,-0.57735026919));
#4945 = ORIENTED_EDGE('',*,*,#4946,.T.);
#4946 = EDGE_CURVE('',#4939,#4947,#4949,.T.);
#4947 = VERTEX_POINT('',#4948);
#4948 = CARTESIAN_POINT('',(0.16,-7.46,-3.));
#4949 = LINE('',#4950,#4951);
#4950 = CARTESIAN_POINT('',(0.16,-7.94,-3.));
#4951 = VECTOR('',#4952,1.);
#4952 = DIRECTION('',(0.,1.,0.));
#4953 = ORIENTED_EDGE('',*,*,#4954,.F.);
#4954 = EDGE_CURVE('',#4563,#4947,#4955,.T.);
#4955 = LINE('',#4956,#4957);
#4956 = CARTESIAN_POINT('',(5.333333333333E-02,-7.566666666667,
    -3.106666666667));
#4957 = VECTOR('',#4958,1.);
#4958 = DIRECTION('',(-0.57735026919,-0.57735026919,-0.57735026919));
#4959 = ORIENTED_EDGE('',*,*,#4562,.F.);
#4960 = PLANE('',#4961);
#4961 = AXIS2_PLACEMENT_3D('',#4962,#4963,#4964);
#4962 = CARTESIAN_POINT('',(0.24,-7.94,-2.92));
#4963 = DIRECTION('',(-0.707106781187,1.735167508357E-18,0.707106781187)
  );
#4964 = DIRECTION('',(1.226948711654E-18,1.,-1.226948711654E-18));
#4965 = ADVANCED_FACE('',(#4966),#4984,.F.);
#4966 = FACE_BOUND('',#4967,.T.);
#4967 = EDGE_LOOP('',(#4968,#4976,#4977,#4978));
#4968 = ORIENTED_EDGE('',*,*,#4969,.F.);
#4969 = EDGE_CURVE('',#4587,#4970,#4972,.T.);
#4970 = VERTEX_POINT('',#4971);
#4971 = CARTESIAN_POINT('',(-0.16,-7.46,-3.));
#4972 = LINE('',#4973,#4974);
#4973 = CARTESIAN_POINT('',(-0.16,-7.46,-3.));
#4974 = VECTOR('',#4975,1.);
#4975 = DIRECTION('',(0.57735026919,-0.57735026919,-0.57735026919));
#4976 = ORIENTED_EDGE('',*,*,#4586,.T.);
#4977 = ORIENTED_EDGE('',*,*,#4954,.T.);
#4978 = ORIENTED_EDGE('',*,*,#4979,.F.);
#4979 = EDGE_CURVE('',#4970,#4947,#4980,.T.);
#4980 = LINE('',#4981,#4982);
#4981 = CARTESIAN_POINT('',(-0.32,-7.46,-3.));
#4982 = VECTOR('',#4983,1.);
#4983 = DIRECTION('',(1.,0.,0.));
#4984 = PLANE('',#4985);
#4985 = AXIS2_PLACEMENT_3D('',#4986,#4987,#4988);
#4986 = CARTESIAN_POINT('',(-0.32,-7.38,-2.92));
#4987 = DIRECTION('',(-1.735167508357E-18,-0.707106781187,0.707106781187
    ));
#4988 = DIRECTION('',(-1.,1.226948711654E-18,-1.226948711654E-18));
#4989 = ADVANCED_FACE('',(#4990),#5008,.T.);
#4990 = FACE_BOUND('',#4991,.T.);
#4991 = EDGE_LOOP('',(#4992,#5000,#5001,#5002));
#4992 = ORIENTED_EDGE('',*,*,#4993,.F.);
#4993 = EDGE_CURVE('',#4610,#4994,#4996,.T.);
#4994 = VERTEX_POINT('',#4995);
#4995 = CARTESIAN_POINT('',(-0.16,-7.78,-3.));
#4996 = LINE('',#4997,#4998);
#4997 = CARTESIAN_POINT('',(-0.266666666667,-7.886666666667,
    -2.893333333333));
#4998 = VECTOR('',#4999,1.);
#4999 = DIRECTION('',(0.57735026919,0.57735026919,-0.57735026919));
#5000 = ORIENTED_EDGE('',*,*,#4619,.T.);
#5001 = ORIENTED_EDGE('',*,*,#4969,.T.);
#5002 = ORIENTED_EDGE('',*,*,#5003,.F.);
#5003 = EDGE_CURVE('',#4994,#4970,#5004,.T.);
#5004 = LINE('',#5005,#5006);
#5005 = CARTESIAN_POINT('',(-0.16,-7.94,-3.));
#5006 = VECTOR('',#5007,1.);
#5007 = DIRECTION('',(0.,1.,0.));
#5008 = PLANE('',#5009);
#5009 = AXIS2_PLACEMENT_3D('',#5010,#5011,#5012);
#5010 = CARTESIAN_POINT('',(-0.24,-7.94,-2.92));
#5011 = DIRECTION('',(-0.707106781187,-1.735167508357E-18,
    -0.707106781187));
#5012 = DIRECTION('',(-1.226948711654E-18,1.,-1.226948711654E-18));
#5013 = ADVANCED_FACE('',(#5014),#5025,.T.);
#5014 = FACE_BOUND('',#5015,.T.);
#5015 = EDGE_LOOP('',(#5016,#5017,#5023,#5024));
#5016 = ORIENTED_EDGE('',*,*,#4993,.T.);
#5017 = ORIENTED_EDGE('',*,*,#5018,.T.);
#5018 = EDGE_CURVE('',#4994,#4939,#5019,.T.);
#5019 = LINE('',#5020,#5021);
#5020 = CARTESIAN_POINT('',(-0.32,-7.78,-3.));
#5021 = VECTOR('',#5022,1.);
#5022 = DIRECTION('',(1.,0.,0.));
#5023 = ORIENTED_EDGE('',*,*,#4938,.F.);
#5024 = ORIENTED_EDGE('',*,*,#4636,.F.);
#5025 = PLANE('',#5026);
#5026 = AXIS2_PLACEMENT_3D('',#5027,#5028,#5029);
#5027 = CARTESIAN_POINT('',(-0.32,-7.86,-2.92));
#5028 = DIRECTION('',(1.735167508357E-18,-0.707106781187,-0.707106781187
    ));
#5029 = DIRECTION('',(-1.,-1.226948711654E-18,-1.226948711654E-18));
#5030 = ADVANCED_FACE('',(#5031),#5056,.T.);
#5031 = FACE_BOUND('',#5032,.T.);
#5032 = EDGE_LOOP('',(#5033,#5041,#5049,#5055));
#5033 = ORIENTED_EDGE('',*,*,#5034,.T.);
#5034 = EDGE_CURVE('',#4660,#5035,#5037,.T.);
#5035 = VERTEX_POINT('',#5036);
#5036 = CARTESIAN_POINT('',(-0.16,-4.92,8.54));
#5037 = LINE('',#5038,#5039);
#5038 = CARTESIAN_POINT('',(-0.16,-4.92,8.54));
#5039 = VECTOR('',#5040,1.);
#5040 = DIRECTION('',(0.57735026919,-0.57735026919,0.57735026919));
#5041 = ORIENTED_EDGE('',*,*,#5042,.T.);
#5042 = EDGE_CURVE('',#5035,#5043,#5045,.T.);
#5043 = VERTEX_POINT('',#5044);
#5044 = CARTESIAN_POINT('',(0.16,-4.92,8.54));
#5045 = LINE('',#5046,#5047);
#5046 = CARTESIAN_POINT('',(-0.32,-4.92,8.54));
#5047 = VECTOR('',#5048,1.);
#5048 = DIRECTION('',(1.,0.,0.));
#5049 = ORIENTED_EDGE('',*,*,#5050,.F.);
#5050 = EDGE_CURVE('',#4651,#5043,#5051,.T.);
#5051 = LINE('',#5052,#5053);
#5052 = CARTESIAN_POINT('',(5.333333333333E-02,-5.026666666667,
    8.646666666667));
#5053 = VECTOR('',#5054,1.);
#5054 = DIRECTION('',(-0.57735026919,-0.57735026919,0.57735026919));
#5055 = ORIENTED_EDGE('',*,*,#4667,.F.);
#5056 = PLANE('',#5057);
#5057 = AXIS2_PLACEMENT_3D('',#5058,#5059,#5060);
#5058 = CARTESIAN_POINT('',(-0.32,-4.84,8.46));
#5059 = DIRECTION('',(1.735167508357E-18,0.707106781187,0.707106781187)
  );
#5060 = DIRECTION('',(-1.,1.226948711654E-18,1.226948711654E-18));
#5061 = ADVANCED_FACE('',(#5062),#5080,.F.);
#5062 = FACE_BOUND('',#5063,.T.);
#5063 = EDGE_LOOP('',(#5064,#5072,#5078,#5079));
#5064 = ORIENTED_EDGE('',*,*,#5065,.T.);
#5065 = EDGE_CURVE('',#4682,#5066,#5068,.T.);
#5066 = VERTEX_POINT('',#5067);
#5067 = CARTESIAN_POINT('',(-0.16,-5.24,8.54));
#5068 = LINE('',#5069,#5070);
#5069 = CARTESIAN_POINT('',(-0.266666666667,-5.346666666667,
    8.433333333333));
#5070 = VECTOR('',#5071,1.);
#5071 = DIRECTION('',(0.57735026919,0.57735026919,0.57735026919));
#5072 = ORIENTED_EDGE('',*,*,#5073,.T.);
#5073 = EDGE_CURVE('',#5066,#5035,#5074,.T.);
#5074 = LINE('',#5075,#5076);
#5075 = CARTESIAN_POINT('',(-0.16,-5.4,8.54));
#5076 = VECTOR('',#5077,1.);
#5077 = DIRECTION('',(0.,1.,0.));
#5078 = ORIENTED_EDGE('',*,*,#5034,.F.);
#5079 = ORIENTED_EDGE('',*,*,#4689,.F.);
#5080 = PLANE('',#5081);
#5081 = AXIS2_PLACEMENT_3D('',#5082,#5083,#5084);
#5082 = CARTESIAN_POINT('',(-0.24,-5.4,8.46));
#5083 = DIRECTION('',(0.707106781187,1.735167508357E-18,-0.707106781187)
  );
#5084 = DIRECTION('',(-1.226948711654E-18,1.,1.226948711654E-18));
#5085 = ADVANCED_FACE('',(#5086),#5104,.F.);
#5086 = FACE_BOUND('',#5087,.T.);
#5087 = EDGE_LOOP('',(#5088,#5089,#5090,#5098));
#5088 = ORIENTED_EDGE('',*,*,#5065,.F.);
#5089 = ORIENTED_EDGE('',*,*,#4713,.T.);
#5090 = ORIENTED_EDGE('',*,*,#5091,.T.);
#5091 = EDGE_CURVE('',#4706,#5092,#5094,.T.);
#5092 = VERTEX_POINT('',#5093);
#5093 = CARTESIAN_POINT('',(0.16,-5.24,8.54));
#5094 = LINE('',#5095,#5096);
#5095 = CARTESIAN_POINT('',(0.16,-5.24,8.54));
#5096 = VECTOR('',#5097,1.);
#5097 = DIRECTION('',(-0.57735026919,0.57735026919,0.57735026919));
#5098 = ORIENTED_EDGE('',*,*,#5099,.F.);
#5099 = EDGE_CURVE('',#5066,#5092,#5100,.T.);
#5100 = LINE('',#5101,#5102);
#5101 = CARTESIAN_POINT('',(-0.32,-5.24,8.54));
#5102 = VECTOR('',#5103,1.);
#5103 = DIRECTION('',(1.,0.,0.));
#5104 = PLANE('',#5105);
#5105 = AXIS2_PLACEMENT_3D('',#5106,#5107,#5108);
#5106 = CARTESIAN_POINT('',(-0.32,-5.32,8.46));
#5107 = DIRECTION('',(-1.735167508357E-18,0.707106781187,-0.707106781187
    ));
#5108 = DIRECTION('',(-1.,-1.226948711654E-18,1.226948711654E-18));
#5109 = ADVANCED_FACE('',(#5110),#5121,.T.);
#5110 = FACE_BOUND('',#5111,.T.);
#5111 = EDGE_LOOP('',(#5112,#5113,#5114,#5115));
#5112 = ORIENTED_EDGE('',*,*,#5091,.F.);
#5113 = ORIENTED_EDGE('',*,*,#4732,.T.);
#5114 = ORIENTED_EDGE('',*,*,#5050,.T.);
#5115 = ORIENTED_EDGE('',*,*,#5116,.F.);
#5116 = EDGE_CURVE('',#5092,#5043,#5117,.T.);
#5117 = LINE('',#5118,#5119);
#5118 = CARTESIAN_POINT('',(0.16,-5.4,8.54));
#5119 = VECTOR('',#5120,1.);
#5120 = DIRECTION('',(0.,1.,0.));
#5121 = PLANE('',#5122);
#5122 = AXIS2_PLACEMENT_3D('',#5123,#5124,#5125);
#5123 = CARTESIAN_POINT('',(0.24,-5.4,8.46));
#5124 = DIRECTION('',(0.707106781187,-1.735167508357E-18,0.707106781187)
  );
#5125 = DIRECTION('',(1.226948711654E-18,1.,1.226948711654E-18));
#5126 = ADVANCED_FACE('',(#5127),#5152,.T.);
#5127 = FACE_BOUND('',#5128,.T.);
#5128 = EDGE_LOOP('',(#5129,#5137,#5138,#5146));
#5129 = ORIENTED_EDGE('',*,*,#5130,.F.);
#5130 = EDGE_CURVE('',#4747,#5131,#5133,.T.);
#5131 = VERTEX_POINT('',#5132);
#5132 = CARTESIAN_POINT('',(0.16,-7.78,8.54));
#5133 = LINE('',#5134,#5135);
#5134 = CARTESIAN_POINT('',(0.16,-7.78,8.54));
#5135 = VECTOR('',#5136,1.);
#5136 = DIRECTION('',(-0.57735026919,0.57735026919,0.57735026919));
#5137 = ORIENTED_EDGE('',*,*,#4763,.T.);
#5138 = ORIENTED_EDGE('',*,*,#5139,.T.);
#5139 = EDGE_CURVE('',#4756,#5140,#5142,.T.);
#5140 = VERTEX_POINT('',#5141);
#5141 = CARTESIAN_POINT('',(0.16,-7.46,8.54));
#5142 = LINE('',#5143,#5144);
#5143 = CARTESIAN_POINT('',(5.333333333333E-02,-7.566666666667,
    8.646666666667));
#5144 = VECTOR('',#5145,1.);
#5145 = DIRECTION('',(-0.57735026919,-0.57735026919,0.57735026919));
#5146 = ORIENTED_EDGE('',*,*,#5147,.F.);
#5147 = EDGE_CURVE('',#5131,#5140,#5148,.T.);
#5148 = LINE('',#5149,#5150);
#5149 = CARTESIAN_POINT('',(0.16,-7.94,8.54));
#5150 = VECTOR('',#5151,1.);
#5151 = DIRECTION('',(0.,1.,0.));
#5152 = PLANE('',#5153);
#5153 = AXIS2_PLACEMENT_3D('',#5154,#5155,#5156);
#5154 = CARTESIAN_POINT('',(0.24,-7.94,8.46));
#5155 = DIRECTION('',(0.707106781187,-1.735167508357E-18,0.707106781187)
  );
#5156 = DIRECTION('',(1.226948711654E-18,1.,1.226948711654E-18));
#5157 = ADVANCED_FACE('',(#5158),#5176,.T.);
#5158 = FACE_BOUND('',#5159,.T.);
#5159 = EDGE_LOOP('',(#5160,#5168,#5174,#5175));
#5160 = ORIENTED_EDGE('',*,*,#5161,.T.);
#5161 = EDGE_CURVE('',#4780,#5162,#5164,.T.);
#5162 = VERTEX_POINT('',#5163);
#5163 = CARTESIAN_POINT('',(-0.16,-7.46,8.54));
#5164 = LINE('',#5165,#5166);
#5165 = CARTESIAN_POINT('',(-0.16,-7.46,8.54));
#5166 = VECTOR('',#5167,1.);
#5167 = DIRECTION('',(0.57735026919,-0.57735026919,0.57735026919));
#5168 = ORIENTED_EDGE('',*,*,#5169,.T.);
#5169 = EDGE_CURVE('',#5162,#5140,#5170,.T.);
#5170 = LINE('',#5171,#5172);
#5171 = CARTESIAN_POINT('',(-0.32,-7.46,8.54));
#5172 = VECTOR('',#5173,1.);
#5173 = DIRECTION('',(1.,0.,0.));
#5174 = ORIENTED_EDGE('',*,*,#5139,.F.);
#5175 = ORIENTED_EDGE('',*,*,#4787,.F.);
#5176 = PLANE('',#5177);
#5177 = AXIS2_PLACEMENT_3D('',#5178,#5179,#5180);
#5178 = CARTESIAN_POINT('',(-0.32,-7.38,8.46));
#5179 = DIRECTION('',(1.735167508357E-18,0.707106781187,0.707106781187)
  );
#5180 = DIRECTION('',(-1.,1.226948711654E-18,1.226948711654E-18));
#5181 = ADVANCED_FACE('',(#5182),#5200,.F.);
#5182 = FACE_BOUND('',#5183,.T.);
#5183 = EDGE_LOOP('',(#5184,#5192,#5198,#5199));
#5184 = ORIENTED_EDGE('',*,*,#5185,.T.);
#5185 = EDGE_CURVE('',#4802,#5186,#5188,.T.);
#5186 = VERTEX_POINT('',#5187);
#5187 = CARTESIAN_POINT('',(-0.16,-7.78,8.54));
#5188 = LINE('',#5189,#5190);
#5189 = CARTESIAN_POINT('',(-0.266666666667,-7.886666666667,
    8.433333333333));
#5190 = VECTOR('',#5191,1.);
#5191 = DIRECTION('',(0.57735026919,0.57735026919,0.57735026919));
#5192 = ORIENTED_EDGE('',*,*,#5193,.T.);
#5193 = EDGE_CURVE('',#5186,#5162,#5194,.T.);
#5194 = LINE('',#5195,#5196);
#5195 = CARTESIAN_POINT('',(-0.16,-7.94,8.54));
#5196 = VECTOR('',#5197,1.);
#5197 = DIRECTION('',(0.,1.,0.));
#5198 = ORIENTED_EDGE('',*,*,#5161,.F.);
#5199 = ORIENTED_EDGE('',*,*,#4809,.F.);
#5200 = PLANE('',#5201);
#5201 = AXIS2_PLACEMENT_3D('',#5202,#5203,#5204);
#5202 = CARTESIAN_POINT('',(-0.24,-7.94,8.46));
#5203 = DIRECTION('',(0.707106781187,1.735167508357E-18,-0.707106781187)
  );
#5204 = DIRECTION('',(-1.226948711654E-18,1.,1.226948711654E-18));
#5205 = ADVANCED_FACE('',(#5206),#5217,.F.);
#5206 = FACE_BOUND('',#5207,.T.);
#5207 = EDGE_LOOP('',(#5208,#5209,#5210,#5211));
#5208 = ORIENTED_EDGE('',*,*,#5185,.F.);
#5209 = ORIENTED_EDGE('',*,*,#4826,.T.);
#5210 = ORIENTED_EDGE('',*,*,#5130,.T.);
#5211 = ORIENTED_EDGE('',*,*,#5212,.F.);
#5212 = EDGE_CURVE('',#5186,#5131,#5213,.T.);
#5213 = LINE('',#5214,#5215);
#5214 = CARTESIAN_POINT('',(-0.32,-7.78,8.54));
#5215 = VECTOR('',#5216,1.);
#5216 = DIRECTION('',(1.,0.,0.));
#5217 = PLANE('',#5218);
#5218 = AXIS2_PLACEMENT_3D('',#5219,#5220,#5221);
#5219 = CARTESIAN_POINT('',(-0.32,-7.86,8.46));
#5220 = DIRECTION('',(-1.735167508357E-18,0.707106781187,-0.707106781187
    ));
#5221 = DIRECTION('',(-1.,-1.226948711654E-18,1.226948711654E-18));
#5222 = ADVANCED_FACE('',(#5223),#5229,.F.);
#5223 = FACE_BOUND('',#5224,.T.);
#5224 = EDGE_LOOP('',(#5225,#5226,#5227,#5228));
#5225 = ORIENTED_EDGE('',*,*,#4922,.F.);
#5226 = ORIENTED_EDGE('',*,*,#4898,.F.);
#5227 = ORIENTED_EDGE('',*,*,#4883,.T.);
#5228 = ORIENTED_EDGE('',*,*,#4859,.T.);
#5229 = PLANE('',#5230);
#5230 = AXIS2_PLACEMENT_3D('',#5231,#5232,#5233);
#5231 = CARTESIAN_POINT('',(-0.32,-5.4,-3.));
#5232 = DIRECTION('',(0.,0.,1.));
#5233 = DIRECTION('',(1.,0.,-0.));
#5234 = ADVANCED_FACE('',(#5235),#5241,.F.);
#5235 = FACE_BOUND('',#5236,.T.);
#5236 = EDGE_LOOP('',(#5237,#5238,#5239,#5240));
#5237 = ORIENTED_EDGE('',*,*,#4946,.F.);
#5238 = ORIENTED_EDGE('',*,*,#5018,.F.);
#5239 = ORIENTED_EDGE('',*,*,#5003,.T.);
#5240 = ORIENTED_EDGE('',*,*,#4979,.T.);
#5241 = PLANE('',#5242);
#5242 = AXIS2_PLACEMENT_3D('',#5243,#5244,#5245);
#5243 = CARTESIAN_POINT('',(-0.32,-7.94,-3.));
#5244 = DIRECTION('',(0.,0.,1.));
#5245 = DIRECTION('',(1.,0.,-0.));
#5246 = ADVANCED_FACE('',(#5247),#5253,.T.);
#5247 = FACE_BOUND('',#5248,.T.);
#5248 = EDGE_LOOP('',(#5249,#5250,#5251,#5252));
#5249 = ORIENTED_EDGE('',*,*,#5116,.T.);
#5250 = ORIENTED_EDGE('',*,*,#5042,.F.);
#5251 = ORIENTED_EDGE('',*,*,#5073,.F.);
#5252 = ORIENTED_EDGE('',*,*,#5099,.T.);
#5253 = PLANE('',#5254);
#5254 = AXIS2_PLACEMENT_3D('',#5255,#5256,#5257);
#5255 = CARTESIAN_POINT('',(-0.32,-5.4,8.54));
#5256 = DIRECTION('',(0.,0.,1.));
#5257 = DIRECTION('',(1.,0.,-0.));
#5258 = ADVANCED_FACE('',(#5259),#5265,.T.);
#5259 = FACE_BOUND('',#5260,.T.);
#5260 = EDGE_LOOP('',(#5261,#5262,#5263,#5264));
#5261 = ORIENTED_EDGE('',*,*,#5147,.T.);
#5262 = ORIENTED_EDGE('',*,*,#5169,.F.);
#5263 = ORIENTED_EDGE('',*,*,#5193,.F.);
#5264 = ORIENTED_EDGE('',*,*,#5212,.T.);
#5265 = PLANE('',#5266);
#5266 = AXIS2_PLACEMENT_3D('',#5267,#5268,#5269);
#5267 = CARTESIAN_POINT('',(-0.32,-7.94,8.54));
#5268 = DIRECTION('',(0.,0.,1.));
#5269 = DIRECTION('',(1.,0.,-0.));
#5270 = ( GEOMETRIC_REPRESENTATION_CONTEXT(3) 
GLOBAL_UNCERTAINTY_ASSIGNED_CONTEXT((#5274)) 
GLOBAL_UNIT_ASSIGNED_CONTEXT((#5271,#5272,#5273)) REPRESENTATION_CONTEXT
('Context #1','3D Context with UNIT and UNCERTAINTY') );
#5271 = ( LENGTH_UNIT() NAMED_UNIT(*) SI_UNIT(.MILLI.,.METRE.) );
#5272 = ( NAMED_UNIT(*) PLANE_ANGLE_UNIT() SI_UNIT($,.RADIAN.) );
#5273 = ( NAMED_UNIT(*) SI_UNIT($,.STERADIAN.) SOLID_ANGLE_UNIT() );
#5274 = UNCERTAINTY_MEASURE_WITH_UNIT(LENGTH_MEASURE(1.E-07),#5271,
  'distance_accuracy_value','confusion accuracy');
#5275 = CONTEXT_DEPENDENT_SHAPE_REPRESENTATION(#5276,#5278);
#5276 = ( REPRESENTATION_RELATIONSHIP('','',#1815,#10) 
REPRESENTATION_RELATIONSHIP_WITH_TRANSFORMATION(#5277) 
SHAPE_REPRESENTATION_RELATIONSHIP() );
#5277 = ITEM_DEFINED_TRANSFORMATION('','',#11,#27);
#5278 = PRODUCT_DEFINITION_SHAPE('Placement','Placement of an item',
  #5279);
#5279 = NEXT_ASSEMBLY_USAGE_OCCURRENCE('4','J10','',#5,#1810,$);
#5280 = PRODUCT_RELATED_PRODUCT_CATEGORY('part',$,(#1812));
#5281 = CONTEXT_DEPENDENT_SHAPE_REPRESENTATION(#5282,#5284);
#5282 = ( REPRESENTATION_RELATIONSHIP('','',#1815,#10) 
REPRESENTATION_RELATIONSHIP_WITH_TRANSFORMATION(#5283) 
SHAPE_REPRESENTATION_RELATIONSHIP() );
#5283 = ITEM_DEFINED_TRANSFORMATION('','',#11,#31);
#5284 = PRODUCT_DEFINITION_SHAPE('Placement','Placement of an item',
  #5285);
#5285 = NEXT_ASSEMBLY_USAGE_OCCURRENCE('5','J11','',#5,#1810,$);
#5286 = SHAPE_DEFINITION_REPRESENTATION(#5287,#5293);
#5287 = PRODUCT_DEFINITION_SHAPE('','',#5288);
#5288 = PRODUCT_DEFINITION('design','',#5289,#5292);
#5289 = PRODUCT_DEFINITION_FORMATION('','',#5290);
#5290 = PRODUCT('C_0603_1608Metric','C_0603_1608Metric','',(#5291));
#5291 = PRODUCT_CONTEXT('',#2,'mechanical');
#5292 = PRODUCT_DEFINITION_CONTEXT('part definition',#2,'design');
#5293 = ADVANCED_BREP_SHAPE_REPRESENTATION('',(#11,#5294),#6148);
#5294 = MANIFOLD_SOLID_BREP('',#5295);
#5295 = CLOSED_SHELL('',(#5296,#5372,#5403,#5428,#5453,#5477,#5501,#5526
    ,#5551,#5568,#5654,#5686,#5710,#5735,#5759,#5784,#5808,#5833,#5850,
    #5936,#5967,#5992,#6017,#6041,#6065,#6090,#6115,#6132));
#5296 = ADVANCED_FACE('',(#5297),#5367,.F.);
#5297 = FACE_BOUND('',#5298,.F.);
#5298 = EDGE_LOOP('',(#5299,#5309,#5318,#5326,#5335,#5343,#5352,#5360));
#5299 = ORIENTED_EDGE('',*,*,#5300,.F.);
#5300 = EDGE_CURVE('',#5301,#5303,#5305,.T.);
#5301 = VERTEX_POINT('',#5302);
#5302 = CARTESIAN_POINT('',(-0.8,-0.4,3.E-02));
#5303 = VERTEX_POINT('',#5304);
#5304 = CARTESIAN_POINT('',(-0.8,-0.4,0.77));
#5305 = LINE('',#5306,#5307);
#5306 = CARTESIAN_POINT('',(-0.8,-0.4,0.));
#5307 = VECTOR('',#5308,1.);
#5308 = DIRECTION('',(0.,0.,1.));
#5309 = ORIENTED_EDGE('',*,*,#5310,.T.);
#5310 = EDGE_CURVE('',#5301,#5311,#5313,.T.);
#5311 = VERTEX_POINT('',#5312);
#5312 = CARTESIAN_POINT('',(-0.8,-0.37,0.));
#5313 = CIRCLE('',#5314,3.E-02);
#5314 = AXIS2_PLACEMENT_3D('',#5315,#5316,#5317);
#5315 = CARTESIAN_POINT('',(-0.8,-0.37,3.E-02));
#5316 = DIRECTION('',(1.,0.,-0.));
#5317 = DIRECTION('',(0.,0.,1.));
#5318 = ORIENTED_EDGE('',*,*,#5319,.T.);
#5319 = EDGE_CURVE('',#5311,#5320,#5322,.T.);
#5320 = VERTEX_POINT('',#5321);
#5321 = CARTESIAN_POINT('',(-0.8,0.37,0.));
#5322 = LINE('',#5323,#5324);
#5323 = CARTESIAN_POINT('',(-0.8,-0.4,0.));
#5324 = VECTOR('',#5325,1.);
#5325 = DIRECTION('',(0.,1.,0.));
#5326 = ORIENTED_EDGE('',*,*,#5327,.F.);
#5327 = EDGE_CURVE('',#5328,#5320,#5330,.T.);
#5328 = VERTEX_POINT('',#5329);
#5329 = CARTESIAN_POINT('',(-0.8,0.4,3.E-02));
#5330 = CIRCLE('',#5331,3.E-02);
#5331 = AXIS2_PLACEMENT_3D('',#5332,#5333,#5334);
#5332 = CARTESIAN_POINT('',(-0.8,0.37,3.E-02));
#5333 = DIRECTION('',(-1.,0.,0.));
#5334 = DIRECTION('',(0.,0.,1.));
#5335 = ORIENTED_EDGE('',*,*,#5336,.T.);
#5336 = EDGE_CURVE('',#5328,#5337,#5339,.T.);
#5337 = VERTEX_POINT('',#5338);
#5338 = CARTESIAN_POINT('',(-0.8,0.4,0.77));
#5339 = LINE('',#5340,#5341);
#5340 = CARTESIAN_POINT('',(-0.8,0.4,0.));
#5341 = VECTOR('',#5342,1.);
#5342 = DIRECTION('',(0.,0.,1.));
#5343 = ORIENTED_EDGE('',*,*,#5344,.T.);
#5344 = EDGE_CURVE('',#5337,#5345,#5347,.T.);
#5345 = VERTEX_POINT('',#5346);
#5346 = CARTESIAN_POINT('',(-0.8,0.37,0.8));
#5347 = CIRCLE('',#5348,3.E-02);
#5348 = AXIS2_PLACEMENT_3D('',#5349,#5350,#5351);
#5349 = CARTESIAN_POINT('',(-0.8,0.37,0.77));
#5350 = DIRECTION('',(1.,0.,-0.));
#5351 = DIRECTION('',(0.,0.,1.));
#5352 = ORIENTED_EDGE('',*,*,#5353,.F.);
#5353 = EDGE_CURVE('',#5354,#5345,#5356,.T.);
#5354 = VERTEX_POINT('',#5355);
#5355 = CARTESIAN_POINT('',(-0.8,-0.37,0.8));
#5356 = LINE('',#5357,#5358);
#5357 = CARTESIAN_POINT('',(-0.8,-0.4,0.8));
#5358 = VECTOR('',#5359,1.);
#5359 = DIRECTION('',(0.,1.,0.));
#5360 = ORIENTED_EDGE('',*,*,#5361,.F.);
#5361 = EDGE_CURVE('',#5303,#5354,#5362,.T.);
#5362 = CIRCLE('',#5363,3.E-02);
#5363 = AXIS2_PLACEMENT_3D('',#5364,#5365,#5366);
#5364 = CARTESIAN_POINT('',(-0.8,-0.37,0.77));
#5365 = DIRECTION('',(-1.,0.,0.));
#5366 = DIRECTION('',(0.,0.,1.));
#5367 = PLANE('',#5368);
#5368 = AXIS2_PLACEMENT_3D('',#5369,#5370,#5371);
#5369 = CARTESIAN_POINT('',(-0.8,-0.4,0.));
#5370 = DIRECTION('',(1.,0.,0.));
#5371 = DIRECTION('',(0.,0.,1.));
#5372 = ADVANCED_FACE('',(#5373),#5398,.F.);
#5373 = FACE_BOUND('',#5374,.F.);
#5374 = EDGE_LOOP('',(#5375,#5385,#5391,#5392));
#5375 = ORIENTED_EDGE('',*,*,#5376,.F.);
#5376 = EDGE_CURVE('',#5377,#5379,#5381,.T.);
#5377 = VERTEX_POINT('',#5378);
#5378 = CARTESIAN_POINT('',(-0.5,-0.4,3.E-02));
#5379 = VERTEX_POINT('',#5380);
#5380 = CARTESIAN_POINT('',(-0.5,-0.4,0.77));
#5381 = LINE('',#5382,#5383);
#5382 = CARTESIAN_POINT('',(-0.5,-0.4,0.));
#5383 = VECTOR('',#5384,1.);
#5384 = DIRECTION('',(0.,0.,1.));
#5385 = ORIENTED_EDGE('',*,*,#5386,.F.);
#5386 = EDGE_CURVE('',#5301,#5377,#5387,.T.);
#5387 = LINE('',#5388,#5389);
#5388 = CARTESIAN_POINT('',(-0.8,-0.4,3.E-02));
#5389 = VECTOR('',#5390,1.);
#5390 = DIRECTION('',(1.,0.,0.));
#5391 = ORIENTED_EDGE('',*,*,#5300,.T.);
#5392 = ORIENTED_EDGE('',*,*,#5393,.T.);
#5393 = EDGE_CURVE('',#5303,#5379,#5394,.T.);
#5394 = LINE('',#5395,#5396);
#5395 = CARTESIAN_POINT('',(-0.8,-0.4,0.77));
#5396 = VECTOR('',#5397,1.);
#5397 = DIRECTION('',(1.,0.,0.));
#5398 = PLANE('',#5399);
#5399 = AXIS2_PLACEMENT_3D('',#5400,#5401,#5402);
#5400 = CARTESIAN_POINT('',(-0.8,-0.4,0.));
#5401 = DIRECTION('',(0.,1.,0.));
#5402 = DIRECTION('',(0.,-0.,1.));
#5403 = ADVANCED_FACE('',(#5404),#5423,.T.);
#5404 = FACE_BOUND('',#5405,.T.);
#5405 = EDGE_LOOP('',(#5406,#5407,#5415,#5422));
#5406 = ORIENTED_EDGE('',*,*,#5310,.T.);
#5407 = ORIENTED_EDGE('',*,*,#5408,.T.);
#5408 = EDGE_CURVE('',#5311,#5409,#5411,.T.);
#5409 = VERTEX_POINT('',#5410);
#5410 = CARTESIAN_POINT('',(-0.5,-0.37,0.));
#5411 = LINE('',#5412,#5413);
#5412 = CARTESIAN_POINT('',(-0.8,-0.37,0.));
#5413 = VECTOR('',#5414,1.);
#5414 = DIRECTION('',(1.,0.,0.));
#5415 = ORIENTED_EDGE('',*,*,#5416,.F.);
#5416 = EDGE_CURVE('',#5377,#5409,#5417,.T.);
#5417 = CIRCLE('',#5418,3.E-02);
#5418 = AXIS2_PLACEMENT_3D('',#5419,#5420,#5421);
#5419 = CARTESIAN_POINT('',(-0.5,-0.37,3.E-02));
#5420 = DIRECTION('',(1.,0.,-0.));
#5421 = DIRECTION('',(0.,0.,1.));
#5422 = ORIENTED_EDGE('',*,*,#5386,.F.);
#5423 = CYLINDRICAL_SURFACE('',#5424,3.E-02);
#5424 = AXIS2_PLACEMENT_3D('',#5425,#5426,#5427);
#5425 = CARTESIAN_POINT('',(-0.8,-0.37,3.E-02));
#5426 = DIRECTION('',(1.,0.,0.));
#5427 = DIRECTION('',(0.,-1.,0.));
#5428 = ADVANCED_FACE('',(#5429),#5448,.T.);
#5429 = FACE_BOUND('',#5430,.T.);
#5430 = EDGE_LOOP('',(#5431,#5432,#5441,#5447));
#5431 = ORIENTED_EDGE('',*,*,#5393,.T.);
#5432 = ORIENTED_EDGE('',*,*,#5433,.T.);
#5433 = EDGE_CURVE('',#5379,#5434,#5436,.T.);
#5434 = VERTEX_POINT('',#5435);
#5435 = CARTESIAN_POINT('',(-0.5,-0.37,0.8));
#5436 = CIRCLE('',#5437,3.E-02);
#5437 = AXIS2_PLACEMENT_3D('',#5438,#5439,#5440);
#5438 = CARTESIAN_POINT('',(-0.5,-0.37,0.77));
#5439 = DIRECTION('',(-1.,0.,0.));
#5440 = DIRECTION('',(0.,0.,1.));
#5441 = ORIENTED_EDGE('',*,*,#5442,.F.);
#5442 = EDGE_CURVE('',#5354,#5434,#5443,.T.);
#5443 = LINE('',#5444,#5445);
#5444 = CARTESIAN_POINT('',(-0.8,-0.37,0.8));
#5445 = VECTOR('',#5446,1.);
#5446 = DIRECTION('',(1.,0.,0.));
#5447 = ORIENTED_EDGE('',*,*,#5361,.F.);
#5448 = CYLINDRICAL_SURFACE('',#5449,3.E-02);
#5449 = AXIS2_PLACEMENT_3D('',#5450,#5451,#5452);
#5450 = CARTESIAN_POINT('',(-0.8,-0.37,0.77));
#5451 = DIRECTION('',(1.,0.,0.));
#5452 = DIRECTION('',(0.,-1.,0.));
#5453 = ADVANCED_FACE('',(#5454),#5472,.F.);
#5454 = FACE_BOUND('',#5455,.F.);
#5455 = EDGE_LOOP('',(#5456,#5457,#5458,#5466));
#5456 = ORIENTED_EDGE('',*,*,#5319,.F.);
#5457 = ORIENTED_EDGE('',*,*,#5408,.T.);
#5458 = ORIENTED_EDGE('',*,*,#5459,.T.);
#5459 = EDGE_CURVE('',#5409,#5460,#5462,.T.);
#5460 = VERTEX_POINT('',#5461);
#5461 = CARTESIAN_POINT('',(-0.5,0.37,0.));
#5462 = LINE('',#5463,#5464);
#5463 = CARTESIAN_POINT('',(-0.5,-0.4,0.));
#5464 = VECTOR('',#5465,1.);
#5465 = DIRECTION('',(0.,1.,0.));
#5466 = ORIENTED_EDGE('',*,*,#5467,.F.);
#5467 = EDGE_CURVE('',#5320,#5460,#5468,.T.);
#5468 = LINE('',#5469,#5470);
#5469 = CARTESIAN_POINT('',(-0.8,0.37,0.));
#5470 = VECTOR('',#5471,1.);
#5471 = DIRECTION('',(1.,0.,0.));
#5472 = PLANE('',#5473);
#5473 = AXIS2_PLACEMENT_3D('',#5474,#5475,#5476);
#5474 = CARTESIAN_POINT('',(-0.8,-0.4,0.));
#5475 = DIRECTION('',(0.,0.,1.));
#5476 = DIRECTION('',(1.,0.,-0.));
#5477 = ADVANCED_FACE('',(#5478),#5496,.T.);
#5478 = FACE_BOUND('',#5479,.T.);
#5479 = EDGE_LOOP('',(#5480,#5481,#5482,#5490));
#5480 = ORIENTED_EDGE('',*,*,#5353,.F.);
#5481 = ORIENTED_EDGE('',*,*,#5442,.T.);
#5482 = ORIENTED_EDGE('',*,*,#5483,.T.);
#5483 = EDGE_CURVE('',#5434,#5484,#5486,.T.);
#5484 = VERTEX_POINT('',#5485);
#5485 = CARTESIAN_POINT('',(-0.5,0.37,0.8));
#5486 = LINE('',#5487,#5488);
#5487 = CARTESIAN_POINT('',(-0.5,-0.4,0.8));
#5488 = VECTOR('',#5489,1.);
#5489 = DIRECTION('',(0.,1.,0.));
#5490 = ORIENTED_EDGE('',*,*,#5491,.F.);
#5491 = EDGE_CURVE('',#5345,#5484,#5492,.T.);
#5492 = LINE('',#5493,#5494);
#5493 = CARTESIAN_POINT('',(-0.8,0.37,0.8));
#5494 = VECTOR('',#5495,1.);
#5495 = DIRECTION('',(1.,0.,0.));
#5496 = PLANE('',#5497);
#5497 = AXIS2_PLACEMENT_3D('',#5498,#5499,#5500);
#5498 = CARTESIAN_POINT('',(-0.8,-0.4,0.8));
#5499 = DIRECTION('',(0.,0.,1.));
#5500 = DIRECTION('',(1.,0.,-0.));
#5501 = ADVANCED_FACE('',(#5502),#5521,.T.);
#5502 = FACE_BOUND('',#5503,.T.);
#5503 = EDGE_LOOP('',(#5504,#5512,#5519,#5520));
#5504 = ORIENTED_EDGE('',*,*,#5505,.T.);
#5505 = EDGE_CURVE('',#5328,#5506,#5508,.T.);
#5506 = VERTEX_POINT('',#5507);
#5507 = CARTESIAN_POINT('',(-0.5,0.4,3.E-02));
#5508 = LINE('',#5509,#5510);
#5509 = CARTESIAN_POINT('',(-0.8,0.4,3.E-02));
#5510 = VECTOR('',#5511,1.);
#5511 = DIRECTION('',(1.,0.,0.));
#5512 = ORIENTED_EDGE('',*,*,#5513,.T.);
#5513 = EDGE_CURVE('',#5506,#5460,#5514,.T.);
#5514 = CIRCLE('',#5515,3.E-02);
#5515 = AXIS2_PLACEMENT_3D('',#5516,#5517,#5518);
#5516 = CARTESIAN_POINT('',(-0.5,0.37,3.E-02));
#5517 = DIRECTION('',(-1.,0.,0.));
#5518 = DIRECTION('',(0.,0.,1.));
#5519 = ORIENTED_EDGE('',*,*,#5467,.F.);
#5520 = ORIENTED_EDGE('',*,*,#5327,.F.);
#5521 = CYLINDRICAL_SURFACE('',#5522,3.E-02);
#5522 = AXIS2_PLACEMENT_3D('',#5523,#5524,#5525);
#5523 = CARTESIAN_POINT('',(-0.8,0.37,3.E-02));
#5524 = DIRECTION('',(1.,0.,0.));
#5525 = DIRECTION('',(-0.,1.,0.));
#5526 = ADVANCED_FACE('',(#5527),#5546,.T.);
#5527 = FACE_BOUND('',#5528,.T.);
#5528 = EDGE_LOOP('',(#5529,#5530,#5531,#5540));
#5529 = ORIENTED_EDGE('',*,*,#5344,.T.);
#5530 = ORIENTED_EDGE('',*,*,#5491,.T.);
#5531 = ORIENTED_EDGE('',*,*,#5532,.F.);
#5532 = EDGE_CURVE('',#5533,#5484,#5535,.T.);
#5533 = VERTEX_POINT('',#5534);
#5534 = CARTESIAN_POINT('',(-0.5,0.4,0.77));
#5535 = CIRCLE('',#5536,3.E-02);
#5536 = AXIS2_PLACEMENT_3D('',#5537,#5538,#5539);
#5537 = CARTESIAN_POINT('',(-0.5,0.37,0.77));
#5538 = DIRECTION('',(1.,0.,-0.));
#5539 = DIRECTION('',(0.,0.,1.));
#5540 = ORIENTED_EDGE('',*,*,#5541,.F.);
#5541 = EDGE_CURVE('',#5337,#5533,#5542,.T.);
#5542 = LINE('',#5543,#5544);
#5543 = CARTESIAN_POINT('',(-0.8,0.4,0.77));
#5544 = VECTOR('',#5545,1.);
#5545 = DIRECTION('',(1.,0.,0.));
#5546 = CYLINDRICAL_SURFACE('',#5547,3.E-02);
#5547 = AXIS2_PLACEMENT_3D('',#5548,#5549,#5550);
#5548 = CARTESIAN_POINT('',(-0.8,0.37,0.77));
#5549 = DIRECTION('',(1.,0.,0.));
#5550 = DIRECTION('',(-0.,1.,0.));
#5551 = ADVANCED_FACE('',(#5552),#5563,.T.);
#5552 = FACE_BOUND('',#5553,.T.);
#5553 = EDGE_LOOP('',(#5554,#5560,#5561,#5562));
#5554 = ORIENTED_EDGE('',*,*,#5555,.F.);
#5555 = EDGE_CURVE('',#5506,#5533,#5556,.T.);
#5556 = LINE('',#5557,#5558);
#5557 = CARTESIAN_POINT('',(-0.5,0.4,0.));
#5558 = VECTOR('',#5559,1.);
#5559 = DIRECTION('',(0.,0.,1.));
#5560 = ORIENTED_EDGE('',*,*,#5505,.F.);
#5561 = ORIENTED_EDGE('',*,*,#5336,.T.);
#5562 = ORIENTED_EDGE('',*,*,#5541,.T.);
#5563 = PLANE('',#5564);
#5564 = AXIS2_PLACEMENT_3D('',#5565,#5566,#5567);
#5565 = CARTESIAN_POINT('',(-0.8,0.4,0.));
#5566 = DIRECTION('',(0.,1.,0.));
#5567 = DIRECTION('',(0.,-0.,1.));
#5568 = ADVANCED_FACE('',(#5569,#5579),#5649,.T.);
#5569 = FACE_BOUND('',#5570,.T.);
#5570 = EDGE_LOOP('',(#5571,#5572,#5573,#5574,#5575,#5576,#5577,#5578));
#5571 = ORIENTED_EDGE('',*,*,#5376,.F.);
#5572 = ORIENTED_EDGE('',*,*,#5416,.T.);
#5573 = ORIENTED_EDGE('',*,*,#5459,.T.);
#5574 = ORIENTED_EDGE('',*,*,#5513,.F.);
#5575 = ORIENTED_EDGE('',*,*,#5555,.T.);
#5576 = ORIENTED_EDGE('',*,*,#5532,.T.);
#5577 = ORIENTED_EDGE('',*,*,#5483,.F.);
#5578 = ORIENTED_EDGE('',*,*,#5433,.F.);
#5579 = FACE_BOUND('',#5580,.T.);
#5580 = EDGE_LOOP('',(#5581,#5592,#5600,#5609,#5617,#5626,#5634,#5643));
#5581 = ORIENTED_EDGE('',*,*,#5582,.F.);
#5582 = EDGE_CURVE('',#5583,#5585,#5587,.T.);
#5583 = VERTEX_POINT('',#5584);
#5584 = CARTESIAN_POINT('',(-0.5,-0.37,6.E-02));
#5585 = VERTEX_POINT('',#5586);
#5586 = CARTESIAN_POINT('',(-0.5,-0.34,3.E-02));
#5587 = CIRCLE('',#5588,3.E-02);
#5588 = AXIS2_PLACEMENT_3D('',#5589,#5590,#5591);
#5589 = CARTESIAN_POINT('',(-0.5,-0.34,6.E-02));
#5590 = DIRECTION('',(1.,0.,-0.));
#5591 = DIRECTION('',(0.,0.,1.));
#5592 = ORIENTED_EDGE('',*,*,#5593,.T.);
#5593 = EDGE_CURVE('',#5583,#5594,#5596,.T.);
#5594 = VERTEX_POINT('',#5595);
#5595 = CARTESIAN_POINT('',(-0.5,-0.37,0.74));
#5596 = LINE('',#5597,#5598);
#5597 = CARTESIAN_POINT('',(-0.5,-0.37,3.E-02));
#5598 = VECTOR('',#5599,1.);
#5599 = DIRECTION('',(0.,0.,1.));
#5600 = ORIENTED_EDGE('',*,*,#5601,.T.);
#5601 = EDGE_CURVE('',#5594,#5602,#5604,.T.);
#5602 = VERTEX_POINT('',#5603);
#5603 = CARTESIAN_POINT('',(-0.5,-0.34,0.77));
#5604 = CIRCLE('',#5605,3.E-02);
#5605 = AXIS2_PLACEMENT_3D('',#5606,#5607,#5608);
#5606 = CARTESIAN_POINT('',(-0.5,-0.34,0.74));
#5607 = DIRECTION('',(-1.,0.,0.));
#5608 = DIRECTION('',(0.,0.,1.));
#5609 = ORIENTED_EDGE('',*,*,#5610,.T.);
#5610 = EDGE_CURVE('',#5602,#5611,#5613,.T.);
#5611 = VERTEX_POINT('',#5612);
#5612 = CARTESIAN_POINT('',(-0.5,0.34,0.77));
#5613 = LINE('',#5614,#5615);
#5614 = CARTESIAN_POINT('',(-0.5,-0.37,0.77));
#5615 = VECTOR('',#5616,1.);
#5616 = DIRECTION('',(0.,1.,0.));
#5617 = ORIENTED_EDGE('',*,*,#5618,.F.);
#5618 = EDGE_CURVE('',#5619,#5611,#5621,.T.);
#5619 = VERTEX_POINT('',#5620);
#5620 = CARTESIAN_POINT('',(-0.5,0.37,0.74));
#5621 = CIRCLE('',#5622,3.E-02);
#5622 = AXIS2_PLACEMENT_3D('',#5623,#5624,#5625);
#5623 = CARTESIAN_POINT('',(-0.5,0.34,0.74));
#5624 = DIRECTION('',(1.,0.,-0.));
#5625 = DIRECTION('',(0.,0.,1.));
#5626 = ORIENTED_EDGE('',*,*,#5627,.F.);
#5627 = EDGE_CURVE('',#5628,#5619,#5630,.T.);
#5628 = VERTEX_POINT('',#5629);
#5629 = CARTESIAN_POINT('',(-0.5,0.37,6.E-02));
#5630 = LINE('',#5631,#5632);
#5631 = CARTESIAN_POINT('',(-0.5,0.37,3.E-02));
#5632 = VECTOR('',#5633,1.);
#5633 = DIRECTION('',(0.,0.,1.));
#5634 = ORIENTED_EDGE('',*,*,#5635,.T.);
#5635 = EDGE_CURVE('',#5628,#5636,#5638,.T.);
#5636 = VERTEX_POINT('',#5637);
#5637 = CARTESIAN_POINT('',(-0.5,0.34,3.E-02));
#5638 = CIRCLE('',#5639,3.E-02);
#5639 = AXIS2_PLACEMENT_3D('',#5640,#5641,#5642);
#5640 = CARTESIAN_POINT('',(-0.5,0.34,6.E-02));
#5641 = DIRECTION('',(-1.,0.,0.));
#5642 = DIRECTION('',(0.,0.,1.));
#5643 = ORIENTED_EDGE('',*,*,#5644,.F.);
#5644 = EDGE_CURVE('',#5585,#5636,#5645,.T.);
#5645 = LINE('',#5646,#5647);
#5646 = CARTESIAN_POINT('',(-0.5,-0.37,3.E-02));
#5647 = VECTOR('',#5648,1.);
#5648 = DIRECTION('',(0.,1.,0.));
#5649 = PLANE('',#5650);
#5650 = AXIS2_PLACEMENT_3D('',#5651,#5652,#5653);
#5651 = CARTESIAN_POINT('',(-0.5,-0.4,0.));
#5652 = DIRECTION('',(1.,0.,0.));
#5653 = DIRECTION('',(0.,0.,1.));
#5654 = ADVANCED_FACE('',(#5655),#5681,.T.);
#5655 = FACE_BOUND('',#5656,.T.);
#5656 = EDGE_LOOP('',(#5657,#5658,#5666,#5675));
#5657 = ORIENTED_EDGE('',*,*,#5582,.T.);
#5658 = ORIENTED_EDGE('',*,*,#5659,.T.);
#5659 = EDGE_CURVE('',#5585,#5660,#5662,.T.);
#5660 = VERTEX_POINT('',#5661);
#5661 = CARTESIAN_POINT('',(0.5,-0.34,3.E-02));
#5662 = LINE('',#5663,#5664);
#5663 = CARTESIAN_POINT('',(-0.5,-0.34,3.E-02));
#5664 = VECTOR('',#5665,1.);
#5665 = DIRECTION('',(1.,0.,0.));
#5666 = ORIENTED_EDGE('',*,*,#5667,.F.);
#5667 = EDGE_CURVE('',#5668,#5660,#5670,.T.);
#5668 = VERTEX_POINT('',#5669);
#5669 = CARTESIAN_POINT('',(0.5,-0.37,6.E-02));
#5670 = CIRCLE('',#5671,3.E-02);
#5671 = AXIS2_PLACEMENT_3D('',#5672,#5673,#5674);
#5672 = CARTESIAN_POINT('',(0.5,-0.34,6.E-02));
#5673 = DIRECTION('',(1.,0.,-0.));
#5674 = DIRECTION('',(0.,0.,1.));
#5675 = ORIENTED_EDGE('',*,*,#5676,.F.);
#5676 = EDGE_CURVE('',#5583,#5668,#5677,.T.);
#5677 = LINE('',#5678,#5679);
#5678 = CARTESIAN_POINT('',(-0.5,-0.37,6.E-02));
#5679 = VECTOR('',#5680,1.);
#5680 = DIRECTION('',(1.,0.,0.));
#5681 = CYLINDRICAL_SURFACE('',#5682,3.E-02);
#5682 = AXIS2_PLACEMENT_3D('',#5683,#5684,#5685);
#5683 = CARTESIAN_POINT('',(-0.5,-0.34,6.E-02));
#5684 = DIRECTION('',(1.,0.,0.));
#5685 = DIRECTION('',(0.,-1.,0.));
#5686 = ADVANCED_FACE('',(#5687),#5705,.F.);
#5687 = FACE_BOUND('',#5688,.F.);
#5688 = EDGE_LOOP('',(#5689,#5690,#5691,#5699));
#5689 = ORIENTED_EDGE('',*,*,#5644,.F.);
#5690 = ORIENTED_EDGE('',*,*,#5659,.T.);
#5691 = ORIENTED_EDGE('',*,*,#5692,.T.);
#5692 = EDGE_CURVE('',#5660,#5693,#5695,.T.);
#5693 = VERTEX_POINT('',#5694);
#5694 = CARTESIAN_POINT('',(0.5,0.34,3.E-02));
#5695 = LINE('',#5696,#5697);
#5696 = CARTESIAN_POINT('',(0.5,-0.37,3.E-02));
#5697 = VECTOR('',#5698,1.);
#5698 = DIRECTION('',(0.,1.,0.));
#5699 = ORIENTED_EDGE('',*,*,#5700,.F.);
#5700 = EDGE_CURVE('',#5636,#5693,#5701,.T.);
#5701 = LINE('',#5702,#5703);
#5702 = CARTESIAN_POINT('',(-0.5,0.34,3.E-02));
#5703 = VECTOR('',#5704,1.);
#5704 = DIRECTION('',(1.,0.,0.));
#5705 = PLANE('',#5706);
#5706 = AXIS2_PLACEMENT_3D('',#5707,#5708,#5709);
#5707 = CARTESIAN_POINT('',(-0.5,-0.37,3.E-02));
#5708 = DIRECTION('',(0.,0.,1.));
#5709 = DIRECTION('',(1.,0.,-0.));
#5710 = ADVANCED_FACE('',(#5711),#5730,.T.);
#5711 = FACE_BOUND('',#5712,.T.);
#5712 = EDGE_LOOP('',(#5713,#5721,#5728,#5729));
#5713 = ORIENTED_EDGE('',*,*,#5714,.T.);
#5714 = EDGE_CURVE('',#5628,#5715,#5717,.T.);
#5715 = VERTEX_POINT('',#5716);
#5716 = CARTESIAN_POINT('',(0.5,0.37,6.E-02));
#5717 = LINE('',#5718,#5719);
#5718 = CARTESIAN_POINT('',(-0.5,0.37,6.E-02));
#5719 = VECTOR('',#5720,1.);
#5720 = DIRECTION('',(1.,0.,0.));
#5721 = ORIENTED_EDGE('',*,*,#5722,.T.);
#5722 = EDGE_CURVE('',#5715,#5693,#5723,.T.);
#5723 = CIRCLE('',#5724,3.E-02);
#5724 = AXIS2_PLACEMENT_3D('',#5725,#5726,#5727);
#5725 = CARTESIAN_POINT('',(0.5,0.34,6.E-02));
#5726 = DIRECTION('',(-1.,0.,0.));
#5727 = DIRECTION('',(0.,0.,1.));
#5728 = ORIENTED_EDGE('',*,*,#5700,.F.);
#5729 = ORIENTED_EDGE('',*,*,#5635,.F.);
#5730 = CYLINDRICAL_SURFACE('',#5731,3.E-02);
#5731 = AXIS2_PLACEMENT_3D('',#5732,#5733,#5734);
#5732 = CARTESIAN_POINT('',(-0.5,0.34,6.E-02));
#5733 = DIRECTION('',(1.,0.,0.));
#5734 = DIRECTION('',(-0.,1.,0.));
#5735 = ADVANCED_FACE('',(#5736),#5754,.T.);
#5736 = FACE_BOUND('',#5737,.T.);
#5737 = EDGE_LOOP('',(#5738,#5746,#5747,#5748));
#5738 = ORIENTED_EDGE('',*,*,#5739,.F.);
#5739 = EDGE_CURVE('',#5715,#5740,#5742,.T.);
#5740 = VERTEX_POINT('',#5741);
#5741 = CARTESIAN_POINT('',(0.5,0.37,0.74));
#5742 = LINE('',#5743,#5744);
#5743 = CARTESIAN_POINT('',(0.5,0.37,3.E-02));
#5744 = VECTOR('',#5745,1.);
#5745 = DIRECTION('',(0.,0.,1.));
#5746 = ORIENTED_EDGE('',*,*,#5714,.F.);
#5747 = ORIENTED_EDGE('',*,*,#5627,.T.);
#5748 = ORIENTED_EDGE('',*,*,#5749,.T.);
#5749 = EDGE_CURVE('',#5619,#5740,#5750,.T.);
#5750 = LINE('',#5751,#5752);
#5751 = CARTESIAN_POINT('',(-0.5,0.37,0.74));
#5752 = VECTOR('',#5753,1.);
#5753 = DIRECTION('',(1.,0.,0.));
#5754 = PLANE('',#5755);
#5755 = AXIS2_PLACEMENT_3D('',#5756,#5757,#5758);
#5756 = CARTESIAN_POINT('',(-0.5,0.37,3.E-02));
#5757 = DIRECTION('',(0.,1.,0.));
#5758 = DIRECTION('',(0.,-0.,1.));
#5759 = ADVANCED_FACE('',(#5760),#5779,.T.);
#5760 = FACE_BOUND('',#5761,.T.);
#5761 = EDGE_LOOP('',(#5762,#5763,#5771,#5778));
#5762 = ORIENTED_EDGE('',*,*,#5618,.T.);
#5763 = ORIENTED_EDGE('',*,*,#5764,.T.);
#5764 = EDGE_CURVE('',#5611,#5765,#5767,.T.);
#5765 = VERTEX_POINT('',#5766);
#5766 = CARTESIAN_POINT('',(0.5,0.34,0.77));
#5767 = LINE('',#5768,#5769);
#5768 = CARTESIAN_POINT('',(-0.5,0.34,0.77));
#5769 = VECTOR('',#5770,1.);
#5770 = DIRECTION('',(1.,0.,0.));
#5771 = ORIENTED_EDGE('',*,*,#5772,.F.);
#5772 = EDGE_CURVE('',#5740,#5765,#5773,.T.);
#5773 = CIRCLE('',#5774,3.E-02);
#5774 = AXIS2_PLACEMENT_3D('',#5775,#5776,#5777);
#5775 = CARTESIAN_POINT('',(0.5,0.34,0.74));
#5776 = DIRECTION('',(1.,0.,-0.));
#5777 = DIRECTION('',(0.,0.,1.));
#5778 = ORIENTED_EDGE('',*,*,#5749,.F.);
#5779 = CYLINDRICAL_SURFACE('',#5780,3.E-02);
#5780 = AXIS2_PLACEMENT_3D('',#5781,#5782,#5783);
#5781 = CARTESIAN_POINT('',(-0.5,0.34,0.74));
#5782 = DIRECTION('',(1.,0.,0.));
#5783 = DIRECTION('',(-0.,1.,0.));
#5784 = ADVANCED_FACE('',(#5785),#5803,.T.);
#5785 = FACE_BOUND('',#5786,.T.);
#5786 = EDGE_LOOP('',(#5787,#5788,#5796,#5802));
#5787 = ORIENTED_EDGE('',*,*,#5610,.F.);
#5788 = ORIENTED_EDGE('',*,*,#5789,.T.);
#5789 = EDGE_CURVE('',#5602,#5790,#5792,.T.);
#5790 = VERTEX_POINT('',#5791);
#5791 = CARTESIAN_POINT('',(0.5,-0.34,0.77));
#5792 = LINE('',#5793,#5794);
#5793 = CARTESIAN_POINT('',(-0.5,-0.34,0.77));
#5794 = VECTOR('',#5795,1.);
#5795 = DIRECTION('',(1.,0.,0.));
#5796 = ORIENTED_EDGE('',*,*,#5797,.T.);
#5797 = EDGE_CURVE('',#5790,#5765,#5798,.T.);
#5798 = LINE('',#5799,#5800);
#5799 = CARTESIAN_POINT('',(0.5,-0.37,0.77));
#5800 = VECTOR('',#5801,1.);
#5801 = DIRECTION('',(0.,1.,0.));
#5802 = ORIENTED_EDGE('',*,*,#5764,.F.);
#5803 = PLANE('',#5804);
#5804 = AXIS2_PLACEMENT_3D('',#5805,#5806,#5807);
#5805 = CARTESIAN_POINT('',(-0.5,-0.37,0.77));
#5806 = DIRECTION('',(0.,0.,1.));
#5807 = DIRECTION('',(1.,0.,-0.));
#5808 = ADVANCED_FACE('',(#5809),#5828,.T.);
#5809 = FACE_BOUND('',#5810,.T.);
#5810 = EDGE_LOOP('',(#5811,#5819,#5826,#5827));
#5811 = ORIENTED_EDGE('',*,*,#5812,.T.);
#5812 = EDGE_CURVE('',#5594,#5813,#5815,.T.);
#5813 = VERTEX_POINT('',#5814);
#5814 = CARTESIAN_POINT('',(0.5,-0.37,0.74));
#5815 = LINE('',#5816,#5817);
#5816 = CARTESIAN_POINT('',(-0.5,-0.37,0.74));
#5817 = VECTOR('',#5818,1.);
#5818 = DIRECTION('',(1.,0.,0.));
#5819 = ORIENTED_EDGE('',*,*,#5820,.T.);
#5820 = EDGE_CURVE('',#5813,#5790,#5821,.T.);
#5821 = CIRCLE('',#5822,3.E-02);
#5822 = AXIS2_PLACEMENT_3D('',#5823,#5824,#5825);
#5823 = CARTESIAN_POINT('',(0.5,-0.34,0.74));
#5824 = DIRECTION('',(-1.,0.,0.));
#5825 = DIRECTION('',(0.,0.,1.));
#5826 = ORIENTED_EDGE('',*,*,#5789,.F.);
#5827 = ORIENTED_EDGE('',*,*,#5601,.F.);
#5828 = CYLINDRICAL_SURFACE('',#5829,3.E-02);
#5829 = AXIS2_PLACEMENT_3D('',#5830,#5831,#5832);
#5830 = CARTESIAN_POINT('',(-0.5,-0.34,0.74));
#5831 = DIRECTION('',(1.,0.,0.));
#5832 = DIRECTION('',(0.,-1.,0.));
#5833 = ADVANCED_FACE('',(#5834),#5845,.F.);
#5834 = FACE_BOUND('',#5835,.F.);
#5835 = EDGE_LOOP('',(#5836,#5842,#5843,#5844));
#5836 = ORIENTED_EDGE('',*,*,#5837,.F.);
#5837 = EDGE_CURVE('',#5668,#5813,#5838,.T.);
#5838 = LINE('',#5839,#5840);
#5839 = CARTESIAN_POINT('',(0.5,-0.37,3.E-02));
#5840 = VECTOR('',#5841,1.);
#5841 = DIRECTION('',(0.,0.,1.));
#5842 = ORIENTED_EDGE('',*,*,#5676,.F.);
#5843 = ORIENTED_EDGE('',*,*,#5593,.T.);
#5844 = ORIENTED_EDGE('',*,*,#5812,.T.);
#5845 = PLANE('',#5846);
#5846 = AXIS2_PLACEMENT_3D('',#5847,#5848,#5849);
#5847 = CARTESIAN_POINT('',(-0.5,-0.37,3.E-02));
#5848 = DIRECTION('',(0.,1.,0.));
#5849 = DIRECTION('',(0.,-0.,1.));
#5850 = ADVANCED_FACE('',(#5851,#5921),#5931,.F.);
#5851 = FACE_BOUND('',#5852,.F.);
#5852 = EDGE_LOOP('',(#5853,#5863,#5872,#5880,#5889,#5897,#5906,#5914));
#5853 = ORIENTED_EDGE('',*,*,#5854,.F.);
#5854 = EDGE_CURVE('',#5855,#5857,#5859,.T.);
#5855 = VERTEX_POINT('',#5856);
#5856 = CARTESIAN_POINT('',(0.5,-0.4,3.E-02));
#5857 = VERTEX_POINT('',#5858);
#5858 = CARTESIAN_POINT('',(0.5,-0.4,0.77));
#5859 = LINE('',#5860,#5861);
#5860 = CARTESIAN_POINT('',(0.5,-0.4,0.));
#5861 = VECTOR('',#5862,1.);
#5862 = DIRECTION('',(0.,0.,1.));
#5863 = ORIENTED_EDGE('',*,*,#5864,.T.);
#5864 = EDGE_CURVE('',#5855,#5865,#5867,.T.);
#5865 = VERTEX_POINT('',#5866);
#5866 = CARTESIAN_POINT('',(0.5,-0.37,0.));
#5867 = CIRCLE('',#5868,3.E-02);
#5868 = AXIS2_PLACEMENT_3D('',#5869,#5870,#5871);
#5869 = CARTESIAN_POINT('',(0.5,-0.37,3.E-02));
#5870 = DIRECTION('',(1.,0.,-0.));
#5871 = DIRECTION('',(0.,0.,1.));
#5872 = ORIENTED_EDGE('',*,*,#5873,.T.);
#5873 = EDGE_CURVE('',#5865,#5874,#5876,.T.);
#5874 = VERTEX_POINT('',#5875);
#5875 = CARTESIAN_POINT('',(0.5,0.37,0.));
#5876 = LINE('',#5877,#5878);
#5877 = CARTESIAN_POINT('',(0.5,-0.4,0.));
#5878 = VECTOR('',#5879,1.);
#5879 = DIRECTION('',(0.,1.,0.));
#5880 = ORIENTED_EDGE('',*,*,#5881,.F.);
#5881 = EDGE_CURVE('',#5882,#5874,#5884,.T.);
#5882 = VERTEX_POINT('',#5883);
#5883 = CARTESIAN_POINT('',(0.5,0.4,3.E-02));
#5884 = CIRCLE('',#5885,3.E-02);
#5885 = AXIS2_PLACEMENT_3D('',#5886,#5887,#5888);
#5886 = CARTESIAN_POINT('',(0.5,0.37,3.E-02));
#5887 = DIRECTION('',(-1.,0.,0.));
#5888 = DIRECTION('',(0.,0.,1.));
#5889 = ORIENTED_EDGE('',*,*,#5890,.T.);
#5890 = EDGE_CURVE('',#5882,#5891,#5893,.T.);
#5891 = VERTEX_POINT('',#5892);
#5892 = CARTESIAN_POINT('',(0.5,0.4,0.77));
#5893 = LINE('',#5894,#5895);
#5894 = CARTESIAN_POINT('',(0.5,0.4,0.));
#5895 = VECTOR('',#5896,1.);
#5896 = DIRECTION('',(0.,0.,1.));
#5897 = ORIENTED_EDGE('',*,*,#5898,.T.);
#5898 = EDGE_CURVE('',#5891,#5899,#5901,.T.);
#5899 = VERTEX_POINT('',#5900);
#5900 = CARTESIAN_POINT('',(0.5,0.37,0.8));
#5901 = CIRCLE('',#5902,3.E-02);
#5902 = AXIS2_PLACEMENT_3D('',#5903,#5904,#5905);
#5903 = CARTESIAN_POINT('',(0.5,0.37,0.77));
#5904 = DIRECTION('',(1.,0.,-0.));
#5905 = DIRECTION('',(0.,0.,1.));
#5906 = ORIENTED_EDGE('',*,*,#5907,.F.);
#5907 = EDGE_CURVE('',#5908,#5899,#5910,.T.);
#5908 = VERTEX_POINT('',#5909);
#5909 = CARTESIAN_POINT('',(0.5,-0.37,0.8));
#5910 = LINE('',#5911,#5912);
#5911 = CARTESIAN_POINT('',(0.5,-0.4,0.8));
#5912 = VECTOR('',#5913,1.);
#5913 = DIRECTION('',(0.,1.,0.));
#5914 = ORIENTED_EDGE('',*,*,#5915,.F.);
#5915 = EDGE_CURVE('',#5857,#5908,#5916,.T.);
#5916 = CIRCLE('',#5917,3.E-02);
#5917 = AXIS2_PLACEMENT_3D('',#5918,#5919,#5920);
#5918 = CARTESIAN_POINT('',(0.5,-0.37,0.77));
#5919 = DIRECTION('',(-1.,0.,0.));
#5920 = DIRECTION('',(0.,0.,1.));
#5921 = FACE_BOUND('',#5922,.F.);
#5922 = EDGE_LOOP('',(#5923,#5924,#5925,#5926,#5927,#5928,#5929,#5930));
#5923 = ORIENTED_EDGE('',*,*,#5667,.F.);
#5924 = ORIENTED_EDGE('',*,*,#5837,.T.);
#5925 = ORIENTED_EDGE('',*,*,#5820,.T.);
#5926 = ORIENTED_EDGE('',*,*,#5797,.T.);
#5927 = ORIENTED_EDGE('',*,*,#5772,.F.);
#5928 = ORIENTED_EDGE('',*,*,#5739,.F.);
#5929 = ORIENTED_EDGE('',*,*,#5722,.T.);
#5930 = ORIENTED_EDGE('',*,*,#5692,.F.);
#5931 = PLANE('',#5932);
#5932 = AXIS2_PLACEMENT_3D('',#5933,#5934,#5935);
#5933 = CARTESIAN_POINT('',(0.5,-0.4,0.));
#5934 = DIRECTION('',(1.,0.,0.));
#5935 = DIRECTION('',(0.,0.,1.));
#5936 = ADVANCED_FACE('',(#5937),#5962,.F.);
#5937 = FACE_BOUND('',#5938,.F.);
#5938 = EDGE_LOOP('',(#5939,#5949,#5955,#5956));
#5939 = ORIENTED_EDGE('',*,*,#5940,.F.);
#5940 = EDGE_CURVE('',#5941,#5943,#5945,.T.);
#5941 = VERTEX_POINT('',#5942);
#5942 = CARTESIAN_POINT('',(0.8,-0.4,3.E-02));
#5943 = VERTEX_POINT('',#5944);
#5944 = CARTESIAN_POINT('',(0.8,-0.4,0.77));
#5945 = LINE('',#5946,#5947);
#5946 = CARTESIAN_POINT('',(0.8,-0.4,0.));
#5947 = VECTOR('',#5948,1.);
#5948 = DIRECTION('',(0.,0.,1.));
#5949 = ORIENTED_EDGE('',*,*,#5950,.F.);
#5950 = EDGE_CURVE('',#5855,#5941,#5951,.T.);
#5951 = LINE('',#5952,#5953);
#5952 = CARTESIAN_POINT('',(0.5,-0.4,3.E-02));
#5953 = VECTOR('',#5954,1.);
#5954 = DIRECTION('',(1.,0.,0.));
#5955 = ORIENTED_EDGE('',*,*,#5854,.T.);
#5956 = ORIENTED_EDGE('',*,*,#5957,.T.);
#5957 = EDGE_CURVE('',#5857,#5943,#5958,.T.);
#5958 = LINE('',#5959,#5960);
#5959 = CARTESIAN_POINT('',(0.5,-0.4,0.77));
#5960 = VECTOR('',#5961,1.);
#5961 = DIRECTION('',(1.,0.,0.));
#5962 = PLANE('',#5963);
#5963 = AXIS2_PLACEMENT_3D('',#5964,#5965,#5966);
#5964 = CARTESIAN_POINT('',(0.5,-0.4,0.));
#5965 = DIRECTION('',(0.,1.,0.));
#5966 = DIRECTION('',(0.,-0.,1.));
#5967 = ADVANCED_FACE('',(#5968),#5987,.T.);
#5968 = FACE_BOUND('',#5969,.T.);
#5969 = EDGE_LOOP('',(#5970,#5971,#5979,#5986));
#5970 = ORIENTED_EDGE('',*,*,#5864,.T.);
#5971 = ORIENTED_EDGE('',*,*,#5972,.T.);
#5972 = EDGE_CURVE('',#5865,#5973,#5975,.T.);
#5973 = VERTEX_POINT('',#5974);
#5974 = CARTESIAN_POINT('',(0.8,-0.37,0.));
#5975 = LINE('',#5976,#5977);
#5976 = CARTESIAN_POINT('',(0.5,-0.37,0.));
#5977 = VECTOR('',#5978,1.);
#5978 = DIRECTION('',(1.,0.,0.));
#5979 = ORIENTED_EDGE('',*,*,#5980,.F.);
#5980 = EDGE_CURVE('',#5941,#5973,#5981,.T.);
#5981 = CIRCLE('',#5982,3.E-02);
#5982 = AXIS2_PLACEMENT_3D('',#5983,#5984,#5985);
#5983 = CARTESIAN_POINT('',(0.8,-0.37,3.E-02));
#5984 = DIRECTION('',(1.,0.,-0.));
#5985 = DIRECTION('',(0.,0.,1.));
#5986 = ORIENTED_EDGE('',*,*,#5950,.F.);
#5987 = CYLINDRICAL_SURFACE('',#5988,3.E-02);
#5988 = AXIS2_PLACEMENT_3D('',#5989,#5990,#5991);
#5989 = CARTESIAN_POINT('',(0.5,-0.37,3.E-02));
#5990 = DIRECTION('',(1.,0.,0.));
#5991 = DIRECTION('',(0.,-1.,0.));
#5992 = ADVANCED_FACE('',(#5993),#6012,.T.);
#5993 = FACE_BOUND('',#5994,.T.);
#5994 = EDGE_LOOP('',(#5995,#5996,#6005,#6011));
#5995 = ORIENTED_EDGE('',*,*,#5957,.T.);
#5996 = ORIENTED_EDGE('',*,*,#5997,.T.);
#5997 = EDGE_CURVE('',#5943,#5998,#6000,.T.);
#5998 = VERTEX_POINT('',#5999);
#5999 = CARTESIAN_POINT('',(0.8,-0.37,0.8));
#6000 = CIRCLE('',#6001,3.E-02);
#6001 = AXIS2_PLACEMENT_3D('',#6002,#6003,#6004);
#6002 = CARTESIAN_POINT('',(0.8,-0.37,0.77));
#6003 = DIRECTION('',(-1.,0.,0.));
#6004 = DIRECTION('',(0.,0.,1.));
#6005 = ORIENTED_EDGE('',*,*,#6006,.F.);
#6006 = EDGE_CURVE('',#5908,#5998,#6007,.T.);
#6007 = LINE('',#6008,#6009);
#6008 = CARTESIAN_POINT('',(0.5,-0.37,0.8));
#6009 = VECTOR('',#6010,1.);
#6010 = DIRECTION('',(1.,0.,0.));
#6011 = ORIENTED_EDGE('',*,*,#5915,.F.);
#6012 = CYLINDRICAL_SURFACE('',#6013,3.E-02);
#6013 = AXIS2_PLACEMENT_3D('',#6014,#6015,#6016);
#6014 = CARTESIAN_POINT('',(0.5,-0.37,0.77));
#6015 = DIRECTION('',(1.,0.,0.));
#6016 = DIRECTION('',(0.,-1.,0.));
#6017 = ADVANCED_FACE('',(#6018),#6036,.F.);
#6018 = FACE_BOUND('',#6019,.F.);
#6019 = EDGE_LOOP('',(#6020,#6021,#6022,#6030));
#6020 = ORIENTED_EDGE('',*,*,#5873,.F.);
#6021 = ORIENTED_EDGE('',*,*,#5972,.T.);
#6022 = ORIENTED_EDGE('',*,*,#6023,.T.);
#6023 = EDGE_CURVE('',#5973,#6024,#6026,.T.);
#6024 = VERTEX_POINT('',#6025);
#6025 = CARTESIAN_POINT('',(0.8,0.37,0.));
#6026 = LINE('',#6027,#6028);
#6027 = CARTESIAN_POINT('',(0.8,-0.4,0.));
#6028 = VECTOR('',#6029,1.);
#6029 = DIRECTION('',(0.,1.,0.));
#6030 = ORIENTED_EDGE('',*,*,#6031,.F.);
#6031 = EDGE_CURVE('',#5874,#6024,#6032,.T.);
#6032 = LINE('',#6033,#6034);
#6033 = CARTESIAN_POINT('',(0.5,0.37,0.));
#6034 = VECTOR('',#6035,1.);
#6035 = DIRECTION('',(1.,0.,0.));
#6036 = PLANE('',#6037);
#6037 = AXIS2_PLACEMENT_3D('',#6038,#6039,#6040);
#6038 = CARTESIAN_POINT('',(0.5,-0.4,0.));
#6039 = DIRECTION('',(0.,0.,1.));
#6040 = DIRECTION('',(1.,0.,-0.));
#6041 = ADVANCED_FACE('',(#6042),#6060,.T.);
#6042 = FACE_BOUND('',#6043,.T.);
#6043 = EDGE_LOOP('',(#6044,#6045,#6046,#6054));
#6044 = ORIENTED_EDGE('',*,*,#5907,.F.);
#6045 = ORIENTED_EDGE('',*,*,#6006,.T.);
#6046 = ORIENTED_EDGE('',*,*,#6047,.T.);
#6047 = EDGE_CURVE('',#5998,#6048,#6050,.T.);
#6048 = VERTEX_POINT('',#6049);
#6049 = CARTESIAN_POINT('',(0.8,0.37,0.8));
#6050 = LINE('',#6051,#6052);
#6051 = CARTESIAN_POINT('',(0.8,-0.4,0.8));
#6052 = VECTOR('',#6053,1.);
#6053 = DIRECTION('',(0.,1.,0.));
#6054 = ORIENTED_EDGE('',*,*,#6055,.F.);
#6055 = EDGE_CURVE('',#5899,#6048,#6056,.T.);
#6056 = LINE('',#6057,#6058);
#6057 = CARTESIAN_POINT('',(0.5,0.37,0.8));
#6058 = VECTOR('',#6059,1.);
#6059 = DIRECTION('',(1.,0.,0.));
#6060 = PLANE('',#6061);
#6061 = AXIS2_PLACEMENT_3D('',#6062,#6063,#6064);
#6062 = CARTESIAN_POINT('',(0.5,-0.4,0.8));
#6063 = DIRECTION('',(0.,0.,1.));
#6064 = DIRECTION('',(1.,0.,-0.));
#6065 = ADVANCED_FACE('',(#6066),#6085,.T.);
#6066 = FACE_BOUND('',#6067,.T.);
#6067 = EDGE_LOOP('',(#6068,#6076,#6083,#6084));
#6068 = ORIENTED_EDGE('',*,*,#6069,.T.);
#6069 = EDGE_CURVE('',#5882,#6070,#6072,.T.);
#6070 = VERTEX_POINT('',#6071);
#6071 = CARTESIAN_POINT('',(0.8,0.4,3.E-02));
#6072 = LINE('',#6073,#6074);
#6073 = CARTESIAN_POINT('',(0.5,0.4,3.E-02));
#6074 = VECTOR('',#6075,1.);
#6075 = DIRECTION('',(1.,0.,0.));
#6076 = ORIENTED_EDGE('',*,*,#6077,.T.);
#6077 = EDGE_CURVE('',#6070,#6024,#6078,.T.);
#6078 = CIRCLE('',#6079,3.E-02);
#6079 = AXIS2_PLACEMENT_3D('',#6080,#6081,#6082);
#6080 = CARTESIAN_POINT('',(0.8,0.37,3.E-02));
#6081 = DIRECTION('',(-1.,0.,0.));
#6082 = DIRECTION('',(0.,0.,1.));
#6083 = ORIENTED_EDGE('',*,*,#6031,.F.);
#6084 = ORIENTED_EDGE('',*,*,#5881,.F.);
#6085 = CYLINDRICAL_SURFACE('',#6086,3.E-02);
#6086 = AXIS2_PLACEMENT_3D('',#6087,#6088,#6089);
#6087 = CARTESIAN_POINT('',(0.5,0.37,3.E-02));
#6088 = DIRECTION('',(1.,0.,0.));
#6089 = DIRECTION('',(-0.,1.,0.));
#6090 = ADVANCED_FACE('',(#6091),#6110,.T.);
#6091 = FACE_BOUND('',#6092,.T.);
#6092 = EDGE_LOOP('',(#6093,#6094,#6095,#6104));
#6093 = ORIENTED_EDGE('',*,*,#5898,.T.);
#6094 = ORIENTED_EDGE('',*,*,#6055,.T.);
#6095 = ORIENTED_EDGE('',*,*,#6096,.F.);
#6096 = EDGE_CURVE('',#6097,#6048,#6099,.T.);
#6097 = VERTEX_POINT('',#6098);
#6098 = CARTESIAN_POINT('',(0.8,0.4,0.77));
#6099 = CIRCLE('',#6100,3.E-02);
#6100 = AXIS2_PLACEMENT_3D('',#6101,#6102,#6103);
#6101 = CARTESIAN_POINT('',(0.8,0.37,0.77));
#6102 = DIRECTION('',(1.,0.,-0.));
#6103 = DIRECTION('',(0.,0.,1.));
#6104 = ORIENTED_EDGE('',*,*,#6105,.F.);
#6105 = EDGE_CURVE('',#5891,#6097,#6106,.T.);
#6106 = LINE('',#6107,#6108);
#6107 = CARTESIAN_POINT('',(0.5,0.4,0.77));
#6108 = VECTOR('',#6109,1.);
#6109 = DIRECTION('',(1.,0.,0.));
#6110 = CYLINDRICAL_SURFACE('',#6111,3.E-02);
#6111 = AXIS2_PLACEMENT_3D('',#6112,#6113,#6114);
#6112 = CARTESIAN_POINT('',(0.5,0.37,0.77));
#6113 = DIRECTION('',(1.,0.,0.));
#6114 = DIRECTION('',(-0.,1.,0.));
#6115 = ADVANCED_FACE('',(#6116),#6127,.T.);
#6116 = FACE_BOUND('',#6117,.T.);
#6117 = EDGE_LOOP('',(#6118,#6124,#6125,#6126));
#6118 = ORIENTED_EDGE('',*,*,#6119,.F.);
#6119 = EDGE_CURVE('',#6070,#6097,#6120,.T.);
#6120 = LINE('',#6121,#6122);
#6121 = CARTESIAN_POINT('',(0.8,0.4,0.));
#6122 = VECTOR('',#6123,1.);
#6123 = DIRECTION('',(0.,0.,1.));
#6124 = ORIENTED_EDGE('',*,*,#6069,.F.);
#6125 = ORIENTED_EDGE('',*,*,#5890,.T.);
#6126 = ORIENTED_EDGE('',*,*,#6105,.T.);
#6127 = PLANE('',#6128);
#6128 = AXIS2_PLACEMENT_3D('',#6129,#6130,#6131);
#6129 = CARTESIAN_POINT('',(0.5,0.4,0.));
#6130 = DIRECTION('',(0.,1.,0.));
#6131 = DIRECTION('',(0.,-0.,1.));
#6132 = ADVANCED_FACE('',(#6133),#6143,.T.);
#6133 = FACE_BOUND('',#6134,.T.);
#6134 = EDGE_LOOP('',(#6135,#6136,#6137,#6138,#6139,#6140,#6141,#6142));
#6135 = ORIENTED_EDGE('',*,*,#5940,.F.);
#6136 = ORIENTED_EDGE('',*,*,#5980,.T.);
#6137 = ORIENTED_EDGE('',*,*,#6023,.T.);
#6138 = ORIENTED_EDGE('',*,*,#6077,.F.);
#6139 = ORIENTED_EDGE('',*,*,#6119,.T.);
#6140 = ORIENTED_EDGE('',*,*,#6096,.T.);
#6141 = ORIENTED_EDGE('',*,*,#6047,.F.);
#6142 = ORIENTED_EDGE('',*,*,#5997,.F.);
#6143 = PLANE('',#6144);
#6144 = AXIS2_PLACEMENT_3D('',#6145,#6146,#6147);
#6145 = CARTESIAN_POINT('',(0.8,-0.4,0.));
#6146 = DIRECTION('',(1.,0.,0.));
#6147 = DIRECTION('',(0.,0.,1.));
#6148 = ( GEOMETRIC_REPRESENTATION_CONTEXT(3) 
GLOBAL_UNCERTAINTY_ASSIGNED_CONTEXT((#6152)) 
GLOBAL_UNIT_ASSIGNED_CONTEXT((#6149,#6150,#6151)) REPRESENTATION_CONTEXT
('Context #1','3D Context with UNIT and UNCERTAINTY') );
#6149 = ( LENGTH_UNIT() NAMED_UNIT(*) SI_UNIT(.MILLI.,.METRE.) );
#6150 = ( NAMED_UNIT(*) PLANE_ANGLE_UNIT() SI_UNIT($,.RADIAN.) );
#6151 = ( NAMED_UNIT(*) SI_UNIT($,.STERADIAN.) SOLID_ANGLE_UNIT() );
#6152 = UNCERTAINTY_MEASURE_WITH_UNIT(LENGTH_MEASURE(1.E-07),#6149,
  'distance_accuracy_value','confusion accuracy');
#6153 = CONTEXT_DEPENDENT_SHAPE_REPRESENTATION(#6154,#6156);
#6154 = ( REPRESENTATION_RELATIONSHIP('','',#5293,#10) 
REPRESENTATION_RELATIONSHIP_WITH_TRANSFORMATION(#6155) 
SHAPE_REPRESENTATION_RELATIONSHIP() );
#6155 = ITEM_DEFINED_TRANSFORMATION('','',#11,#35);
#6156 = PRODUCT_DEFINITION_SHAPE('Placement','Placement of an item',
  #6157);
#6157 = NEXT_ASSEMBLY_USAGE_OCCURRENCE('6','C28','',#5,#5288,$);
#6158 = PRODUCT_RELATED_PRODUCT_CATEGORY('part',$,(#5290));
#6159 = CONTEXT_DEPENDENT_SHAPE_REPRESENTATION(#6160,#6162);
#6160 = ( REPRESENTATION_RELATIONSHIP('','',#5293,#10) 
REPRESENTATION_RELATIONSHIP_WITH_TRANSFORMATION(#6161) 
SHAPE_REPRESENTATION_RELATIONSHIP() );
#6161 = ITEM_DEFINED_TRANSFORMATION('','',#11,#39);
#6162 = PRODUCT_DEFINITION_SHAPE('Placement','Placement of an item',
  #6163);
#6163 = NEXT_ASSEMBLY_USAGE_OCCURRENCE('7','C7','',#5,#5288,$);
#6164 = SHAPE_DEFINITION_REPRESENTATION(#6165,#6171);
#6165 = PRODUCT_DEFINITION_SHAPE('','',#6166);
#6166 = PRODUCT_DEFINITION('design','',#6167,#6170);
#6167 = PRODUCT_DEFINITION_FORMATION('','',#6168);
#6168 = PRODUCT('SOT-583-8','SOT-583-8','',(#6169));
#6169 = PRODUCT_CONTEXT('',#2,'mechanical');
#6170 = PRODUCT_DEFINITION_CONTEXT('part definition',#2,'design');
#6171 = ADVANCED_BREP_SHAPE_REPRESENTATION('',(#11,#6172),#8055);
#6172 = MANIFOLD_SOLID_BREP('',#6173);
#6173 = CLOSED_SHELL('',(#6174,#6215,#6245,#6338,#6377,#6529,#6552,#6578
    ,#6602,#6628,#6659,#6689,#6720,#6746,#6777,#6800,#6830,#6858,#6882,
    #6906,#6923,#6954,#6985,#7016,#7032,#7058,#7089,#7124,#7155,#7194,
    #7225,#7260,#7291,#7331,#7363,#7376,#7401,#7426,#7443,#7468,#7493,
    #7510,#7535,#7560,#7577,#7602,#7614,#7626,#7638,#7670,#7702,#7719,
    #7751,#7783,#7800,#7832,#7864,#7881,#7913,#7930,#7947,#7964,#7981,
    #7998,#8010,#8019,#8031,#8043));
#6174 = ADVANCED_FACE('',(#6175),#6210,.T.);
#6175 = FACE_BOUND('',#6176,.T.);
#6176 = EDGE_LOOP('',(#6177,#6186,#6194,#6204));
#6177 = ORIENTED_EDGE('',*,*,#6178,.F.);
#6178 = EDGE_CURVE('',#6179,#6181,#6183,.T.);
#6179 = VERTEX_POINT('',#6180);
#6180 = CARTESIAN_POINT('',(-0.592657684746,1.042657684746,2.5E-02));
#6181 = VERTEX_POINT('',#6182);
#6182 = CARTESIAN_POINT('',(-0.6,1.05,0.13));
#6183 = B_SPLINE_CURVE_WITH_KNOTS('',1,(#6184,#6185),.UNSPECIFIED.,.F.,
  .F.,(2,2),(0.,1.),.PIECEWISE_BEZIER_KNOTS.);
#6184 = CARTESIAN_POINT('',(-0.592657684746,1.042657684746,2.5E-02));
#6185 = CARTESIAN_POINT('',(-0.6,1.05,0.13));
#6186 = ORIENTED_EDGE('',*,*,#6187,.T.);
#6187 = EDGE_CURVE('',#6179,#6188,#6190,.T.);
#6188 = VERTEX_POINT('',#6189);
#6189 = CARTESIAN_POINT('',(-0.592657684746,0.86,2.5E-02));
#6190 = LINE('',#6191,#6192);
#6191 = CARTESIAN_POINT('',(-0.592657684746,1.042657684746,2.5E-02));
#6192 = VECTOR('',#6193,1.);
#6193 = DIRECTION('',(1.110223024625E-16,-1.,0.));
#6194 = ORIENTED_EDGE('',*,*,#6195,.T.);
#6195 = EDGE_CURVE('',#6188,#6196,#6198,.T.);
#6196 = VERTEX_POINT('',#6197);
#6197 = CARTESIAN_POINT('',(-0.6,0.86,0.13));
#6198 = B_SPLINE_CURVE_WITH_KNOTS('',4,(#6199,#6200,#6201,#6202,#6203),
  .UNSPECIFIED.,.F.,.F.,(5,5),(0.,1.),.PIECEWISE_BEZIER_KNOTS.);
#6199 = CARTESIAN_POINT('',(-0.592657684746,0.86,2.5E-02));
#6200 = CARTESIAN_POINT('',(-0.594493263089,0.86,5.124999327922E-02));
#6201 = CARTESIAN_POINT('',(-0.59632884175,0.86,7.749999109156E-02));
#6202 = CARTESIAN_POINT('',(-0.598164420722,0.86,0.103749993357));
#6203 = CARTESIAN_POINT('',(-0.6,0.86,0.13));
#6204 = ORIENTED_EDGE('',*,*,#6205,.F.);
#6205 = EDGE_CURVE('',#6181,#6196,#6206,.T.);
#6206 = LINE('',#6207,#6208);
#6207 = CARTESIAN_POINT('',(-0.6,1.05,0.13));
#6208 = VECTOR('',#6209,1.);
#6209 = DIRECTION('',(1.110223024625E-16,-1.,0.));
#6210 = B_SPLINE_SURFACE_WITH_KNOTS('',1,1,(
    (#6211,#6212)
    ,(#6213,#6214
    )),.UNSPECIFIED.,.F.,.F.,.F.,(2,2),(2,2),(0.,2.1),(0.,1.),
  .PIECEWISE_BEZIER_KNOTS.);
#6211 = CARTESIAN_POINT('',(-0.592657684746,1.042657684746,2.5E-02));
#6212 = CARTESIAN_POINT('',(-0.6,1.05,0.13));
#6213 = CARTESIAN_POINT('',(-0.592657684746,-1.042657684746,2.5E-02));
#6214 = CARTESIAN_POINT('',(-0.6,-1.05,0.13));
#6215 = ADVANCED_FACE('',(#6216),#6240,.T.);
#6216 = FACE_BOUND('',#6217,.T.);
#6217 = EDGE_LOOP('',(#6218,#6226,#6227,#6235));
#6218 = ORIENTED_EDGE('',*,*,#6219,.T.);
#6219 = EDGE_CURVE('',#6220,#6179,#6222,.T.);
#6220 = VERTEX_POINT('',#6221);
#6221 = CARTESIAN_POINT('',(0.592657684746,1.042657684746,2.5E-02));
#6222 = LINE('',#6223,#6224);
#6223 = CARTESIAN_POINT('',(0.592657684746,1.042657684746,2.5E-02));
#6224 = VECTOR('',#6225,1.);
#6225 = DIRECTION('',(-1.,-1.110223024625E-16,0.));
#6226 = ORIENTED_EDGE('',*,*,#6178,.T.);
#6227 = ORIENTED_EDGE('',*,*,#6228,.F.);
#6228 = EDGE_CURVE('',#6229,#6181,#6231,.T.);
#6229 = VERTEX_POINT('',#6230);
#6230 = CARTESIAN_POINT('',(0.6,1.05,0.13));
#6231 = LINE('',#6232,#6233);
#6232 = CARTESIAN_POINT('',(0.6,1.05,0.13));
#6233 = VECTOR('',#6234,1.);
#6234 = DIRECTION('',(-1.,-1.110223024625E-16,0.));
#6235 = ORIENTED_EDGE('',*,*,#6236,.F.);
#6236 = EDGE_CURVE('',#6220,#6229,#6237,.T.);
#6237 = B_SPLINE_CURVE_WITH_KNOTS('',1,(#6238,#6239),.UNSPECIFIED.,.F.,
  .F.,(2,2),(0.,1.),.PIECEWISE_BEZIER_KNOTS.);
#6238 = CARTESIAN_POINT('',(0.592657684746,1.042657684746,2.5E-02));
#6239 = CARTESIAN_POINT('',(0.6,1.05,0.13));
#6240 = B_SPLINE_SURFACE_WITH_KNOTS('',1,1,(
    (#6241,#6242)
    ,(#6243,#6244
    )),.UNSPECIFIED.,.F.,.F.,.F.,(2,2),(2,2),(0.,1.2),(0.,1.),
  .PIECEWISE_BEZIER_KNOTS.);
#6241 = CARTESIAN_POINT('',(0.592657684746,1.042657684746,2.5E-02));
#6242 = CARTESIAN_POINT('',(0.6,1.05,0.13));
#6243 = CARTESIAN_POINT('',(-0.592657684746,1.042657684746,2.5E-02));
#6244 = CARTESIAN_POINT('',(-0.6,1.05,0.13));
#6245 = ADVANCED_FACE('',(#6246),#6333,.T.);
#6246 = FACE_BOUND('',#6247,.T.);
#6247 = EDGE_LOOP('',(#6248,#6249,#6257,#6265,#6273,#6281,#6289,#6297,
    #6305,#6313,#6320,#6328));
#6248 = ORIENTED_EDGE('',*,*,#6205,.T.);
#6249 = ORIENTED_EDGE('',*,*,#6250,.T.);
#6250 = EDGE_CURVE('',#6196,#6251,#6253,.T.);
#6251 = VERTEX_POINT('',#6252);
#6252 = CARTESIAN_POINT('',(-0.6,0.64,0.13));
#6253 = LINE('',#6254,#6255);
#6254 = CARTESIAN_POINT('',(-0.6,1.05,0.13));
#6255 = VECTOR('',#6256,1.);
#6256 = DIRECTION('',(1.110223024625E-16,-1.,0.));
#6257 = ORIENTED_EDGE('',*,*,#6258,.T.);
#6258 = EDGE_CURVE('',#6251,#6259,#6261,.T.);
#6259 = VERTEX_POINT('',#6260);
#6260 = CARTESIAN_POINT('',(-0.6,0.36,0.13));
#6261 = LINE('',#6262,#6263);
#6262 = CARTESIAN_POINT('',(-0.6,1.05,0.13));
#6263 = VECTOR('',#6264,1.);
#6264 = DIRECTION('',(1.110223024625E-16,-1.,0.));
#6265 = ORIENTED_EDGE('',*,*,#6266,.T.);
#6266 = EDGE_CURVE('',#6259,#6267,#6269,.T.);
#6267 = VERTEX_POINT('',#6268);
#6268 = CARTESIAN_POINT('',(-0.6,0.14,0.13));
#6269 = LINE('',#6270,#6271);
#6270 = CARTESIAN_POINT('',(-0.6,1.05,0.13));
#6271 = VECTOR('',#6272,1.);
#6272 = DIRECTION('',(1.110223024625E-16,-1.,0.));
#6273 = ORIENTED_EDGE('',*,*,#6274,.T.);
#6274 = EDGE_CURVE('',#6267,#6275,#6277,.T.);
#6275 = VERTEX_POINT('',#6276);
#6276 = CARTESIAN_POINT('',(-0.6,-0.14,0.13));
#6277 = LINE('',#6278,#6279);
#6278 = CARTESIAN_POINT('',(-0.6,1.05,0.13));
#6279 = VECTOR('',#6280,1.);
#6280 = DIRECTION('',(1.110223024625E-16,-1.,0.));
#6281 = ORIENTED_EDGE('',*,*,#6282,.T.);
#6282 = EDGE_CURVE('',#6275,#6283,#6285,.T.);
#6283 = VERTEX_POINT('',#6284);
#6284 = CARTESIAN_POINT('',(-0.6,-0.36,0.13));
#6285 = LINE('',#6286,#6287);
#6286 = CARTESIAN_POINT('',(-0.6,1.05,0.13));
#6287 = VECTOR('',#6288,1.);
#6288 = DIRECTION('',(1.110223024625E-16,-1.,0.));
#6289 = ORIENTED_EDGE('',*,*,#6290,.T.);
#6290 = EDGE_CURVE('',#6283,#6291,#6293,.T.);
#6291 = VERTEX_POINT('',#6292);
#6292 = CARTESIAN_POINT('',(-0.6,-0.64,0.13));
#6293 = LINE('',#6294,#6295);
#6294 = CARTESIAN_POINT('',(-0.6,1.05,0.13));
#6295 = VECTOR('',#6296,1.);
#6296 = DIRECTION('',(1.110223024625E-16,-1.,0.));
#6297 = ORIENTED_EDGE('',*,*,#6298,.T.);
#6298 = EDGE_CURVE('',#6291,#6299,#6301,.T.);
#6299 = VERTEX_POINT('',#6300);
#6300 = CARTESIAN_POINT('',(-0.6,-0.86,0.13));
#6301 = LINE('',#6302,#6303);
#6302 = CARTESIAN_POINT('',(-0.6,1.05,0.13));
#6303 = VECTOR('',#6304,1.);
#6304 = DIRECTION('',(1.110223024625E-16,-1.,0.));
#6305 = ORIENTED_EDGE('',*,*,#6306,.T.);
#6306 = EDGE_CURVE('',#6299,#6307,#6309,.T.);
#6307 = VERTEX_POINT('',#6308);
#6308 = CARTESIAN_POINT('',(-0.6,-1.05,0.13));
#6309 = LINE('',#6310,#6311);
#6310 = CARTESIAN_POINT('',(-0.6,1.05,0.13));
#6311 = VECTOR('',#6312,1.);
#6312 = DIRECTION('',(1.110223024625E-16,-1.,0.));
#6313 = ORIENTED_EDGE('',*,*,#6314,.T.);
#6314 = EDGE_CURVE('',#6307,#6315,#6317,.T.);
#6315 = VERTEX_POINT('',#6316);
#6316 = CARTESIAN_POINT('',(-0.565386228088,-1.015386228088,0.625));
#6317 = B_SPLINE_CURVE_WITH_KNOTS('',1,(#6318,#6319),.UNSPECIFIED.,.F.,
  .F.,(2,2),(0.,1.),.PIECEWISE_BEZIER_KNOTS.);
#6318 = CARTESIAN_POINT('',(-0.6,-1.05,0.13));
#6319 = CARTESIAN_POINT('',(-0.565386228088,-1.015386228088,0.625));
#6320 = ORIENTED_EDGE('',*,*,#6321,.F.);
#6321 = EDGE_CURVE('',#6322,#6315,#6324,.T.);
#6322 = VERTEX_POINT('',#6323);
#6323 = CARTESIAN_POINT('',(-0.565386228088,1.015386228088,0.625));
#6324 = LINE('',#6325,#6326);
#6325 = CARTESIAN_POINT('',(-0.565386228088,1.015386228088,0.625));
#6326 = VECTOR('',#6327,1.);
#6327 = DIRECTION('',(1.110223024625E-16,-1.,0.));
#6328 = ORIENTED_EDGE('',*,*,#6329,.F.);
#6329 = EDGE_CURVE('',#6181,#6322,#6330,.T.);
#6330 = B_SPLINE_CURVE_WITH_KNOTS('',1,(#6331,#6332),.UNSPECIFIED.,.F.,
  .F.,(2,2),(0.,1.),.PIECEWISE_BEZIER_KNOTS.);
#6331 = CARTESIAN_POINT('',(-0.6,1.05,0.13));
#6332 = CARTESIAN_POINT('',(-0.565386228088,1.015386228088,0.625));
#6333 = B_SPLINE_SURFACE_WITH_KNOTS('',1,1,(
    (#6334,#6335)
    ,(#6336,#6337
    )),.UNSPECIFIED.,.F.,.F.,.F.,(2,2),(2,2),(0.,2.1),(0.,1.),
  .PIECEWISE_BEZIER_KNOTS.);
#6334 = CARTESIAN_POINT('',(-0.6,1.05,0.13));
#6335 = CARTESIAN_POINT('',(-0.565386228088,1.015386228088,0.625));
#6336 = CARTESIAN_POINT('',(-0.6,-1.05,0.13));
#6337 = CARTESIAN_POINT('',(-0.565386228088,-1.015386228088,0.625));
#6338 = ADVANCED_FACE('',(#6339),#6372,.F.);
#6339 = FACE_BOUND('',#6340,.F.);
#6340 = EDGE_LOOP('',(#6341,#6351,#6359,#6365,#6366));
#6341 = ORIENTED_EDGE('',*,*,#6342,.F.);
#6342 = EDGE_CURVE('',#6343,#6345,#6347,.T.);
#6343 = VERTEX_POINT('',#6344);
#6344 = CARTESIAN_POINT('',(-0.8,0.86,0.));
#6345 = VERTEX_POINT('',#6346);
#6346 = CARTESIAN_POINT('',(-0.8,0.86,0.13));
#6347 = LINE('',#6348,#6349);
#6348 = CARTESIAN_POINT('',(-0.8,0.86,0.));
#6349 = VECTOR('',#6350,1.);
#6350 = DIRECTION('',(0.,0.,1.));
#6351 = ORIENTED_EDGE('',*,*,#6352,.F.);
#6352 = EDGE_CURVE('',#6353,#6343,#6355,.T.);
#6353 = VERTEX_POINT('',#6354);
#6354 = CARTESIAN_POINT('',(-0.592657684746,0.86,0.));
#6355 = LINE('',#6356,#6357);
#6356 = CARTESIAN_POINT('',(-0.592657684746,0.86,0.));
#6357 = VECTOR('',#6358,1.);
#6358 = DIRECTION('',(-1.,1.224646799147E-16,0.));
#6359 = ORIENTED_EDGE('',*,*,#6360,.T.);
#6360 = EDGE_CURVE('',#6353,#6188,#6361,.T.);
#6361 = LINE('',#6362,#6363);
#6362 = CARTESIAN_POINT('',(-0.592657684746,0.86,0.));
#6363 = VECTOR('',#6364,1.);
#6364 = DIRECTION('',(0.,0.,1.));
#6365 = ORIENTED_EDGE('',*,*,#6195,.T.);
#6366 = ORIENTED_EDGE('',*,*,#6367,.T.);
#6367 = EDGE_CURVE('',#6196,#6345,#6368,.T.);
#6368 = LINE('',#6369,#6370);
#6369 = CARTESIAN_POINT('',(-0.592657684746,0.86,0.13));
#6370 = VECTOR('',#6371,1.);
#6371 = DIRECTION('',(-1.,1.224646799147E-16,0.));
#6372 = PLANE('',#6373);
#6373 = AXIS2_PLACEMENT_3D('',#6374,#6375,#6376);
#6374 = CARTESIAN_POINT('',(-0.592657684746,0.86,0.));
#6375 = DIRECTION('',(-1.224646799147E-16,-1.,0.));
#6376 = DIRECTION('',(0.,0.,1.));
#6377 = ADVANCED_FACE('',(#6378),#6524,.T.);
#6378 = FACE_BOUND('',#6379,.F.);
#6379 = EDGE_LOOP('',(#6380,#6381,#6389,#6397,#6405,#6413,#6421,#6429,
    #6437,#6445,#6453,#6461,#6469,#6477,#6485,#6493,#6501,#6509,#6517,
    #6523));
#6380 = ORIENTED_EDGE('',*,*,#6187,.T.);
#6381 = ORIENTED_EDGE('',*,*,#6382,.T.);
#6382 = EDGE_CURVE('',#6188,#6383,#6385,.T.);
#6383 = VERTEX_POINT('',#6384);
#6384 = CARTESIAN_POINT('',(-0.592657684746,0.64,2.5E-02));
#6385 = LINE('',#6386,#6387);
#6386 = CARTESIAN_POINT('',(-0.592657684746,1.042657684746,2.5E-02));
#6387 = VECTOR('',#6388,1.);
#6388 = DIRECTION('',(1.110223024625E-16,-1.,0.));
#6389 = ORIENTED_EDGE('',*,*,#6390,.T.);
#6390 = EDGE_CURVE('',#6383,#6391,#6393,.T.);
#6391 = VERTEX_POINT('',#6392);
#6392 = CARTESIAN_POINT('',(-0.592657684746,0.36,2.5E-02));
#6393 = LINE('',#6394,#6395);
#6394 = CARTESIAN_POINT('',(-0.592657684746,1.042657684746,2.5E-02));
#6395 = VECTOR('',#6396,1.);
#6396 = DIRECTION('',(1.110223024625E-16,-1.,0.));
#6397 = ORIENTED_EDGE('',*,*,#6398,.T.);
#6398 = EDGE_CURVE('',#6391,#6399,#6401,.T.);
#6399 = VERTEX_POINT('',#6400);
#6400 = CARTESIAN_POINT('',(-0.592657684746,0.14,2.5E-02));
#6401 = LINE('',#6402,#6403);
#6402 = CARTESIAN_POINT('',(-0.592657684746,1.042657684746,2.5E-02));
#6403 = VECTOR('',#6404,1.);
#6404 = DIRECTION('',(1.110223024625E-16,-1.,0.));
#6405 = ORIENTED_EDGE('',*,*,#6406,.T.);
#6406 = EDGE_CURVE('',#6399,#6407,#6409,.T.);
#6407 = VERTEX_POINT('',#6408);
#6408 = CARTESIAN_POINT('',(-0.592657684746,-0.14,2.5E-02));
#6409 = LINE('',#6410,#6411);
#6410 = CARTESIAN_POINT('',(-0.592657684746,1.042657684746,2.5E-02));
#6411 = VECTOR('',#6412,1.);
#6412 = DIRECTION('',(1.110223024625E-16,-1.,0.));
#6413 = ORIENTED_EDGE('',*,*,#6414,.T.);
#6414 = EDGE_CURVE('',#6407,#6415,#6417,.T.);
#6415 = VERTEX_POINT('',#6416);
#6416 = CARTESIAN_POINT('',(-0.592657684746,-0.36,2.5E-02));
#6417 = LINE('',#6418,#6419);
#6418 = CARTESIAN_POINT('',(-0.592657684746,1.042657684746,2.5E-02));
#6419 = VECTOR('',#6420,1.);
#6420 = DIRECTION('',(1.110223024625E-16,-1.,0.));
#6421 = ORIENTED_EDGE('',*,*,#6422,.T.);
#6422 = EDGE_CURVE('',#6415,#6423,#6425,.T.);
#6423 = VERTEX_POINT('',#6424);
#6424 = CARTESIAN_POINT('',(-0.592657684746,-0.64,2.5E-02));
#6425 = LINE('',#6426,#6427);
#6426 = CARTESIAN_POINT('',(-0.592657684746,1.042657684746,2.5E-02));
#6427 = VECTOR('',#6428,1.);
#6428 = DIRECTION('',(1.110223024625E-16,-1.,0.));
#6429 = ORIENTED_EDGE('',*,*,#6430,.T.);
#6430 = EDGE_CURVE('',#6423,#6431,#6433,.T.);
#6431 = VERTEX_POINT('',#6432);
#6432 = CARTESIAN_POINT('',(-0.592657684746,-0.86,2.5E-02));
#6433 = LINE('',#6434,#6435);
#6434 = CARTESIAN_POINT('',(-0.592657684746,1.042657684746,2.5E-02));
#6435 = VECTOR('',#6436,1.);
#6436 = DIRECTION('',(1.110223024625E-16,-1.,0.));
#6437 = ORIENTED_EDGE('',*,*,#6438,.T.);
#6438 = EDGE_CURVE('',#6431,#6439,#6441,.T.);
#6439 = VERTEX_POINT('',#6440);
#6440 = CARTESIAN_POINT('',(-0.592657684746,-1.042657684746,2.5E-02));
#6441 = LINE('',#6442,#6443);
#6442 = CARTESIAN_POINT('',(-0.592657684746,1.042657684746,2.5E-02));
#6443 = VECTOR('',#6444,1.);
#6444 = DIRECTION('',(1.110223024625E-16,-1.,0.));
#6445 = ORIENTED_EDGE('',*,*,#6446,.T.);
#6446 = EDGE_CURVE('',#6439,#6447,#6449,.T.);
#6447 = VERTEX_POINT('',#6448);
#6448 = CARTESIAN_POINT('',(0.592657684746,-1.042657684746,2.5E-02));
#6449 = LINE('',#6450,#6451);
#6450 = CARTESIAN_POINT('',(-0.592657684746,-1.042657684746,2.5E-02));
#6451 = VECTOR('',#6452,1.);
#6452 = DIRECTION('',(1.,1.110223024625E-16,0.));
#6453 = ORIENTED_EDGE('',*,*,#6454,.T.);
#6454 = EDGE_CURVE('',#6447,#6455,#6457,.T.);
#6455 = VERTEX_POINT('',#6456);
#6456 = CARTESIAN_POINT('',(0.592657684746,-0.86,2.5E-02));
#6457 = LINE('',#6458,#6459);
#6458 = CARTESIAN_POINT('',(0.592657684746,-1.042657684746,2.5E-02));
#6459 = VECTOR('',#6460,1.);
#6460 = DIRECTION('',(-1.110223024625E-16,1.,0.));
#6461 = ORIENTED_EDGE('',*,*,#6462,.T.);
#6462 = EDGE_CURVE('',#6455,#6463,#6465,.T.);
#6463 = VERTEX_POINT('',#6464);
#6464 = CARTESIAN_POINT('',(0.592657684746,-0.64,2.5E-02));
#6465 = LINE('',#6466,#6467);
#6466 = CARTESIAN_POINT('',(0.592657684746,-1.042657684746,2.5E-02));
#6467 = VECTOR('',#6468,1.);
#6468 = DIRECTION('',(-1.110223024625E-16,1.,0.));
#6469 = ORIENTED_EDGE('',*,*,#6470,.T.);
#6470 = EDGE_CURVE('',#6463,#6471,#6473,.T.);
#6471 = VERTEX_POINT('',#6472);
#6472 = CARTESIAN_POINT('',(0.592657684746,-0.36,2.5E-02));
#6473 = LINE('',#6474,#6475);
#6474 = CARTESIAN_POINT('',(0.592657684746,-1.042657684746,2.5E-02));
#6475 = VECTOR('',#6476,1.);
#6476 = DIRECTION('',(-1.110223024625E-16,1.,0.));
#6477 = ORIENTED_EDGE('',*,*,#6478,.T.);
#6478 = EDGE_CURVE('',#6471,#6479,#6481,.T.);
#6479 = VERTEX_POINT('',#6480);
#6480 = CARTESIAN_POINT('',(0.592657684746,-0.14,2.5E-02));
#6481 = LINE('',#6482,#6483);
#6482 = CARTESIAN_POINT('',(0.592657684746,-1.042657684746,2.5E-02));
#6483 = VECTOR('',#6484,1.);
#6484 = DIRECTION('',(-1.110223024625E-16,1.,0.));
#6485 = ORIENTED_EDGE('',*,*,#6486,.T.);
#6486 = EDGE_CURVE('',#6479,#6487,#6489,.T.);
#6487 = VERTEX_POINT('',#6488);
#6488 = CARTESIAN_POINT('',(0.592657684746,0.14,2.5E-02));
#6489 = LINE('',#6490,#6491);
#6490 = CARTESIAN_POINT('',(0.592657684746,-1.042657684746,2.5E-02));
#6491 = VECTOR('',#6492,1.);
#6492 = DIRECTION('',(-1.110223024625E-16,1.,0.));
#6493 = ORIENTED_EDGE('',*,*,#6494,.T.);
#6494 = EDGE_CURVE('',#6487,#6495,#6497,.T.);
#6495 = VERTEX_POINT('',#6496);
#6496 = CARTESIAN_POINT('',(0.592657684746,0.36,2.5E-02));
#6497 = LINE('',#6498,#6499);
#6498 = CARTESIAN_POINT('',(0.592657684746,-1.042657684746,2.5E-02));
#6499 = VECTOR('',#6500,1.);
#6500 = DIRECTION('',(-1.110223024625E-16,1.,0.));
#6501 = ORIENTED_EDGE('',*,*,#6502,.T.);
#6502 = EDGE_CURVE('',#6495,#6503,#6505,.T.);
#6503 = VERTEX_POINT('',#6504);
#6504 = CARTESIAN_POINT('',(0.592657684746,0.64,2.5E-02));
#6505 = LINE('',#6506,#6507);
#6506 = CARTESIAN_POINT('',(0.592657684746,-1.042657684746,2.5E-02));
#6507 = VECTOR('',#6508,1.);
#6508 = DIRECTION('',(-1.110223024625E-16,1.,0.));
#6509 = ORIENTED_EDGE('',*,*,#6510,.T.);
#6510 = EDGE_CURVE('',#6503,#6511,#6513,.T.);
#6511 = VERTEX_POINT('',#6512);
#6512 = CARTESIAN_POINT('',(0.592657684746,0.86,2.5E-02));
#6513 = LINE('',#6514,#6515);
#6514 = CARTESIAN_POINT('',(0.592657684746,-1.042657684746,2.5E-02));
#6515 = VECTOR('',#6516,1.);
#6516 = DIRECTION('',(-1.110223024625E-16,1.,0.));
#6517 = ORIENTED_EDGE('',*,*,#6518,.T.);
#6518 = EDGE_CURVE('',#6511,#6220,#6519,.T.);
#6519 = LINE('',#6520,#6521);
#6520 = CARTESIAN_POINT('',(0.592657684746,-1.042657684746,2.5E-02));
#6521 = VECTOR('',#6522,1.);
#6522 = DIRECTION('',(-1.110223024625E-16,1.,0.));
#6523 = ORIENTED_EDGE('',*,*,#6219,.T.);
#6524 = PLANE('',#6525);
#6525 = AXIS2_PLACEMENT_3D('',#6526,#6527,#6528);
#6526 = CARTESIAN_POINT('',(-0.592657684746,1.042657684746,2.5E-02));
#6527 = DIRECTION('',(0.,0.,-1.));
#6528 = DIRECTION('',(0.494159759697,-0.869371112872,0.));
#6529 = ADVANCED_FACE('',(#6530),#6547,.T.);
#6530 = FACE_BOUND('',#6531,.T.);
#6531 = EDGE_LOOP('',(#6532,#6533,#6534,#6542));
#6532 = ORIENTED_EDGE('',*,*,#6228,.T.);
#6533 = ORIENTED_EDGE('',*,*,#6329,.T.);
#6534 = ORIENTED_EDGE('',*,*,#6535,.F.);
#6535 = EDGE_CURVE('',#6536,#6322,#6538,.T.);
#6536 = VERTEX_POINT('',#6537);
#6537 = CARTESIAN_POINT('',(0.565386228088,1.015386228088,0.625));
#6538 = LINE('',#6539,#6540);
#6539 = CARTESIAN_POINT('',(0.565386228088,1.015386228088,0.625));
#6540 = VECTOR('',#6541,1.);
#6541 = DIRECTION('',(-1.,-1.110223024625E-16,0.));
#6542 = ORIENTED_EDGE('',*,*,#6543,.F.);
#6543 = EDGE_CURVE('',#6229,#6536,#6544,.T.);
#6544 = B_SPLINE_CURVE_WITH_KNOTS('',1,(#6545,#6546),.UNSPECIFIED.,.F.,
  .F.,(2,2),(0.,1.),.PIECEWISE_BEZIER_KNOTS.);
#6545 = CARTESIAN_POINT('',(0.6,1.05,0.13));
#6546 = CARTESIAN_POINT('',(0.565386228088,1.015386228088,0.625));
#6547 = B_SPLINE_SURFACE_WITH_KNOTS('',1,1,(
    (#6548,#6549)
    ,(#6550,#6551
    )),.UNSPECIFIED.,.F.,.F.,.F.,(2,2),(2,2),(0.,1.2),(0.,1.),
  .PIECEWISE_BEZIER_KNOTS.);
#6548 = CARTESIAN_POINT('',(0.6,1.05,0.13));
#6549 = CARTESIAN_POINT('',(0.565386228088,1.015386228088,0.625));
#6550 = CARTESIAN_POINT('',(-0.6,1.05,0.13));
#6551 = CARTESIAN_POINT('',(-0.565386228088,1.015386228088,0.625));
#6552 = ADVANCED_FACE('',(#6553),#6573,.T.);
#6553 = FACE_BOUND('',#6554,.T.);
#6554 = EDGE_LOOP('',(#6555,#6565,#6566,#6567));
#6555 = ORIENTED_EDGE('',*,*,#6556,.F.);
#6556 = EDGE_CURVE('',#6511,#6557,#6559,.T.);
#6557 = VERTEX_POINT('',#6558);
#6558 = CARTESIAN_POINT('',(0.6,0.86,0.13));
#6559 = B_SPLINE_CURVE_WITH_KNOTS('',4,(#6560,#6561,#6562,#6563,#6564),
  .UNSPECIFIED.,.F.,.F.,(5,5),(0.,1.),.PIECEWISE_BEZIER_KNOTS.);
#6560 = CARTESIAN_POINT('',(0.592657684746,0.86,2.5E-02));
#6561 = CARTESIAN_POINT('',(0.594493263089,0.86,5.124999327922E-02));
#6562 = CARTESIAN_POINT('',(0.59632884175,0.86,7.749999109156E-02));
#6563 = CARTESIAN_POINT('',(0.598164420722,0.86,0.103749993357));
#6564 = CARTESIAN_POINT('',(0.6,0.86,0.13));
#6565 = ORIENTED_EDGE('',*,*,#6518,.T.);
#6566 = ORIENTED_EDGE('',*,*,#6236,.T.);
#6567 = ORIENTED_EDGE('',*,*,#6568,.F.);
#6568 = EDGE_CURVE('',#6557,#6229,#6569,.T.);
#6569 = LINE('',#6570,#6571);
#6570 = CARTESIAN_POINT('',(0.6,-1.05,0.13));
#6571 = VECTOR('',#6572,1.);
#6572 = DIRECTION('',(-1.110223024625E-16,1.,0.));
#6573 = B_SPLINE_SURFACE_WITH_KNOTS('',1,1,(
    (#6574,#6575)
    ,(#6576,#6577
    )),.UNSPECIFIED.,.F.,.F.,.F.,(2,2),(2,2),(0.,2.1),(0.,1.),
  .PIECEWISE_BEZIER_KNOTS.);
#6574 = CARTESIAN_POINT('',(0.592657684746,-1.042657684746,2.5E-02));
#6575 = CARTESIAN_POINT('',(0.6,-1.05,0.13));
#6576 = CARTESIAN_POINT('',(0.592657684746,1.042657684746,2.5E-02));
#6577 = CARTESIAN_POINT('',(0.6,1.05,0.13));
#6578 = ADVANCED_FACE('',(#6579),#6597,.T.);
#6579 = FACE_BOUND('',#6580,.T.);
#6580 = EDGE_LOOP('',(#6581,#6582,#6583,#6591));
#6581 = ORIENTED_EDGE('',*,*,#6250,.F.);
#6582 = ORIENTED_EDGE('',*,*,#6367,.T.);
#6583 = ORIENTED_EDGE('',*,*,#6584,.T.);
#6584 = EDGE_CURVE('',#6345,#6585,#6587,.T.);
#6585 = VERTEX_POINT('',#6586);
#6586 = CARTESIAN_POINT('',(-0.8,0.64,0.13));
#6587 = LINE('',#6588,#6589);
#6588 = CARTESIAN_POINT('',(-0.8,0.86,0.13));
#6589 = VECTOR('',#6590,1.);
#6590 = DIRECTION('',(-1.224646799147E-16,-1.,0.));
#6591 = ORIENTED_EDGE('',*,*,#6592,.F.);
#6592 = EDGE_CURVE('',#6251,#6585,#6593,.T.);
#6593 = LINE('',#6594,#6595);
#6594 = CARTESIAN_POINT('',(-0.592657684746,0.64,0.13));
#6595 = VECTOR('',#6596,1.);
#6596 = DIRECTION('',(-1.,1.224646799147E-16,0.));
#6597 = PLANE('',#6598);
#6598 = AXIS2_PLACEMENT_3D('',#6599,#6600,#6601);
#6599 = CARTESIAN_POINT('',(-0.592657684746,0.86,0.13));
#6600 = DIRECTION('',(0.,0.,1.));
#6601 = DIRECTION('',(-1.,1.224646799147E-16,0.));
#6602 = ADVANCED_FACE('',(#6603),#6623,.T.);
#6603 = FACE_BOUND('',#6604,.T.);
#6604 = EDGE_LOOP('',(#6605,#6613,#6614,#6622));
#6605 = ORIENTED_EDGE('',*,*,#6606,.F.);
#6606 = EDGE_CURVE('',#6383,#6251,#6607,.T.);
#6607 = B_SPLINE_CURVE_WITH_KNOTS('',4,(#6608,#6609,#6610,#6611,#6612),
  .UNSPECIFIED.,.F.,.F.,(5,5),(0.,1.),.PIECEWISE_BEZIER_KNOTS.);
#6608 = CARTESIAN_POINT('',(-0.592657684746,0.64,2.5E-02));
#6609 = CARTESIAN_POINT('',(-0.594493263299,0.64,5.124999627789E-02));
#6610 = CARTESIAN_POINT('',(-0.596328842028,0.64,7.74999950663E-02));
#6611 = CARTESIAN_POINT('',(-0.598164420929,0.64,0.103749996321));
#6612 = CARTESIAN_POINT('',(-0.6,0.64,0.13));
#6613 = ORIENTED_EDGE('',*,*,#6390,.T.);
#6614 = ORIENTED_EDGE('',*,*,#6615,.T.);
#6615 = EDGE_CURVE('',#6391,#6259,#6616,.T.);
#6616 = B_SPLINE_CURVE_WITH_KNOTS('',4,(#6617,#6618,#6619,#6620,#6621),
  .UNSPECIFIED.,.F.,.F.,(5,5),(0.,1.),.PIECEWISE_BEZIER_KNOTS.);
#6617 = CARTESIAN_POINT('',(-0.592657684746,0.36,2.5E-02));
#6618 = CARTESIAN_POINT('',(-0.594493263477,0.36,5.124999882228E-02));
#6619 = CARTESIAN_POINT('',(-0.596328842264,0.36,7.749999843893E-02));
#6620 = CARTESIAN_POINT('',(-0.598164421105,0.36,0.103749998836));
#6621 = CARTESIAN_POINT('',(-0.6,0.36,0.13));
#6622 = ORIENTED_EDGE('',*,*,#6258,.F.);
#6623 = B_SPLINE_SURFACE_WITH_KNOTS('',1,1,(
    (#6624,#6625)
    ,(#6626,#6627
    )),.UNSPECIFIED.,.F.,.F.,.F.,(2,2),(2,2),(0.,2.1),(0.,1.),
  .PIECEWISE_BEZIER_KNOTS.);
#6624 = CARTESIAN_POINT('',(-0.592657684746,1.042657684746,2.5E-02));
#6625 = CARTESIAN_POINT('',(-0.6,1.05,0.13));
#6626 = CARTESIAN_POINT('',(-0.592657684746,-1.042657684746,2.5E-02));
#6627 = CARTESIAN_POINT('',(-0.6,-1.05,0.13));
#6628 = ADVANCED_FACE('',(#6629),#6654,.T.);
#6629 = FACE_BOUND('',#6630,.T.);
#6630 = EDGE_LOOP('',(#6631,#6632,#6640,#6648));
#6631 = ORIENTED_EDGE('',*,*,#6266,.F.);
#6632 = ORIENTED_EDGE('',*,*,#6633,.T.);
#6633 = EDGE_CURVE('',#6259,#6634,#6636,.T.);
#6634 = VERTEX_POINT('',#6635);
#6635 = CARTESIAN_POINT('',(-0.8,0.36,0.13));
#6636 = LINE('',#6637,#6638);
#6637 = CARTESIAN_POINT('',(-0.592657684746,0.36,0.13));
#6638 = VECTOR('',#6639,1.);
#6639 = DIRECTION('',(-1.,1.224646799147E-16,0.));
#6640 = ORIENTED_EDGE('',*,*,#6641,.T.);
#6641 = EDGE_CURVE('',#6634,#6642,#6644,.T.);
#6642 = VERTEX_POINT('',#6643);
#6643 = CARTESIAN_POINT('',(-0.8,0.14,0.13));
#6644 = LINE('',#6645,#6646);
#6645 = CARTESIAN_POINT('',(-0.8,0.36,0.13));
#6646 = VECTOR('',#6647,1.);
#6647 = DIRECTION('',(-1.224646799147E-16,-1.,0.));
#6648 = ORIENTED_EDGE('',*,*,#6649,.F.);
#6649 = EDGE_CURVE('',#6267,#6642,#6650,.T.);
#6650 = LINE('',#6651,#6652);
#6651 = CARTESIAN_POINT('',(-0.592657684746,0.14,0.13));
#6652 = VECTOR('',#6653,1.);
#6653 = DIRECTION('',(-1.,1.224646799147E-16,0.));
#6654 = PLANE('',#6655);
#6655 = AXIS2_PLACEMENT_3D('',#6656,#6657,#6658);
#6656 = CARTESIAN_POINT('',(-0.592657684746,0.36,0.13));
#6657 = DIRECTION('',(0.,0.,1.));
#6658 = DIRECTION('',(-1.,1.224646799147E-16,0.));
#6659 = ADVANCED_FACE('',(#6660),#6684,.T.);
#6660 = FACE_BOUND('',#6661,.T.);
#6661 = EDGE_LOOP('',(#6662,#6672,#6673,#6683));
#6662 = ORIENTED_EDGE('',*,*,#6663,.F.);
#6663 = EDGE_CURVE('',#6399,#6267,#6664,.T.);
#6664 = B_SPLINE_CURVE_WITH_KNOTS('',3,(#6665,#6666,#6667,#6668,#6669,
    #6670,#6671),.UNSPECIFIED.,.F.,.F.,(4,1,1,1,4),(0.,0.318000001468,
    0.637000001562,0.958000000276,1.),.UNSPECIFIED.);
#6665 = CARTESIAN_POINT('',(-0.592657684746,0.14,2.5E-02));
#6666 = CARTESIAN_POINT('',(-0.593435970161,0.14,3.612999997588E-02));
#6667 = CARTESIAN_POINT('',(-0.59499498843,0.14,5.842499992792E-02));
#6668 = CARTESIAN_POINT('',(-0.597339634435,0.14,9.195499992828E-02));
#6669 = CARTESIAN_POINT('',(-0.599008787439,0.14,0.115824999973));
#6670 = CARTESIAN_POINT('',(-0.599897207586,0.14,0.12853));
#6671 = CARTESIAN_POINT('',(-0.6,0.14,0.13));
#6672 = ORIENTED_EDGE('',*,*,#6406,.T.);
#6673 = ORIENTED_EDGE('',*,*,#6674,.T.);
#6674 = EDGE_CURVE('',#6407,#6275,#6675,.T.);
#6675 = B_SPLINE_CURVE_WITH_KNOTS('',3,(#6676,#6677,#6678,#6679,#6680,
    #6681,#6682),.UNSPECIFIED.,.F.,.F.,(4,1,1,1,4),(0.,0.318000001468,
    0.637000001562,0.958000000276,1.),.UNSPECIFIED.);
#6676 = CARTESIAN_POINT('',(-0.592657684746,-0.14,2.5E-02));
#6677 = CARTESIAN_POINT('',(-0.593435970161,-0.14,3.612999997588E-02));
#6678 = CARTESIAN_POINT('',(-0.59499498843,-0.14,5.842499992792E-02));
#6679 = CARTESIAN_POINT('',(-0.597339634435,-0.14,9.195499992828E-02));
#6680 = CARTESIAN_POINT('',(-0.599008787439,-0.14,0.115824999973));
#6681 = CARTESIAN_POINT('',(-0.599897207586,-0.14,0.12853));
#6682 = CARTESIAN_POINT('',(-0.6,-0.14,0.13));
#6683 = ORIENTED_EDGE('',*,*,#6274,.F.);
#6684 = B_SPLINE_SURFACE_WITH_KNOTS('',1,1,(
    (#6685,#6686)
    ,(#6687,#6688
    )),.UNSPECIFIED.,.F.,.F.,.F.,(2,2),(2,2),(0.,2.1),(0.,1.),
  .PIECEWISE_BEZIER_KNOTS.);
#6685 = CARTESIAN_POINT('',(-0.592657684746,1.042657684746,2.5E-02));
#6686 = CARTESIAN_POINT('',(-0.6,1.05,0.13));
#6687 = CARTESIAN_POINT('',(-0.592657684746,-1.042657684746,2.5E-02));
#6688 = CARTESIAN_POINT('',(-0.6,-1.05,0.13));
#6689 = ADVANCED_FACE('',(#6690),#6715,.T.);
#6690 = FACE_BOUND('',#6691,.T.);
#6691 = EDGE_LOOP('',(#6692,#6693,#6701,#6709));
#6692 = ORIENTED_EDGE('',*,*,#6282,.F.);
#6693 = ORIENTED_EDGE('',*,*,#6694,.T.);
#6694 = EDGE_CURVE('',#6275,#6695,#6697,.T.);
#6695 = VERTEX_POINT('',#6696);
#6696 = CARTESIAN_POINT('',(-0.8,-0.14,0.13));
#6697 = LINE('',#6698,#6699);
#6698 = CARTESIAN_POINT('',(-0.592657684746,-0.14,0.13));
#6699 = VECTOR('',#6700,1.);
#6700 = DIRECTION('',(-1.,1.224646799147E-16,0.));
#6701 = ORIENTED_EDGE('',*,*,#6702,.T.);
#6702 = EDGE_CURVE('',#6695,#6703,#6705,.T.);
#6703 = VERTEX_POINT('',#6704);
#6704 = CARTESIAN_POINT('',(-0.8,-0.36,0.13));
#6705 = LINE('',#6706,#6707);
#6706 = CARTESIAN_POINT('',(-0.8,-0.14,0.13));
#6707 = VECTOR('',#6708,1.);
#6708 = DIRECTION('',(-1.224646799147E-16,-1.,0.));
#6709 = ORIENTED_EDGE('',*,*,#6710,.F.);
#6710 = EDGE_CURVE('',#6283,#6703,#6711,.T.);
#6711 = LINE('',#6712,#6713);
#6712 = CARTESIAN_POINT('',(-0.592657684746,-0.36,0.13));
#6713 = VECTOR('',#6714,1.);
#6714 = DIRECTION('',(-1.,1.224646799147E-16,0.));
#6715 = PLANE('',#6716);
#6716 = AXIS2_PLACEMENT_3D('',#6717,#6718,#6719);
#6717 = CARTESIAN_POINT('',(-0.592657684746,-0.14,0.13));
#6718 = DIRECTION('',(0.,0.,1.));
#6719 = DIRECTION('',(-1.,1.224646799147E-16,0.));
#6720 = ADVANCED_FACE('',(#6721),#6741,.T.);
#6721 = FACE_BOUND('',#6722,.T.);
#6722 = EDGE_LOOP('',(#6723,#6731,#6732,#6740));
#6723 = ORIENTED_EDGE('',*,*,#6724,.F.);
#6724 = EDGE_CURVE('',#6415,#6283,#6725,.T.);
#6725 = B_SPLINE_CURVE_WITH_KNOTS('',4,(#6726,#6727,#6728,#6729,#6730),
  .UNSPECIFIED.,.F.,.F.,(5,5),(0.,1.),.PIECEWISE_BEZIER_KNOTS.);
#6726 = CARTESIAN_POINT('',(-0.592657684746,-0.36,2.5E-02));
#6727 = CARTESIAN_POINT('',(-0.594493263477,-0.36,5.124999882228E-02));
#6728 = CARTESIAN_POINT('',(-0.596328842264,-0.36,7.749999843893E-02));
#6729 = CARTESIAN_POINT('',(-0.598164421105,-0.36,0.103749998836));
#6730 = CARTESIAN_POINT('',(-0.6,-0.36,0.13));
#6731 = ORIENTED_EDGE('',*,*,#6422,.T.);
#6732 = ORIENTED_EDGE('',*,*,#6733,.T.);
#6733 = EDGE_CURVE('',#6423,#6291,#6734,.T.);
#6734 = B_SPLINE_CURVE_WITH_KNOTS('',4,(#6735,#6736,#6737,#6738,#6739),
  .UNSPECIFIED.,.F.,.F.,(5,5),(0.,1.),.PIECEWISE_BEZIER_KNOTS.);
#6735 = CARTESIAN_POINT('',(-0.592657684746,-0.64,2.5E-02));
#6736 = CARTESIAN_POINT('',(-0.594493263299,-0.64,5.124999627789E-02));
#6737 = CARTESIAN_POINT('',(-0.596328842028,-0.64,7.74999950663E-02));
#6738 = CARTESIAN_POINT('',(-0.598164420929,-0.64,0.103749996321));
#6739 = CARTESIAN_POINT('',(-0.6,-0.64,0.13));
#6740 = ORIENTED_EDGE('',*,*,#6290,.F.);
#6741 = B_SPLINE_SURFACE_WITH_KNOTS('',1,1,(
    (#6742,#6743)
    ,(#6744,#6745
    )),.UNSPECIFIED.,.F.,.F.,.F.,(2,2),(2,2),(0.,2.1),(0.,1.),
  .PIECEWISE_BEZIER_KNOTS.);
#6742 = CARTESIAN_POINT('',(-0.592657684746,1.042657684746,2.5E-02));
#6743 = CARTESIAN_POINT('',(-0.6,1.05,0.13));
#6744 = CARTESIAN_POINT('',(-0.592657684746,-1.042657684746,2.5E-02));
#6745 = CARTESIAN_POINT('',(-0.6,-1.05,0.13));
#6746 = ADVANCED_FACE('',(#6747),#6772,.T.);
#6747 = FACE_BOUND('',#6748,.T.);
#6748 = EDGE_LOOP('',(#6749,#6750,#6758,#6766));
#6749 = ORIENTED_EDGE('',*,*,#6298,.F.);
#6750 = ORIENTED_EDGE('',*,*,#6751,.T.);
#6751 = EDGE_CURVE('',#6291,#6752,#6754,.T.);
#6752 = VERTEX_POINT('',#6753);
#6753 = CARTESIAN_POINT('',(-0.8,-0.64,0.13));
#6754 = LINE('',#6755,#6756);
#6755 = CARTESIAN_POINT('',(-0.592657684746,-0.64,0.13));
#6756 = VECTOR('',#6757,1.);
#6757 = DIRECTION('',(-1.,1.224646799147E-16,0.));
#6758 = ORIENTED_EDGE('',*,*,#6759,.T.);
#6759 = EDGE_CURVE('',#6752,#6760,#6762,.T.);
#6760 = VERTEX_POINT('',#6761);
#6761 = CARTESIAN_POINT('',(-0.8,-0.86,0.13));
#6762 = LINE('',#6763,#6764);
#6763 = CARTESIAN_POINT('',(-0.8,-0.64,0.13));
#6764 = VECTOR('',#6765,1.);
#6765 = DIRECTION('',(-1.224646799147E-16,-1.,0.));
#6766 = ORIENTED_EDGE('',*,*,#6767,.F.);
#6767 = EDGE_CURVE('',#6299,#6760,#6768,.T.);
#6768 = LINE('',#6769,#6770);
#6769 = CARTESIAN_POINT('',(-0.592657684746,-0.86,0.13));
#6770 = VECTOR('',#6771,1.);
#6771 = DIRECTION('',(-1.,1.224646799147E-16,0.));
#6772 = PLANE('',#6773);
#6773 = AXIS2_PLACEMENT_3D('',#6774,#6775,#6776);
#6774 = CARTESIAN_POINT('',(-0.592657684746,-0.64,0.13));
#6775 = DIRECTION('',(0.,0.,1.));
#6776 = DIRECTION('',(-1.,1.224646799147E-16,0.));
#6777 = ADVANCED_FACE('',(#6778),#6795,.T.);
#6778 = FACE_BOUND('',#6779,.T.);
#6779 = EDGE_LOOP('',(#6780,#6788,#6789,#6794));
#6780 = ORIENTED_EDGE('',*,*,#6781,.F.);
#6781 = EDGE_CURVE('',#6431,#6299,#6782,.T.);
#6782 = B_SPLINE_CURVE_WITH_KNOTS('',4,(#6783,#6784,#6785,#6786,#6787),
  .UNSPECIFIED.,.F.,.F.,(5,5),(0.,1.),.PIECEWISE_BEZIER_KNOTS.);
#6783 = CARTESIAN_POINT('',(-0.592657684746,-0.86,2.5E-02));
#6784 = CARTESIAN_POINT('',(-0.594493263089,-0.86,5.124999327922E-02));
#6785 = CARTESIAN_POINT('',(-0.59632884175,-0.86,7.749999109156E-02));
#6786 = CARTESIAN_POINT('',(-0.598164420722,-0.86,0.103749993357));
#6787 = CARTESIAN_POINT('',(-0.6,-0.86,0.13));
#6788 = ORIENTED_EDGE('',*,*,#6438,.T.);
#6789 = ORIENTED_EDGE('',*,*,#6790,.T.);
#6790 = EDGE_CURVE('',#6439,#6307,#6791,.T.);
#6791 = B_SPLINE_CURVE_WITH_KNOTS('',1,(#6792,#6793),.UNSPECIFIED.,.F.,
  .F.,(2,2),(0.,1.),.PIECEWISE_BEZIER_KNOTS.);
#6792 = CARTESIAN_POINT('',(-0.592657684746,-1.042657684746,2.5E-02));
#6793 = CARTESIAN_POINT('',(-0.6,-1.05,0.13));
#6794 = ORIENTED_EDGE('',*,*,#6306,.F.);
#6795 = B_SPLINE_SURFACE_WITH_KNOTS('',1,1,(
    (#6796,#6797)
    ,(#6798,#6799
    )),.UNSPECIFIED.,.F.,.F.,.F.,(2,2),(2,2),(0.,2.1),(0.,1.),
  .PIECEWISE_BEZIER_KNOTS.);
#6796 = CARTESIAN_POINT('',(-0.592657684746,1.042657684746,2.5E-02));
#6797 = CARTESIAN_POINT('',(-0.6,1.05,0.13));
#6798 = CARTESIAN_POINT('',(-0.592657684746,-1.042657684746,2.5E-02));
#6799 = CARTESIAN_POINT('',(-0.6,-1.05,0.13));
#6800 = ADVANCED_FACE('',(#6801),#6825,.T.);
#6801 = FACE_BOUND('',#6802,.T.);
#6802 = EDGE_LOOP('',(#6803,#6811,#6818,#6824));
#6803 = ORIENTED_EDGE('',*,*,#6804,.T.);
#6804 = EDGE_CURVE('',#6307,#6805,#6807,.T.);
#6805 = VERTEX_POINT('',#6806);
#6806 = CARTESIAN_POINT('',(0.6,-1.05,0.13));
#6807 = LINE('',#6808,#6809);
#6808 = CARTESIAN_POINT('',(-0.6,-1.05,0.13));
#6809 = VECTOR('',#6810,1.);
#6810 = DIRECTION('',(1.,1.110223024625E-16,0.));
#6811 = ORIENTED_EDGE('',*,*,#6812,.T.);
#6812 = EDGE_CURVE('',#6805,#6813,#6815,.T.);
#6813 = VERTEX_POINT('',#6814);
#6814 = CARTESIAN_POINT('',(0.565386228088,-1.015386228088,0.625));
#6815 = B_SPLINE_CURVE_WITH_KNOTS('',1,(#6816,#6817),.UNSPECIFIED.,.F.,
  .F.,(2,2),(0.,1.),.PIECEWISE_BEZIER_KNOTS.);
#6816 = CARTESIAN_POINT('',(0.6,-1.05,0.13));
#6817 = CARTESIAN_POINT('',(0.565386228088,-1.015386228088,0.625));
#6818 = ORIENTED_EDGE('',*,*,#6819,.F.);
#6819 = EDGE_CURVE('',#6315,#6813,#6820,.T.);
#6820 = LINE('',#6821,#6822);
#6821 = CARTESIAN_POINT('',(-0.565386228088,-1.015386228088,0.625));
#6822 = VECTOR('',#6823,1.);
#6823 = DIRECTION('',(1.,1.110223024625E-16,0.));
#6824 = ORIENTED_EDGE('',*,*,#6314,.F.);
#6825 = B_SPLINE_SURFACE_WITH_KNOTS('',1,1,(
    (#6826,#6827)
    ,(#6828,#6829
    )),.UNSPECIFIED.,.F.,.F.,.F.,(2,2),(2,2),(0.,1.2),(0.,1.),
  .PIECEWISE_BEZIER_KNOTS.);
#6826 = CARTESIAN_POINT('',(-0.6,-1.05,0.13));
#6827 = CARTESIAN_POINT('',(-0.565386228088,-1.015386228088,0.625));
#6828 = CARTESIAN_POINT('',(0.6,-1.05,0.13));
#6829 = CARTESIAN_POINT('',(0.565386228088,-1.015386228088,0.625));
#6830 = ADVANCED_FACE('',(#6831,#6842),#6853,.F.);
#6831 = FACE_BOUND('',#6832,.F.);
#6832 = EDGE_LOOP('',(#6833,#6834,#6835,#6841));
#6833 = ORIENTED_EDGE('',*,*,#6321,.F.);
#6834 = ORIENTED_EDGE('',*,*,#6535,.F.);
#6835 = ORIENTED_EDGE('',*,*,#6836,.F.);
#6836 = EDGE_CURVE('',#6813,#6536,#6837,.T.);
#6837 = LINE('',#6838,#6839);
#6838 = CARTESIAN_POINT('',(0.565386228088,-1.015386228088,0.625));
#6839 = VECTOR('',#6840,1.);
#6840 = DIRECTION('',(-1.110223024625E-16,1.,0.));
#6841 = ORIENTED_EDGE('',*,*,#6819,.F.);
#6842 = FACE_BOUND('',#6843,.F.);
#6843 = EDGE_LOOP('',(#6844));
#6844 = ORIENTED_EDGE('',*,*,#6845,.F.);
#6845 = EDGE_CURVE('',#6846,#6846,#6848,.T.);
#6846 = VERTEX_POINT('',#6847);
#6847 = CARTESIAN_POINT('',(-0.365386228088,0.765386228088,0.625));
#6848 = CIRCLE('',#6849,5.E-02);
#6849 = AXIS2_PLACEMENT_3D('',#6850,#6851,#6852);
#6850 = CARTESIAN_POINT('',(-0.365386228088,0.815386228088,0.625));
#6851 = DIRECTION('',(0.,-0.,-1.));
#6852 = DIRECTION('',(1.110223024625E-16,-1.,0.));
#6853 = PLANE('',#6854);
#6854 = AXIS2_PLACEMENT_3D('',#6855,#6856,#6857);
#6855 = CARTESIAN_POINT('',(-0.565386228088,1.015386228088,0.625));
#6856 = DIRECTION('',(0.,0.,-1.));
#6857 = DIRECTION('',(0.486486141898,-0.873688293238,0.));
#6858 = ADVANCED_FACE('',(#6859),#6877,.T.);
#6859 = FACE_BOUND('',#6860,.T.);
#6860 = EDGE_LOOP('',(#6861,#6862,#6870,#6876));
#6861 = ORIENTED_EDGE('',*,*,#6342,.F.);
#6862 = ORIENTED_EDGE('',*,*,#6863,.T.);
#6863 = EDGE_CURVE('',#6343,#6864,#6866,.T.);
#6864 = VERTEX_POINT('',#6865);
#6865 = CARTESIAN_POINT('',(-0.8,0.64,0.));
#6866 = LINE('',#6867,#6868);
#6867 = CARTESIAN_POINT('',(-0.8,0.86,0.));
#6868 = VECTOR('',#6869,1.);
#6869 = DIRECTION('',(-1.224646799147E-16,-1.,0.));
#6870 = ORIENTED_EDGE('',*,*,#6871,.T.);
#6871 = EDGE_CURVE('',#6864,#6585,#6872,.T.);
#6872 = LINE('',#6873,#6874);
#6873 = CARTESIAN_POINT('',(-0.8,0.64,0.));
#6874 = VECTOR('',#6875,1.);
#6875 = DIRECTION('',(0.,0.,1.));
#6876 = ORIENTED_EDGE('',*,*,#6584,.F.);
#6877 = PLANE('',#6878);
#6878 = AXIS2_PLACEMENT_3D('',#6879,#6880,#6881);
#6879 = CARTESIAN_POINT('',(-0.8,0.86,0.));
#6880 = DIRECTION('',(-1.,1.224646799147E-16,0.));
#6881 = DIRECTION('',(0.,0.,1.));
#6882 = ADVANCED_FACE('',(#6883),#6901,.F.);
#6883 = FACE_BOUND('',#6884,.F.);
#6884 = EDGE_LOOP('',(#6885,#6886,#6894,#6900));
#6885 = ORIENTED_EDGE('',*,*,#6360,.F.);
#6886 = ORIENTED_EDGE('',*,*,#6887,.T.);
#6887 = EDGE_CURVE('',#6353,#6888,#6890,.T.);
#6888 = VERTEX_POINT('',#6889);
#6889 = CARTESIAN_POINT('',(-0.592657684746,0.64,0.));
#6890 = LINE('',#6891,#6892);
#6891 = CARTESIAN_POINT('',(-0.592657684746,0.86,0.));
#6892 = VECTOR('',#6893,1.);
#6893 = DIRECTION('',(-1.224646799147E-16,-1.,0.));
#6894 = ORIENTED_EDGE('',*,*,#6895,.T.);
#6895 = EDGE_CURVE('',#6888,#6383,#6896,.T.);
#6896 = LINE('',#6897,#6898);
#6897 = CARTESIAN_POINT('',(-0.592657684746,0.64,0.));
#6898 = VECTOR('',#6899,1.);
#6899 = DIRECTION('',(0.,0.,1.));
#6900 = ORIENTED_EDGE('',*,*,#6382,.F.);
#6901 = PLANE('',#6902);
#6902 = AXIS2_PLACEMENT_3D('',#6903,#6904,#6905);
#6903 = CARTESIAN_POINT('',(-0.592657684746,0.86,0.));
#6904 = DIRECTION('',(-1.,1.224646799147E-16,0.));
#6905 = DIRECTION('',(0.,0.,1.));
#6906 = ADVANCED_FACE('',(#6907),#6918,.F.);
#6907 = FACE_BOUND('',#6908,.F.);
#6908 = EDGE_LOOP('',(#6909,#6910,#6911,#6912));
#6909 = ORIENTED_EDGE('',*,*,#6887,.F.);
#6910 = ORIENTED_EDGE('',*,*,#6352,.T.);
#6911 = ORIENTED_EDGE('',*,*,#6863,.T.);
#6912 = ORIENTED_EDGE('',*,*,#6913,.F.);
#6913 = EDGE_CURVE('',#6888,#6864,#6914,.T.);
#6914 = LINE('',#6915,#6916);
#6915 = CARTESIAN_POINT('',(-0.592657684746,0.64,0.));
#6916 = VECTOR('',#6917,1.);
#6917 = DIRECTION('',(-1.,1.224646799147E-16,0.));
#6918 = PLANE('',#6919);
#6919 = AXIS2_PLACEMENT_3D('',#6920,#6921,#6922);
#6920 = CARTESIAN_POINT('',(-0.592657684746,0.86,0.));
#6921 = DIRECTION('',(0.,0.,1.));
#6922 = DIRECTION('',(-1.,1.224646799147E-16,0.));
#6923 = ADVANCED_FACE('',(#6924),#6949,.F.);
#6924 = FACE_BOUND('',#6925,.F.);
#6925 = EDGE_LOOP('',(#6926,#6934,#6942,#6948));
#6926 = ORIENTED_EDGE('',*,*,#6927,.F.);
#6927 = EDGE_CURVE('',#6928,#6391,#6930,.T.);
#6928 = VERTEX_POINT('',#6929);
#6929 = CARTESIAN_POINT('',(-0.592657684746,0.36,0.));
#6930 = LINE('',#6931,#6932);
#6931 = CARTESIAN_POINT('',(-0.592657684746,0.36,0.));
#6932 = VECTOR('',#6933,1.);
#6933 = DIRECTION('',(0.,0.,1.));
#6934 = ORIENTED_EDGE('',*,*,#6935,.T.);
#6935 = EDGE_CURVE('',#6928,#6936,#6938,.T.);
#6936 = VERTEX_POINT('',#6937);
#6937 = CARTESIAN_POINT('',(-0.592657684746,0.14,0.));
#6938 = LINE('',#6939,#6940);
#6939 = CARTESIAN_POINT('',(-0.592657684746,0.36,0.));
#6940 = VECTOR('',#6941,1.);
#6941 = DIRECTION('',(-1.224646799147E-16,-1.,0.));
#6942 = ORIENTED_EDGE('',*,*,#6943,.T.);
#6943 = EDGE_CURVE('',#6936,#6399,#6944,.T.);
#6944 = LINE('',#6945,#6946);
#6945 = CARTESIAN_POINT('',(-0.592657684746,0.14,0.));
#6946 = VECTOR('',#6947,1.);
#6947 = DIRECTION('',(0.,0.,1.));
#6948 = ORIENTED_EDGE('',*,*,#6398,.F.);
#6949 = PLANE('',#6950);
#6950 = AXIS2_PLACEMENT_3D('',#6951,#6952,#6953);
#6951 = CARTESIAN_POINT('',(-0.592657684746,0.36,0.));
#6952 = DIRECTION('',(-1.,1.224646799147E-16,0.));
#6953 = DIRECTION('',(0.,0.,1.));
#6954 = ADVANCED_FACE('',(#6955),#6980,.F.);
#6955 = FACE_BOUND('',#6956,.F.);
#6956 = EDGE_LOOP('',(#6957,#6965,#6973,#6979));
#6957 = ORIENTED_EDGE('',*,*,#6958,.F.);
#6958 = EDGE_CURVE('',#6959,#6407,#6961,.T.);
#6959 = VERTEX_POINT('',#6960);
#6960 = CARTESIAN_POINT('',(-0.592657684746,-0.14,0.));
#6961 = LINE('',#6962,#6963);
#6962 = CARTESIAN_POINT('',(-0.592657684746,-0.14,0.));
#6963 = VECTOR('',#6964,1.);
#6964 = DIRECTION('',(0.,0.,1.));
#6965 = ORIENTED_EDGE('',*,*,#6966,.T.);
#6966 = EDGE_CURVE('',#6959,#6967,#6969,.T.);
#6967 = VERTEX_POINT('',#6968);
#6968 = CARTESIAN_POINT('',(-0.592657684746,-0.36,0.));
#6969 = LINE('',#6970,#6971);
#6970 = CARTESIAN_POINT('',(-0.592657684746,-0.14,0.));
#6971 = VECTOR('',#6972,1.);
#6972 = DIRECTION('',(-1.224646799147E-16,-1.,0.));
#6973 = ORIENTED_EDGE('',*,*,#6974,.T.);
#6974 = EDGE_CURVE('',#6967,#6415,#6975,.T.);
#6975 = LINE('',#6976,#6977);
#6976 = CARTESIAN_POINT('',(-0.592657684746,-0.36,0.));
#6977 = VECTOR('',#6978,1.);
#6978 = DIRECTION('',(0.,0.,1.));
#6979 = ORIENTED_EDGE('',*,*,#6414,.F.);
#6980 = PLANE('',#6981);
#6981 = AXIS2_PLACEMENT_3D('',#6982,#6983,#6984);
#6982 = CARTESIAN_POINT('',(-0.592657684746,-0.14,0.));
#6983 = DIRECTION('',(-1.,1.224646799147E-16,0.));
#6984 = DIRECTION('',(0.,0.,1.));
#6985 = ADVANCED_FACE('',(#6986),#7011,.F.);
#6986 = FACE_BOUND('',#6987,.F.);
#6987 = EDGE_LOOP('',(#6988,#6996,#7004,#7010));
#6988 = ORIENTED_EDGE('',*,*,#6989,.F.);
#6989 = EDGE_CURVE('',#6990,#6423,#6992,.T.);
#6990 = VERTEX_POINT('',#6991);
#6991 = CARTESIAN_POINT('',(-0.592657684746,-0.64,0.));
#6992 = LINE('',#6993,#6994);
#6993 = CARTESIAN_POINT('',(-0.592657684746,-0.64,0.));
#6994 = VECTOR('',#6995,1.);
#6995 = DIRECTION('',(0.,0.,1.));
#6996 = ORIENTED_EDGE('',*,*,#6997,.T.);
#6997 = EDGE_CURVE('',#6990,#6998,#7000,.T.);
#6998 = VERTEX_POINT('',#6999);
#6999 = CARTESIAN_POINT('',(-0.592657684746,-0.86,0.));
#7000 = LINE('',#7001,#7002);
#7001 = CARTESIAN_POINT('',(-0.592657684746,-0.64,0.));
#7002 = VECTOR('',#7003,1.);
#7003 = DIRECTION('',(-1.224646799147E-16,-1.,0.));
#7004 = ORIENTED_EDGE('',*,*,#7005,.T.);
#7005 = EDGE_CURVE('',#6998,#6431,#7006,.T.);
#7006 = LINE('',#7007,#7008);
#7007 = CARTESIAN_POINT('',(-0.592657684746,-0.86,0.));
#7008 = VECTOR('',#7009,1.);
#7009 = DIRECTION('',(0.,0.,1.));
#7010 = ORIENTED_EDGE('',*,*,#6430,.F.);
#7011 = PLANE('',#7012);
#7012 = AXIS2_PLACEMENT_3D('',#7013,#7014,#7015);
#7013 = CARTESIAN_POINT('',(-0.592657684746,-0.64,0.));
#7014 = DIRECTION('',(-1.,1.224646799147E-16,0.));
#7015 = DIRECTION('',(0.,0.,1.));
#7016 = ADVANCED_FACE('',(#7017),#7027,.T.);
#7017 = FACE_BOUND('',#7018,.T.);
#7018 = EDGE_LOOP('',(#7019,#7020,#7025,#7026));
#7019 = ORIENTED_EDGE('',*,*,#6446,.T.);
#7020 = ORIENTED_EDGE('',*,*,#7021,.T.);
#7021 = EDGE_CURVE('',#6447,#6805,#7022,.T.);
#7022 = B_SPLINE_CURVE_WITH_KNOTS('',1,(#7023,#7024),.UNSPECIFIED.,.F.,
  .F.,(2,2),(0.,1.),.PIECEWISE_BEZIER_KNOTS.);
#7023 = CARTESIAN_POINT('',(0.592657684746,-1.042657684746,2.5E-02));
#7024 = CARTESIAN_POINT('',(0.6,-1.05,0.13));
#7025 = ORIENTED_EDGE('',*,*,#6804,.F.);
#7026 = ORIENTED_EDGE('',*,*,#6790,.F.);
#7027 = B_SPLINE_SURFACE_WITH_KNOTS('',1,1,(
    (#7028,#7029)
    ,(#7030,#7031
    )),.UNSPECIFIED.,.F.,.F.,.F.,(2,2),(2,2),(0.,1.2),(0.,1.),
  .PIECEWISE_BEZIER_KNOTS.);
#7028 = CARTESIAN_POINT('',(-0.592657684746,-1.042657684746,2.5E-02));
#7029 = CARTESIAN_POINT('',(-0.6,-1.05,0.13));
#7030 = CARTESIAN_POINT('',(0.592657684746,-1.042657684746,2.5E-02));
#7031 = CARTESIAN_POINT('',(0.6,-1.05,0.13));
#7032 = ADVANCED_FACE('',(#7033),#7053,.T.);
#7033 = FACE_BOUND('',#7034,.T.);
#7034 = EDGE_LOOP('',(#7035,#7036,#7037,#7047));
#7035 = ORIENTED_EDGE('',*,*,#7021,.F.);
#7036 = ORIENTED_EDGE('',*,*,#6454,.T.);
#7037 = ORIENTED_EDGE('',*,*,#7038,.T.);
#7038 = EDGE_CURVE('',#6455,#7039,#7041,.T.);
#7039 = VERTEX_POINT('',#7040);
#7040 = CARTESIAN_POINT('',(0.6,-0.86,0.13));
#7041 = B_SPLINE_CURVE_WITH_KNOTS('',4,(#7042,#7043,#7044,#7045,#7046),
  .UNSPECIFIED.,.F.,.F.,(5,5),(0.,1.),.PIECEWISE_BEZIER_KNOTS.);
#7042 = CARTESIAN_POINT('',(0.592657684746,-0.86,2.5E-02));
#7043 = CARTESIAN_POINT('',(0.594493263089,-0.86,5.124999327922E-02));
#7044 = CARTESIAN_POINT('',(0.59632884175,-0.86,7.749999109156E-02));
#7045 = CARTESIAN_POINT('',(0.598164420722,-0.86,0.103749993357));
#7046 = CARTESIAN_POINT('',(0.6,-0.86,0.13));
#7047 = ORIENTED_EDGE('',*,*,#7048,.F.);
#7048 = EDGE_CURVE('',#6805,#7039,#7049,.T.);
#7049 = LINE('',#7050,#7051);
#7050 = CARTESIAN_POINT('',(0.6,-1.05,0.13));
#7051 = VECTOR('',#7052,1.);
#7052 = DIRECTION('',(-1.110223024625E-16,1.,0.));
#7053 = B_SPLINE_SURFACE_WITH_KNOTS('',1,1,(
    (#7054,#7055)
    ,(#7056,#7057
    )),.UNSPECIFIED.,.F.,.F.,.F.,(2,2),(2,2),(0.,2.1),(0.,1.),
  .PIECEWISE_BEZIER_KNOTS.);
#7054 = CARTESIAN_POINT('',(0.592657684746,-1.042657684746,2.5E-02));
#7055 = CARTESIAN_POINT('',(0.6,-1.05,0.13));
#7056 = CARTESIAN_POINT('',(0.592657684746,1.042657684746,2.5E-02));
#7057 = CARTESIAN_POINT('',(0.6,1.05,0.13));
#7058 = ADVANCED_FACE('',(#7059),#7084,.F.);
#7059 = FACE_BOUND('',#7060,.F.);
#7060 = EDGE_LOOP('',(#7061,#7069,#7077,#7083));
#7061 = ORIENTED_EDGE('',*,*,#7062,.F.);
#7062 = EDGE_CURVE('',#7063,#6455,#7065,.T.);
#7063 = VERTEX_POINT('',#7064);
#7064 = CARTESIAN_POINT('',(0.592657684746,-0.86,0.));
#7065 = LINE('',#7066,#7067);
#7066 = CARTESIAN_POINT('',(0.592657684746,-0.86,0.));
#7067 = VECTOR('',#7068,1.);
#7068 = DIRECTION('',(0.,0.,1.));
#7069 = ORIENTED_EDGE('',*,*,#7070,.T.);
#7070 = EDGE_CURVE('',#7063,#7071,#7073,.T.);
#7071 = VERTEX_POINT('',#7072);
#7072 = CARTESIAN_POINT('',(0.592657684746,-0.64,0.));
#7073 = LINE('',#7074,#7075);
#7074 = CARTESIAN_POINT('',(0.592657684746,-0.86,0.));
#7075 = VECTOR('',#7076,1.);
#7076 = DIRECTION('',(0.,1.,0.));
#7077 = ORIENTED_EDGE('',*,*,#7078,.T.);
#7078 = EDGE_CURVE('',#7071,#6463,#7079,.T.);
#7079 = LINE('',#7080,#7081);
#7080 = CARTESIAN_POINT('',(0.592657684746,-0.64,0.));
#7081 = VECTOR('',#7082,1.);
#7082 = DIRECTION('',(0.,0.,1.));
#7083 = ORIENTED_EDGE('',*,*,#6462,.F.);
#7084 = PLANE('',#7085);
#7085 = AXIS2_PLACEMENT_3D('',#7086,#7087,#7088);
#7086 = CARTESIAN_POINT('',(0.592657684746,-0.86,0.));
#7087 = DIRECTION('',(1.,0.,0.));
#7088 = DIRECTION('',(0.,0.,1.));
#7089 = ADVANCED_FACE('',(#7090),#7119,.T.);
#7090 = FACE_BOUND('',#7091,.T.);
#7091 = EDGE_LOOP('',(#7092,#7102,#7103,#7113));
#7092 = ORIENTED_EDGE('',*,*,#7093,.F.);
#7093 = EDGE_CURVE('',#6463,#7094,#7096,.T.);
#7094 = VERTEX_POINT('',#7095);
#7095 = CARTESIAN_POINT('',(0.6,-0.64,0.13));
#7096 = B_SPLINE_CURVE_WITH_KNOTS('',4,(#7097,#7098,#7099,#7100,#7101),
  .UNSPECIFIED.,.F.,.F.,(5,5),(0.,1.),.PIECEWISE_BEZIER_KNOTS.);
#7097 = CARTESIAN_POINT('',(0.592657684746,-0.64,2.5E-02));
#7098 = CARTESIAN_POINT('',(0.594493263299,-0.64,5.124999627789E-02));
#7099 = CARTESIAN_POINT('',(0.596328842028,-0.64,7.74999950663E-02));
#7100 = CARTESIAN_POINT('',(0.598164420929,-0.64,0.103749996321));
#7101 = CARTESIAN_POINT('',(0.6,-0.64,0.13));
#7102 = ORIENTED_EDGE('',*,*,#6470,.T.);
#7103 = ORIENTED_EDGE('',*,*,#7104,.T.);
#7104 = EDGE_CURVE('',#6471,#7105,#7107,.T.);
#7105 = VERTEX_POINT('',#7106);
#7106 = CARTESIAN_POINT('',(0.6,-0.36,0.13));
#7107 = B_SPLINE_CURVE_WITH_KNOTS('',4,(#7108,#7109,#7110,#7111,#7112),
  .UNSPECIFIED.,.F.,.F.,(5,5),(0.,1.),.PIECEWISE_BEZIER_KNOTS.);
#7108 = CARTESIAN_POINT('',(0.592657684746,-0.36,2.5E-02));
#7109 = CARTESIAN_POINT('',(0.594493263477,-0.36,5.124999882228E-02));
#7110 = CARTESIAN_POINT('',(0.596328842264,-0.36,7.749999843893E-02));
#7111 = CARTESIAN_POINT('',(0.598164421105,-0.36,0.103749998836));
#7112 = CARTESIAN_POINT('',(0.6,-0.36,0.13));
#7113 = ORIENTED_EDGE('',*,*,#7114,.F.);
#7114 = EDGE_CURVE('',#7094,#7105,#7115,.T.);
#7115 = LINE('',#7116,#7117);
#7116 = CARTESIAN_POINT('',(0.6,-1.05,0.13));
#7117 = VECTOR('',#7118,1.);
#7118 = DIRECTION('',(-1.110223024625E-16,1.,0.));
#7119 = B_SPLINE_SURFACE_WITH_KNOTS('',1,1,(
    (#7120,#7121)
    ,(#7122,#7123
    )),.UNSPECIFIED.,.F.,.F.,.F.,(2,2),(2,2),(0.,2.1),(0.,1.),
  .PIECEWISE_BEZIER_KNOTS.);
#7120 = CARTESIAN_POINT('',(0.592657684746,-1.042657684746,2.5E-02));
#7121 = CARTESIAN_POINT('',(0.6,-1.05,0.13));
#7122 = CARTESIAN_POINT('',(0.592657684746,1.042657684746,2.5E-02));
#7123 = CARTESIAN_POINT('',(0.6,1.05,0.13));
#7124 = ADVANCED_FACE('',(#7125),#7150,.F.);
#7125 = FACE_BOUND('',#7126,.F.);
#7126 = EDGE_LOOP('',(#7127,#7135,#7143,#7149));
#7127 = ORIENTED_EDGE('',*,*,#7128,.F.);
#7128 = EDGE_CURVE('',#7129,#6471,#7131,.T.);
#7129 = VERTEX_POINT('',#7130);
#7130 = CARTESIAN_POINT('',(0.592657684746,-0.36,0.));
#7131 = LINE('',#7132,#7133);
#7132 = CARTESIAN_POINT('',(0.592657684746,-0.36,0.));
#7133 = VECTOR('',#7134,1.);
#7134 = DIRECTION('',(0.,0.,1.));
#7135 = ORIENTED_EDGE('',*,*,#7136,.T.);
#7136 = EDGE_CURVE('',#7129,#7137,#7139,.T.);
#7137 = VERTEX_POINT('',#7138);
#7138 = CARTESIAN_POINT('',(0.592657684746,-0.14,0.));
#7139 = LINE('',#7140,#7141);
#7140 = CARTESIAN_POINT('',(0.592657684746,-0.36,0.));
#7141 = VECTOR('',#7142,1.);
#7142 = DIRECTION('',(0.,1.,0.));
#7143 = ORIENTED_EDGE('',*,*,#7144,.T.);
#7144 = EDGE_CURVE('',#7137,#6479,#7145,.T.);
#7145 = LINE('',#7146,#7147);
#7146 = CARTESIAN_POINT('',(0.592657684746,-0.14,0.));
#7147 = VECTOR('',#7148,1.);
#7148 = DIRECTION('',(0.,0.,1.));
#7149 = ORIENTED_EDGE('',*,*,#6478,.F.);
#7150 = PLANE('',#7151);
#7151 = AXIS2_PLACEMENT_3D('',#7152,#7153,#7154);
#7152 = CARTESIAN_POINT('',(0.592657684746,-0.36,0.));
#7153 = DIRECTION('',(1.,0.,0.));
#7154 = DIRECTION('',(0.,0.,1.));
#7155 = ADVANCED_FACE('',(#7156),#7189,.T.);
#7156 = FACE_BOUND('',#7157,.T.);
#7157 = EDGE_LOOP('',(#7158,#7170,#7171,#7183));
#7158 = ORIENTED_EDGE('',*,*,#7159,.F.);
#7159 = EDGE_CURVE('',#6479,#7160,#7162,.T.);
#7160 = VERTEX_POINT('',#7161);
#7161 = CARTESIAN_POINT('',(0.6,-0.14,0.13));
#7162 = B_SPLINE_CURVE_WITH_KNOTS('',3,(#7163,#7164,#7165,#7166,#7167,
    #7168,#7169),.UNSPECIFIED.,.F.,.F.,(4,1,1,1,4),(0.,0.318000001468,
    0.637000001562,0.958000000276,1.),.UNSPECIFIED.);
#7163 = CARTESIAN_POINT('',(0.592657684746,-0.14,2.5E-02));
#7164 = CARTESIAN_POINT('',(0.593435970161,-0.14,3.612999997588E-02));
#7165 = CARTESIAN_POINT('',(0.59499498843,-0.14,5.842499992792E-02));
#7166 = CARTESIAN_POINT('',(0.597339634435,-0.14,9.195499992828E-02));
#7167 = CARTESIAN_POINT('',(0.599008787439,-0.14,0.115824999973));
#7168 = CARTESIAN_POINT('',(0.599897207586,-0.14,0.12853));
#7169 = CARTESIAN_POINT('',(0.6,-0.14,0.13));
#7170 = ORIENTED_EDGE('',*,*,#6486,.T.);
#7171 = ORIENTED_EDGE('',*,*,#7172,.T.);
#7172 = EDGE_CURVE('',#6487,#7173,#7175,.T.);
#7173 = VERTEX_POINT('',#7174);
#7174 = CARTESIAN_POINT('',(0.6,0.14,0.13));
#7175 = B_SPLINE_CURVE_WITH_KNOTS('',3,(#7176,#7177,#7178,#7179,#7180,
    #7181,#7182),.UNSPECIFIED.,.F.,.F.,(4,1,1,1,4),(0.,0.318000001468,
    0.637000001562,0.958000000276,1.),.UNSPECIFIED.);
#7176 = CARTESIAN_POINT('',(0.592657684746,0.14,2.5E-02));
#7177 = CARTESIAN_POINT('',(0.593435970161,0.14,3.612999997588E-02));
#7178 = CARTESIAN_POINT('',(0.59499498843,0.14,5.842499992792E-02));
#7179 = CARTESIAN_POINT('',(0.597339634435,0.14,9.195499992828E-02));
#7180 = CARTESIAN_POINT('',(0.599008787439,0.14,0.115824999973));
#7181 = CARTESIAN_POINT('',(0.599897207586,0.14,0.12853));
#7182 = CARTESIAN_POINT('',(0.6,0.14,0.13));
#7183 = ORIENTED_EDGE('',*,*,#7184,.F.);
#7184 = EDGE_CURVE('',#7160,#7173,#7185,.T.);
#7185 = LINE('',#7186,#7187);
#7186 = CARTESIAN_POINT('',(0.6,-1.05,0.13));
#7187 = VECTOR('',#7188,1.);
#7188 = DIRECTION('',(-1.110223024625E-16,1.,0.));
#7189 = B_SPLINE_SURFACE_WITH_KNOTS('',1,1,(
    (#7190,#7191)
    ,(#7192,#7193
    )),.UNSPECIFIED.,.F.,.F.,.F.,(2,2),(2,2),(0.,2.1),(0.,1.),
  .PIECEWISE_BEZIER_KNOTS.);
#7190 = CARTESIAN_POINT('',(0.592657684746,-1.042657684746,2.5E-02));
#7191 = CARTESIAN_POINT('',(0.6,-1.05,0.13));
#7192 = CARTESIAN_POINT('',(0.592657684746,1.042657684746,2.5E-02));
#7193 = CARTESIAN_POINT('',(0.6,1.05,0.13));
#7194 = ADVANCED_FACE('',(#7195),#7220,.F.);
#7195 = FACE_BOUND('',#7196,.F.);
#7196 = EDGE_LOOP('',(#7197,#7205,#7213,#7219));
#7197 = ORIENTED_EDGE('',*,*,#7198,.F.);
#7198 = EDGE_CURVE('',#7199,#6487,#7201,.T.);
#7199 = VERTEX_POINT('',#7200);
#7200 = CARTESIAN_POINT('',(0.592657684746,0.14,0.));
#7201 = LINE('',#7202,#7203);
#7202 = CARTESIAN_POINT('',(0.592657684746,0.14,0.));
#7203 = VECTOR('',#7204,1.);
#7204 = DIRECTION('',(0.,0.,1.));
#7205 = ORIENTED_EDGE('',*,*,#7206,.T.);
#7206 = EDGE_CURVE('',#7199,#7207,#7209,.T.);
#7207 = VERTEX_POINT('',#7208);
#7208 = CARTESIAN_POINT('',(0.592657684746,0.36,0.));
#7209 = LINE('',#7210,#7211);
#7210 = CARTESIAN_POINT('',(0.592657684746,0.14,0.));
#7211 = VECTOR('',#7212,1.);
#7212 = DIRECTION('',(0.,1.,0.));
#7213 = ORIENTED_EDGE('',*,*,#7214,.T.);
#7214 = EDGE_CURVE('',#7207,#6495,#7215,.T.);
#7215 = LINE('',#7216,#7217);
#7216 = CARTESIAN_POINT('',(0.592657684746,0.36,0.));
#7217 = VECTOR('',#7218,1.);
#7218 = DIRECTION('',(0.,0.,1.));
#7219 = ORIENTED_EDGE('',*,*,#6494,.F.);
#7220 = PLANE('',#7221);
#7221 = AXIS2_PLACEMENT_3D('',#7222,#7223,#7224);
#7222 = CARTESIAN_POINT('',(0.592657684746,0.14,0.));
#7223 = DIRECTION('',(1.,0.,0.));
#7224 = DIRECTION('',(0.,0.,1.));
#7225 = ADVANCED_FACE('',(#7226),#7255,.T.);
#7226 = FACE_BOUND('',#7227,.T.);
#7227 = EDGE_LOOP('',(#7228,#7238,#7239,#7249));
#7228 = ORIENTED_EDGE('',*,*,#7229,.F.);
#7229 = EDGE_CURVE('',#6495,#7230,#7232,.T.);
#7230 = VERTEX_POINT('',#7231);
#7231 = CARTESIAN_POINT('',(0.6,0.36,0.13));
#7232 = B_SPLINE_CURVE_WITH_KNOTS('',4,(#7233,#7234,#7235,#7236,#7237),
  .UNSPECIFIED.,.F.,.F.,(5,5),(0.,1.),.PIECEWISE_BEZIER_KNOTS.);
#7233 = CARTESIAN_POINT('',(0.592657684746,0.36,2.5E-02));
#7234 = CARTESIAN_POINT('',(0.594493263477,0.36,5.124999882228E-02));
#7235 = CARTESIAN_POINT('',(0.596328842264,0.36,7.749999843893E-02));
#7236 = CARTESIAN_POINT('',(0.598164421105,0.36,0.103749998836));
#7237 = CARTESIAN_POINT('',(0.6,0.36,0.13));
#7238 = ORIENTED_EDGE('',*,*,#6502,.T.);
#7239 = ORIENTED_EDGE('',*,*,#7240,.T.);
#7240 = EDGE_CURVE('',#6503,#7241,#7243,.T.);
#7241 = VERTEX_POINT('',#7242);
#7242 = CARTESIAN_POINT('',(0.6,0.64,0.13));
#7243 = B_SPLINE_CURVE_WITH_KNOTS('',4,(#7244,#7245,#7246,#7247,#7248),
  .UNSPECIFIED.,.F.,.F.,(5,5),(0.,1.),.PIECEWISE_BEZIER_KNOTS.);
#7244 = CARTESIAN_POINT('',(0.592657684746,0.64,2.5E-02));
#7245 = CARTESIAN_POINT('',(0.594493263299,0.64,5.124999627789E-02));
#7246 = CARTESIAN_POINT('',(0.596328842028,0.64,7.74999950663E-02));
#7247 = CARTESIAN_POINT('',(0.598164420929,0.64,0.103749996321));
#7248 = CARTESIAN_POINT('',(0.6,0.64,0.13));
#7249 = ORIENTED_EDGE('',*,*,#7250,.F.);
#7250 = EDGE_CURVE('',#7230,#7241,#7251,.T.);
#7251 = LINE('',#7252,#7253);
#7252 = CARTESIAN_POINT('',(0.6,-1.05,0.13));
#7253 = VECTOR('',#7254,1.);
#7254 = DIRECTION('',(-1.110223024625E-16,1.,0.));
#7255 = B_SPLINE_SURFACE_WITH_KNOTS('',1,1,(
    (#7256,#7257)
    ,(#7258,#7259
    )),.UNSPECIFIED.,.F.,.F.,.F.,(2,2),(2,2),(0.,2.1),(0.,1.),
  .PIECEWISE_BEZIER_KNOTS.);
#7256 = CARTESIAN_POINT('',(0.592657684746,-1.042657684746,2.5E-02));
#7257 = CARTESIAN_POINT('',(0.6,-1.05,0.13));
#7258 = CARTESIAN_POINT('',(0.592657684746,1.042657684746,2.5E-02));
#7259 = CARTESIAN_POINT('',(0.6,1.05,0.13));
#7260 = ADVANCED_FACE('',(#7261),#7286,.F.);
#7261 = FACE_BOUND('',#7262,.F.);
#7262 = EDGE_LOOP('',(#7263,#7271,#7279,#7285));
#7263 = ORIENTED_EDGE('',*,*,#7264,.F.);
#7264 = EDGE_CURVE('',#7265,#6503,#7267,.T.);
#7265 = VERTEX_POINT('',#7266);
#7266 = CARTESIAN_POINT('',(0.592657684746,0.64,0.));
#7267 = LINE('',#7268,#7269);
#7268 = CARTESIAN_POINT('',(0.592657684746,0.64,0.));
#7269 = VECTOR('',#7270,1.);
#7270 = DIRECTION('',(0.,0.,1.));
#7271 = ORIENTED_EDGE('',*,*,#7272,.T.);
#7272 = EDGE_CURVE('',#7265,#7273,#7275,.T.);
#7273 = VERTEX_POINT('',#7274);
#7274 = CARTESIAN_POINT('',(0.592657684746,0.86,0.));
#7275 = LINE('',#7276,#7277);
#7276 = CARTESIAN_POINT('',(0.592657684746,0.64,0.));
#7277 = VECTOR('',#7278,1.);
#7278 = DIRECTION('',(0.,1.,0.));
#7279 = ORIENTED_EDGE('',*,*,#7280,.T.);
#7280 = EDGE_CURVE('',#7273,#6511,#7281,.T.);
#7281 = LINE('',#7282,#7283);
#7282 = CARTESIAN_POINT('',(0.592657684746,0.86,0.));
#7283 = VECTOR('',#7284,1.);
#7284 = DIRECTION('',(0.,0.,1.));
#7285 = ORIENTED_EDGE('',*,*,#6510,.F.);
#7286 = PLANE('',#7287);
#7287 = AXIS2_PLACEMENT_3D('',#7288,#7289,#7290);
#7288 = CARTESIAN_POINT('',(0.592657684746,0.64,0.));
#7289 = DIRECTION('',(1.,0.,0.));
#7290 = DIRECTION('',(0.,0.,1.));
#7291 = ADVANCED_FACE('',(#7292),#7326,.T.);
#7292 = FACE_BOUND('',#7293,.T.);
#7293 = EDGE_LOOP('',(#7294,#7295,#7301,#7302,#7308,#7309,#7315,#7316,
    #7322,#7323,#7324,#7325));
#7294 = ORIENTED_EDGE('',*,*,#7048,.T.);
#7295 = ORIENTED_EDGE('',*,*,#7296,.T.);
#7296 = EDGE_CURVE('',#7039,#7094,#7297,.T.);
#7297 = LINE('',#7298,#7299);
#7298 = CARTESIAN_POINT('',(0.6,-1.05,0.13));
#7299 = VECTOR('',#7300,1.);
#7300 = DIRECTION('',(-1.110223024625E-16,1.,0.));
#7301 = ORIENTED_EDGE('',*,*,#7114,.T.);
#7302 = ORIENTED_EDGE('',*,*,#7303,.T.);
#7303 = EDGE_CURVE('',#7105,#7160,#7304,.T.);
#7304 = LINE('',#7305,#7306);
#7305 = CARTESIAN_POINT('',(0.6,-1.05,0.13));
#7306 = VECTOR('',#7307,1.);
#7307 = DIRECTION('',(-1.110223024625E-16,1.,0.));
#7308 = ORIENTED_EDGE('',*,*,#7184,.T.);
#7309 = ORIENTED_EDGE('',*,*,#7310,.T.);
#7310 = EDGE_CURVE('',#7173,#7230,#7311,.T.);
#7311 = LINE('',#7312,#7313);
#7312 = CARTESIAN_POINT('',(0.6,-1.05,0.13));
#7313 = VECTOR('',#7314,1.);
#7314 = DIRECTION('',(-1.110223024625E-16,1.,0.));
#7315 = ORIENTED_EDGE('',*,*,#7250,.T.);
#7316 = ORIENTED_EDGE('',*,*,#7317,.T.);
#7317 = EDGE_CURVE('',#7241,#6557,#7318,.T.);
#7318 = LINE('',#7319,#7320);
#7319 = CARTESIAN_POINT('',(0.6,-1.05,0.13));
#7320 = VECTOR('',#7321,1.);
#7321 = DIRECTION('',(-1.110223024625E-16,1.,0.));
#7322 = ORIENTED_EDGE('',*,*,#6568,.T.);
#7323 = ORIENTED_EDGE('',*,*,#6543,.T.);
#7324 = ORIENTED_EDGE('',*,*,#6836,.F.);
#7325 = ORIENTED_EDGE('',*,*,#6812,.F.);
#7326 = B_SPLINE_SURFACE_WITH_KNOTS('',1,1,(
    (#7327,#7328)
    ,(#7329,#7330
    )),.UNSPECIFIED.,.F.,.F.,.F.,(2,2),(2,2),(0.,2.1),(0.,1.),
  .PIECEWISE_BEZIER_KNOTS.);
#7327 = CARTESIAN_POINT('',(0.6,-1.05,0.13));
#7328 = CARTESIAN_POINT('',(0.565386228088,-1.015386228088,0.625));
#7329 = CARTESIAN_POINT('',(0.6,1.05,0.13));
#7330 = CARTESIAN_POINT('',(0.565386228088,1.015386228088,0.625));
#7331 = ADVANCED_FACE('',(#7332),#7358,.T.);
#7332 = FACE_BOUND('',#7333,.T.);
#7333 = EDGE_LOOP('',(#7334,#7344,#7350,#7351,#7352));
#7334 = ORIENTED_EDGE('',*,*,#7335,.F.);
#7335 = EDGE_CURVE('',#7336,#7338,#7340,.T.);
#7336 = VERTEX_POINT('',#7337);
#7337 = CARTESIAN_POINT('',(0.8,0.86,0.));
#7338 = VERTEX_POINT('',#7339);
#7339 = CARTESIAN_POINT('',(0.8,0.86,0.13));
#7340 = LINE('',#7341,#7342);
#7341 = CARTESIAN_POINT('',(0.8,0.86,0.));
#7342 = VECTOR('',#7343,1.);
#7343 = DIRECTION('',(0.,0.,1.));
#7344 = ORIENTED_EDGE('',*,*,#7345,.F.);
#7345 = EDGE_CURVE('',#7273,#7336,#7346,.T.);
#7346 = LINE('',#7347,#7348);
#7347 = CARTESIAN_POINT('',(0.592657684746,0.86,0.));
#7348 = VECTOR('',#7349,1.);
#7349 = DIRECTION('',(1.,0.,0.));
#7350 = ORIENTED_EDGE('',*,*,#7280,.T.);
#7351 = ORIENTED_EDGE('',*,*,#6556,.T.);
#7352 = ORIENTED_EDGE('',*,*,#7353,.T.);
#7353 = EDGE_CURVE('',#6557,#7338,#7354,.T.);
#7354 = LINE('',#7355,#7356);
#7355 = CARTESIAN_POINT('',(0.592657684746,0.86,0.13));
#7356 = VECTOR('',#7357,1.);
#7357 = DIRECTION('',(1.,0.,0.));
#7358 = PLANE('',#7359);
#7359 = AXIS2_PLACEMENT_3D('',#7360,#7361,#7362);
#7360 = CARTESIAN_POINT('',(0.592657684746,0.86,0.));
#7361 = DIRECTION('',(0.,1.,0.));
#7362 = DIRECTION('',(0.,-0.,1.));
#7363 = ADVANCED_FACE('',(#7364),#7371,.T.);
#7364 = FACE_BOUND('',#7365,.T.);
#7365 = EDGE_LOOP('',(#7366,#7367,#7368,#7369,#7370));
#7366 = ORIENTED_EDGE('',*,*,#6871,.F.);
#7367 = ORIENTED_EDGE('',*,*,#6913,.F.);
#7368 = ORIENTED_EDGE('',*,*,#6895,.T.);
#7369 = ORIENTED_EDGE('',*,*,#6606,.T.);
#7370 = ORIENTED_EDGE('',*,*,#6592,.T.);
#7371 = PLANE('',#7372);
#7372 = AXIS2_PLACEMENT_3D('',#7373,#7374,#7375);
#7373 = CARTESIAN_POINT('',(-0.592657684746,0.64,0.));
#7374 = DIRECTION('',(-1.224646799147E-16,-1.,0.));
#7375 = DIRECTION('',(0.,0.,1.));
#7376 = ADVANCED_FACE('',(#7377),#7396,.F.);
#7377 = FACE_BOUND('',#7378,.F.);
#7378 = EDGE_LOOP('',(#7379,#7387,#7393,#7394,#7395));
#7379 = ORIENTED_EDGE('',*,*,#7380,.F.);
#7380 = EDGE_CURVE('',#7381,#6634,#7383,.T.);
#7381 = VERTEX_POINT('',#7382);
#7382 = CARTESIAN_POINT('',(-0.8,0.36,0.));
#7383 = LINE('',#7384,#7385);
#7384 = CARTESIAN_POINT('',(-0.8,0.36,0.));
#7385 = VECTOR('',#7386,1.);
#7386 = DIRECTION('',(0.,0.,1.));
#7387 = ORIENTED_EDGE('',*,*,#7388,.F.);
#7388 = EDGE_CURVE('',#6928,#7381,#7389,.T.);
#7389 = LINE('',#7390,#7391);
#7390 = CARTESIAN_POINT('',(-0.592657684746,0.36,0.));
#7391 = VECTOR('',#7392,1.);
#7392 = DIRECTION('',(-1.,1.224646799147E-16,0.));
#7393 = ORIENTED_EDGE('',*,*,#6927,.T.);
#7394 = ORIENTED_EDGE('',*,*,#6615,.T.);
#7395 = ORIENTED_EDGE('',*,*,#6633,.T.);
#7396 = PLANE('',#7397);
#7397 = AXIS2_PLACEMENT_3D('',#7398,#7399,#7400);
#7398 = CARTESIAN_POINT('',(-0.592657684746,0.36,0.));
#7399 = DIRECTION('',(-1.224646799147E-16,-1.,0.));
#7400 = DIRECTION('',(0.,0.,1.));
#7401 = ADVANCED_FACE('',(#7402),#7421,.T.);
#7402 = FACE_BOUND('',#7403,.T.);
#7403 = EDGE_LOOP('',(#7404,#7412,#7418,#7419,#7420));
#7404 = ORIENTED_EDGE('',*,*,#7405,.F.);
#7405 = EDGE_CURVE('',#7406,#6642,#7408,.T.);
#7406 = VERTEX_POINT('',#7407);
#7407 = CARTESIAN_POINT('',(-0.8,0.14,0.));
#7408 = LINE('',#7409,#7410);
#7409 = CARTESIAN_POINT('',(-0.8,0.14,0.));
#7410 = VECTOR('',#7411,1.);
#7411 = DIRECTION('',(0.,0.,1.));
#7412 = ORIENTED_EDGE('',*,*,#7413,.F.);
#7413 = EDGE_CURVE('',#6936,#7406,#7414,.T.);
#7414 = LINE('',#7415,#7416);
#7415 = CARTESIAN_POINT('',(-0.592657684746,0.14,0.));
#7416 = VECTOR('',#7417,1.);
#7417 = DIRECTION('',(-1.,1.224646799147E-16,0.));
#7418 = ORIENTED_EDGE('',*,*,#6943,.T.);
#7419 = ORIENTED_EDGE('',*,*,#6663,.T.);
#7420 = ORIENTED_EDGE('',*,*,#6649,.T.);
#7421 = PLANE('',#7422);
#7422 = AXIS2_PLACEMENT_3D('',#7423,#7424,#7425);
#7423 = CARTESIAN_POINT('',(-0.592657684746,0.14,0.));
#7424 = DIRECTION('',(-1.224646799147E-16,-1.,0.));
#7425 = DIRECTION('',(0.,0.,1.));
#7426 = ADVANCED_FACE('',(#7427),#7438,.T.);
#7427 = FACE_BOUND('',#7428,.T.);
#7428 = EDGE_LOOP('',(#7429,#7430,#7436,#7437));
#7429 = ORIENTED_EDGE('',*,*,#7380,.F.);
#7430 = ORIENTED_EDGE('',*,*,#7431,.T.);
#7431 = EDGE_CURVE('',#7381,#7406,#7432,.T.);
#7432 = LINE('',#7433,#7434);
#7433 = CARTESIAN_POINT('',(-0.8,0.36,0.));
#7434 = VECTOR('',#7435,1.);
#7435 = DIRECTION('',(-1.224646799147E-16,-1.,0.));
#7436 = ORIENTED_EDGE('',*,*,#7405,.T.);
#7437 = ORIENTED_EDGE('',*,*,#6641,.F.);
#7438 = PLANE('',#7439);
#7439 = AXIS2_PLACEMENT_3D('',#7440,#7441,#7442);
#7440 = CARTESIAN_POINT('',(-0.8,0.36,0.));
#7441 = DIRECTION('',(-1.,1.224646799147E-16,0.));
#7442 = DIRECTION('',(0.,0.,1.));
#7443 = ADVANCED_FACE('',(#7444),#7463,.F.);
#7444 = FACE_BOUND('',#7445,.F.);
#7445 = EDGE_LOOP('',(#7446,#7454,#7460,#7461,#7462));
#7446 = ORIENTED_EDGE('',*,*,#7447,.F.);
#7447 = EDGE_CURVE('',#7448,#6695,#7450,.T.);
#7448 = VERTEX_POINT('',#7449);
#7449 = CARTESIAN_POINT('',(-0.8,-0.14,0.));
#7450 = LINE('',#7451,#7452);
#7451 = CARTESIAN_POINT('',(-0.8,-0.14,0.));
#7452 = VECTOR('',#7453,1.);
#7453 = DIRECTION('',(0.,0.,1.));
#7454 = ORIENTED_EDGE('',*,*,#7455,.F.);
#7455 = EDGE_CURVE('',#6959,#7448,#7456,.T.);
#7456 = LINE('',#7457,#7458);
#7457 = CARTESIAN_POINT('',(-0.592657684746,-0.14,0.));
#7458 = VECTOR('',#7459,1.);
#7459 = DIRECTION('',(-1.,1.224646799147E-16,0.));
#7460 = ORIENTED_EDGE('',*,*,#6958,.T.);
#7461 = ORIENTED_EDGE('',*,*,#6674,.T.);
#7462 = ORIENTED_EDGE('',*,*,#6694,.T.);
#7463 = PLANE('',#7464);
#7464 = AXIS2_PLACEMENT_3D('',#7465,#7466,#7467);
#7465 = CARTESIAN_POINT('',(-0.592657684746,-0.14,0.));
#7466 = DIRECTION('',(-1.224646799147E-16,-1.,0.));
#7467 = DIRECTION('',(0.,0.,1.));
#7468 = ADVANCED_FACE('',(#7469),#7488,.T.);
#7469 = FACE_BOUND('',#7470,.T.);
#7470 = EDGE_LOOP('',(#7471,#7479,#7485,#7486,#7487));
#7471 = ORIENTED_EDGE('',*,*,#7472,.F.);
#7472 = EDGE_CURVE('',#7473,#6703,#7475,.T.);
#7473 = VERTEX_POINT('',#7474);
#7474 = CARTESIAN_POINT('',(-0.8,-0.36,0.));
#7475 = LINE('',#7476,#7477);
#7476 = CARTESIAN_POINT('',(-0.8,-0.36,0.));
#7477 = VECTOR('',#7478,1.);
#7478 = DIRECTION('',(0.,0.,1.));
#7479 = ORIENTED_EDGE('',*,*,#7480,.F.);
#7480 = EDGE_CURVE('',#6967,#7473,#7481,.T.);
#7481 = LINE('',#7482,#7483);
#7482 = CARTESIAN_POINT('',(-0.592657684746,-0.36,0.));
#7483 = VECTOR('',#7484,1.);
#7484 = DIRECTION('',(-1.,1.224646799147E-16,0.));
#7485 = ORIENTED_EDGE('',*,*,#6974,.T.);
#7486 = ORIENTED_EDGE('',*,*,#6724,.T.);
#7487 = ORIENTED_EDGE('',*,*,#6710,.T.);
#7488 = PLANE('',#7489);
#7489 = AXIS2_PLACEMENT_3D('',#7490,#7491,#7492);
#7490 = CARTESIAN_POINT('',(-0.592657684746,-0.36,0.));
#7491 = DIRECTION('',(-1.224646799147E-16,-1.,0.));
#7492 = DIRECTION('',(0.,0.,1.));
#7493 = ADVANCED_FACE('',(#7494),#7505,.T.);
#7494 = FACE_BOUND('',#7495,.T.);
#7495 = EDGE_LOOP('',(#7496,#7497,#7503,#7504));
#7496 = ORIENTED_EDGE('',*,*,#7447,.F.);
#7497 = ORIENTED_EDGE('',*,*,#7498,.T.);
#7498 = EDGE_CURVE('',#7448,#7473,#7499,.T.);
#7499 = LINE('',#7500,#7501);
#7500 = CARTESIAN_POINT('',(-0.8,-0.14,0.));
#7501 = VECTOR('',#7502,1.);
#7502 = DIRECTION('',(-1.224646799147E-16,-1.,0.));
#7503 = ORIENTED_EDGE('',*,*,#7472,.T.);
#7504 = ORIENTED_EDGE('',*,*,#6702,.F.);
#7505 = PLANE('',#7506);
#7506 = AXIS2_PLACEMENT_3D('',#7507,#7508,#7509);
#7507 = CARTESIAN_POINT('',(-0.8,-0.14,0.));
#7508 = DIRECTION('',(-1.,1.224646799147E-16,0.));
#7509 = DIRECTION('',(0.,0.,1.));
#7510 = ADVANCED_FACE('',(#7511),#7530,.F.);
#7511 = FACE_BOUND('',#7512,.F.);
#7512 = EDGE_LOOP('',(#7513,#7521,#7527,#7528,#7529));
#7513 = ORIENTED_EDGE('',*,*,#7514,.F.);
#7514 = EDGE_CURVE('',#7515,#6752,#7517,.T.);
#7515 = VERTEX_POINT('',#7516);
#7516 = CARTESIAN_POINT('',(-0.8,-0.64,0.));
#7517 = LINE('',#7518,#7519);
#7518 = CARTESIAN_POINT('',(-0.8,-0.64,0.));
#7519 = VECTOR('',#7520,1.);
#7520 = DIRECTION('',(0.,0.,1.));
#7521 = ORIENTED_EDGE('',*,*,#7522,.F.);
#7522 = EDGE_CURVE('',#6990,#7515,#7523,.T.);
#7523 = LINE('',#7524,#7525);
#7524 = CARTESIAN_POINT('',(-0.592657684746,-0.64,0.));
#7525 = VECTOR('',#7526,1.);
#7526 = DIRECTION('',(-1.,1.224646799147E-16,0.));
#7527 = ORIENTED_EDGE('',*,*,#6989,.T.);
#7528 = ORIENTED_EDGE('',*,*,#6733,.T.);
#7529 = ORIENTED_EDGE('',*,*,#6751,.T.);
#7530 = PLANE('',#7531);
#7531 = AXIS2_PLACEMENT_3D('',#7532,#7533,#7534);
#7532 = CARTESIAN_POINT('',(-0.592657684746,-0.64,0.));
#7533 = DIRECTION('',(-1.224646799147E-16,-1.,0.));
#7534 = DIRECTION('',(0.,0.,1.));
#7535 = ADVANCED_FACE('',(#7536),#7555,.T.);
#7536 = FACE_BOUND('',#7537,.T.);
#7537 = EDGE_LOOP('',(#7538,#7546,#7552,#7553,#7554));
#7538 = ORIENTED_EDGE('',*,*,#7539,.F.);
#7539 = EDGE_CURVE('',#7540,#6760,#7542,.T.);
#7540 = VERTEX_POINT('',#7541);
#7541 = CARTESIAN_POINT('',(-0.8,-0.86,0.));
#7542 = LINE('',#7543,#7544);
#7543 = CARTESIAN_POINT('',(-0.8,-0.86,0.));
#7544 = VECTOR('',#7545,1.);
#7545 = DIRECTION('',(0.,0.,1.));
#7546 = ORIENTED_EDGE('',*,*,#7547,.F.);
#7547 = EDGE_CURVE('',#6998,#7540,#7548,.T.);
#7548 = LINE('',#7549,#7550);
#7549 = CARTESIAN_POINT('',(-0.592657684746,-0.86,0.));
#7550 = VECTOR('',#7551,1.);
#7551 = DIRECTION('',(-1.,1.224646799147E-16,0.));
#7552 = ORIENTED_EDGE('',*,*,#7005,.T.);
#7553 = ORIENTED_EDGE('',*,*,#6781,.T.);
#7554 = ORIENTED_EDGE('',*,*,#6767,.T.);
#7555 = PLANE('',#7556);
#7556 = AXIS2_PLACEMENT_3D('',#7557,#7558,#7559);
#7557 = CARTESIAN_POINT('',(-0.592657684746,-0.86,0.));
#7558 = DIRECTION('',(-1.224646799147E-16,-1.,0.));
#7559 = DIRECTION('',(0.,0.,1.));
#7560 = ADVANCED_FACE('',(#7561),#7572,.T.);
#7561 = FACE_BOUND('',#7562,.T.);
#7562 = EDGE_LOOP('',(#7563,#7564,#7570,#7571));
#7563 = ORIENTED_EDGE('',*,*,#7514,.F.);
#7564 = ORIENTED_EDGE('',*,*,#7565,.T.);
#7565 = EDGE_CURVE('',#7515,#7540,#7566,.T.);
#7566 = LINE('',#7567,#7568);
#7567 = CARTESIAN_POINT('',(-0.8,-0.64,0.));
#7568 = VECTOR('',#7569,1.);
#7569 = DIRECTION('',(-1.224646799147E-16,-1.,0.));
#7570 = ORIENTED_EDGE('',*,*,#7539,.T.);
#7571 = ORIENTED_EDGE('',*,*,#6759,.F.);
#7572 = PLANE('',#7573);
#7573 = AXIS2_PLACEMENT_3D('',#7574,#7575,#7576);
#7574 = CARTESIAN_POINT('',(-0.8,-0.64,0.));
#7575 = DIRECTION('',(-1.,1.224646799147E-16,0.));
#7576 = DIRECTION('',(0.,0.,1.));
#7577 = ADVANCED_FACE('',(#7578),#7597,.T.);
#7578 = FACE_BOUND('',#7579,.T.);
#7579 = EDGE_LOOP('',(#7580,#7588,#7595,#7596));
#7580 = ORIENTED_EDGE('',*,*,#7581,.T.);
#7581 = EDGE_CURVE('',#6846,#7582,#7584,.T.);
#7582 = VERTEX_POINT('',#7583);
#7583 = CARTESIAN_POINT('',(-0.365386228088,0.765386228088,0.695));
#7584 = LINE('',#7585,#7586);
#7585 = CARTESIAN_POINT('',(-0.365386228088,0.765386228088,0.625));
#7586 = VECTOR('',#7587,1.);
#7587 = DIRECTION('',(0.,0.,1.));
#7588 = ORIENTED_EDGE('',*,*,#7589,.T.);
#7589 = EDGE_CURVE('',#7582,#7582,#7590,.T.);
#7590 = CIRCLE('',#7591,5.E-02);
#7591 = AXIS2_PLACEMENT_3D('',#7592,#7593,#7594);
#7592 = CARTESIAN_POINT('',(-0.365386228088,0.815386228088,0.695));
#7593 = DIRECTION('',(0.,-0.,-1.));
#7594 = DIRECTION('',(1.110223024625E-16,-1.,0.));
#7595 = ORIENTED_EDGE('',*,*,#7581,.F.);
#7596 = ORIENTED_EDGE('',*,*,#6845,.F.);
#7597 = CYLINDRICAL_SURFACE('',#7598,5.E-02);
#7598 = AXIS2_PLACEMENT_3D('',#7599,#7600,#7601);
#7599 = CARTESIAN_POINT('',(-0.365386228088,0.815386228088,0.625));
#7600 = DIRECTION('',(0.,0.,1.));
#7601 = DIRECTION('',(1.110223024625E-16,-1.,0.));
#7602 = ADVANCED_FACE('',(#7603),#7609,.F.);
#7603 = FACE_BOUND('',#7604,.F.);
#7604 = EDGE_LOOP('',(#7605,#7606,#7607,#7608));
#7605 = ORIENTED_EDGE('',*,*,#6935,.F.);
#7606 = ORIENTED_EDGE('',*,*,#7388,.T.);
#7607 = ORIENTED_EDGE('',*,*,#7431,.T.);
#7608 = ORIENTED_EDGE('',*,*,#7413,.F.);
#7609 = PLANE('',#7610);
#7610 = AXIS2_PLACEMENT_3D('',#7611,#7612,#7613);
#7611 = CARTESIAN_POINT('',(-0.592657684746,0.36,0.));
#7612 = DIRECTION('',(0.,0.,1.));
#7613 = DIRECTION('',(-1.,1.224646799147E-16,0.));
#7614 = ADVANCED_FACE('',(#7615),#7621,.F.);
#7615 = FACE_BOUND('',#7616,.F.);
#7616 = EDGE_LOOP('',(#7617,#7618,#7619,#7620));
#7617 = ORIENTED_EDGE('',*,*,#6966,.F.);
#7618 = ORIENTED_EDGE('',*,*,#7455,.T.);
#7619 = ORIENTED_EDGE('',*,*,#7498,.T.);
#7620 = ORIENTED_EDGE('',*,*,#7480,.F.);
#7621 = PLANE('',#7622);
#7622 = AXIS2_PLACEMENT_3D('',#7623,#7624,#7625);
#7623 = CARTESIAN_POINT('',(-0.592657684746,-0.14,0.));
#7624 = DIRECTION('',(0.,0.,1.));
#7625 = DIRECTION('',(-1.,1.224646799147E-16,0.));
#7626 = ADVANCED_FACE('',(#7627),#7633,.F.);
#7627 = FACE_BOUND('',#7628,.F.);
#7628 = EDGE_LOOP('',(#7629,#7630,#7631,#7632));
#7629 = ORIENTED_EDGE('',*,*,#6997,.F.);
#7630 = ORIENTED_EDGE('',*,*,#7522,.T.);
#7631 = ORIENTED_EDGE('',*,*,#7565,.T.);
#7632 = ORIENTED_EDGE('',*,*,#7547,.F.);
#7633 = PLANE('',#7634);
#7634 = AXIS2_PLACEMENT_3D('',#7635,#7636,#7637);
#7635 = CARTESIAN_POINT('',(-0.592657684746,-0.64,0.));
#7636 = DIRECTION('',(0.,0.,1.));
#7637 = DIRECTION('',(-1.,1.224646799147E-16,0.));
#7638 = ADVANCED_FACE('',(#7639),#7665,.F.);
#7639 = FACE_BOUND('',#7640,.F.);
#7640 = EDGE_LOOP('',(#7641,#7651,#7657,#7658,#7659));
#7641 = ORIENTED_EDGE('',*,*,#7642,.F.);
#7642 = EDGE_CURVE('',#7643,#7645,#7647,.T.);
#7643 = VERTEX_POINT('',#7644);
#7644 = CARTESIAN_POINT('',(0.8,-0.86,0.));
#7645 = VERTEX_POINT('',#7646);
#7646 = CARTESIAN_POINT('',(0.8,-0.86,0.13));
#7647 = LINE('',#7648,#7649);
#7648 = CARTESIAN_POINT('',(0.8,-0.86,0.));
#7649 = VECTOR('',#7650,1.);
#7650 = DIRECTION('',(0.,0.,1.));
#7651 = ORIENTED_EDGE('',*,*,#7652,.F.);
#7652 = EDGE_CURVE('',#7063,#7643,#7653,.T.);
#7653 = LINE('',#7654,#7655);
#7654 = CARTESIAN_POINT('',(0.592657684746,-0.86,0.));
#7655 = VECTOR('',#7656,1.);
#7656 = DIRECTION('',(1.,0.,0.));
#7657 = ORIENTED_EDGE('',*,*,#7062,.T.);
#7658 = ORIENTED_EDGE('',*,*,#7038,.T.);
#7659 = ORIENTED_EDGE('',*,*,#7660,.T.);
#7660 = EDGE_CURVE('',#7039,#7645,#7661,.T.);
#7661 = LINE('',#7662,#7663);
#7662 = CARTESIAN_POINT('',(0.592657684746,-0.86,0.13));
#7663 = VECTOR('',#7664,1.);
#7664 = DIRECTION('',(1.,0.,0.));
#7665 = PLANE('',#7666);
#7666 = AXIS2_PLACEMENT_3D('',#7667,#7668,#7669);
#7667 = CARTESIAN_POINT('',(0.592657684746,-0.86,0.));
#7668 = DIRECTION('',(0.,1.,0.));
#7669 = DIRECTION('',(0.,-0.,1.));
#7670 = ADVANCED_FACE('',(#7671),#7697,.T.);
#7671 = FACE_BOUND('',#7672,.T.);
#7672 = EDGE_LOOP('',(#7673,#7683,#7689,#7690,#7691));
#7673 = ORIENTED_EDGE('',*,*,#7674,.F.);
#7674 = EDGE_CURVE('',#7675,#7677,#7679,.T.);
#7675 = VERTEX_POINT('',#7676);
#7676 = CARTESIAN_POINT('',(0.8,-0.64,0.));
#7677 = VERTEX_POINT('',#7678);
#7678 = CARTESIAN_POINT('',(0.8,-0.64,0.13));
#7679 = LINE('',#7680,#7681);
#7680 = CARTESIAN_POINT('',(0.8,-0.64,0.));
#7681 = VECTOR('',#7682,1.);
#7682 = DIRECTION('',(0.,0.,1.));
#7683 = ORIENTED_EDGE('',*,*,#7684,.F.);
#7684 = EDGE_CURVE('',#7071,#7675,#7685,.T.);
#7685 = LINE('',#7686,#7687);
#7686 = CARTESIAN_POINT('',(0.592657684746,-0.64,0.));
#7687 = VECTOR('',#7688,1.);
#7688 = DIRECTION('',(1.,0.,0.));
#7689 = ORIENTED_EDGE('',*,*,#7078,.T.);
#7690 = ORIENTED_EDGE('',*,*,#7093,.T.);
#7691 = ORIENTED_EDGE('',*,*,#7692,.T.);
#7692 = EDGE_CURVE('',#7094,#7677,#7693,.T.);
#7693 = LINE('',#7694,#7695);
#7694 = CARTESIAN_POINT('',(0.592657684746,-0.64,0.13));
#7695 = VECTOR('',#7696,1.);
#7696 = DIRECTION('',(1.,0.,0.));
#7697 = PLANE('',#7698);
#7698 = AXIS2_PLACEMENT_3D('',#7699,#7700,#7701);
#7699 = CARTESIAN_POINT('',(0.592657684746,-0.64,0.));
#7700 = DIRECTION('',(0.,1.,0.));
#7701 = DIRECTION('',(0.,-0.,1.));
#7702 = ADVANCED_FACE('',(#7703),#7714,.F.);
#7703 = FACE_BOUND('',#7704,.F.);
#7704 = EDGE_LOOP('',(#7705,#7706,#7707,#7713));
#7705 = ORIENTED_EDGE('',*,*,#7070,.F.);
#7706 = ORIENTED_EDGE('',*,*,#7652,.T.);
#7707 = ORIENTED_EDGE('',*,*,#7708,.T.);
#7708 = EDGE_CURVE('',#7643,#7675,#7709,.T.);
#7709 = LINE('',#7710,#7711);
#7710 = CARTESIAN_POINT('',(0.8,-0.86,0.));
#7711 = VECTOR('',#7712,1.);
#7712 = DIRECTION('',(0.,1.,0.));
#7713 = ORIENTED_EDGE('',*,*,#7684,.F.);
#7714 = PLANE('',#7715);
#7715 = AXIS2_PLACEMENT_3D('',#7716,#7717,#7718);
#7716 = CARTESIAN_POINT('',(0.592657684746,-0.86,0.));
#7717 = DIRECTION('',(0.,0.,1.));
#7718 = DIRECTION('',(1.,0.,-0.));
#7719 = ADVANCED_FACE('',(#7720),#7746,.F.);
#7720 = FACE_BOUND('',#7721,.F.);
#7721 = EDGE_LOOP('',(#7722,#7732,#7738,#7739,#7740));
#7722 = ORIENTED_EDGE('',*,*,#7723,.F.);
#7723 = EDGE_CURVE('',#7724,#7726,#7728,.T.);
#7724 = VERTEX_POINT('',#7725);
#7725 = CARTESIAN_POINT('',(0.8,-0.36,0.));
#7726 = VERTEX_POINT('',#7727);
#7727 = CARTESIAN_POINT('',(0.8,-0.36,0.13));
#7728 = LINE('',#7729,#7730);
#7729 = CARTESIAN_POINT('',(0.8,-0.36,0.));
#7730 = VECTOR('',#7731,1.);
#7731 = DIRECTION('',(0.,0.,1.));
#7732 = ORIENTED_EDGE('',*,*,#7733,.F.);
#7733 = EDGE_CURVE('',#7129,#7724,#7734,.T.);
#7734 = LINE('',#7735,#7736);
#7735 = CARTESIAN_POINT('',(0.592657684746,-0.36,0.));
#7736 = VECTOR('',#7737,1.);
#7737 = DIRECTION('',(1.,0.,0.));
#7738 = ORIENTED_EDGE('',*,*,#7128,.T.);
#7739 = ORIENTED_EDGE('',*,*,#7104,.T.);
#7740 = ORIENTED_EDGE('',*,*,#7741,.T.);
#7741 = EDGE_CURVE('',#7105,#7726,#7742,.T.);
#7742 = LINE('',#7743,#7744);
#7743 = CARTESIAN_POINT('',(0.592657684746,-0.36,0.13));
#7744 = VECTOR('',#7745,1.);
#7745 = DIRECTION('',(1.,0.,0.));
#7746 = PLANE('',#7747);
#7747 = AXIS2_PLACEMENT_3D('',#7748,#7749,#7750);
#7748 = CARTESIAN_POINT('',(0.592657684746,-0.36,0.));
#7749 = DIRECTION('',(0.,1.,0.));
#7750 = DIRECTION('',(0.,-0.,1.));
#7751 = ADVANCED_FACE('',(#7752),#7778,.T.);
#7752 = FACE_BOUND('',#7753,.T.);
#7753 = EDGE_LOOP('',(#7754,#7764,#7770,#7771,#7772));
#7754 = ORIENTED_EDGE('',*,*,#7755,.F.);
#7755 = EDGE_CURVE('',#7756,#7758,#7760,.T.);
#7756 = VERTEX_POINT('',#7757);
#7757 = CARTESIAN_POINT('',(0.8,-0.14,0.));
#7758 = VERTEX_POINT('',#7759);
#7759 = CARTESIAN_POINT('',(0.8,-0.14,0.13));
#7760 = LINE('',#7761,#7762);
#7761 = CARTESIAN_POINT('',(0.8,-0.14,0.));
#7762 = VECTOR('',#7763,1.);
#7763 = DIRECTION('',(0.,0.,1.));
#7764 = ORIENTED_EDGE('',*,*,#7765,.F.);
#7765 = EDGE_CURVE('',#7137,#7756,#7766,.T.);
#7766 = LINE('',#7767,#7768);
#7767 = CARTESIAN_POINT('',(0.592657684746,-0.14,0.));
#7768 = VECTOR('',#7769,1.);
#7769 = DIRECTION('',(1.,0.,0.));
#7770 = ORIENTED_EDGE('',*,*,#7144,.T.);
#7771 = ORIENTED_EDGE('',*,*,#7159,.T.);
#7772 = ORIENTED_EDGE('',*,*,#7773,.T.);
#7773 = EDGE_CURVE('',#7160,#7758,#7774,.T.);
#7774 = LINE('',#7775,#7776);
#7775 = CARTESIAN_POINT('',(0.592657684746,-0.14,0.13));
#7776 = VECTOR('',#7777,1.);
#7777 = DIRECTION('',(1.,0.,0.));
#7778 = PLANE('',#7779);
#7779 = AXIS2_PLACEMENT_3D('',#7780,#7781,#7782);
#7780 = CARTESIAN_POINT('',(0.592657684746,-0.14,0.));
#7781 = DIRECTION('',(0.,1.,0.));
#7782 = DIRECTION('',(0.,-0.,1.));
#7783 = ADVANCED_FACE('',(#7784),#7795,.F.);
#7784 = FACE_BOUND('',#7785,.F.);
#7785 = EDGE_LOOP('',(#7786,#7787,#7788,#7794));
#7786 = ORIENTED_EDGE('',*,*,#7136,.F.);
#7787 = ORIENTED_EDGE('',*,*,#7733,.T.);
#7788 = ORIENTED_EDGE('',*,*,#7789,.T.);
#7789 = EDGE_CURVE('',#7724,#7756,#7790,.T.);
#7790 = LINE('',#7791,#7792);
#7791 = CARTESIAN_POINT('',(0.8,-0.36,0.));
#7792 = VECTOR('',#7793,1.);
#7793 = DIRECTION('',(0.,1.,0.));
#7794 = ORIENTED_EDGE('',*,*,#7765,.F.);
#7795 = PLANE('',#7796);
#7796 = AXIS2_PLACEMENT_3D('',#7797,#7798,#7799);
#7797 = CARTESIAN_POINT('',(0.592657684746,-0.36,0.));
#7798 = DIRECTION('',(0.,0.,1.));
#7799 = DIRECTION('',(1.,0.,-0.));
#7800 = ADVANCED_FACE('',(#7801),#7827,.F.);
#7801 = FACE_BOUND('',#7802,.F.);
#7802 = EDGE_LOOP('',(#7803,#7813,#7819,#7820,#7821));
#7803 = ORIENTED_EDGE('',*,*,#7804,.F.);
#7804 = EDGE_CURVE('',#7805,#7807,#7809,.T.);
#7805 = VERTEX_POINT('',#7806);
#7806 = CARTESIAN_POINT('',(0.8,0.14,0.));
#7807 = VERTEX_POINT('',#7808);
#7808 = CARTESIAN_POINT('',(0.8,0.14,0.13));
#7809 = LINE('',#7810,#7811);
#7810 = CARTESIAN_POINT('',(0.8,0.14,0.));
#7811 = VECTOR('',#7812,1.);
#7812 = DIRECTION('',(0.,0.,1.));
#7813 = ORIENTED_EDGE('',*,*,#7814,.F.);
#7814 = EDGE_CURVE('',#7199,#7805,#7815,.T.);
#7815 = LINE('',#7816,#7817);
#7816 = CARTESIAN_POINT('',(0.592657684746,0.14,0.));
#7817 = VECTOR('',#7818,1.);
#7818 = DIRECTION('',(1.,0.,0.));
#7819 = ORIENTED_EDGE('',*,*,#7198,.T.);
#7820 = ORIENTED_EDGE('',*,*,#7172,.T.);
#7821 = ORIENTED_EDGE('',*,*,#7822,.T.);
#7822 = EDGE_CURVE('',#7173,#7807,#7823,.T.);
#7823 = LINE('',#7824,#7825);
#7824 = CARTESIAN_POINT('',(0.592657684746,0.14,0.13));
#7825 = VECTOR('',#7826,1.);
#7826 = DIRECTION('',(1.,0.,0.));
#7827 = PLANE('',#7828);
#7828 = AXIS2_PLACEMENT_3D('',#7829,#7830,#7831);
#7829 = CARTESIAN_POINT('',(0.592657684746,0.14,0.));
#7830 = DIRECTION('',(0.,1.,0.));
#7831 = DIRECTION('',(0.,-0.,1.));
#7832 = ADVANCED_FACE('',(#7833),#7859,.T.);
#7833 = FACE_BOUND('',#7834,.T.);
#7834 = EDGE_LOOP('',(#7835,#7845,#7851,#7852,#7853));
#7835 = ORIENTED_EDGE('',*,*,#7836,.F.);
#7836 = EDGE_CURVE('',#7837,#7839,#7841,.T.);
#7837 = VERTEX_POINT('',#7838);
#7838 = CARTESIAN_POINT('',(0.8,0.36,0.));
#7839 = VERTEX_POINT('',#7840);
#7840 = CARTESIAN_POINT('',(0.8,0.36,0.13));
#7841 = LINE('',#7842,#7843);
#7842 = CARTESIAN_POINT('',(0.8,0.36,0.));
#7843 = VECTOR('',#7844,1.);
#7844 = DIRECTION('',(0.,0.,1.));
#7845 = ORIENTED_EDGE('',*,*,#7846,.F.);
#7846 = EDGE_CURVE('',#7207,#7837,#7847,.T.);
#7847 = LINE('',#7848,#7849);
#7848 = CARTESIAN_POINT('',(0.592657684746,0.36,0.));
#7849 = VECTOR('',#7850,1.);
#7850 = DIRECTION('',(1.,0.,0.));
#7851 = ORIENTED_EDGE('',*,*,#7214,.T.);
#7852 = ORIENTED_EDGE('',*,*,#7229,.T.);
#7853 = ORIENTED_EDGE('',*,*,#7854,.T.);
#7854 = EDGE_CURVE('',#7230,#7839,#7855,.T.);
#7855 = LINE('',#7856,#7857);
#7856 = CARTESIAN_POINT('',(0.592657684746,0.36,0.13));
#7857 = VECTOR('',#7858,1.);
#7858 = DIRECTION('',(1.,0.,0.));
#7859 = PLANE('',#7860);
#7860 = AXIS2_PLACEMENT_3D('',#7861,#7862,#7863);
#7861 = CARTESIAN_POINT('',(0.592657684746,0.36,0.));
#7862 = DIRECTION('',(0.,1.,0.));
#7863 = DIRECTION('',(0.,-0.,1.));
#7864 = ADVANCED_FACE('',(#7865),#7876,.F.);
#7865 = FACE_BOUND('',#7866,.F.);
#7866 = EDGE_LOOP('',(#7867,#7868,#7869,#7875));
#7867 = ORIENTED_EDGE('',*,*,#7206,.F.);
#7868 = ORIENTED_EDGE('',*,*,#7814,.T.);
#7869 = ORIENTED_EDGE('',*,*,#7870,.T.);
#7870 = EDGE_CURVE('',#7805,#7837,#7871,.T.);
#7871 = LINE('',#7872,#7873);
#7872 = CARTESIAN_POINT('',(0.8,0.14,0.));
#7873 = VECTOR('',#7874,1.);
#7874 = DIRECTION('',(0.,1.,0.));
#7875 = ORIENTED_EDGE('',*,*,#7846,.F.);
#7876 = PLANE('',#7877);
#7877 = AXIS2_PLACEMENT_3D('',#7878,#7879,#7880);
#7878 = CARTESIAN_POINT('',(0.592657684746,0.14,0.));
#7879 = DIRECTION('',(0.,0.,1.));
#7880 = DIRECTION('',(1.,0.,-0.));
#7881 = ADVANCED_FACE('',(#7882),#7908,.F.);
#7882 = FACE_BOUND('',#7883,.F.);
#7883 = EDGE_LOOP('',(#7884,#7894,#7900,#7901,#7902));
#7884 = ORIENTED_EDGE('',*,*,#7885,.F.);
#7885 = EDGE_CURVE('',#7886,#7888,#7890,.T.);
#7886 = VERTEX_POINT('',#7887);
#7887 = CARTESIAN_POINT('',(0.8,0.64,0.));
#7888 = VERTEX_POINT('',#7889);
#7889 = CARTESIAN_POINT('',(0.8,0.64,0.13));
#7890 = LINE('',#7891,#7892);
#7891 = CARTESIAN_POINT('',(0.8,0.64,0.));
#7892 = VECTOR('',#7893,1.);
#7893 = DIRECTION('',(0.,0.,1.));
#7894 = ORIENTED_EDGE('',*,*,#7895,.F.);
#7895 = EDGE_CURVE('',#7265,#7886,#7896,.T.);
#7896 = LINE('',#7897,#7898);
#7897 = CARTESIAN_POINT('',(0.592657684746,0.64,0.));
#7898 = VECTOR('',#7899,1.);
#7899 = DIRECTION('',(1.,0.,0.));
#7900 = ORIENTED_EDGE('',*,*,#7264,.T.);
#7901 = ORIENTED_EDGE('',*,*,#7240,.T.);
#7902 = ORIENTED_EDGE('',*,*,#7903,.T.);
#7903 = EDGE_CURVE('',#7241,#7888,#7904,.T.);
#7904 = LINE('',#7905,#7906);
#7905 = CARTESIAN_POINT('',(0.592657684746,0.64,0.13));
#7906 = VECTOR('',#7907,1.);
#7907 = DIRECTION('',(1.,0.,0.));
#7908 = PLANE('',#7909);
#7909 = AXIS2_PLACEMENT_3D('',#7910,#7911,#7912);
#7910 = CARTESIAN_POINT('',(0.592657684746,0.64,0.));
#7911 = DIRECTION('',(0.,1.,0.));
#7912 = DIRECTION('',(0.,-0.,1.));
#7913 = ADVANCED_FACE('',(#7914),#7925,.F.);
#7914 = FACE_BOUND('',#7915,.F.);
#7915 = EDGE_LOOP('',(#7916,#7917,#7918,#7924));
#7916 = ORIENTED_EDGE('',*,*,#7272,.F.);
#7917 = ORIENTED_EDGE('',*,*,#7895,.T.);
#7918 = ORIENTED_EDGE('',*,*,#7919,.T.);
#7919 = EDGE_CURVE('',#7886,#7336,#7920,.T.);
#7920 = LINE('',#7921,#7922);
#7921 = CARTESIAN_POINT('',(0.8,0.64,0.));
#7922 = VECTOR('',#7923,1.);
#7923 = DIRECTION('',(0.,1.,0.));
#7924 = ORIENTED_EDGE('',*,*,#7345,.F.);
#7925 = PLANE('',#7926);
#7926 = AXIS2_PLACEMENT_3D('',#7927,#7928,#7929);
#7927 = CARTESIAN_POINT('',(0.592657684746,0.64,0.));
#7928 = DIRECTION('',(0.,0.,1.));
#7929 = DIRECTION('',(1.,0.,-0.));
#7930 = ADVANCED_FACE('',(#7931),#7942,.T.);
#7931 = FACE_BOUND('',#7932,.T.);
#7932 = EDGE_LOOP('',(#7933,#7934,#7935,#7941));
#7933 = ORIENTED_EDGE('',*,*,#7296,.F.);
#7934 = ORIENTED_EDGE('',*,*,#7660,.T.);
#7935 = ORIENTED_EDGE('',*,*,#7936,.T.);
#7936 = EDGE_CURVE('',#7645,#7677,#7937,.T.);
#7937 = LINE('',#7938,#7939);
#7938 = CARTESIAN_POINT('',(0.8,-0.86,0.13));
#7939 = VECTOR('',#7940,1.);
#7940 = DIRECTION('',(0.,1.,0.));
#7941 = ORIENTED_EDGE('',*,*,#7692,.F.);
#7942 = PLANE('',#7943);
#7943 = AXIS2_PLACEMENT_3D('',#7944,#7945,#7946);
#7944 = CARTESIAN_POINT('',(0.592657684746,-0.86,0.13));
#7945 = DIRECTION('',(0.,0.,1.));
#7946 = DIRECTION('',(1.,0.,-0.));
#7947 = ADVANCED_FACE('',(#7948),#7959,.T.);
#7948 = FACE_BOUND('',#7949,.T.);
#7949 = EDGE_LOOP('',(#7950,#7951,#7952,#7958));
#7950 = ORIENTED_EDGE('',*,*,#7303,.F.);
#7951 = ORIENTED_EDGE('',*,*,#7741,.T.);
#7952 = ORIENTED_EDGE('',*,*,#7953,.T.);
#7953 = EDGE_CURVE('',#7726,#7758,#7954,.T.);
#7954 = LINE('',#7955,#7956);
#7955 = CARTESIAN_POINT('',(0.8,-0.36,0.13));
#7956 = VECTOR('',#7957,1.);
#7957 = DIRECTION('',(0.,1.,0.));
#7958 = ORIENTED_EDGE('',*,*,#7773,.F.);
#7959 = PLANE('',#7960);
#7960 = AXIS2_PLACEMENT_3D('',#7961,#7962,#7963);
#7961 = CARTESIAN_POINT('',(0.592657684746,-0.36,0.13));
#7962 = DIRECTION('',(0.,0.,1.));
#7963 = DIRECTION('',(1.,0.,-0.));
#7964 = ADVANCED_FACE('',(#7965),#7976,.T.);
#7965 = FACE_BOUND('',#7966,.T.);
#7966 = EDGE_LOOP('',(#7967,#7968,#7969,#7975));
#7967 = ORIENTED_EDGE('',*,*,#7310,.F.);
#7968 = ORIENTED_EDGE('',*,*,#7822,.T.);
#7969 = ORIENTED_EDGE('',*,*,#7970,.T.);
#7970 = EDGE_CURVE('',#7807,#7839,#7971,.T.);
#7971 = LINE('',#7972,#7973);
#7972 = CARTESIAN_POINT('',(0.8,0.14,0.13));
#7973 = VECTOR('',#7974,1.);
#7974 = DIRECTION('',(0.,1.,0.));
#7975 = ORIENTED_EDGE('',*,*,#7854,.F.);
#7976 = PLANE('',#7977);
#7977 = AXIS2_PLACEMENT_3D('',#7978,#7979,#7980);
#7978 = CARTESIAN_POINT('',(0.592657684746,0.14,0.13));
#7979 = DIRECTION('',(0.,0.,1.));
#7980 = DIRECTION('',(1.,0.,-0.));
#7981 = ADVANCED_FACE('',(#7982),#7993,.T.);
#7982 = FACE_BOUND('',#7983,.T.);
#7983 = EDGE_LOOP('',(#7984,#7985,#7986,#7992));
#7984 = ORIENTED_EDGE('',*,*,#7317,.F.);
#7985 = ORIENTED_EDGE('',*,*,#7903,.T.);
#7986 = ORIENTED_EDGE('',*,*,#7987,.T.);
#7987 = EDGE_CURVE('',#7888,#7338,#7988,.T.);
#7988 = LINE('',#7989,#7990);
#7989 = CARTESIAN_POINT('',(0.8,0.64,0.13));
#7990 = VECTOR('',#7991,1.);
#7991 = DIRECTION('',(0.,1.,0.));
#7992 = ORIENTED_EDGE('',*,*,#7353,.F.);
#7993 = PLANE('',#7994);
#7994 = AXIS2_PLACEMENT_3D('',#7995,#7996,#7997);
#7995 = CARTESIAN_POINT('',(0.592657684746,0.64,0.13));
#7996 = DIRECTION('',(0.,0.,1.));
#7997 = DIRECTION('',(1.,0.,-0.));
#7998 = ADVANCED_FACE('',(#7999),#8005,.T.);
#7999 = FACE_BOUND('',#8000,.T.);
#8000 = EDGE_LOOP('',(#8001,#8002,#8003,#8004));
#8001 = ORIENTED_EDGE('',*,*,#7885,.F.);
#8002 = ORIENTED_EDGE('',*,*,#7919,.T.);
#8003 = ORIENTED_EDGE('',*,*,#7335,.T.);
#8004 = ORIENTED_EDGE('',*,*,#7987,.F.);
#8005 = PLANE('',#8006);
#8006 = AXIS2_PLACEMENT_3D('',#8007,#8008,#8009);
#8007 = CARTESIAN_POINT('',(0.8,0.64,0.));
#8008 = DIRECTION('',(1.,0.,0.));
#8009 = DIRECTION('',(0.,0.,1.));
#8010 = ADVANCED_FACE('',(#8011),#8014,.F.);
#8011 = FACE_BOUND('',#8012,.F.);
#8012 = EDGE_LOOP('',(#8013));
#8013 = ORIENTED_EDGE('',*,*,#7589,.T.);
#8014 = PLANE('',#8015);
#8015 = AXIS2_PLACEMENT_3D('',#8016,#8017,#8018);
#8016 = CARTESIAN_POINT('',(-0.365386228088,0.815386228088,0.695));
#8017 = DIRECTION('',(0.,0.,-1.));
#8018 = DIRECTION('',(1.110223024625E-16,-1.,0.));
#8019 = ADVANCED_FACE('',(#8020),#8026,.T.);
#8020 = FACE_BOUND('',#8021,.T.);
#8021 = EDGE_LOOP('',(#8022,#8023,#8024,#8025));
#8022 = ORIENTED_EDGE('',*,*,#7642,.F.);
#8023 = ORIENTED_EDGE('',*,*,#7708,.T.);
#8024 = ORIENTED_EDGE('',*,*,#7674,.T.);
#8025 = ORIENTED_EDGE('',*,*,#7936,.F.);
#8026 = PLANE('',#8027);
#8027 = AXIS2_PLACEMENT_3D('',#8028,#8029,#8030);
#8028 = CARTESIAN_POINT('',(0.8,-0.86,0.));
#8029 = DIRECTION('',(1.,0.,0.));
#8030 = DIRECTION('',(0.,0.,1.));
#8031 = ADVANCED_FACE('',(#8032),#8038,.T.);
#8032 = FACE_BOUND('',#8033,.T.);
#8033 = EDGE_LOOP('',(#8034,#8035,#8036,#8037));
#8034 = ORIENTED_EDGE('',*,*,#7723,.F.);
#8035 = ORIENTED_EDGE('',*,*,#7789,.T.);
#8036 = ORIENTED_EDGE('',*,*,#7755,.T.);
#8037 = ORIENTED_EDGE('',*,*,#7953,.F.);
#8038 = PLANE('',#8039);
#8039 = AXIS2_PLACEMENT_3D('',#8040,#8041,#8042);
#8040 = CARTESIAN_POINT('',(0.8,-0.36,0.));
#8041 = DIRECTION('',(1.,0.,0.));
#8042 = DIRECTION('',(0.,0.,1.));
#8043 = ADVANCED_FACE('',(#8044),#8050,.T.);
#8044 = FACE_BOUND('',#8045,.T.);
#8045 = EDGE_LOOP('',(#8046,#8047,#8048,#8049));
#8046 = ORIENTED_EDGE('',*,*,#7804,.F.);
#8047 = ORIENTED_EDGE('',*,*,#7870,.T.);
#8048 = ORIENTED_EDGE('',*,*,#7836,.T.);
#8049 = ORIENTED_EDGE('',*,*,#7970,.F.);
#8050 = PLANE('',#8051);
#8051 = AXIS2_PLACEMENT_3D('',#8052,#8053,#8054);
#8052 = CARTESIAN_POINT('',(0.8,0.14,0.));
#8053 = DIRECTION('',(1.,0.,0.));
#8054 = DIRECTION('',(0.,0.,1.));
#8055 = ( GEOMETRIC_REPRESENTATION_CONTEXT(3) 
GLOBAL_UNCERTAINTY_ASSIGNED_CONTEXT((#8059)) 
GLOBAL_UNIT_ASSIGNED_CONTEXT((#8056,#8057,#8058)) REPRESENTATION_CONTEXT
('Context #1','3D Context with UNIT and UNCERTAINTY') );
#8056 = ( LENGTH_UNIT() NAMED_UNIT(*) SI_UNIT(.MILLI.,.METRE.) );
#8057 = ( NAMED_UNIT(*) PLANE_ANGLE_UNIT() SI_UNIT($,.RADIAN.) );
#8058 = ( NAMED_UNIT(*) SI_UNIT($,.STERADIAN.) SOLID_ANGLE_UNIT() );
#8059 = UNCERTAINTY_MEASURE_WITH_UNIT(LENGTH_MEASURE(2.E-06),#8056,
  'distance_accuracy_value','confusion accuracy');
#8060 = CONTEXT_DEPENDENT_SHAPE_REPRESENTATION(#8061,#8063);
#8061 = ( REPRESENTATION_RELATIONSHIP('','',#6171,#10) 
REPRESENTATION_RELATIONSHIP_WITH_TRANSFORMATION(#8062) 
SHAPE_REPRESENTATION_RELATIONSHIP() );
#8062 = ITEM_DEFINED_TRANSFORMATION('','',#11,#43);
#8063 = PRODUCT_DEFINITION_SHAPE('Placement','Placement of an item',
  #8064);
#8064 = NEXT_ASSEMBLY_USAGE_OCCURRENCE('8','U7','',#5,#6166,$);
#8065 = PRODUCT_RELATED_PRODUCT_CATEGORY('part',$,(#6168));
#8066 = SHAPE_DEFINITION_REPRESENTATION(#8067,#8073);
#8067 = PRODUCT_DEFINITION_SHAPE('','',#8068);
#8068 = PRODUCT_DEFINITION('design','',#8069,#8072);
#8069 = PRODUCT_DEFINITION_FORMATION('','',#8070);
#8070 = PRODUCT('R_0603_1608Metric','R_0603_1608Metric','',(#8071));
#8071 = PRODUCT_CONTEXT('',#2,'mechanical');
#8072 = PRODUCT_DEFINITION_CONTEXT('part definition',#2,'design');
#8073 = ADVANCED_BREP_SHAPE_REPRESENTATION('',(#11,#8074),#8864);
#8074 = MANIFOLD_SOLID_BREP('',#8075);
#8075 = CLOSED_SHELL('',(#8076,#8116,#8199,#8224,#8249,#8316,#8333,#8350
    ,#8399,#8416,#8433,#8482,#8499,#8568,#8599,#8623,#8692,#8716,#8733,
    #8750,#8767,#8784,#8801,#8818,#8835,#8852));
#8076 = ADVANCED_FACE('',(#8077),#8111,.F.);
#8077 = FACE_BOUND('',#8078,.F.);
#8078 = EDGE_LOOP('',(#8079,#8089,#8097,#8105));
#8079 = ORIENTED_EDGE('',*,*,#8080,.F.);
#8080 = EDGE_CURVE('',#8081,#8083,#8085,.T.);
#8081 = VERTEX_POINT('',#8082);
#8082 = CARTESIAN_POINT('',(-0.8,-0.4,4.5E-02));
#8083 = VERTEX_POINT('',#8084);
#8084 = CARTESIAN_POINT('',(-0.8,-0.4,0.405));
#8085 = LINE('',#8086,#8087);
#8086 = CARTESIAN_POINT('',(-0.8,-0.4,0.));
#8087 = VECTOR('',#8088,1.);
#8088 = DIRECTION('',(0.,0.,1.));
#8089 = ORIENTED_EDGE('',*,*,#8090,.T.);
#8090 = EDGE_CURVE('',#8081,#8091,#8093,.T.);
#8091 = VERTEX_POINT('',#8092);
#8092 = CARTESIAN_POINT('',(-0.8,0.4,4.5E-02));
#8093 = LINE('',#8094,#8095);
#8094 = CARTESIAN_POINT('',(-0.8,-0.4,4.5E-02));
#8095 = VECTOR('',#8096,1.);
#8096 = DIRECTION('',(0.,1.,0.));
#8097 = ORIENTED_EDGE('',*,*,#8098,.T.);
#8098 = EDGE_CURVE('',#8091,#8099,#8101,.T.);
#8099 = VERTEX_POINT('',#8100);
#8100 = CARTESIAN_POINT('',(-0.8,0.4,0.405));
#8101 = LINE('',#8102,#8103);
#8102 = CARTESIAN_POINT('',(-0.8,0.4,0.));
#8103 = VECTOR('',#8104,1.);
#8104 = DIRECTION('',(0.,0.,1.));
#8105 = ORIENTED_EDGE('',*,*,#8106,.F.);
#8106 = EDGE_CURVE('',#8083,#8099,#8107,.T.);
#8107 = LINE('',#8108,#8109);
#8108 = CARTESIAN_POINT('',(-0.8,-0.4,0.405));
#8109 = VECTOR('',#8110,1.);
#8110 = DIRECTION('',(0.,1.,0.));
#8111 = PLANE('',#8112);
#8112 = AXIS2_PLACEMENT_3D('',#8113,#8114,#8115);
#8113 = CARTESIAN_POINT('',(-0.8,-0.4,0.));
#8114 = DIRECTION('',(1.,0.,0.));
#8115 = DIRECTION('',(0.,0.,1.));
#8116 = ADVANCED_FACE('',(#8117),#8194,.F.);
#8117 = FACE_BOUND('',#8118,.F.);
#8118 = EDGE_LOOP('',(#8119,#8129,#8136,#8137,#8146,#8154,#8163,#8171,
    #8179,#8187));
#8119 = ORIENTED_EDGE('',*,*,#8120,.F.);
#8120 = EDGE_CURVE('',#8121,#8123,#8125,.T.);
#8121 = VERTEX_POINT('',#8122);
#8122 = CARTESIAN_POINT('',(-0.755,-0.4,-2.775557561563E-17));
#8123 = VERTEX_POINT('',#8124);
#8124 = CARTESIAN_POINT('',(-0.545,-0.4,-2.775557561563E-17));
#8125 = LINE('',#8126,#8127);
#8126 = CARTESIAN_POINT('',(-0.8,-0.4,0.));
#8127 = VECTOR('',#8128,1.);
#8128 = DIRECTION('',(1.,0.,0.));
#8129 = ORIENTED_EDGE('',*,*,#8130,.F.);
#8130 = EDGE_CURVE('',#8081,#8121,#8131,.T.);
#8131 = CIRCLE('',#8132,4.5E-02);
#8132 = AXIS2_PLACEMENT_3D('',#8133,#8134,#8135);
#8133 = CARTESIAN_POINT('',(-0.755,-0.4,4.5E-02));
#8134 = DIRECTION('',(0.,-1.,0.));
#8135 = DIRECTION('',(0.,0.,1.));
#8136 = ORIENTED_EDGE('',*,*,#8080,.T.);
#8137 = ORIENTED_EDGE('',*,*,#8138,.T.);
#8138 = EDGE_CURVE('',#8083,#8139,#8141,.T.);
#8139 = VERTEX_POINT('',#8140);
#8140 = CARTESIAN_POINT('',(-0.755,-0.4,0.45));
#8141 = CIRCLE('',#8142,4.5E-02);
#8142 = AXIS2_PLACEMENT_3D('',#8143,#8144,#8145);
#8143 = CARTESIAN_POINT('',(-0.755,-0.4,0.405));
#8144 = DIRECTION('',(0.,1.,0.));
#8145 = DIRECTION('',(0.,-0.,1.));
#8146 = ORIENTED_EDGE('',*,*,#8147,.T.);
#8147 = EDGE_CURVE('',#8139,#8148,#8150,.T.);
#8148 = VERTEX_POINT('',#8149);
#8149 = CARTESIAN_POINT('',(-0.545,-0.4,0.45));
#8150 = LINE('',#8151,#8152);
#8151 = CARTESIAN_POINT('',(-0.8,-0.4,0.45));
#8152 = VECTOR('',#8153,1.);
#8153 = DIRECTION('',(1.,0.,0.));
#8154 = ORIENTED_EDGE('',*,*,#8155,.F.);
#8155 = EDGE_CURVE('',#8156,#8148,#8158,.T.);
#8156 = VERTEX_POINT('',#8157);
#8157 = CARTESIAN_POINT('',(-0.5,-0.4,0.405));
#8158 = CIRCLE('',#8159,4.5E-02);
#8159 = AXIS2_PLACEMENT_3D('',#8160,#8161,#8162);
#8160 = CARTESIAN_POINT('',(-0.545,-0.4,0.405));
#8161 = DIRECTION('',(0.,-1.,0.));
#8162 = DIRECTION('',(0.,0.,1.));
#8163 = ORIENTED_EDGE('',*,*,#8164,.F.);
#8164 = EDGE_CURVE('',#8165,#8156,#8167,.T.);
#8165 = VERTEX_POINT('',#8166);
#8166 = CARTESIAN_POINT('',(-0.755,-0.4,0.405));
#8167 = LINE('',#8168,#8169);
#8168 = CARTESIAN_POINT('',(-0.755,-0.4,0.405));
#8169 = VECTOR('',#8170,1.);
#8170 = DIRECTION('',(1.,0.,0.));
#8171 = ORIENTED_EDGE('',*,*,#8172,.F.);
#8172 = EDGE_CURVE('',#8173,#8165,#8175,.T.);
#8173 = VERTEX_POINT('',#8174);
#8174 = CARTESIAN_POINT('',(-0.755,-0.4,4.5E-02));
#8175 = LINE('',#8176,#8177);
#8176 = CARTESIAN_POINT('',(-0.755,-0.4,4.5E-02));
#8177 = VECTOR('',#8178,1.);
#8178 = DIRECTION('',(0.,0.,1.));
#8179 = ORIENTED_EDGE('',*,*,#8180,.T.);
#8180 = EDGE_CURVE('',#8173,#8181,#8183,.T.);
#8181 = VERTEX_POINT('',#8182);
#8182 = CARTESIAN_POINT('',(-0.5,-0.4,4.5E-02));
#8183 = LINE('',#8184,#8185);
#8184 = CARTESIAN_POINT('',(-0.755,-0.4,4.5E-02));
#8185 = VECTOR('',#8186,1.);
#8186 = DIRECTION('',(1.,0.,0.));
#8187 = ORIENTED_EDGE('',*,*,#8188,.T.);
#8188 = EDGE_CURVE('',#8181,#8123,#8189,.T.);
#8189 = CIRCLE('',#8190,4.5E-02);
#8190 = AXIS2_PLACEMENT_3D('',#8191,#8192,#8193);
#8191 = CARTESIAN_POINT('',(-0.545,-0.4,4.5E-02));
#8192 = DIRECTION('',(0.,1.,0.));
#8193 = DIRECTION('',(0.,-0.,1.));
#8194 = PLANE('',#8195);
#8195 = AXIS2_PLACEMENT_3D('',#8196,#8197,#8198);
#8196 = CARTESIAN_POINT('',(-0.8,-0.4,0.));
#8197 = DIRECTION('',(0.,1.,0.));
#8198 = DIRECTION('',(0.,-0.,1.));
#8199 = ADVANCED_FACE('',(#8200),#8219,.T.);
#8200 = FACE_BOUND('',#8201,.T.);
#8201 = EDGE_LOOP('',(#8202,#8203,#8212,#8218));
#8202 = ORIENTED_EDGE('',*,*,#8090,.T.);
#8203 = ORIENTED_EDGE('',*,*,#8204,.T.);
#8204 = EDGE_CURVE('',#8091,#8205,#8207,.T.);
#8205 = VERTEX_POINT('',#8206);
#8206 = CARTESIAN_POINT('',(-0.755,0.4,-2.775557561563E-17));
#8207 = CIRCLE('',#8208,4.5E-02);
#8208 = AXIS2_PLACEMENT_3D('',#8209,#8210,#8211);
#8209 = CARTESIAN_POINT('',(-0.755,0.4,4.5E-02));
#8210 = DIRECTION('',(0.,-1.,0.));
#8211 = DIRECTION('',(0.,0.,1.));
#8212 = ORIENTED_EDGE('',*,*,#8213,.F.);
#8213 = EDGE_CURVE('',#8121,#8205,#8214,.T.);
#8214 = LINE('',#8215,#8216);
#8215 = CARTESIAN_POINT('',(-0.755,-0.4,-2.775557561563E-17));
#8216 = VECTOR('',#8217,1.);
#8217 = DIRECTION('',(0.,1.,0.));
#8218 = ORIENTED_EDGE('',*,*,#8130,.F.);
#8219 = CYLINDRICAL_SURFACE('',#8220,4.5E-02);
#8220 = AXIS2_PLACEMENT_3D('',#8221,#8222,#8223);
#8221 = CARTESIAN_POINT('',(-0.755,-0.4,4.5E-02));
#8222 = DIRECTION('',(0.,1.,0.));
#8223 = DIRECTION('',(-1.,0.,0.));
#8224 = ADVANCED_FACE('',(#8225),#8244,.T.);
#8225 = FACE_BOUND('',#8226,.T.);
#8226 = EDGE_LOOP('',(#8227,#8228,#8236,#8243));
#8227 = ORIENTED_EDGE('',*,*,#8138,.T.);
#8228 = ORIENTED_EDGE('',*,*,#8229,.T.);
#8229 = EDGE_CURVE('',#8139,#8230,#8232,.T.);
#8230 = VERTEX_POINT('',#8231);
#8231 = CARTESIAN_POINT('',(-0.755,0.4,0.45));
#8232 = LINE('',#8233,#8234);
#8233 = CARTESIAN_POINT('',(-0.755,-0.4,0.45));
#8234 = VECTOR('',#8235,1.);
#8235 = DIRECTION('',(0.,1.,0.));
#8236 = ORIENTED_EDGE('',*,*,#8237,.F.);
#8237 = EDGE_CURVE('',#8099,#8230,#8238,.T.);
#8238 = CIRCLE('',#8239,4.5E-02);
#8239 = AXIS2_PLACEMENT_3D('',#8240,#8241,#8242);
#8240 = CARTESIAN_POINT('',(-0.755,0.4,0.405));
#8241 = DIRECTION('',(0.,1.,0.));
#8242 = DIRECTION('',(0.,-0.,1.));
#8243 = ORIENTED_EDGE('',*,*,#8106,.F.);
#8244 = CYLINDRICAL_SURFACE('',#8245,4.5E-02);
#8245 = AXIS2_PLACEMENT_3D('',#8246,#8247,#8248);
#8246 = CARTESIAN_POINT('',(-0.755,-0.4,0.405));
#8247 = DIRECTION('',(0.,1.,0.));
#8248 = DIRECTION('',(-1.,0.,0.));
#8249 = ADVANCED_FACE('',(#8250),#8311,.T.);
#8250 = FACE_BOUND('',#8251,.T.);
#8251 = EDGE_LOOP('',(#8252,#8260,#8261,#8262,#8263,#8271,#8280,#8288,
    #8296,#8304));
#8252 = ORIENTED_EDGE('',*,*,#8253,.F.);
#8253 = EDGE_CURVE('',#8205,#8254,#8256,.T.);
#8254 = VERTEX_POINT('',#8255);
#8255 = CARTESIAN_POINT('',(-0.545,0.4,-2.775557561563E-17));
#8256 = LINE('',#8257,#8258);
#8257 = CARTESIAN_POINT('',(-0.8,0.4,0.));
#8258 = VECTOR('',#8259,1.);
#8259 = DIRECTION('',(1.,0.,0.));
#8260 = ORIENTED_EDGE('',*,*,#8204,.F.);
#8261 = ORIENTED_EDGE('',*,*,#8098,.T.);
#8262 = ORIENTED_EDGE('',*,*,#8237,.T.);
#8263 = ORIENTED_EDGE('',*,*,#8264,.T.);
#8264 = EDGE_CURVE('',#8230,#8265,#8267,.T.);
#8265 = VERTEX_POINT('',#8266);
#8266 = CARTESIAN_POINT('',(-0.545,0.4,0.45));
#8267 = LINE('',#8268,#8269);
#8268 = CARTESIAN_POINT('',(-0.8,0.4,0.45));
#8269 = VECTOR('',#8270,1.);
#8270 = DIRECTION('',(1.,0.,0.));
#8271 = ORIENTED_EDGE('',*,*,#8272,.F.);
#8272 = EDGE_CURVE('',#8273,#8265,#8275,.T.);
#8273 = VERTEX_POINT('',#8274);
#8274 = CARTESIAN_POINT('',(-0.5,0.4,0.405));
#8275 = CIRCLE('',#8276,4.5E-02);
#8276 = AXIS2_PLACEMENT_3D('',#8277,#8278,#8279);
#8277 = CARTESIAN_POINT('',(-0.545,0.4,0.405));
#8278 = DIRECTION('',(0.,-1.,0.));
#8279 = DIRECTION('',(0.,0.,1.));
#8280 = ORIENTED_EDGE('',*,*,#8281,.F.);
#8281 = EDGE_CURVE('',#8282,#8273,#8284,.T.);
#8282 = VERTEX_POINT('',#8283);
#8283 = CARTESIAN_POINT('',(-0.755,0.4,0.405));
#8284 = LINE('',#8285,#8286);
#8285 = CARTESIAN_POINT('',(-0.755,0.4,0.405));
#8286 = VECTOR('',#8287,1.);
#8287 = DIRECTION('',(1.,0.,0.));
#8288 = ORIENTED_EDGE('',*,*,#8289,.F.);
#8289 = EDGE_CURVE('',#8290,#8282,#8292,.T.);
#8290 = VERTEX_POINT('',#8291);
#8291 = CARTESIAN_POINT('',(-0.755,0.4,4.5E-02));
#8292 = LINE('',#8293,#8294);
#8293 = CARTESIAN_POINT('',(-0.755,0.4,4.5E-02));
#8294 = VECTOR('',#8295,1.);
#8295 = DIRECTION('',(0.,0.,1.));
#8296 = ORIENTED_EDGE('',*,*,#8297,.T.);
#8297 = EDGE_CURVE('',#8290,#8298,#8300,.T.);
#8298 = VERTEX_POINT('',#8299);
#8299 = CARTESIAN_POINT('',(-0.5,0.4,4.5E-02));
#8300 = LINE('',#8301,#8302);
#8301 = CARTESIAN_POINT('',(-0.755,0.4,4.5E-02));
#8302 = VECTOR('',#8303,1.);
#8303 = DIRECTION('',(1.,0.,0.));
#8304 = ORIENTED_EDGE('',*,*,#8305,.T.);
#8305 = EDGE_CURVE('',#8298,#8254,#8306,.T.);
#8306 = CIRCLE('',#8307,4.5E-02);
#8307 = AXIS2_PLACEMENT_3D('',#8308,#8309,#8310);
#8308 = CARTESIAN_POINT('',(-0.545,0.4,4.5E-02));
#8309 = DIRECTION('',(0.,1.,0.));
#8310 = DIRECTION('',(0.,-0.,1.));
#8311 = PLANE('',#8312);
#8312 = AXIS2_PLACEMENT_3D('',#8313,#8314,#8315);
#8313 = CARTESIAN_POINT('',(-0.8,0.4,0.));
#8314 = DIRECTION('',(0.,1.,0.));
#8315 = DIRECTION('',(0.,-0.,1.));
#8316 = ADVANCED_FACE('',(#8317),#8328,.F.);
#8317 = FACE_BOUND('',#8318,.F.);
#8318 = EDGE_LOOP('',(#8319,#8320,#8321,#8322));
#8319 = ORIENTED_EDGE('',*,*,#8253,.F.);
#8320 = ORIENTED_EDGE('',*,*,#8213,.F.);
#8321 = ORIENTED_EDGE('',*,*,#8120,.T.);
#8322 = ORIENTED_EDGE('',*,*,#8323,.T.);
#8323 = EDGE_CURVE('',#8123,#8254,#8324,.T.);
#8324 = LINE('',#8325,#8326);
#8325 = CARTESIAN_POINT('',(-0.545,-0.4,-2.775557561563E-17));
#8326 = VECTOR('',#8327,1.);
#8327 = DIRECTION('',(0.,1.,0.));
#8328 = PLANE('',#8329);
#8329 = AXIS2_PLACEMENT_3D('',#8330,#8331,#8332);
#8330 = CARTESIAN_POINT('',(-0.8,-0.4,0.));
#8331 = DIRECTION('',(0.,0.,1.));
#8332 = DIRECTION('',(1.,0.,-0.));
#8333 = ADVANCED_FACE('',(#8334),#8345,.T.);
#8334 = FACE_BOUND('',#8335,.T.);
#8335 = EDGE_LOOP('',(#8336,#8337,#8338,#8339));
#8336 = ORIENTED_EDGE('',*,*,#8188,.T.);
#8337 = ORIENTED_EDGE('',*,*,#8323,.T.);
#8338 = ORIENTED_EDGE('',*,*,#8305,.F.);
#8339 = ORIENTED_EDGE('',*,*,#8340,.F.);
#8340 = EDGE_CURVE('',#8181,#8298,#8341,.T.);
#8341 = LINE('',#8342,#8343);
#8342 = CARTESIAN_POINT('',(-0.5,-0.4,4.5E-02));
#8343 = VECTOR('',#8344,1.);
#8344 = DIRECTION('',(0.,1.,0.));
#8345 = CYLINDRICAL_SURFACE('',#8346,4.5E-02);
#8346 = AXIS2_PLACEMENT_3D('',#8347,#8348,#8349);
#8347 = CARTESIAN_POINT('',(-0.545,-0.4,4.5E-02));
#8348 = DIRECTION('',(0.,1.,0.));
#8349 = DIRECTION('',(1.,0.,0.));
#8350 = ADVANCED_FACE('',(#8351),#8394,.F.);
#8351 = FACE_BOUND('',#8352,.F.);
#8352 = EDGE_LOOP('',(#8353,#8354,#8355,#8356,#8364,#8372,#8380,#8388));
#8353 = ORIENTED_EDGE('',*,*,#8180,.F.);
#8354 = ORIENTED_EDGE('',*,*,#8172,.T.);
#8355 = ORIENTED_EDGE('',*,*,#8164,.T.);
#8356 = ORIENTED_EDGE('',*,*,#8357,.T.);
#8357 = EDGE_CURVE('',#8156,#8358,#8360,.T.);
#8358 = VERTEX_POINT('',#8359);
#8359 = CARTESIAN_POINT('',(0.5,-0.4,0.405));
#8360 = LINE('',#8361,#8362);
#8361 = CARTESIAN_POINT('',(-0.5,-0.4,0.405));
#8362 = VECTOR('',#8363,1.);
#8363 = DIRECTION('',(1.,0.,0.));
#8364 = ORIENTED_EDGE('',*,*,#8365,.T.);
#8365 = EDGE_CURVE('',#8358,#8366,#8368,.T.);
#8366 = VERTEX_POINT('',#8367);
#8367 = CARTESIAN_POINT('',(0.755,-0.4,0.405));
#8368 = LINE('',#8369,#8370);
#8369 = CARTESIAN_POINT('',(-0.755,-0.4,0.405));
#8370 = VECTOR('',#8371,1.);
#8371 = DIRECTION('',(1.,0.,0.));
#8372 = ORIENTED_EDGE('',*,*,#8373,.F.);
#8373 = EDGE_CURVE('',#8374,#8366,#8376,.T.);
#8374 = VERTEX_POINT('',#8375);
#8375 = CARTESIAN_POINT('',(0.755,-0.4,4.5E-02));
#8376 = LINE('',#8377,#8378);
#8377 = CARTESIAN_POINT('',(0.755,-0.4,4.5E-02));
#8378 = VECTOR('',#8379,1.);
#8379 = DIRECTION('',(0.,0.,1.));
#8380 = ORIENTED_EDGE('',*,*,#8381,.F.);
#8381 = EDGE_CURVE('',#8382,#8374,#8384,.T.);
#8382 = VERTEX_POINT('',#8383);
#8383 = CARTESIAN_POINT('',(0.5,-0.4,4.5E-02));
#8384 = LINE('',#8385,#8386);
#8385 = CARTESIAN_POINT('',(-0.755,-0.4,4.5E-02));
#8386 = VECTOR('',#8387,1.);
#8387 = DIRECTION('',(1.,0.,0.));
#8388 = ORIENTED_EDGE('',*,*,#8389,.F.);
#8389 = EDGE_CURVE('',#8181,#8382,#8390,.T.);
#8390 = LINE('',#8391,#8392);
#8391 = CARTESIAN_POINT('',(-0.755,-0.4,4.5E-02));
#8392 = VECTOR('',#8393,1.);
#8393 = DIRECTION('',(1.,0.,0.));
#8394 = PLANE('',#8395);
#8395 = AXIS2_PLACEMENT_3D('',#8396,#8397,#8398);
#8396 = CARTESIAN_POINT('',(-0.755,-0.4,4.5E-02));
#8397 = DIRECTION('',(0.,1.,0.));
#8398 = DIRECTION('',(0.,-0.,1.));
#8399 = ADVANCED_FACE('',(#8400),#8411,.T.);
#8400 = FACE_BOUND('',#8401,.T.);
#8401 = EDGE_LOOP('',(#8402,#8403,#8404,#8405));
#8402 = ORIENTED_EDGE('',*,*,#8264,.F.);
#8403 = ORIENTED_EDGE('',*,*,#8229,.F.);
#8404 = ORIENTED_EDGE('',*,*,#8147,.T.);
#8405 = ORIENTED_EDGE('',*,*,#8406,.T.);
#8406 = EDGE_CURVE('',#8148,#8265,#8407,.T.);
#8407 = LINE('',#8408,#8409);
#8408 = CARTESIAN_POINT('',(-0.545,-0.4,0.45));
#8409 = VECTOR('',#8410,1.);
#8410 = DIRECTION('',(0.,1.,0.));
#8411 = PLANE('',#8412);
#8412 = AXIS2_PLACEMENT_3D('',#8413,#8414,#8415);
#8413 = CARTESIAN_POINT('',(-0.8,-0.4,0.45));
#8414 = DIRECTION('',(0.,0.,1.));
#8415 = DIRECTION('',(1.,0.,-0.));
#8416 = ADVANCED_FACE('',(#8417),#8428,.T.);
#8417 = FACE_BOUND('',#8418,.T.);
#8418 = EDGE_LOOP('',(#8419,#8425,#8426,#8427));
#8419 = ORIENTED_EDGE('',*,*,#8420,.T.);
#8420 = EDGE_CURVE('',#8156,#8273,#8421,.T.);
#8421 = LINE('',#8422,#8423);
#8422 = CARTESIAN_POINT('',(-0.5,-0.4,0.405));
#8423 = VECTOR('',#8424,1.);
#8424 = DIRECTION('',(0.,1.,0.));
#8425 = ORIENTED_EDGE('',*,*,#8272,.T.);
#8426 = ORIENTED_EDGE('',*,*,#8406,.F.);
#8427 = ORIENTED_EDGE('',*,*,#8155,.F.);
#8428 = CYLINDRICAL_SURFACE('',#8429,4.5E-02);
#8429 = AXIS2_PLACEMENT_3D('',#8430,#8431,#8432);
#8430 = CARTESIAN_POINT('',(-0.545,-0.4,0.405));
#8431 = DIRECTION('',(0.,1.,0.));
#8432 = DIRECTION('',(1.,0.,0.));
#8433 = ADVANCED_FACE('',(#8434),#8477,.T.);
#8434 = FACE_BOUND('',#8435,.T.);
#8435 = EDGE_LOOP('',(#8436,#8437,#8438,#8439,#8447,#8455,#8463,#8471));
#8436 = ORIENTED_EDGE('',*,*,#8297,.F.);
#8437 = ORIENTED_EDGE('',*,*,#8289,.T.);
#8438 = ORIENTED_EDGE('',*,*,#8281,.T.);
#8439 = ORIENTED_EDGE('',*,*,#8440,.T.);
#8440 = EDGE_CURVE('',#8273,#8441,#8443,.T.);
#8441 = VERTEX_POINT('',#8442);
#8442 = CARTESIAN_POINT('',(0.5,0.4,0.405));
#8443 = LINE('',#8444,#8445);
#8444 = CARTESIAN_POINT('',(-0.5,0.4,0.405));
#8445 = VECTOR('',#8446,1.);
#8446 = DIRECTION('',(1.,0.,0.));
#8447 = ORIENTED_EDGE('',*,*,#8448,.T.);
#8448 = EDGE_CURVE('',#8441,#8449,#8451,.T.);
#8449 = VERTEX_POINT('',#8450);
#8450 = CARTESIAN_POINT('',(0.755,0.4,0.405));
#8451 = LINE('',#8452,#8453);
#8452 = CARTESIAN_POINT('',(-0.755,0.4,0.405));
#8453 = VECTOR('',#8454,1.);
#8454 = DIRECTION('',(1.,0.,0.));
#8455 = ORIENTED_EDGE('',*,*,#8456,.F.);
#8456 = EDGE_CURVE('',#8457,#8449,#8459,.T.);
#8457 = VERTEX_POINT('',#8458);
#8458 = CARTESIAN_POINT('',(0.755,0.4,4.5E-02));
#8459 = LINE('',#8460,#8461);
#8460 = CARTESIAN_POINT('',(0.755,0.4,4.5E-02));
#8461 = VECTOR('',#8462,1.);
#8462 = DIRECTION('',(0.,0.,1.));
#8463 = ORIENTED_EDGE('',*,*,#8464,.F.);
#8464 = EDGE_CURVE('',#8465,#8457,#8467,.T.);
#8465 = VERTEX_POINT('',#8466);
#8466 = CARTESIAN_POINT('',(0.5,0.4,4.5E-02));
#8467 = LINE('',#8468,#8469);
#8468 = CARTESIAN_POINT('',(-0.755,0.4,4.5E-02));
#8469 = VECTOR('',#8470,1.);
#8470 = DIRECTION('',(1.,0.,0.));
#8471 = ORIENTED_EDGE('',*,*,#8472,.F.);
#8472 = EDGE_CURVE('',#8298,#8465,#8473,.T.);
#8473 = LINE('',#8474,#8475);
#8474 = CARTESIAN_POINT('',(-0.755,0.4,4.5E-02));
#8475 = VECTOR('',#8476,1.);
#8476 = DIRECTION('',(1.,0.,0.));
#8477 = PLANE('',#8478);
#8478 = AXIS2_PLACEMENT_3D('',#8479,#8480,#8481);
#8479 = CARTESIAN_POINT('',(-0.755,0.4,4.5E-02));
#8480 = DIRECTION('',(0.,1.,0.));
#8481 = DIRECTION('',(0.,-0.,1.));
#8482 = ADVANCED_FACE('',(#8483),#8494,.F.);
#8483 = FACE_BOUND('',#8484,.F.);
#8484 = EDGE_LOOP('',(#8485,#8486,#8487,#8493));
#8485 = ORIENTED_EDGE('',*,*,#8340,.F.);
#8486 = ORIENTED_EDGE('',*,*,#8389,.T.);
#8487 = ORIENTED_EDGE('',*,*,#8488,.T.);
#8488 = EDGE_CURVE('',#8382,#8465,#8489,.T.);
#8489 = LINE('',#8490,#8491);
#8490 = CARTESIAN_POINT('',(0.5,-0.4,4.5E-02));
#8491 = VECTOR('',#8492,1.);
#8492 = DIRECTION('',(0.,1.,0.));
#8493 = ORIENTED_EDGE('',*,*,#8472,.F.);
#8494 = PLANE('',#8495);
#8495 = AXIS2_PLACEMENT_3D('',#8496,#8497,#8498);
#8496 = CARTESIAN_POINT('',(-0.755,-0.4,4.5E-02));
#8497 = DIRECTION('',(0.,0.,1.));
#8498 = DIRECTION('',(1.,0.,-0.));
#8499 = ADVANCED_FACE('',(#8500),#8563,.F.);
#8500 = FACE_BOUND('',#8501,.F.);
#8501 = EDGE_LOOP('',(#8502,#8512,#8519,#8520,#8521,#8522,#8531,#8539,
    #8548,#8556));
#8502 = ORIENTED_EDGE('',*,*,#8503,.F.);
#8503 = EDGE_CURVE('',#8504,#8506,#8508,.T.);
#8504 = VERTEX_POINT('',#8505);
#8505 = CARTESIAN_POINT('',(0.545,-0.4,-2.775557561563E-17));
#8506 = VERTEX_POINT('',#8507);
#8507 = CARTESIAN_POINT('',(0.755,-0.4,-2.775557561563E-17));
#8508 = LINE('',#8509,#8510);
#8509 = CARTESIAN_POINT('',(0.5,-0.4,0.));
#8510 = VECTOR('',#8511,1.);
#8511 = DIRECTION('',(1.,0.,0.));
#8512 = ORIENTED_EDGE('',*,*,#8513,.F.);
#8513 = EDGE_CURVE('',#8382,#8504,#8514,.T.);
#8514 = CIRCLE('',#8515,4.5E-02);
#8515 = AXIS2_PLACEMENT_3D('',#8516,#8517,#8518);
#8516 = CARTESIAN_POINT('',(0.545,-0.4,4.5E-02));
#8517 = DIRECTION('',(0.,-1.,0.));
#8518 = DIRECTION('',(0.,0.,1.));
#8519 = ORIENTED_EDGE('',*,*,#8381,.T.);
#8520 = ORIENTED_EDGE('',*,*,#8373,.T.);
#8521 = ORIENTED_EDGE('',*,*,#8365,.F.);
#8522 = ORIENTED_EDGE('',*,*,#8523,.T.);
#8523 = EDGE_CURVE('',#8358,#8524,#8526,.T.);
#8524 = VERTEX_POINT('',#8525);
#8525 = CARTESIAN_POINT('',(0.545,-0.4,0.45));
#8526 = CIRCLE('',#8527,4.5E-02);
#8527 = AXIS2_PLACEMENT_3D('',#8528,#8529,#8530);
#8528 = CARTESIAN_POINT('',(0.545,-0.4,0.405));
#8529 = DIRECTION('',(0.,1.,0.));
#8530 = DIRECTION('',(0.,-0.,1.));
#8531 = ORIENTED_EDGE('',*,*,#8532,.T.);
#8532 = EDGE_CURVE('',#8524,#8533,#8535,.T.);
#8533 = VERTEX_POINT('',#8534);
#8534 = CARTESIAN_POINT('',(0.755,-0.4,0.45));
#8535 = LINE('',#8536,#8537);
#8536 = CARTESIAN_POINT('',(0.5,-0.4,0.45));
#8537 = VECTOR('',#8538,1.);
#8538 = DIRECTION('',(1.,0.,0.));
#8539 = ORIENTED_EDGE('',*,*,#8540,.F.);
#8540 = EDGE_CURVE('',#8541,#8533,#8543,.T.);
#8541 = VERTEX_POINT('',#8542);
#8542 = CARTESIAN_POINT('',(0.8,-0.4,0.405));
#8543 = CIRCLE('',#8544,4.5E-02);
#8544 = AXIS2_PLACEMENT_3D('',#8545,#8546,#8547);
#8545 = CARTESIAN_POINT('',(0.755,-0.4,0.405));
#8546 = DIRECTION('',(0.,-1.,0.));
#8547 = DIRECTION('',(0.,0.,1.));
#8548 = ORIENTED_EDGE('',*,*,#8549,.F.);
#8549 = EDGE_CURVE('',#8550,#8541,#8552,.T.);
#8550 = VERTEX_POINT('',#8551);
#8551 = CARTESIAN_POINT('',(0.8,-0.4,4.5E-02));
#8552 = LINE('',#8553,#8554);
#8553 = CARTESIAN_POINT('',(0.8,-0.4,0.));
#8554 = VECTOR('',#8555,1.);
#8555 = DIRECTION('',(0.,0.,1.));
#8556 = ORIENTED_EDGE('',*,*,#8557,.T.);
#8557 = EDGE_CURVE('',#8550,#8506,#8558,.T.);
#8558 = CIRCLE('',#8559,4.5E-02);
#8559 = AXIS2_PLACEMENT_3D('',#8560,#8561,#8562);
#8560 = CARTESIAN_POINT('',(0.755,-0.4,4.5E-02));
#8561 = DIRECTION('',(0.,1.,0.));
#8562 = DIRECTION('',(0.,-0.,1.));
#8563 = PLANE('',#8564);
#8564 = AXIS2_PLACEMENT_3D('',#8565,#8566,#8567);
#8565 = CARTESIAN_POINT('',(0.5,-0.4,0.));
#8566 = DIRECTION('',(0.,1.,0.));
#8567 = DIRECTION('',(0.,-0.,1.));
#8568 = ADVANCED_FACE('',(#8569),#8594,.F.);
#8569 = FACE_BOUND('',#8570,.F.);
#8570 = EDGE_LOOP('',(#8571,#8572,#8580,#8588));
#8571 = ORIENTED_EDGE('',*,*,#8357,.F.);
#8572 = ORIENTED_EDGE('',*,*,#8573,.T.);
#8573 = EDGE_CURVE('',#8156,#8574,#8576,.T.);
#8574 = VERTEX_POINT('',#8575);
#8575 = CARTESIAN_POINT('',(-0.5,-0.4,0.45));
#8576 = LINE('',#8577,#8578);
#8577 = CARTESIAN_POINT('',(-0.5,-0.4,0.405));
#8578 = VECTOR('',#8579,1.);
#8579 = DIRECTION('',(0.,0.,1.));
#8580 = ORIENTED_EDGE('',*,*,#8581,.T.);
#8581 = EDGE_CURVE('',#8574,#8582,#8584,.T.);
#8582 = VERTEX_POINT('',#8583);
#8583 = CARTESIAN_POINT('',(0.5,-0.4,0.45));
#8584 = LINE('',#8585,#8586);
#8585 = CARTESIAN_POINT('',(-0.5,-0.4,0.45));
#8586 = VECTOR('',#8587,1.);
#8587 = DIRECTION('',(1.,0.,0.));
#8588 = ORIENTED_EDGE('',*,*,#8589,.F.);
#8589 = EDGE_CURVE('',#8358,#8582,#8590,.T.);
#8590 = LINE('',#8591,#8592);
#8591 = CARTESIAN_POINT('',(0.5,-0.4,0.405));
#8592 = VECTOR('',#8593,1.);
#8593 = DIRECTION('',(0.,0.,1.));
#8594 = PLANE('',#8595);
#8595 = AXIS2_PLACEMENT_3D('',#8596,#8597,#8598);
#8596 = CARTESIAN_POINT('',(-0.5,-0.4,0.405));
#8597 = DIRECTION('',(0.,1.,0.));
#8598 = DIRECTION('',(0.,-0.,1.));
#8599 = ADVANCED_FACE('',(#8600),#8618,.F.);
#8600 = FACE_BOUND('',#8601,.F.);
#8601 = EDGE_LOOP('',(#8602,#8603,#8604,#8612));
#8602 = ORIENTED_EDGE('',*,*,#8573,.F.);
#8603 = ORIENTED_EDGE('',*,*,#8420,.T.);
#8604 = ORIENTED_EDGE('',*,*,#8605,.T.);
#8605 = EDGE_CURVE('',#8273,#8606,#8608,.T.);
#8606 = VERTEX_POINT('',#8607);
#8607 = CARTESIAN_POINT('',(-0.5,0.4,0.45));
#8608 = LINE('',#8609,#8610);
#8609 = CARTESIAN_POINT('',(-0.5,0.4,0.405));
#8610 = VECTOR('',#8611,1.);
#8611 = DIRECTION('',(0.,0.,1.));
#8612 = ORIENTED_EDGE('',*,*,#8613,.F.);
#8613 = EDGE_CURVE('',#8574,#8606,#8614,.T.);
#8614 = LINE('',#8615,#8616);
#8615 = CARTESIAN_POINT('',(-0.5,-0.4,0.45));
#8616 = VECTOR('',#8617,1.);
#8617 = DIRECTION('',(0.,1.,0.));
#8618 = PLANE('',#8619);
#8619 = AXIS2_PLACEMENT_3D('',#8620,#8621,#8622);
#8620 = CARTESIAN_POINT('',(-0.5,-0.4,0.405));
#8621 = DIRECTION('',(1.,0.,0.));
#8622 = DIRECTION('',(0.,0.,1.));
#8623 = ADVANCED_FACE('',(#8624),#8687,.T.);
#8624 = FACE_BOUND('',#8625,.T.);
#8625 = EDGE_LOOP('',(#8626,#8636,#8643,#8644,#8645,#8646,#8655,#8663,
    #8672,#8680));
#8626 = ORIENTED_EDGE('',*,*,#8627,.F.);
#8627 = EDGE_CURVE('',#8628,#8630,#8632,.T.);
#8628 = VERTEX_POINT('',#8629);
#8629 = CARTESIAN_POINT('',(0.545,0.4,-2.775557561563E-17));
#8630 = VERTEX_POINT('',#8631);
#8631 = CARTESIAN_POINT('',(0.755,0.4,-2.775557561563E-17));
#8632 = LINE('',#8633,#8634);
#8633 = CARTESIAN_POINT('',(0.5,0.4,0.));
#8634 = VECTOR('',#8635,1.);
#8635 = DIRECTION('',(1.,0.,0.));
#8636 = ORIENTED_EDGE('',*,*,#8637,.F.);
#8637 = EDGE_CURVE('',#8465,#8628,#8638,.T.);
#8638 = CIRCLE('',#8639,4.5E-02);
#8639 = AXIS2_PLACEMENT_3D('',#8640,#8641,#8642);
#8640 = CARTESIAN_POINT('',(0.545,0.4,4.5E-02));
#8641 = DIRECTION('',(0.,-1.,0.));
#8642 = DIRECTION('',(0.,0.,1.));
#8643 = ORIENTED_EDGE('',*,*,#8464,.T.);
#8644 = ORIENTED_EDGE('',*,*,#8456,.T.);
#8645 = ORIENTED_EDGE('',*,*,#8448,.F.);
#8646 = ORIENTED_EDGE('',*,*,#8647,.T.);
#8647 = EDGE_CURVE('',#8441,#8648,#8650,.T.);
#8648 = VERTEX_POINT('',#8649);
#8649 = CARTESIAN_POINT('',(0.545,0.4,0.45));
#8650 = CIRCLE('',#8651,4.5E-02);
#8651 = AXIS2_PLACEMENT_3D('',#8652,#8653,#8654);
#8652 = CARTESIAN_POINT('',(0.545,0.4,0.405));
#8653 = DIRECTION('',(0.,1.,0.));
#8654 = DIRECTION('',(0.,-0.,1.));
#8655 = ORIENTED_EDGE('',*,*,#8656,.T.);
#8656 = EDGE_CURVE('',#8648,#8657,#8659,.T.);
#8657 = VERTEX_POINT('',#8658);
#8658 = CARTESIAN_POINT('',(0.755,0.4,0.45));
#8659 = LINE('',#8660,#8661);
#8660 = CARTESIAN_POINT('',(0.5,0.4,0.45));
#8661 = VECTOR('',#8662,1.);
#8662 = DIRECTION('',(1.,0.,0.));
#8663 = ORIENTED_EDGE('',*,*,#8664,.F.);
#8664 = EDGE_CURVE('',#8665,#8657,#8667,.T.);
#8665 = VERTEX_POINT('',#8666);
#8666 = CARTESIAN_POINT('',(0.8,0.4,0.405));
#8667 = CIRCLE('',#8668,4.5E-02);
#8668 = AXIS2_PLACEMENT_3D('',#8669,#8670,#8671);
#8669 = CARTESIAN_POINT('',(0.755,0.4,0.405));
#8670 = DIRECTION('',(0.,-1.,0.));
#8671 = DIRECTION('',(0.,0.,1.));
#8672 = ORIENTED_EDGE('',*,*,#8673,.F.);
#8673 = EDGE_CURVE('',#8674,#8665,#8676,.T.);
#8674 = VERTEX_POINT('',#8675);
#8675 = CARTESIAN_POINT('',(0.8,0.4,4.5E-02));
#8676 = LINE('',#8677,#8678);
#8677 = CARTESIAN_POINT('',(0.8,0.4,0.));
#8678 = VECTOR('',#8679,1.);
#8679 = DIRECTION('',(0.,0.,1.));
#8680 = ORIENTED_EDGE('',*,*,#8681,.T.);
#8681 = EDGE_CURVE('',#8674,#8630,#8682,.T.);
#8682 = CIRCLE('',#8683,4.5E-02);
#8683 = AXIS2_PLACEMENT_3D('',#8684,#8685,#8686);
#8684 = CARTESIAN_POINT('',(0.755,0.4,4.5E-02));
#8685 = DIRECTION('',(0.,1.,0.));
#8686 = DIRECTION('',(0.,-0.,1.));
#8687 = PLANE('',#8688);
#8688 = AXIS2_PLACEMENT_3D('',#8689,#8690,#8691);
#8689 = CARTESIAN_POINT('',(0.5,0.4,0.));
#8690 = DIRECTION('',(0.,1.,0.));
#8691 = DIRECTION('',(0.,-0.,1.));
#8692 = ADVANCED_FACE('',(#8693),#8711,.T.);
#8693 = FACE_BOUND('',#8694,.T.);
#8694 = EDGE_LOOP('',(#8695,#8696,#8697,#8705));
#8695 = ORIENTED_EDGE('',*,*,#8440,.F.);
#8696 = ORIENTED_EDGE('',*,*,#8605,.T.);
#8697 = ORIENTED_EDGE('',*,*,#8698,.T.);
#8698 = EDGE_CURVE('',#8606,#8699,#8701,.T.);
#8699 = VERTEX_POINT('',#8700);
#8700 = CARTESIAN_POINT('',(0.5,0.4,0.45));
#8701 = LINE('',#8702,#8703);
#8702 = CARTESIAN_POINT('',(-0.5,0.4,0.45));
#8703 = VECTOR('',#8704,1.);
#8704 = DIRECTION('',(1.,0.,0.));
#8705 = ORIENTED_EDGE('',*,*,#8706,.F.);
#8706 = EDGE_CURVE('',#8441,#8699,#8707,.T.);
#8707 = LINE('',#8708,#8709);
#8708 = CARTESIAN_POINT('',(0.5,0.4,0.405));
#8709 = VECTOR('',#8710,1.);
#8710 = DIRECTION('',(0.,0.,1.));
#8711 = PLANE('',#8712);
#8712 = AXIS2_PLACEMENT_3D('',#8713,#8714,#8715);
#8713 = CARTESIAN_POINT('',(-0.5,0.4,0.405));
#8714 = DIRECTION('',(0.,1.,0.));
#8715 = DIRECTION('',(0.,-0.,1.));
#8716 = ADVANCED_FACE('',(#8717),#8728,.T.);
#8717 = FACE_BOUND('',#8718,.T.);
#8718 = EDGE_LOOP('',(#8719,#8720,#8721,#8727));
#8719 = ORIENTED_EDGE('',*,*,#8488,.T.);
#8720 = ORIENTED_EDGE('',*,*,#8637,.T.);
#8721 = ORIENTED_EDGE('',*,*,#8722,.F.);
#8722 = EDGE_CURVE('',#8504,#8628,#8723,.T.);
#8723 = LINE('',#8724,#8725);
#8724 = CARTESIAN_POINT('',(0.545,-0.4,-2.775557561563E-17));
#8725 = VECTOR('',#8726,1.);
#8726 = DIRECTION('',(0.,1.,0.));
#8727 = ORIENTED_EDGE('',*,*,#8513,.F.);
#8728 = CYLINDRICAL_SURFACE('',#8729,4.5E-02);
#8729 = AXIS2_PLACEMENT_3D('',#8730,#8731,#8732);
#8730 = CARTESIAN_POINT('',(0.545,-0.4,4.5E-02));
#8731 = DIRECTION('',(0.,1.,0.));
#8732 = DIRECTION('',(-1.,0.,0.));
#8733 = ADVANCED_FACE('',(#8734),#8745,.F.);
#8734 = FACE_BOUND('',#8735,.F.);
#8735 = EDGE_LOOP('',(#8736,#8737,#8738,#8739));
#8736 = ORIENTED_EDGE('',*,*,#8627,.F.);
#8737 = ORIENTED_EDGE('',*,*,#8722,.F.);
#8738 = ORIENTED_EDGE('',*,*,#8503,.T.);
#8739 = ORIENTED_EDGE('',*,*,#8740,.T.);
#8740 = EDGE_CURVE('',#8506,#8630,#8741,.T.);
#8741 = LINE('',#8742,#8743);
#8742 = CARTESIAN_POINT('',(0.755,-0.4,-2.775557561563E-17));
#8743 = VECTOR('',#8744,1.);
#8744 = DIRECTION('',(0.,1.,0.));
#8745 = PLANE('',#8746);
#8746 = AXIS2_PLACEMENT_3D('',#8747,#8748,#8749);
#8747 = CARTESIAN_POINT('',(0.5,-0.4,0.));
#8748 = DIRECTION('',(0.,0.,1.));
#8749 = DIRECTION('',(1.,0.,-0.));
#8750 = ADVANCED_FACE('',(#8751),#8762,.T.);
#8751 = FACE_BOUND('',#8752,.T.);
#8752 = EDGE_LOOP('',(#8753,#8754,#8755,#8756));
#8753 = ORIENTED_EDGE('',*,*,#8557,.T.);
#8754 = ORIENTED_EDGE('',*,*,#8740,.T.);
#8755 = ORIENTED_EDGE('',*,*,#8681,.F.);
#8756 = ORIENTED_EDGE('',*,*,#8757,.F.);
#8757 = EDGE_CURVE('',#8550,#8674,#8758,.T.);
#8758 = LINE('',#8759,#8760);
#8759 = CARTESIAN_POINT('',(0.8,-0.4,4.5E-02));
#8760 = VECTOR('',#8761,1.);
#8761 = DIRECTION('',(0.,1.,0.));
#8762 = CYLINDRICAL_SURFACE('',#8763,4.5E-02);
#8763 = AXIS2_PLACEMENT_3D('',#8764,#8765,#8766);
#8764 = CARTESIAN_POINT('',(0.755,-0.4,4.5E-02));
#8765 = DIRECTION('',(0.,1.,0.));
#8766 = DIRECTION('',(1.,0.,0.));
#8767 = ADVANCED_FACE('',(#8768),#8779,.T.);
#8768 = FACE_BOUND('',#8769,.T.);
#8769 = EDGE_LOOP('',(#8770,#8771,#8772,#8773));
#8770 = ORIENTED_EDGE('',*,*,#8549,.F.);
#8771 = ORIENTED_EDGE('',*,*,#8757,.T.);
#8772 = ORIENTED_EDGE('',*,*,#8673,.T.);
#8773 = ORIENTED_EDGE('',*,*,#8774,.F.);
#8774 = EDGE_CURVE('',#8541,#8665,#8775,.T.);
#8775 = LINE('',#8776,#8777);
#8776 = CARTESIAN_POINT('',(0.8,-0.4,0.405));
#8777 = VECTOR('',#8778,1.);
#8778 = DIRECTION('',(0.,1.,0.));
#8779 = PLANE('',#8780);
#8780 = AXIS2_PLACEMENT_3D('',#8781,#8782,#8783);
#8781 = CARTESIAN_POINT('',(0.8,-0.4,0.));
#8782 = DIRECTION('',(1.,0.,0.));
#8783 = DIRECTION('',(0.,0.,1.));
#8784 = ADVANCED_FACE('',(#8785),#8796,.T.);
#8785 = FACE_BOUND('',#8786,.T.);
#8786 = EDGE_LOOP('',(#8787,#8788,#8789,#8795));
#8787 = ORIENTED_EDGE('',*,*,#8774,.T.);
#8788 = ORIENTED_EDGE('',*,*,#8664,.T.);
#8789 = ORIENTED_EDGE('',*,*,#8790,.F.);
#8790 = EDGE_CURVE('',#8533,#8657,#8791,.T.);
#8791 = LINE('',#8792,#8793);
#8792 = CARTESIAN_POINT('',(0.755,-0.4,0.45));
#8793 = VECTOR('',#8794,1.);
#8794 = DIRECTION('',(0.,1.,0.));
#8795 = ORIENTED_EDGE('',*,*,#8540,.F.);
#8796 = CYLINDRICAL_SURFACE('',#8797,4.5E-02);
#8797 = AXIS2_PLACEMENT_3D('',#8798,#8799,#8800);
#8798 = CARTESIAN_POINT('',(0.755,-0.4,0.405));
#8799 = DIRECTION('',(0.,1.,0.));
#8800 = DIRECTION('',(1.,0.,0.));
#8801 = ADVANCED_FACE('',(#8802),#8813,.T.);
#8802 = FACE_BOUND('',#8803,.T.);
#8803 = EDGE_LOOP('',(#8804,#8805,#8811,#8812));
#8804 = ORIENTED_EDGE('',*,*,#8656,.F.);
#8805 = ORIENTED_EDGE('',*,*,#8806,.F.);
#8806 = EDGE_CURVE('',#8524,#8648,#8807,.T.);
#8807 = LINE('',#8808,#8809);
#8808 = CARTESIAN_POINT('',(0.545,-0.4,0.45));
#8809 = VECTOR('',#8810,1.);
#8810 = DIRECTION('',(0.,1.,0.));
#8811 = ORIENTED_EDGE('',*,*,#8532,.T.);
#8812 = ORIENTED_EDGE('',*,*,#8790,.T.);
#8813 = PLANE('',#8814);
#8814 = AXIS2_PLACEMENT_3D('',#8815,#8816,#8817);
#8815 = CARTESIAN_POINT('',(0.5,-0.4,0.45));
#8816 = DIRECTION('',(0.,0.,1.));
#8817 = DIRECTION('',(1.,0.,-0.));
#8818 = ADVANCED_FACE('',(#8819),#8830,.T.);
#8819 = FACE_BOUND('',#8820,.T.);
#8820 = EDGE_LOOP('',(#8821,#8822,#8823,#8824));
#8821 = ORIENTED_EDGE('',*,*,#8523,.T.);
#8822 = ORIENTED_EDGE('',*,*,#8806,.T.);
#8823 = ORIENTED_EDGE('',*,*,#8647,.F.);
#8824 = ORIENTED_EDGE('',*,*,#8825,.F.);
#8825 = EDGE_CURVE('',#8358,#8441,#8826,.T.);
#8826 = LINE('',#8827,#8828);
#8827 = CARTESIAN_POINT('',(0.5,-0.4,0.405));
#8828 = VECTOR('',#8829,1.);
#8829 = DIRECTION('',(0.,1.,0.));
#8830 = CYLINDRICAL_SURFACE('',#8831,4.5E-02);
#8831 = AXIS2_PLACEMENT_3D('',#8832,#8833,#8834);
#8832 = CARTESIAN_POINT('',(0.545,-0.4,0.405));
#8833 = DIRECTION('',(0.,1.,0.));
#8834 = DIRECTION('',(-1.,0.,0.));
#8835 = ADVANCED_FACE('',(#8836),#8847,.T.);
#8836 = FACE_BOUND('',#8837,.T.);
#8837 = EDGE_LOOP('',(#8838,#8839,#8840,#8841));
#8838 = ORIENTED_EDGE('',*,*,#8589,.F.);
#8839 = ORIENTED_EDGE('',*,*,#8825,.T.);
#8840 = ORIENTED_EDGE('',*,*,#8706,.T.);
#8841 = ORIENTED_EDGE('',*,*,#8842,.F.);
#8842 = EDGE_CURVE('',#8582,#8699,#8843,.T.);
#8843 = LINE('',#8844,#8845);
#8844 = CARTESIAN_POINT('',(0.5,-0.4,0.45));
#8845 = VECTOR('',#8846,1.);
#8846 = DIRECTION('',(0.,1.,0.));
#8847 = PLANE('',#8848);
#8848 = AXIS2_PLACEMENT_3D('',#8849,#8850,#8851);
#8849 = CARTESIAN_POINT('',(0.5,-0.4,0.405));
#8850 = DIRECTION('',(1.,0.,0.));
#8851 = DIRECTION('',(0.,0.,1.));
#8852 = ADVANCED_FACE('',(#8853),#8859,.T.);
#8853 = FACE_BOUND('',#8854,.T.);
#8854 = EDGE_LOOP('',(#8855,#8856,#8857,#8858));
#8855 = ORIENTED_EDGE('',*,*,#8613,.F.);
#8856 = ORIENTED_EDGE('',*,*,#8581,.T.);
#8857 = ORIENTED_EDGE('',*,*,#8842,.T.);
#8858 = ORIENTED_EDGE('',*,*,#8698,.F.);
#8859 = PLANE('',#8860);
#8860 = AXIS2_PLACEMENT_3D('',#8861,#8862,#8863);
#8861 = CARTESIAN_POINT('',(-0.5,-0.4,0.45));
#8862 = DIRECTION('',(0.,0.,1.));
#8863 = DIRECTION('',(1.,0.,-0.));
#8864 = ( GEOMETRIC_REPRESENTATION_CONTEXT(3) 
GLOBAL_UNCERTAINTY_ASSIGNED_CONTEXT((#8868)) 
GLOBAL_UNIT_ASSIGNED_CONTEXT((#8865,#8866,#8867)) REPRESENTATION_CONTEXT
('Context #1','3D Context with UNIT and UNCERTAINTY') );
#8865 = ( LENGTH_UNIT() NAMED_UNIT(*) SI_UNIT(.MILLI.,.METRE.) );
#8866 = ( NAMED_UNIT(*) PLANE_ANGLE_UNIT() SI_UNIT($,.RADIAN.) );
#8867 = ( NAMED_UNIT(*) SI_UNIT($,.STERADIAN.) SOLID_ANGLE_UNIT() );
#8868 = UNCERTAINTY_MEASURE_WITH_UNIT(LENGTH_MEASURE(1.E-07),#8865,
  'distance_accuracy_value','confusion accuracy');
#8869 = CONTEXT_DEPENDENT_SHAPE_REPRESENTATION(#8870,#8872);
#8870 = ( REPRESENTATION_RELATIONSHIP('','',#8073,#10) 
REPRESENTATION_RELATIONSHIP_WITH_TRANSFORMATION(#8871) 
SHAPE_REPRESENTATION_RELATIONSHIP() );
#8871 = ITEM_DEFINED_TRANSFORMATION('','',#11,#47);
#8872 = PRODUCT_DEFINITION_SHAPE('Placement','Placement of an item',
  #8873);
#8873 = NEXT_ASSEMBLY_USAGE_OCCURRENCE('9','R1','',#5,#8068,$);
#8874 = PRODUCT_RELATED_PRODUCT_CATEGORY('part',$,(#8070));
#8875 = SHAPE_DEFINITION_REPRESENTATION(#8876,#8882);
#8876 = PRODUCT_DEFINITION_SHAPE('','',#8877);
#8877 = PRODUCT_DEFINITION('design','',#8878,#8881);
#8878 = PRODUCT_DEFINITION_FORMATION('','',#8879);
#8879 = PRODUCT('C_1206_3216Metric','C_1206_3216Metric','',(#8880));
#8880 = PRODUCT_CONTEXT('',#2,'mechanical');
#8881 = PRODUCT_DEFINITION_CONTEXT('part definition',#2,'design');
#8882 = ADVANCED_BREP_SHAPE_REPRESENTATION('',(#11,#8883),#9737);
#8883 = MANIFOLD_SOLID_BREP('',#8884);
#8884 = CLOSED_SHELL('',(#8885,#8961,#8992,#9017,#9042,#9066,#9090,#9115
    ,#9140,#9157,#9243,#9275,#9299,#9324,#9348,#9373,#9397,#9422,#9439,
    #9525,#9556,#9581,#9606,#9630,#9654,#9679,#9704,#9721));
#8885 = ADVANCED_FACE('',(#8886),#8956,.F.);
#8886 = FACE_BOUND('',#8887,.F.);
#8887 = EDGE_LOOP('',(#8888,#8898,#8907,#8915,#8924,#8932,#8941,#8949));
#8888 = ORIENTED_EDGE('',*,*,#8889,.F.);
#8889 = EDGE_CURVE('',#8890,#8892,#8894,.T.);
#8890 = VERTEX_POINT('',#8891);
#8891 = CARTESIAN_POINT('',(-1.6,-0.8,4.E-02));
#8892 = VERTEX_POINT('',#8893);
#8893 = CARTESIAN_POINT('',(-1.6,-0.8,1.56));
#8894 = LINE('',#8895,#8896);
#8895 = CARTESIAN_POINT('',(-1.6,-0.8,0.));
#8896 = VECTOR('',#8897,1.);
#8897 = DIRECTION('',(0.,0.,1.));
#8898 = ORIENTED_EDGE('',*,*,#8899,.T.);
#8899 = EDGE_CURVE('',#8890,#8900,#8902,.T.);
#8900 = VERTEX_POINT('',#8901);
#8901 = CARTESIAN_POINT('',(-1.6,-0.76,0.));
#8902 = CIRCLE('',#8903,4.E-02);
#8903 = AXIS2_PLACEMENT_3D('',#8904,#8905,#8906);
#8904 = CARTESIAN_POINT('',(-1.6,-0.76,4.E-02));
#8905 = DIRECTION('',(1.,0.,-0.));
#8906 = DIRECTION('',(0.,0.,1.));
#8907 = ORIENTED_EDGE('',*,*,#8908,.T.);
#8908 = EDGE_CURVE('',#8900,#8909,#8911,.T.);
#8909 = VERTEX_POINT('',#8910);
#8910 = CARTESIAN_POINT('',(-1.6,0.76,0.));
#8911 = LINE('',#8912,#8913);
#8912 = CARTESIAN_POINT('',(-1.6,-0.8,0.));
#8913 = VECTOR('',#8914,1.);
#8914 = DIRECTION('',(0.,1.,0.));
#8915 = ORIENTED_EDGE('',*,*,#8916,.F.);
#8916 = EDGE_CURVE('',#8917,#8909,#8919,.T.);
#8917 = VERTEX_POINT('',#8918);
#8918 = CARTESIAN_POINT('',(-1.6,0.8,4.E-02));
#8919 = CIRCLE('',#8920,4.E-02);
#8920 = AXIS2_PLACEMENT_3D('',#8921,#8922,#8923);
#8921 = CARTESIAN_POINT('',(-1.6,0.76,4.E-02));
#8922 = DIRECTION('',(-1.,0.,0.));
#8923 = DIRECTION('',(0.,0.,1.));
#8924 = ORIENTED_EDGE('',*,*,#8925,.T.);
#8925 = EDGE_CURVE('',#8917,#8926,#8928,.T.);
#8926 = VERTEX_POINT('',#8927);
#8927 = CARTESIAN_POINT('',(-1.6,0.8,1.56));
#8928 = LINE('',#8929,#8930);
#8929 = CARTESIAN_POINT('',(-1.6,0.8,0.));
#8930 = VECTOR('',#8931,1.);
#8931 = DIRECTION('',(0.,0.,1.));
#8932 = ORIENTED_EDGE('',*,*,#8933,.T.);
#8933 = EDGE_CURVE('',#8926,#8934,#8936,.T.);
#8934 = VERTEX_POINT('',#8935);
#8935 = CARTESIAN_POINT('',(-1.6,0.76,1.6));
#8936 = CIRCLE('',#8937,4.E-02);
#8937 = AXIS2_PLACEMENT_3D('',#8938,#8939,#8940);
#8938 = CARTESIAN_POINT('',(-1.6,0.76,1.56));
#8939 = DIRECTION('',(1.,0.,-0.));
#8940 = DIRECTION('',(0.,0.,1.));
#8941 = ORIENTED_EDGE('',*,*,#8942,.F.);
#8942 = EDGE_CURVE('',#8943,#8934,#8945,.T.);
#8943 = VERTEX_POINT('',#8944);
#8944 = CARTESIAN_POINT('',(-1.6,-0.76,1.6));
#8945 = LINE('',#8946,#8947);
#8946 = CARTESIAN_POINT('',(-1.6,-0.8,1.6));
#8947 = VECTOR('',#8948,1.);
#8948 = DIRECTION('',(0.,1.,0.));
#8949 = ORIENTED_EDGE('',*,*,#8950,.F.);
#8950 = EDGE_CURVE('',#8892,#8943,#8951,.T.);
#8951 = CIRCLE('',#8952,4.E-02);
#8952 = AXIS2_PLACEMENT_3D('',#8953,#8954,#8955);
#8953 = CARTESIAN_POINT('',(-1.6,-0.76,1.56));
#8954 = DIRECTION('',(-1.,0.,0.));
#8955 = DIRECTION('',(0.,0.,1.));
#8956 = PLANE('',#8957);
#8957 = AXIS2_PLACEMENT_3D('',#8958,#8959,#8960);
#8958 = CARTESIAN_POINT('',(-1.6,-0.8,0.));
#8959 = DIRECTION('',(1.,0.,0.));
#8960 = DIRECTION('',(0.,0.,1.));
#8961 = ADVANCED_FACE('',(#8962),#8987,.F.);
#8962 = FACE_BOUND('',#8963,.F.);
#8963 = EDGE_LOOP('',(#8964,#8974,#8980,#8981));
#8964 = ORIENTED_EDGE('',*,*,#8965,.F.);
#8965 = EDGE_CURVE('',#8966,#8968,#8970,.T.);
#8966 = VERTEX_POINT('',#8967);
#8967 = CARTESIAN_POINT('',(-1.2,-0.8,4.E-02));
#8968 = VERTEX_POINT('',#8969);
#8969 = CARTESIAN_POINT('',(-1.2,-0.8,1.56));
#8970 = LINE('',#8971,#8972);
#8971 = CARTESIAN_POINT('',(-1.2,-0.8,0.));
#8972 = VECTOR('',#8973,1.);
#8973 = DIRECTION('',(0.,0.,1.));
#8974 = ORIENTED_EDGE('',*,*,#8975,.F.);
#8975 = EDGE_CURVE('',#8890,#8966,#8976,.T.);
#8976 = LINE('',#8977,#8978);
#8977 = CARTESIAN_POINT('',(-1.6,-0.8,4.E-02));
#8978 = VECTOR('',#8979,1.);
#8979 = DIRECTION('',(1.,0.,0.));
#8980 = ORIENTED_EDGE('',*,*,#8889,.T.);
#8981 = ORIENTED_EDGE('',*,*,#8982,.T.);
#8982 = EDGE_CURVE('',#8892,#8968,#8983,.T.);
#8983 = LINE('',#8984,#8985);
#8984 = CARTESIAN_POINT('',(-1.6,-0.8,1.56));
#8985 = VECTOR('',#8986,1.);
#8986 = DIRECTION('',(1.,0.,0.));
#8987 = PLANE('',#8988);
#8988 = AXIS2_PLACEMENT_3D('',#8989,#8990,#8991);
#8989 = CARTESIAN_POINT('',(-1.6,-0.8,0.));
#8990 = DIRECTION('',(0.,1.,0.));
#8991 = DIRECTION('',(0.,-0.,1.));
#8992 = ADVANCED_FACE('',(#8993),#9012,.T.);
#8993 = FACE_BOUND('',#8994,.T.);
#8994 = EDGE_LOOP('',(#8995,#8996,#9004,#9011));
#8995 = ORIENTED_EDGE('',*,*,#8899,.T.);
#8996 = ORIENTED_EDGE('',*,*,#8997,.T.);
#8997 = EDGE_CURVE('',#8900,#8998,#9000,.T.);
#8998 = VERTEX_POINT('',#8999);
#8999 = CARTESIAN_POINT('',(-1.2,-0.76,0.));
#9000 = LINE('',#9001,#9002);
#9001 = CARTESIAN_POINT('',(-1.6,-0.76,0.));
#9002 = VECTOR('',#9003,1.);
#9003 = DIRECTION('',(1.,0.,0.));
#9004 = ORIENTED_EDGE('',*,*,#9005,.F.);
#9005 = EDGE_CURVE('',#8966,#8998,#9006,.T.);
#9006 = CIRCLE('',#9007,4.E-02);
#9007 = AXIS2_PLACEMENT_3D('',#9008,#9009,#9010);
#9008 = CARTESIAN_POINT('',(-1.2,-0.76,4.E-02));
#9009 = DIRECTION('',(1.,0.,-0.));
#9010 = DIRECTION('',(0.,0.,1.));
#9011 = ORIENTED_EDGE('',*,*,#8975,.F.);
#9012 = CYLINDRICAL_SURFACE('',#9013,4.E-02);
#9013 = AXIS2_PLACEMENT_3D('',#9014,#9015,#9016);
#9014 = CARTESIAN_POINT('',(-1.6,-0.76,4.E-02));
#9015 = DIRECTION('',(1.,0.,0.));
#9016 = DIRECTION('',(0.,-1.,0.));
#9017 = ADVANCED_FACE('',(#9018),#9037,.T.);
#9018 = FACE_BOUND('',#9019,.T.);
#9019 = EDGE_LOOP('',(#9020,#9021,#9030,#9036));
#9020 = ORIENTED_EDGE('',*,*,#8982,.T.);
#9021 = ORIENTED_EDGE('',*,*,#9022,.T.);
#9022 = EDGE_CURVE('',#8968,#9023,#9025,.T.);
#9023 = VERTEX_POINT('',#9024);
#9024 = CARTESIAN_POINT('',(-1.2,-0.76,1.6));
#9025 = CIRCLE('',#9026,4.E-02);
#9026 = AXIS2_PLACEMENT_3D('',#9027,#9028,#9029);
#9027 = CARTESIAN_POINT('',(-1.2,-0.76,1.56));
#9028 = DIRECTION('',(-1.,0.,0.));
#9029 = DIRECTION('',(0.,0.,1.));
#9030 = ORIENTED_EDGE('',*,*,#9031,.F.);
#9031 = EDGE_CURVE('',#8943,#9023,#9032,.T.);
#9032 = LINE('',#9033,#9034);
#9033 = CARTESIAN_POINT('',(-1.6,-0.76,1.6));
#9034 = VECTOR('',#9035,1.);
#9035 = DIRECTION('',(1.,0.,0.));
#9036 = ORIENTED_EDGE('',*,*,#8950,.F.);
#9037 = CYLINDRICAL_SURFACE('',#9038,4.E-02);
#9038 = AXIS2_PLACEMENT_3D('',#9039,#9040,#9041);
#9039 = CARTESIAN_POINT('',(-1.6,-0.76,1.56));
#9040 = DIRECTION('',(1.,0.,0.));
#9041 = DIRECTION('',(0.,-1.,0.));
#9042 = ADVANCED_FACE('',(#9043),#9061,.F.);
#9043 = FACE_BOUND('',#9044,.F.);
#9044 = EDGE_LOOP('',(#9045,#9046,#9047,#9055));
#9045 = ORIENTED_EDGE('',*,*,#8908,.F.);
#9046 = ORIENTED_EDGE('',*,*,#8997,.T.);
#9047 = ORIENTED_EDGE('',*,*,#9048,.T.);
#9048 = EDGE_CURVE('',#8998,#9049,#9051,.T.);
#9049 = VERTEX_POINT('',#9050);
#9050 = CARTESIAN_POINT('',(-1.2,0.76,0.));
#9051 = LINE('',#9052,#9053);
#9052 = CARTESIAN_POINT('',(-1.2,-0.8,0.));
#9053 = VECTOR('',#9054,1.);
#9054 = DIRECTION('',(0.,1.,0.));
#9055 = ORIENTED_EDGE('',*,*,#9056,.F.);
#9056 = EDGE_CURVE('',#8909,#9049,#9057,.T.);
#9057 = LINE('',#9058,#9059);
#9058 = CARTESIAN_POINT('',(-1.6,0.76,0.));
#9059 = VECTOR('',#9060,1.);
#9060 = DIRECTION('',(1.,0.,0.));
#9061 = PLANE('',#9062);
#9062 = AXIS2_PLACEMENT_3D('',#9063,#9064,#9065);
#9063 = CARTESIAN_POINT('',(-1.6,-0.8,0.));
#9064 = DIRECTION('',(0.,0.,1.));
#9065 = DIRECTION('',(1.,0.,-0.));
#9066 = ADVANCED_FACE('',(#9067),#9085,.T.);
#9067 = FACE_BOUND('',#9068,.T.);
#9068 = EDGE_LOOP('',(#9069,#9070,#9071,#9079));
#9069 = ORIENTED_EDGE('',*,*,#8942,.F.);
#9070 = ORIENTED_EDGE('',*,*,#9031,.T.);
#9071 = ORIENTED_EDGE('',*,*,#9072,.T.);
#9072 = EDGE_CURVE('',#9023,#9073,#9075,.T.);
#9073 = VERTEX_POINT('',#9074);
#9074 = CARTESIAN_POINT('',(-1.2,0.76,1.6));
#9075 = LINE('',#9076,#9077);
#9076 = CARTESIAN_POINT('',(-1.2,-0.8,1.6));
#9077 = VECTOR('',#9078,1.);
#9078 = DIRECTION('',(0.,1.,0.));
#9079 = ORIENTED_EDGE('',*,*,#9080,.F.);
#9080 = EDGE_CURVE('',#8934,#9073,#9081,.T.);
#9081 = LINE('',#9082,#9083);
#9082 = CARTESIAN_POINT('',(-1.6,0.76,1.6));
#9083 = VECTOR('',#9084,1.);
#9084 = DIRECTION('',(1.,0.,0.));
#9085 = PLANE('',#9086);
#9086 = AXIS2_PLACEMENT_3D('',#9087,#9088,#9089);
#9087 = CARTESIAN_POINT('',(-1.6,-0.8,1.6));
#9088 = DIRECTION('',(0.,0.,1.));
#9089 = DIRECTION('',(1.,0.,-0.));
#9090 = ADVANCED_FACE('',(#9091),#9110,.T.);
#9091 = FACE_BOUND('',#9092,.T.);
#9092 = EDGE_LOOP('',(#9093,#9101,#9108,#9109));
#9093 = ORIENTED_EDGE('',*,*,#9094,.T.);
#9094 = EDGE_CURVE('',#8917,#9095,#9097,.T.);
#9095 = VERTEX_POINT('',#9096);
#9096 = CARTESIAN_POINT('',(-1.2,0.8,4.E-02));
#9097 = LINE('',#9098,#9099);
#9098 = CARTESIAN_POINT('',(-1.6,0.8,4.E-02));
#9099 = VECTOR('',#9100,1.);
#9100 = DIRECTION('',(1.,0.,0.));
#9101 = ORIENTED_EDGE('',*,*,#9102,.T.);
#9102 = EDGE_CURVE('',#9095,#9049,#9103,.T.);
#9103 = CIRCLE('',#9104,4.E-02);
#9104 = AXIS2_PLACEMENT_3D('',#9105,#9106,#9107);
#9105 = CARTESIAN_POINT('',(-1.2,0.76,4.E-02));
#9106 = DIRECTION('',(-1.,0.,0.));
#9107 = DIRECTION('',(0.,0.,1.));
#9108 = ORIENTED_EDGE('',*,*,#9056,.F.);
#9109 = ORIENTED_EDGE('',*,*,#8916,.F.);
#9110 = CYLINDRICAL_SURFACE('',#9111,4.E-02);
#9111 = AXIS2_PLACEMENT_3D('',#9112,#9113,#9114);
#9112 = CARTESIAN_POINT('',(-1.6,0.76,4.E-02));
#9113 = DIRECTION('',(1.,0.,0.));
#9114 = DIRECTION('',(-0.,1.,0.));
#9115 = ADVANCED_FACE('',(#9116),#9135,.T.);
#9116 = FACE_BOUND('',#9117,.T.);
#9117 = EDGE_LOOP('',(#9118,#9119,#9120,#9129));
#9118 = ORIENTED_EDGE('',*,*,#8933,.T.);
#9119 = ORIENTED_EDGE('',*,*,#9080,.T.);
#9120 = ORIENTED_EDGE('',*,*,#9121,.F.);
#9121 = EDGE_CURVE('',#9122,#9073,#9124,.T.);
#9122 = VERTEX_POINT('',#9123);
#9123 = CARTESIAN_POINT('',(-1.2,0.8,1.56));
#9124 = CIRCLE('',#9125,4.E-02);
#9125 = AXIS2_PLACEMENT_3D('',#9126,#9127,#9128);
#9126 = CARTESIAN_POINT('',(-1.2,0.76,1.56));
#9127 = DIRECTION('',(1.,0.,-0.));
#9128 = DIRECTION('',(0.,0.,1.));
#9129 = ORIENTED_EDGE('',*,*,#9130,.F.);
#9130 = EDGE_CURVE('',#8926,#9122,#9131,.T.);
#9131 = LINE('',#9132,#9133);
#9132 = CARTESIAN_POINT('',(-1.6,0.8,1.56));
#9133 = VECTOR('',#9134,1.);
#9134 = DIRECTION('',(1.,0.,0.));
#9135 = CYLINDRICAL_SURFACE('',#9136,4.E-02);
#9136 = AXIS2_PLACEMENT_3D('',#9137,#9138,#9139);
#9137 = CARTESIAN_POINT('',(-1.6,0.76,1.56));
#9138 = DIRECTION('',(1.,0.,0.));
#9139 = DIRECTION('',(-0.,1.,0.));
#9140 = ADVANCED_FACE('',(#9141),#9152,.T.);
#9141 = FACE_BOUND('',#9142,.T.);
#9142 = EDGE_LOOP('',(#9143,#9149,#9150,#9151));
#9143 = ORIENTED_EDGE('',*,*,#9144,.F.);
#9144 = EDGE_CURVE('',#9095,#9122,#9145,.T.);
#9145 = LINE('',#9146,#9147);
#9146 = CARTESIAN_POINT('',(-1.2,0.8,0.));
#9147 = VECTOR('',#9148,1.);
#9148 = DIRECTION('',(0.,0.,1.));
#9149 = ORIENTED_EDGE('',*,*,#9094,.F.);
#9150 = ORIENTED_EDGE('',*,*,#8925,.T.);
#9151 = ORIENTED_EDGE('',*,*,#9130,.T.);
#9152 = PLANE('',#9153);
#9153 = AXIS2_PLACEMENT_3D('',#9154,#9155,#9156);
#9154 = CARTESIAN_POINT('',(-1.6,0.8,0.));
#9155 = DIRECTION('',(0.,1.,0.));
#9156 = DIRECTION('',(0.,-0.,1.));
#9157 = ADVANCED_FACE('',(#9158,#9168),#9238,.T.);
#9158 = FACE_BOUND('',#9159,.T.);
#9159 = EDGE_LOOP('',(#9160,#9161,#9162,#9163,#9164,#9165,#9166,#9167));
#9160 = ORIENTED_EDGE('',*,*,#8965,.F.);
#9161 = ORIENTED_EDGE('',*,*,#9005,.T.);
#9162 = ORIENTED_EDGE('',*,*,#9048,.T.);
#9163 = ORIENTED_EDGE('',*,*,#9102,.F.);
#9164 = ORIENTED_EDGE('',*,*,#9144,.T.);
#9165 = ORIENTED_EDGE('',*,*,#9121,.T.);
#9166 = ORIENTED_EDGE('',*,*,#9072,.F.);
#9167 = ORIENTED_EDGE('',*,*,#9022,.F.);
#9168 = FACE_BOUND('',#9169,.T.);
#9169 = EDGE_LOOP('',(#9170,#9181,#9189,#9198,#9206,#9215,#9223,#9232));
#9170 = ORIENTED_EDGE('',*,*,#9171,.F.);
#9171 = EDGE_CURVE('',#9172,#9174,#9176,.T.);
#9172 = VERTEX_POINT('',#9173);
#9173 = CARTESIAN_POINT('',(-1.2,-0.76,8.E-02));
#9174 = VERTEX_POINT('',#9175);
#9175 = CARTESIAN_POINT('',(-1.2,-0.72,4.E-02));
#9176 = CIRCLE('',#9177,4.E-02);
#9177 = AXIS2_PLACEMENT_3D('',#9178,#9179,#9180);
#9178 = CARTESIAN_POINT('',(-1.2,-0.72,8.E-02));
#9179 = DIRECTION('',(1.,0.,-0.));
#9180 = DIRECTION('',(0.,0.,1.));
#9181 = ORIENTED_EDGE('',*,*,#9182,.T.);
#9182 = EDGE_CURVE('',#9172,#9183,#9185,.T.);
#9183 = VERTEX_POINT('',#9184);
#9184 = CARTESIAN_POINT('',(-1.2,-0.76,1.52));
#9185 = LINE('',#9186,#9187);
#9186 = CARTESIAN_POINT('',(-1.2,-0.76,4.E-02));
#9187 = VECTOR('',#9188,1.);
#9188 = DIRECTION('',(0.,0.,1.));
#9189 = ORIENTED_EDGE('',*,*,#9190,.T.);
#9190 = EDGE_CURVE('',#9183,#9191,#9193,.T.);
#9191 = VERTEX_POINT('',#9192);
#9192 = CARTESIAN_POINT('',(-1.2,-0.72,1.56));
#9193 = CIRCLE('',#9194,4.E-02);
#9194 = AXIS2_PLACEMENT_3D('',#9195,#9196,#9197);
#9195 = CARTESIAN_POINT('',(-1.2,-0.72,1.52));
#9196 = DIRECTION('',(-1.,0.,0.));
#9197 = DIRECTION('',(0.,0.,1.));
#9198 = ORIENTED_EDGE('',*,*,#9199,.T.);
#9199 = EDGE_CURVE('',#9191,#9200,#9202,.T.);
#9200 = VERTEX_POINT('',#9201);
#9201 = CARTESIAN_POINT('',(-1.2,0.72,1.56));
#9202 = LINE('',#9203,#9204);
#9203 = CARTESIAN_POINT('',(-1.2,-0.76,1.56));
#9204 = VECTOR('',#9205,1.);
#9205 = DIRECTION('',(0.,1.,0.));
#9206 = ORIENTED_EDGE('',*,*,#9207,.F.);
#9207 = EDGE_CURVE('',#9208,#9200,#9210,.T.);
#9208 = VERTEX_POINT('',#9209);
#9209 = CARTESIAN_POINT('',(-1.2,0.76,1.52));
#9210 = CIRCLE('',#9211,4.E-02);
#9211 = AXIS2_PLACEMENT_3D('',#9212,#9213,#9214);
#9212 = CARTESIAN_POINT('',(-1.2,0.72,1.52));
#9213 = DIRECTION('',(1.,0.,-0.));
#9214 = DIRECTION('',(0.,0.,1.));
#9215 = ORIENTED_EDGE('',*,*,#9216,.F.);
#9216 = EDGE_CURVE('',#9217,#9208,#9219,.T.);
#9217 = VERTEX_POINT('',#9218);
#9218 = CARTESIAN_POINT('',(-1.2,0.76,8.E-02));
#9219 = LINE('',#9220,#9221);
#9220 = CARTESIAN_POINT('',(-1.2,0.76,4.E-02));
#9221 = VECTOR('',#9222,1.);
#9222 = DIRECTION('',(0.,0.,1.));
#9223 = ORIENTED_EDGE('',*,*,#9224,.T.);
#9224 = EDGE_CURVE('',#9217,#9225,#9227,.T.);
#9225 = VERTEX_POINT('',#9226);
#9226 = CARTESIAN_POINT('',(-1.2,0.72,4.E-02));
#9227 = CIRCLE('',#9228,4.E-02);
#9228 = AXIS2_PLACEMENT_3D('',#9229,#9230,#9231);
#9229 = CARTESIAN_POINT('',(-1.2,0.72,8.E-02));
#9230 = DIRECTION('',(-1.,0.,0.));
#9231 = DIRECTION('',(0.,0.,1.));
#9232 = ORIENTED_EDGE('',*,*,#9233,.F.);
#9233 = EDGE_CURVE('',#9174,#9225,#9234,.T.);
#9234 = LINE('',#9235,#9236);
#9235 = CARTESIAN_POINT('',(-1.2,-0.76,4.E-02));
#9236 = VECTOR('',#9237,1.);
#9237 = DIRECTION('',(0.,1.,0.));
#9238 = PLANE('',#9239);
#9239 = AXIS2_PLACEMENT_3D('',#9240,#9241,#9242);
#9240 = CARTESIAN_POINT('',(-1.2,-0.8,0.));
#9241 = DIRECTION('',(1.,0.,0.));
#9242 = DIRECTION('',(0.,0.,1.));
#9243 = ADVANCED_FACE('',(#9244),#9270,.T.);
#9244 = FACE_BOUND('',#9245,.T.);
#9245 = EDGE_LOOP('',(#9246,#9247,#9255,#9264));
#9246 = ORIENTED_EDGE('',*,*,#9171,.T.);
#9247 = ORIENTED_EDGE('',*,*,#9248,.T.);
#9248 = EDGE_CURVE('',#9174,#9249,#9251,.T.);
#9249 = VERTEX_POINT('',#9250);
#9250 = CARTESIAN_POINT('',(1.2,-0.72,4.E-02));
#9251 = LINE('',#9252,#9253);
#9252 = CARTESIAN_POINT('',(-1.2,-0.72,4.E-02));
#9253 = VECTOR('',#9254,1.);
#9254 = DIRECTION('',(1.,0.,0.));
#9255 = ORIENTED_EDGE('',*,*,#9256,.F.);
#9256 = EDGE_CURVE('',#9257,#9249,#9259,.T.);
#9257 = VERTEX_POINT('',#9258);
#9258 = CARTESIAN_POINT('',(1.2,-0.76,8.E-02));
#9259 = CIRCLE('',#9260,4.E-02);
#9260 = AXIS2_PLACEMENT_3D('',#9261,#9262,#9263);
#9261 = CARTESIAN_POINT('',(1.2,-0.72,8.E-02));
#9262 = DIRECTION('',(1.,0.,-0.));
#9263 = DIRECTION('',(0.,0.,1.));
#9264 = ORIENTED_EDGE('',*,*,#9265,.F.);
#9265 = EDGE_CURVE('',#9172,#9257,#9266,.T.);
#9266 = LINE('',#9267,#9268);
#9267 = CARTESIAN_POINT('',(-1.2,-0.76,8.E-02));
#9268 = VECTOR('',#9269,1.);
#9269 = DIRECTION('',(1.,0.,0.));
#9270 = CYLINDRICAL_SURFACE('',#9271,4.E-02);
#9271 = AXIS2_PLACEMENT_3D('',#9272,#9273,#9274);
#9272 = CARTESIAN_POINT('',(-1.2,-0.72,8.E-02));
#9273 = DIRECTION('',(1.,0.,0.));
#9274 = DIRECTION('',(0.,-1.,0.));
#9275 = ADVANCED_FACE('',(#9276),#9294,.F.);
#9276 = FACE_BOUND('',#9277,.F.);
#9277 = EDGE_LOOP('',(#9278,#9279,#9280,#9288));
#9278 = ORIENTED_EDGE('',*,*,#9233,.F.);
#9279 = ORIENTED_EDGE('',*,*,#9248,.T.);
#9280 = ORIENTED_EDGE('',*,*,#9281,.T.);
#9281 = EDGE_CURVE('',#9249,#9282,#9284,.T.);
#9282 = VERTEX_POINT('',#9283);
#9283 = CARTESIAN_POINT('',(1.2,0.72,4.E-02));
#9284 = LINE('',#9285,#9286);
#9285 = CARTESIAN_POINT('',(1.2,-0.76,4.E-02));
#9286 = VECTOR('',#9287,1.);
#9287 = DIRECTION('',(0.,1.,0.));
#9288 = ORIENTED_EDGE('',*,*,#9289,.F.);
#9289 = EDGE_CURVE('',#9225,#9282,#9290,.T.);
#9290 = LINE('',#9291,#9292);
#9291 = CARTESIAN_POINT('',(-1.2,0.72,4.E-02));
#9292 = VECTOR('',#9293,1.);
#9293 = DIRECTION('',(1.,0.,0.));
#9294 = PLANE('',#9295);
#9295 = AXIS2_PLACEMENT_3D('',#9296,#9297,#9298);
#9296 = CARTESIAN_POINT('',(-1.2,-0.76,4.E-02));
#9297 = DIRECTION('',(0.,0.,1.));
#9298 = DIRECTION('',(1.,0.,-0.));
#9299 = ADVANCED_FACE('',(#9300),#9319,.T.);
#9300 = FACE_BOUND('',#9301,.T.);
#9301 = EDGE_LOOP('',(#9302,#9310,#9317,#9318));
#9302 = ORIENTED_EDGE('',*,*,#9303,.T.);
#9303 = EDGE_CURVE('',#9217,#9304,#9306,.T.);
#9304 = VERTEX_POINT('',#9305);
#9305 = CARTESIAN_POINT('',(1.2,0.76,8.E-02));
#9306 = LINE('',#9307,#9308);
#9307 = CARTESIAN_POINT('',(-1.2,0.76,8.E-02));
#9308 = VECTOR('',#9309,1.);
#9309 = DIRECTION('',(1.,0.,0.));
#9310 = ORIENTED_EDGE('',*,*,#9311,.T.);
#9311 = EDGE_CURVE('',#9304,#9282,#9312,.T.);
#9312 = CIRCLE('',#9313,4.E-02);
#9313 = AXIS2_PLACEMENT_3D('',#9314,#9315,#9316);
#9314 = CARTESIAN_POINT('',(1.2,0.72,8.E-02));
#9315 = DIRECTION('',(-1.,0.,0.));
#9316 = DIRECTION('',(0.,0.,1.));
#9317 = ORIENTED_EDGE('',*,*,#9289,.F.);
#9318 = ORIENTED_EDGE('',*,*,#9224,.F.);
#9319 = CYLINDRICAL_SURFACE('',#9320,4.E-02);
#9320 = AXIS2_PLACEMENT_3D('',#9321,#9322,#9323);
#9321 = CARTESIAN_POINT('',(-1.2,0.72,8.E-02));
#9322 = DIRECTION('',(1.,0.,0.));
#9323 = DIRECTION('',(-0.,1.,0.));
#9324 = ADVANCED_FACE('',(#9325),#9343,.T.);
#9325 = FACE_BOUND('',#9326,.T.);
#9326 = EDGE_LOOP('',(#9327,#9335,#9336,#9337));
#9327 = ORIENTED_EDGE('',*,*,#9328,.F.);
#9328 = EDGE_CURVE('',#9304,#9329,#9331,.T.);
#9329 = VERTEX_POINT('',#9330);
#9330 = CARTESIAN_POINT('',(1.2,0.76,1.52));
#9331 = LINE('',#9332,#9333);
#9332 = CARTESIAN_POINT('',(1.2,0.76,4.E-02));
#9333 = VECTOR('',#9334,1.);
#9334 = DIRECTION('',(0.,0.,1.));
#9335 = ORIENTED_EDGE('',*,*,#9303,.F.);
#9336 = ORIENTED_EDGE('',*,*,#9216,.T.);
#9337 = ORIENTED_EDGE('',*,*,#9338,.T.);
#9338 = EDGE_CURVE('',#9208,#9329,#9339,.T.);
#9339 = LINE('',#9340,#9341);
#9340 = CARTESIAN_POINT('',(-1.2,0.76,1.52));
#9341 = VECTOR('',#9342,1.);
#9342 = DIRECTION('',(1.,0.,0.));
#9343 = PLANE('',#9344);
#9344 = AXIS2_PLACEMENT_3D('',#9345,#9346,#9347);
#9345 = CARTESIAN_POINT('',(-1.2,0.76,4.E-02));
#9346 = DIRECTION('',(0.,1.,0.));
#9347 = DIRECTION('',(0.,-0.,1.));
#9348 = ADVANCED_FACE('',(#9349),#9368,.T.);
#9349 = FACE_BOUND('',#9350,.T.);
#9350 = EDGE_LOOP('',(#9351,#9352,#9360,#9367));
#9351 = ORIENTED_EDGE('',*,*,#9207,.T.);
#9352 = ORIENTED_EDGE('',*,*,#9353,.T.);
#9353 = EDGE_CURVE('',#9200,#9354,#9356,.T.);
#9354 = VERTEX_POINT('',#9355);
#9355 = CARTESIAN_POINT('',(1.2,0.72,1.56));
#9356 = LINE('',#9357,#9358);
#9357 = CARTESIAN_POINT('',(-1.2,0.72,1.56));
#9358 = VECTOR('',#9359,1.);
#9359 = DIRECTION('',(1.,0.,0.));
#9360 = ORIENTED_EDGE('',*,*,#9361,.F.);
#9361 = EDGE_CURVE('',#9329,#9354,#9362,.T.);
#9362 = CIRCLE('',#9363,4.E-02);
#9363 = AXIS2_PLACEMENT_3D('',#9364,#9365,#9366);
#9364 = CARTESIAN_POINT('',(1.2,0.72,1.52));
#9365 = DIRECTION('',(1.,0.,-0.));
#9366 = DIRECTION('',(0.,0.,1.));
#9367 = ORIENTED_EDGE('',*,*,#9338,.F.);
#9368 = CYLINDRICAL_SURFACE('',#9369,4.E-02);
#9369 = AXIS2_PLACEMENT_3D('',#9370,#9371,#9372);
#9370 = CARTESIAN_POINT('',(-1.2,0.72,1.52));
#9371 = DIRECTION('',(1.,0.,0.));
#9372 = DIRECTION('',(-0.,1.,0.));
#9373 = ADVANCED_FACE('',(#9374),#9392,.T.);
#9374 = FACE_BOUND('',#9375,.T.);
#9375 = EDGE_LOOP('',(#9376,#9377,#9385,#9391));
#9376 = ORIENTED_EDGE('',*,*,#9199,.F.);
#9377 = ORIENTED_EDGE('',*,*,#9378,.T.);
#9378 = EDGE_CURVE('',#9191,#9379,#9381,.T.);
#9379 = VERTEX_POINT('',#9380);
#9380 = CARTESIAN_POINT('',(1.2,-0.72,1.56));
#9381 = LINE('',#9382,#9383);
#9382 = CARTESIAN_POINT('',(-1.2,-0.72,1.56));
#9383 = VECTOR('',#9384,1.);
#9384 = DIRECTION('',(1.,0.,0.));
#9385 = ORIENTED_EDGE('',*,*,#9386,.T.);
#9386 = EDGE_CURVE('',#9379,#9354,#9387,.T.);
#9387 = LINE('',#9388,#9389);
#9388 = CARTESIAN_POINT('',(1.2,-0.76,1.56));
#9389 = VECTOR('',#9390,1.);
#9390 = DIRECTION('',(0.,1.,0.));
#9391 = ORIENTED_EDGE('',*,*,#9353,.F.);
#9392 = PLANE('',#9393);
#9393 = AXIS2_PLACEMENT_3D('',#9394,#9395,#9396);
#9394 = CARTESIAN_POINT('',(-1.2,-0.76,1.56));
#9395 = DIRECTION('',(0.,0.,1.));
#9396 = DIRECTION('',(1.,0.,-0.));
#9397 = ADVANCED_FACE('',(#9398),#9417,.T.);
#9398 = FACE_BOUND('',#9399,.T.);
#9399 = EDGE_LOOP('',(#9400,#9408,#9415,#9416));
#9400 = ORIENTED_EDGE('',*,*,#9401,.T.);
#9401 = EDGE_CURVE('',#9183,#9402,#9404,.T.);
#9402 = VERTEX_POINT('',#9403);
#9403 = CARTESIAN_POINT('',(1.2,-0.76,1.52));
#9404 = LINE('',#9405,#9406);
#9405 = CARTESIAN_POINT('',(-1.2,-0.76,1.52));
#9406 = VECTOR('',#9407,1.);
#9407 = DIRECTION('',(1.,0.,0.));
#9408 = ORIENTED_EDGE('',*,*,#9409,.T.);
#9409 = EDGE_CURVE('',#9402,#9379,#9410,.T.);
#9410 = CIRCLE('',#9411,4.E-02);
#9411 = AXIS2_PLACEMENT_3D('',#9412,#9413,#9414);
#9412 = CARTESIAN_POINT('',(1.2,-0.72,1.52));
#9413 = DIRECTION('',(-1.,0.,0.));
#9414 = DIRECTION('',(0.,0.,1.));
#9415 = ORIENTED_EDGE('',*,*,#9378,.F.);
#9416 = ORIENTED_EDGE('',*,*,#9190,.F.);
#9417 = CYLINDRICAL_SURFACE('',#9418,4.E-02);
#9418 = AXIS2_PLACEMENT_3D('',#9419,#9420,#9421);
#9419 = CARTESIAN_POINT('',(-1.2,-0.72,1.52));
#9420 = DIRECTION('',(1.,0.,0.));
#9421 = DIRECTION('',(0.,-1.,0.));
#9422 = ADVANCED_FACE('',(#9423),#9434,.F.);
#9423 = FACE_BOUND('',#9424,.F.);
#9424 = EDGE_LOOP('',(#9425,#9431,#9432,#9433));
#9425 = ORIENTED_EDGE('',*,*,#9426,.F.);
#9426 = EDGE_CURVE('',#9257,#9402,#9427,.T.);
#9427 = LINE('',#9428,#9429);
#9428 = CARTESIAN_POINT('',(1.2,-0.76,4.E-02));
#9429 = VECTOR('',#9430,1.);
#9430 = DIRECTION('',(0.,0.,1.));
#9431 = ORIENTED_EDGE('',*,*,#9265,.F.);
#9432 = ORIENTED_EDGE('',*,*,#9182,.T.);
#9433 = ORIENTED_EDGE('',*,*,#9401,.T.);
#9434 = PLANE('',#9435);
#9435 = AXIS2_PLACEMENT_3D('',#9436,#9437,#9438);
#9436 = CARTESIAN_POINT('',(-1.2,-0.76,4.E-02));
#9437 = DIRECTION('',(0.,1.,0.));
#9438 = DIRECTION('',(0.,-0.,1.));
#9439 = ADVANCED_FACE('',(#9440,#9510),#9520,.F.);
#9440 = FACE_BOUND('',#9441,.F.);
#9441 = EDGE_LOOP('',(#9442,#9452,#9461,#9469,#9478,#9486,#9495,#9503));
#9442 = ORIENTED_EDGE('',*,*,#9443,.F.);
#9443 = EDGE_CURVE('',#9444,#9446,#9448,.T.);
#9444 = VERTEX_POINT('',#9445);
#9445 = CARTESIAN_POINT('',(1.2,-0.8,4.E-02));
#9446 = VERTEX_POINT('',#9447);
#9447 = CARTESIAN_POINT('',(1.2,-0.8,1.56));
#9448 = LINE('',#9449,#9450);
#9449 = CARTESIAN_POINT('',(1.2,-0.8,0.));
#9450 = VECTOR('',#9451,1.);
#9451 = DIRECTION('',(0.,0.,1.));
#9452 = ORIENTED_EDGE('',*,*,#9453,.T.);
#9453 = EDGE_CURVE('',#9444,#9454,#9456,.T.);
#9454 = VERTEX_POINT('',#9455);
#9455 = CARTESIAN_POINT('',(1.2,-0.76,0.));
#9456 = CIRCLE('',#9457,4.E-02);
#9457 = AXIS2_PLACEMENT_3D('',#9458,#9459,#9460);
#9458 = CARTESIAN_POINT('',(1.2,-0.76,4.E-02));
#9459 = DIRECTION('',(1.,0.,-0.));
#9460 = DIRECTION('',(0.,0.,1.));
#9461 = ORIENTED_EDGE('',*,*,#9462,.T.);
#9462 = EDGE_CURVE('',#9454,#9463,#9465,.T.);
#9463 = VERTEX_POINT('',#9464);
#9464 = CARTESIAN_POINT('',(1.2,0.76,0.));
#9465 = LINE('',#9466,#9467);
#9466 = CARTESIAN_POINT('',(1.2,-0.8,0.));
#9467 = VECTOR('',#9468,1.);
#9468 = DIRECTION('',(0.,1.,0.));
#9469 = ORIENTED_EDGE('',*,*,#9470,.F.);
#9470 = EDGE_CURVE('',#9471,#9463,#9473,.T.);
#9471 = VERTEX_POINT('',#9472);
#9472 = CARTESIAN_POINT('',(1.2,0.8,4.E-02));
#9473 = CIRCLE('',#9474,4.E-02);
#9474 = AXIS2_PLACEMENT_3D('',#9475,#9476,#9477);
#9475 = CARTESIAN_POINT('',(1.2,0.76,4.E-02));
#9476 = DIRECTION('',(-1.,0.,0.));
#9477 = DIRECTION('',(0.,0.,1.));
#9478 = ORIENTED_EDGE('',*,*,#9479,.T.);
#9479 = EDGE_CURVE('',#9471,#9480,#9482,.T.);
#9480 = VERTEX_POINT('',#9481);
#9481 = CARTESIAN_POINT('',(1.2,0.8,1.56));
#9482 = LINE('',#9483,#9484);
#9483 = CARTESIAN_POINT('',(1.2,0.8,0.));
#9484 = VECTOR('',#9485,1.);
#9485 = DIRECTION('',(0.,0.,1.));
#9486 = ORIENTED_EDGE('',*,*,#9487,.T.);
#9487 = EDGE_CURVE('',#9480,#9488,#9490,.T.);
#9488 = VERTEX_POINT('',#9489);
#9489 = CARTESIAN_POINT('',(1.2,0.76,1.6));
#9490 = CIRCLE('',#9491,4.E-02);
#9491 = AXIS2_PLACEMENT_3D('',#9492,#9493,#9494);
#9492 = CARTESIAN_POINT('',(1.2,0.76,1.56));
#9493 = DIRECTION('',(1.,0.,-0.));
#9494 = DIRECTION('',(0.,0.,1.));
#9495 = ORIENTED_EDGE('',*,*,#9496,.F.);
#9496 = EDGE_CURVE('',#9497,#9488,#9499,.T.);
#9497 = VERTEX_POINT('',#9498);
#9498 = CARTESIAN_POINT('',(1.2,-0.76,1.6));
#9499 = LINE('',#9500,#9501);
#9500 = CARTESIAN_POINT('',(1.2,-0.8,1.6));
#9501 = VECTOR('',#9502,1.);
#9502 = DIRECTION('',(0.,1.,0.));
#9503 = ORIENTED_EDGE('',*,*,#9504,.F.);
#9504 = EDGE_CURVE('',#9446,#9497,#9505,.T.);
#9505 = CIRCLE('',#9506,4.E-02);
#9506 = AXIS2_PLACEMENT_3D('',#9507,#9508,#9509);
#9507 = CARTESIAN_POINT('',(1.2,-0.76,1.56));
#9508 = DIRECTION('',(-1.,0.,0.));
#9509 = DIRECTION('',(0.,0.,1.));
#9510 = FACE_BOUND('',#9511,.F.);
#9511 = EDGE_LOOP('',(#9512,#9513,#9514,#9515,#9516,#9517,#9518,#9519));
#9512 = ORIENTED_EDGE('',*,*,#9256,.F.);
#9513 = ORIENTED_EDGE('',*,*,#9426,.T.);
#9514 = ORIENTED_EDGE('',*,*,#9409,.T.);
#9515 = ORIENTED_EDGE('',*,*,#9386,.T.);
#9516 = ORIENTED_EDGE('',*,*,#9361,.F.);
#9517 = ORIENTED_EDGE('',*,*,#9328,.F.);
#9518 = ORIENTED_EDGE('',*,*,#9311,.T.);
#9519 = ORIENTED_EDGE('',*,*,#9281,.F.);
#9520 = PLANE('',#9521);
#9521 = AXIS2_PLACEMENT_3D('',#9522,#9523,#9524);
#9522 = CARTESIAN_POINT('',(1.2,-0.8,0.));
#9523 = DIRECTION('',(1.,0.,0.));
#9524 = DIRECTION('',(0.,0.,1.));
#9525 = ADVANCED_FACE('',(#9526),#9551,.F.);
#9526 = FACE_BOUND('',#9527,.F.);
#9527 = EDGE_LOOP('',(#9528,#9538,#9544,#9545));
#9528 = ORIENTED_EDGE('',*,*,#9529,.F.);
#9529 = EDGE_CURVE('',#9530,#9532,#9534,.T.);
#9530 = VERTEX_POINT('',#9531);
#9531 = CARTESIAN_POINT('',(1.6,-0.8,4.E-02));
#9532 = VERTEX_POINT('',#9533);
#9533 = CARTESIAN_POINT('',(1.6,-0.8,1.56));
#9534 = LINE('',#9535,#9536);
#9535 = CARTESIAN_POINT('',(1.6,-0.8,0.));
#9536 = VECTOR('',#9537,1.);
#9537 = DIRECTION('',(0.,0.,1.));
#9538 = ORIENTED_EDGE('',*,*,#9539,.F.);
#9539 = EDGE_CURVE('',#9444,#9530,#9540,.T.);
#9540 = LINE('',#9541,#9542);
#9541 = CARTESIAN_POINT('',(1.2,-0.8,4.E-02));
#9542 = VECTOR('',#9543,1.);
#9543 = DIRECTION('',(1.,0.,0.));
#9544 = ORIENTED_EDGE('',*,*,#9443,.T.);
#9545 = ORIENTED_EDGE('',*,*,#9546,.T.);
#9546 = EDGE_CURVE('',#9446,#9532,#9547,.T.);
#9547 = LINE('',#9548,#9549);
#9548 = CARTESIAN_POINT('',(1.2,-0.8,1.56));
#9549 = VECTOR('',#9550,1.);
#9550 = DIRECTION('',(1.,0.,0.));
#9551 = PLANE('',#9552);
#9552 = AXIS2_PLACEMENT_3D('',#9553,#9554,#9555);
#9553 = CARTESIAN_POINT('',(1.2,-0.8,0.));
#9554 = DIRECTION('',(0.,1.,0.));
#9555 = DIRECTION('',(0.,-0.,1.));
#9556 = ADVANCED_FACE('',(#9557),#9576,.T.);
#9557 = FACE_BOUND('',#9558,.T.);
#9558 = EDGE_LOOP('',(#9559,#9560,#9568,#9575));
#9559 = ORIENTED_EDGE('',*,*,#9453,.T.);
#9560 = ORIENTED_EDGE('',*,*,#9561,.T.);
#9561 = EDGE_CURVE('',#9454,#9562,#9564,.T.);
#9562 = VERTEX_POINT('',#9563);
#9563 = CARTESIAN_POINT('',(1.6,-0.76,0.));
#9564 = LINE('',#9565,#9566);
#9565 = CARTESIAN_POINT('',(1.2,-0.76,0.));
#9566 = VECTOR('',#9567,1.);
#9567 = DIRECTION('',(1.,0.,0.));
#9568 = ORIENTED_EDGE('',*,*,#9569,.F.);
#9569 = EDGE_CURVE('',#9530,#9562,#9570,.T.);
#9570 = CIRCLE('',#9571,4.E-02);
#9571 = AXIS2_PLACEMENT_3D('',#9572,#9573,#9574);
#9572 = CARTESIAN_POINT('',(1.6,-0.76,4.E-02));
#9573 = DIRECTION('',(1.,0.,-0.));
#9574 = DIRECTION('',(0.,0.,1.));
#9575 = ORIENTED_EDGE('',*,*,#9539,.F.);
#9576 = CYLINDRICAL_SURFACE('',#9577,4.E-02);
#9577 = AXIS2_PLACEMENT_3D('',#9578,#9579,#9580);
#9578 = CARTESIAN_POINT('',(1.2,-0.76,4.E-02));
#9579 = DIRECTION('',(1.,0.,0.));
#9580 = DIRECTION('',(0.,-1.,0.));
#9581 = ADVANCED_FACE('',(#9582),#9601,.T.);
#9582 = FACE_BOUND('',#9583,.T.);
#9583 = EDGE_LOOP('',(#9584,#9585,#9594,#9600));
#9584 = ORIENTED_EDGE('',*,*,#9546,.T.);
#9585 = ORIENTED_EDGE('',*,*,#9586,.T.);
#9586 = EDGE_CURVE('',#9532,#9587,#9589,.T.);
#9587 = VERTEX_POINT('',#9588);
#9588 = CARTESIAN_POINT('',(1.6,-0.76,1.6));
#9589 = CIRCLE('',#9590,4.E-02);
#9590 = AXIS2_PLACEMENT_3D('',#9591,#9592,#9593);
#9591 = CARTESIAN_POINT('',(1.6,-0.76,1.56));
#9592 = DIRECTION('',(-1.,0.,0.));
#9593 = DIRECTION('',(0.,0.,1.));
#9594 = ORIENTED_EDGE('',*,*,#9595,.F.);
#9595 = EDGE_CURVE('',#9497,#9587,#9596,.T.);
#9596 = LINE('',#9597,#9598);
#9597 = CARTESIAN_POINT('',(1.2,-0.76,1.6));
#9598 = VECTOR('',#9599,1.);
#9599 = DIRECTION('',(1.,0.,0.));
#9600 = ORIENTED_EDGE('',*,*,#9504,.F.);
#9601 = CYLINDRICAL_SURFACE('',#9602,4.E-02);
#9602 = AXIS2_PLACEMENT_3D('',#9603,#9604,#9605);
#9603 = CARTESIAN_POINT('',(1.2,-0.76,1.56));
#9604 = DIRECTION('',(1.,0.,0.));
#9605 = DIRECTION('',(0.,-1.,0.));
#9606 = ADVANCED_FACE('',(#9607),#9625,.F.);
#9607 = FACE_BOUND('',#9608,.F.);
#9608 = EDGE_LOOP('',(#9609,#9610,#9611,#9619));
#9609 = ORIENTED_EDGE('',*,*,#9462,.F.);
#9610 = ORIENTED_EDGE('',*,*,#9561,.T.);
#9611 = ORIENTED_EDGE('',*,*,#9612,.T.);
#9612 = EDGE_CURVE('',#9562,#9613,#9615,.T.);
#9613 = VERTEX_POINT('',#9614);
#9614 = CARTESIAN_POINT('',(1.6,0.76,0.));
#9615 = LINE('',#9616,#9617);
#9616 = CARTESIAN_POINT('',(1.6,-0.8,0.));
#9617 = VECTOR('',#9618,1.);
#9618 = DIRECTION('',(0.,1.,0.));
#9619 = ORIENTED_EDGE('',*,*,#9620,.F.);
#9620 = EDGE_CURVE('',#9463,#9613,#9621,.T.);
#9621 = LINE('',#9622,#9623);
#9622 = CARTESIAN_POINT('',(1.2,0.76,0.));
#9623 = VECTOR('',#9624,1.);
#9624 = DIRECTION('',(1.,0.,0.));
#9625 = PLANE('',#9626);
#9626 = AXIS2_PLACEMENT_3D('',#9627,#9628,#9629);
#9627 = CARTESIAN_POINT('',(1.2,-0.8,0.));
#9628 = DIRECTION('',(0.,0.,1.));
#9629 = DIRECTION('',(1.,0.,-0.));
#9630 = ADVANCED_FACE('',(#9631),#9649,.T.);
#9631 = FACE_BOUND('',#9632,.T.);
#9632 = EDGE_LOOP('',(#9633,#9634,#9635,#9643));
#9633 = ORIENTED_EDGE('',*,*,#9496,.F.);
#9634 = ORIENTED_EDGE('',*,*,#9595,.T.);
#9635 = ORIENTED_EDGE('',*,*,#9636,.T.);
#9636 = EDGE_CURVE('',#9587,#9637,#9639,.T.);
#9637 = VERTEX_POINT('',#9638);
#9638 = CARTESIAN_POINT('',(1.6,0.76,1.6));
#9639 = LINE('',#9640,#9641);
#9640 = CARTESIAN_POINT('',(1.6,-0.8,1.6));
#9641 = VECTOR('',#9642,1.);
#9642 = DIRECTION('',(0.,1.,0.));
#9643 = ORIENTED_EDGE('',*,*,#9644,.F.);
#9644 = EDGE_CURVE('',#9488,#9637,#9645,.T.);
#9645 = LINE('',#9646,#9647);
#9646 = CARTESIAN_POINT('',(1.2,0.76,1.6));
#9647 = VECTOR('',#9648,1.);
#9648 = DIRECTION('',(1.,0.,0.));
#9649 = PLANE('',#9650);
#9650 = AXIS2_PLACEMENT_3D('',#9651,#9652,#9653);
#9651 = CARTESIAN_POINT('',(1.2,-0.8,1.6));
#9652 = DIRECTION('',(0.,0.,1.));
#9653 = DIRECTION('',(1.,0.,-0.));
#9654 = ADVANCED_FACE('',(#9655),#9674,.T.);
#9655 = FACE_BOUND('',#9656,.T.);
#9656 = EDGE_LOOP('',(#9657,#9665,#9672,#9673));
#9657 = ORIENTED_EDGE('',*,*,#9658,.T.);
#9658 = EDGE_CURVE('',#9471,#9659,#9661,.T.);
#9659 = VERTEX_POINT('',#9660);
#9660 = CARTESIAN_POINT('',(1.6,0.8,4.E-02));
#9661 = LINE('',#9662,#9663);
#9662 = CARTESIAN_POINT('',(1.2,0.8,4.E-02));
#9663 = VECTOR('',#9664,1.);
#9664 = DIRECTION('',(1.,0.,0.));
#9665 = ORIENTED_EDGE('',*,*,#9666,.T.);
#9666 = EDGE_CURVE('',#9659,#9613,#9667,.T.);
#9667 = CIRCLE('',#9668,4.E-02);
#9668 = AXIS2_PLACEMENT_3D('',#9669,#9670,#9671);
#9669 = CARTESIAN_POINT('',(1.6,0.76,4.E-02));
#9670 = DIRECTION('',(-1.,0.,0.));
#9671 = DIRECTION('',(0.,0.,1.));
#9672 = ORIENTED_EDGE('',*,*,#9620,.F.);
#9673 = ORIENTED_EDGE('',*,*,#9470,.F.);
#9674 = CYLINDRICAL_SURFACE('',#9675,4.E-02);
#9675 = AXIS2_PLACEMENT_3D('',#9676,#9677,#9678);
#9676 = CARTESIAN_POINT('',(1.2,0.76,4.E-02));
#9677 = DIRECTION('',(1.,0.,0.));
#9678 = DIRECTION('',(-0.,1.,0.));
#9679 = ADVANCED_FACE('',(#9680),#9699,.T.);
#9680 = FACE_BOUND('',#9681,.T.);
#9681 = EDGE_LOOP('',(#9682,#9683,#9684,#9693));
#9682 = ORIENTED_EDGE('',*,*,#9487,.T.);
#9683 = ORIENTED_EDGE('',*,*,#9644,.T.);
#9684 = ORIENTED_EDGE('',*,*,#9685,.F.);
#9685 = EDGE_CURVE('',#9686,#9637,#9688,.T.);
#9686 = VERTEX_POINT('',#9687);
#9687 = CARTESIAN_POINT('',(1.6,0.8,1.56));
#9688 = CIRCLE('',#9689,4.E-02);
#9689 = AXIS2_PLACEMENT_3D('',#9690,#9691,#9692);
#9690 = CARTESIAN_POINT('',(1.6,0.76,1.56));
#9691 = DIRECTION('',(1.,0.,-0.));
#9692 = DIRECTION('',(0.,0.,1.));
#9693 = ORIENTED_EDGE('',*,*,#9694,.F.);
#9694 = EDGE_CURVE('',#9480,#9686,#9695,.T.);
#9695 = LINE('',#9696,#9697);
#9696 = CARTESIAN_POINT('',(1.2,0.8,1.56));
#9697 = VECTOR('',#9698,1.);
#9698 = DIRECTION('',(1.,0.,0.));
#9699 = CYLINDRICAL_SURFACE('',#9700,4.E-02);
#9700 = AXIS2_PLACEMENT_3D('',#9701,#9702,#9703);
#9701 = CARTESIAN_POINT('',(1.2,0.76,1.56));
#9702 = DIRECTION('',(1.,0.,0.));
#9703 = DIRECTION('',(-0.,1.,0.));
#9704 = ADVANCED_FACE('',(#9705),#9716,.T.);
#9705 = FACE_BOUND('',#9706,.T.);
#9706 = EDGE_LOOP('',(#9707,#9713,#9714,#9715));
#9707 = ORIENTED_EDGE('',*,*,#9708,.F.);
#9708 = EDGE_CURVE('',#9659,#9686,#9709,.T.);
#9709 = LINE('',#9710,#9711);
#9710 = CARTESIAN_POINT('',(1.6,0.8,0.));
#9711 = VECTOR('',#9712,1.);
#9712 = DIRECTION('',(0.,0.,1.));
#9713 = ORIENTED_EDGE('',*,*,#9658,.F.);
#9714 = ORIENTED_EDGE('',*,*,#9479,.T.);
#9715 = ORIENTED_EDGE('',*,*,#9694,.T.);
#9716 = PLANE('',#9717);
#9717 = AXIS2_PLACEMENT_3D('',#9718,#9719,#9720);
#9718 = CARTESIAN_POINT('',(1.2,0.8,0.));
#9719 = DIRECTION('',(0.,1.,0.));
#9720 = DIRECTION('',(0.,-0.,1.));
#9721 = ADVANCED_FACE('',(#9722),#9732,.T.);
#9722 = FACE_BOUND('',#9723,.T.);
#9723 = EDGE_LOOP('',(#9724,#9725,#9726,#9727,#9728,#9729,#9730,#9731));
#9724 = ORIENTED_EDGE('',*,*,#9529,.F.);
#9725 = ORIENTED_EDGE('',*,*,#9569,.T.);
#9726 = ORIENTED_EDGE('',*,*,#9612,.T.);
#9727 = ORIENTED_EDGE('',*,*,#9666,.F.);
#9728 = ORIENTED_EDGE('',*,*,#9708,.T.);
#9729 = ORIENTED_EDGE('',*,*,#9685,.T.);
#9730 = ORIENTED_EDGE('',*,*,#9636,.F.);
#9731 = ORIENTED_EDGE('',*,*,#9586,.F.);
#9732 = PLANE('',#9733);
#9733 = AXIS2_PLACEMENT_3D('',#9734,#9735,#9736);
#9734 = CARTESIAN_POINT('',(1.6,-0.8,0.));
#9735 = DIRECTION('',(1.,0.,0.));
#9736 = DIRECTION('',(0.,0.,1.));
#9737 = ( GEOMETRIC_REPRESENTATION_CONTEXT(3) 
GLOBAL_UNCERTAINTY_ASSIGNED_CONTEXT((#9741)) 
GLOBAL_UNIT_ASSIGNED_CONTEXT((#9738,#9739,#9740)) REPRESENTATION_CONTEXT
('Context #1','3D Context with UNIT and UNCERTAINTY') );
#9738 = ( LENGTH_UNIT() NAMED_UNIT(*) SI_UNIT(.MILLI.,.METRE.) );
#9739 = ( NAMED_UNIT(*) PLANE_ANGLE_UNIT() SI_UNIT($,.RADIAN.) );
#9740 = ( NAMED_UNIT(*) SI_UNIT($,.STERADIAN.) SOLID_ANGLE_UNIT() );
#9741 = UNCERTAINTY_MEASURE_WITH_UNIT(LENGTH_MEASURE(1.E-07),#9738,
  'distance_accuracy_value','confusion accuracy');
#9742 = CONTEXT_DEPENDENT_SHAPE_REPRESENTATION(#9743,#9745);
#9743 = ( REPRESENTATION_RELATIONSHIP('','',#8882,#10) 
REPRESENTATION_RELATIONSHIP_WITH_TRANSFORMATION(#9744) 
SHAPE_REPRESENTATION_RELATIONSHIP() );
#9744 = ITEM_DEFINED_TRANSFORMATION('','',#11,#51);
#9745 = PRODUCT_DEFINITION_SHAPE('Placement','Placement of an item',
  #9746);
#9746 = NEXT_ASSEMBLY_USAGE_OCCURRENCE('10','C62','',#5,#8877,$);
#9747 = PRODUCT_RELATED_PRODUCT_CATEGORY('part',$,(#8879));
#9748 = CONTEXT_DEPENDENT_SHAPE_REPRESENTATION(#9749,#9751);
#9749 = ( REPRESENTATION_RELATIONSHIP('','',#5293,#10) 
REPRESENTATION_RELATIONSHIP_WITH_TRANSFORMATION(#9750) 
SHAPE_REPRESENTATION_RELATIONSHIP() );
#9750 = ITEM_DEFINED_TRANSFORMATION('','',#11,#55);
#9751 = PRODUCT_DEFINITION_SHAPE('Placement','Placement of an item',
  #9752);
#9752 = NEXT_ASSEMBLY_USAGE_OCCURRENCE('11','C65','',#5,#5288,$);
#9753 = CONTEXT_DEPENDENT_SHAPE_REPRESENTATION(#9754,#9756);
#9754 = ( REPRESENTATION_RELATIONSHIP('','',#5293,#10) 
REPRESENTATION_RELATIONSHIP_WITH_TRANSFORMATION(#9755) 
SHAPE_REPRESENTATION_RELATIONSHIP() );
#9755 = ITEM_DEFINED_TRANSFORMATION('','',#11,#59);
#9756 = PRODUCT_DEFINITION_SHAPE('Placement','Placement of an item',
  #9757);
#9757 = NEXT_ASSEMBLY_USAGE_OCCURRENCE('12','C85','',#5,#5288,$);
#9758 = SHAPE_DEFINITION_REPRESENTATION(#9759,#9765);
#9759 = PRODUCT_DEFINITION_SHAPE('','',#9760);
#9760 = PRODUCT_DEFINITION('design','',#9761,#9764);
#9761 = PRODUCT_DEFINITION_FORMATION('','',#9762);
#9762 = PRODUCT('Texas_RSA_VQFN-16-1EP_4x4mm_P0.65mm_EP2.7x2.7mm',
  'Texas_RSA_VQFN-16-1EP_4x4mm_P0.65mm_EP2.7x2.7mm','',(#9763));
#9763 = PRODUCT_CONTEXT('',#2,'mechanical');
#9764 = PRODUCT_DEFINITION_CONTEXT('part definition',#2,'design');
#9765 = ADVANCED_BREP_SHAPE_REPRESENTATION('',(#11,#9766),#13304);
#9766 = MANIFOLD_SOLID_BREP('',#9767);
#9767 = CLOSED_SHELL('',(#9768,#9785,#9810,#9853,#10012,#10164,#10316,
    #10461,#10883,#10923,#10947,#10980,#11020,#11044,#11077,#11117,
    #11141,#11174,#11214,#11238,#11271,#11311,#11335,#11368,#11408,
    #11432,#11465,#11505,#11529,#11562,#11602,#11626,#11659,#11699,
    #11723,#11756,#11796,#11820,#11853,#11893,#11917,#11950,#11990,
    #12014,#12047,#12087,#12111,#12144,#12184,#12208,#12241,#12281,
    #12305,#12338,#12378,#12402,#12435,#12452,#12469,#12486,#12503,
    #12520,#12537,#12554,#12571,#12588,#12605,#12622,#12639,#12656,
    #12673,#12690,#12707,#12738,#12762,#12786,#12810,#12827,#12844,
    #12856,#12873,#12885,#12902,#12914,#12931,#12943,#12960,#12972,
    #12989,#13001,#13018,#13030,#13047,#13059,#13076,#13088,#13105,
    #13117,#13134,#13146,#13163,#13175,#13192,#13204,#13221,#13233,
    #13250,#13262,#13279,#13291));
#9768 = ADVANCED_FACE('',(#9769),#9780,.F.);
#9769 = FACE_BOUND('',#9770,.T.);
#9770 = EDGE_LOOP('',(#9771));
#9771 = ORIENTED_EDGE('',*,*,#9772,.F.);
#9772 = EDGE_CURVE('',#9773,#9773,#9775,.T.);
#9773 = VERTEX_POINT('',#9774);
#9774 = CARTESIAN_POINT('',(-1.1,0.9,0.8));
#9775 = CIRCLE('',#9776,0.2);
#9776 = AXIS2_PLACEMENT_3D('',#9777,#9778,#9779);
#9777 = CARTESIAN_POINT('',(-1.1,1.1,0.8));
#9778 = DIRECTION('',(0.,-0.,-1.));
#9779 = DIRECTION('',(1.110223024625E-16,-1.,0.));
#9780 = PLANE('',#9781);
#9781 = AXIS2_PLACEMENT_3D('',#9782,#9783,#9784);
#9782 = CARTESIAN_POINT('',(-1.1,1.1,0.8));
#9783 = DIRECTION('',(0.,0.,-1.));
#9784 = DIRECTION('',(1.110223024625E-16,-1.,0.));
#9785 = ADVANCED_FACE('',(#9786),#9805,.T.);
#9786 = FACE_BOUND('',#9787,.T.);
#9787 = EDGE_LOOP('',(#9788,#9796,#9797,#9798));
#9788 = ORIENTED_EDGE('',*,*,#9789,.F.);
#9789 = EDGE_CURVE('',#9773,#9790,#9792,.T.);
#9790 = VERTEX_POINT('',#9791);
#9791 = CARTESIAN_POINT('',(-1.1,0.9,0.78));
#9792 = LINE('',#9793,#9794);
#9793 = CARTESIAN_POINT('',(-1.1,0.9,0.8));
#9794 = VECTOR('',#9795,1.);
#9795 = DIRECTION('',(0.,0.,-1.));
#9796 = ORIENTED_EDGE('',*,*,#9772,.T.);
#9797 = ORIENTED_EDGE('',*,*,#9789,.T.);
#9798 = ORIENTED_EDGE('',*,*,#9799,.F.);
#9799 = EDGE_CURVE('',#9790,#9790,#9800,.T.);
#9800 = CIRCLE('',#9801,0.2);
#9801 = AXIS2_PLACEMENT_3D('',#9802,#9803,#9804);
#9802 = CARTESIAN_POINT('',(-1.1,1.1,0.78));
#9803 = DIRECTION('',(0.,0.,-1.));
#9804 = DIRECTION('',(1.110223024625E-16,-1.,0.));
#9805 = CYLINDRICAL_SURFACE('',#9806,0.2);
#9806 = AXIS2_PLACEMENT_3D('',#9807,#9808,#9809);
#9807 = CARTESIAN_POINT('',(-1.1,1.1,0.8));
#9808 = DIRECTION('',(0.,0.,-1.));
#9809 = DIRECTION('',(1.110223024625E-16,-1.,0.));
#9810 = ADVANCED_FACE('',(#9811,#9845),#9848,.T.);
#9811 = FACE_BOUND('',#9812,.T.);
#9812 = EDGE_LOOP('',(#9813,#9823,#9831,#9839));
#9813 = ORIENTED_EDGE('',*,*,#9814,.F.);
#9814 = EDGE_CURVE('',#9815,#9817,#9819,.T.);
#9815 = VERTEX_POINT('',#9816);
#9816 = CARTESIAN_POINT('',(-1.985,1.985,0.78));
#9817 = VERTEX_POINT('',#9818);
#9818 = CARTESIAN_POINT('',(1.985,1.985,0.78));
#9819 = LINE('',#9820,#9821);
#9820 = CARTESIAN_POINT('',(-1.985,1.985,0.78));
#9821 = VECTOR('',#9822,1.);
#9822 = DIRECTION('',(1.,1.110223024625E-16,0.));
#9823 = ORIENTED_EDGE('',*,*,#9824,.T.);
#9824 = EDGE_CURVE('',#9815,#9825,#9827,.T.);
#9825 = VERTEX_POINT('',#9826);
#9826 = CARTESIAN_POINT('',(-1.985,-1.985,0.78));
#9827 = LINE('',#9828,#9829);
#9828 = CARTESIAN_POINT('',(-1.985,1.985,0.78));
#9829 = VECTOR('',#9830,1.);
#9830 = DIRECTION('',(1.110223024625E-16,-1.,0.));
#9831 = ORIENTED_EDGE('',*,*,#9832,.T.);
#9832 = EDGE_CURVE('',#9825,#9833,#9835,.T.);
#9833 = VERTEX_POINT('',#9834);
#9834 = CARTESIAN_POINT('',(1.985,-1.985,0.78));
#9835 = LINE('',#9836,#9837);
#9836 = CARTESIAN_POINT('',(-1.985,-1.985,0.78));
#9837 = VECTOR('',#9838,1.);
#9838 = DIRECTION('',(1.,1.110223024625E-16,0.));
#9839 = ORIENTED_EDGE('',*,*,#9840,.F.);
#9840 = EDGE_CURVE('',#9817,#9833,#9841,.T.);
#9841 = LINE('',#9842,#9843);
#9842 = CARTESIAN_POINT('',(1.985,1.985,0.78));
#9843 = VECTOR('',#9844,1.);
#9844 = DIRECTION('',(1.110223024625E-16,-1.,0.));
#9845 = FACE_BOUND('',#9846,.T.);
#9846 = EDGE_LOOP('',(#9847));
#9847 = ORIENTED_EDGE('',*,*,#9799,.T.);
#9848 = PLANE('',#9849);
#9849 = AXIS2_PLACEMENT_3D('',#9850,#9851,#9852);
#9850 = CARTESIAN_POINT('',(-1.985,1.985,0.78));
#9851 = DIRECTION('',(0.,0.,1.));
#9852 = DIRECTION('',(1.110223024625E-16,-1.,0.));
#9853 = ADVANCED_FACE('',(#9854),#10007,.F.);
#9854 = FACE_BOUND('',#9855,.F.);
#9855 = EDGE_LOOP('',(#9856,#9857,#9865,#9873,#9881,#9889,#9897,#9905,
    #9913,#9921,#9929,#9937,#9945,#9953,#9961,#9969,#9977,#9985,#9993,
    #10001));
#9856 = ORIENTED_EDGE('',*,*,#9814,.F.);
#9857 = ORIENTED_EDGE('',*,*,#9858,.F.);
#9858 = EDGE_CURVE('',#9859,#9815,#9861,.T.);
#9859 = VERTEX_POINT('',#9860);
#9860 = CARTESIAN_POINT('',(-1.985,1.985,3.E-02));
#9861 = LINE('',#9862,#9863);
#9862 = CARTESIAN_POINT('',(-1.985,1.985,3.E-02));
#9863 = VECTOR('',#9864,1.);
#9864 = DIRECTION('',(0.,0.,1.));
#9865 = ORIENTED_EDGE('',*,*,#9866,.T.);
#9866 = EDGE_CURVE('',#9859,#9867,#9869,.T.);
#9867 = VERTEX_POINT('',#9868);
#9868 = CARTESIAN_POINT('',(-1.1,1.985,3.E-02));
#9869 = LINE('',#9870,#9871);
#9870 = CARTESIAN_POINT('',(-1.985,1.985,3.E-02));
#9871 = VECTOR('',#9872,1.);
#9872 = DIRECTION('',(1.,1.110223024625E-16,0.));
#9873 = ORIENTED_EDGE('',*,*,#9874,.T.);
#9874 = EDGE_CURVE('',#9867,#9875,#9877,.T.);
#9875 = VERTEX_POINT('',#9876);
#9876 = CARTESIAN_POINT('',(-1.1,1.985,0.1));
#9877 = LINE('',#9878,#9879);
#9878 = CARTESIAN_POINT('',(-1.1,1.985,1.5E-02));
#9879 = VECTOR('',#9880,1.);
#9880 = DIRECTION('',(0.,0.,1.));
#9881 = ORIENTED_EDGE('',*,*,#9882,.F.);
#9882 = EDGE_CURVE('',#9883,#9875,#9885,.T.);
#9883 = VERTEX_POINT('',#9884);
#9884 = CARTESIAN_POINT('',(-0.85,1.985,0.1));
#9885 = LINE('',#9886,#9887);
#9886 = CARTESIAN_POINT('',(-1.48,1.985,0.1));
#9887 = VECTOR('',#9888,1.);
#9888 = DIRECTION('',(-1.,-1.110223024625E-16,0.));
#9889 = ORIENTED_EDGE('',*,*,#9890,.T.);
#9890 = EDGE_CURVE('',#9883,#9891,#9893,.T.);
#9891 = VERTEX_POINT('',#9892);
#9892 = CARTESIAN_POINT('',(-0.85,1.985,3.E-02));
#9893 = LINE('',#9894,#9895);
#9894 = CARTESIAN_POINT('',(-0.85,1.985,1.5E-02));
#9895 = VECTOR('',#9896,1.);
#9896 = DIRECTION('',(0.,0.,-1.));
#9897 = ORIENTED_EDGE('',*,*,#9898,.T.);
#9898 = EDGE_CURVE('',#9891,#9899,#9901,.T.);
#9899 = VERTEX_POINT('',#9900);
#9900 = CARTESIAN_POINT('',(-0.45,1.985,3.E-02));
#9901 = LINE('',#9902,#9903);
#9902 = CARTESIAN_POINT('',(-1.985,1.985,3.E-02));
#9903 = VECTOR('',#9904,1.);
#9904 = DIRECTION('',(1.,1.110223024625E-16,0.));
#9905 = ORIENTED_EDGE('',*,*,#9906,.T.);
#9906 = EDGE_CURVE('',#9899,#9907,#9909,.T.);
#9907 = VERTEX_POINT('',#9908);
#9908 = CARTESIAN_POINT('',(-0.45,1.985,0.1));
#9909 = LINE('',#9910,#9911);
#9910 = CARTESIAN_POINT('',(-0.45,1.985,1.5E-02));
#9911 = VECTOR('',#9912,1.);
#9912 = DIRECTION('',(0.,0.,1.));
#9913 = ORIENTED_EDGE('',*,*,#9914,.F.);
#9914 = EDGE_CURVE('',#9915,#9907,#9917,.T.);
#9915 = VERTEX_POINT('',#9916);
#9916 = CARTESIAN_POINT('',(-0.2,1.985,0.1));
#9917 = LINE('',#9918,#9919);
#9918 = CARTESIAN_POINT('',(-1.155,1.985,0.1));
#9919 = VECTOR('',#9920,1.);
#9920 = DIRECTION('',(-1.,-1.110223024625E-16,0.));
#9921 = ORIENTED_EDGE('',*,*,#9922,.T.);
#9922 = EDGE_CURVE('',#9915,#9923,#9925,.T.);
#9923 = VERTEX_POINT('',#9924);
#9924 = CARTESIAN_POINT('',(-0.2,1.985,3.E-02));
#9925 = LINE('',#9926,#9927);
#9926 = CARTESIAN_POINT('',(-0.2,1.985,1.5E-02));
#9927 = VECTOR('',#9928,1.);
#9928 = DIRECTION('',(0.,0.,-1.));
#9929 = ORIENTED_EDGE('',*,*,#9930,.T.);
#9930 = EDGE_CURVE('',#9923,#9931,#9933,.T.);
#9931 = VERTEX_POINT('',#9932);
#9932 = CARTESIAN_POINT('',(0.2,1.985,3.E-02));
#9933 = LINE('',#9934,#9935);
#9934 = CARTESIAN_POINT('',(-1.985,1.985,3.E-02));
#9935 = VECTOR('',#9936,1.);
#9936 = DIRECTION('',(1.,1.110223024625E-16,0.));
#9937 = ORIENTED_EDGE('',*,*,#9938,.T.);
#9938 = EDGE_CURVE('',#9931,#9939,#9941,.T.);
#9939 = VERTEX_POINT('',#9940);
#9940 = CARTESIAN_POINT('',(0.2,1.985,0.1));
#9941 = LINE('',#9942,#9943);
#9942 = CARTESIAN_POINT('',(0.2,1.985,1.5E-02));
#9943 = VECTOR('',#9944,1.);
#9944 = DIRECTION('',(0.,0.,1.));
#9945 = ORIENTED_EDGE('',*,*,#9946,.F.);
#9946 = EDGE_CURVE('',#9947,#9939,#9949,.T.);
#9947 = VERTEX_POINT('',#9948);
#9948 = CARTESIAN_POINT('',(0.45,1.985,0.1));
#9949 = LINE('',#9950,#9951);
#9950 = CARTESIAN_POINT('',(-0.83,1.985,0.1));
#9951 = VECTOR('',#9952,1.);
#9952 = DIRECTION('',(-1.,-1.110223024625E-16,0.));
#9953 = ORIENTED_EDGE('',*,*,#9954,.T.);
#9954 = EDGE_CURVE('',#9947,#9955,#9957,.T.);
#9955 = VERTEX_POINT('',#9956);
#9956 = CARTESIAN_POINT('',(0.45,1.985,3.E-02));
#9957 = LINE('',#9958,#9959);
#9958 = CARTESIAN_POINT('',(0.45,1.985,1.5E-02));
#9959 = VECTOR('',#9960,1.);
#9960 = DIRECTION('',(0.,0.,-1.));
#9961 = ORIENTED_EDGE('',*,*,#9962,.T.);
#9962 = EDGE_CURVE('',#9955,#9963,#9965,.T.);
#9963 = VERTEX_POINT('',#9964);
#9964 = CARTESIAN_POINT('',(0.85,1.985,3.E-02));
#9965 = LINE('',#9966,#9967);
#9966 = CARTESIAN_POINT('',(-1.985,1.985,3.E-02));
#9967 = VECTOR('',#9968,1.);
#9968 = DIRECTION('',(1.,1.110223024625E-16,0.));
#9969 = ORIENTED_EDGE('',*,*,#9970,.T.);
#9970 = EDGE_CURVE('',#9963,#9971,#9973,.T.);
#9971 = VERTEX_POINT('',#9972);
#9972 = CARTESIAN_POINT('',(0.85,1.985,0.1));
#9973 = LINE('',#9974,#9975);
#9974 = CARTESIAN_POINT('',(0.85,1.985,1.5E-02));
#9975 = VECTOR('',#9976,1.);
#9976 = DIRECTION('',(0.,0.,1.));
#9977 = ORIENTED_EDGE('',*,*,#9978,.F.);
#9978 = EDGE_CURVE('',#9979,#9971,#9981,.T.);
#9979 = VERTEX_POINT('',#9980);
#9980 = CARTESIAN_POINT('',(1.1,1.985,0.1));
#9981 = LINE('',#9982,#9983);
#9982 = CARTESIAN_POINT('',(-0.505,1.985,0.1));
#9983 = VECTOR('',#9984,1.);
#9984 = DIRECTION('',(-1.,-1.110223024625E-16,0.));
#9985 = ORIENTED_EDGE('',*,*,#9986,.T.);
#9986 = EDGE_CURVE('',#9979,#9987,#9989,.T.);
#9987 = VERTEX_POINT('',#9988);
#9988 = CARTESIAN_POINT('',(1.1,1.985,3.E-02));
#9989 = LINE('',#9990,#9991);
#9990 = CARTESIAN_POINT('',(1.1,1.985,1.5E-02));
#9991 = VECTOR('',#9992,1.);
#9992 = DIRECTION('',(0.,0.,-1.));
#9993 = ORIENTED_EDGE('',*,*,#9994,.T.);
#9994 = EDGE_CURVE('',#9987,#9995,#9997,.T.);
#9995 = VERTEX_POINT('',#9996);
#9996 = CARTESIAN_POINT('',(1.985,1.985,3.E-02));
#9997 = LINE('',#9998,#9999);
#9998 = CARTESIAN_POINT('',(-1.985,1.985,3.E-02));
#9999 = VECTOR('',#10000,1.);
#10000 = DIRECTION('',(1.,1.110223024625E-16,0.));
#10001 = ORIENTED_EDGE('',*,*,#10002,.T.);
#10002 = EDGE_CURVE('',#9995,#9817,#10003,.T.);
#10003 = LINE('',#10004,#10005);
#10004 = CARTESIAN_POINT('',(1.985,1.985,3.E-02));
#10005 = VECTOR('',#10006,1.);
#10006 = DIRECTION('',(0.,0.,1.));
#10007 = PLANE('',#10008);
#10008 = AXIS2_PLACEMENT_3D('',#10009,#10010,#10011);
#10009 = CARTESIAN_POINT('',(-1.985,1.985,3.E-02));
#10010 = DIRECTION('',(1.110223024625E-16,-1.,0.));
#10011 = DIRECTION('',(0.,0.,1.));
#10012 = ADVANCED_FACE('',(#10013),#10159,.T.);
#10013 = FACE_BOUND('',#10014,.T.);
#10014 = EDGE_LOOP('',(#10015,#10023,#10024,#10025,#10033,#10041,#10049,
    #10057,#10065,#10073,#10081,#10089,#10097,#10105,#10113,#10121,
    #10129,#10137,#10145,#10153));
#10015 = ORIENTED_EDGE('',*,*,#10016,.F.);
#10016 = EDGE_CURVE('',#9995,#10017,#10019,.T.);
#10017 = VERTEX_POINT('',#10018);
#10018 = CARTESIAN_POINT('',(1.985,1.1,3.E-02));
#10019 = LINE('',#10020,#10021);
#10020 = CARTESIAN_POINT('',(1.985,1.985,3.E-02));
#10021 = VECTOR('',#10022,1.);
#10022 = DIRECTION('',(1.110223024625E-16,-1.,0.));
#10023 = ORIENTED_EDGE('',*,*,#10002,.T.);
#10024 = ORIENTED_EDGE('',*,*,#9840,.T.);
#10025 = ORIENTED_EDGE('',*,*,#10026,.F.);
#10026 = EDGE_CURVE('',#10027,#9833,#10029,.T.);
#10027 = VERTEX_POINT('',#10028);
#10028 = CARTESIAN_POINT('',(1.985,-1.985,3.E-02));
#10029 = LINE('',#10030,#10031);
#10030 = CARTESIAN_POINT('',(1.985,-1.985,3.E-02));
#10031 = VECTOR('',#10032,1.);
#10032 = DIRECTION('',(0.,0.,1.));
#10033 = ORIENTED_EDGE('',*,*,#10034,.F.);
#10034 = EDGE_CURVE('',#10035,#10027,#10037,.T.);
#10035 = VERTEX_POINT('',#10036);
#10036 = CARTESIAN_POINT('',(1.985,-1.1,3.E-02));
#10037 = LINE('',#10038,#10039);
#10038 = CARTESIAN_POINT('',(1.985,1.985,3.E-02));
#10039 = VECTOR('',#10040,1.);
#10040 = DIRECTION('',(1.110223024625E-16,-1.,0.));
#10041 = ORIENTED_EDGE('',*,*,#10042,.T.);
#10042 = EDGE_CURVE('',#10035,#10043,#10045,.T.);
#10043 = VERTEX_POINT('',#10044);
#10044 = CARTESIAN_POINT('',(1.985,-1.1,0.1));
#10045 = LINE('',#10046,#10047);
#10046 = CARTESIAN_POINT('',(1.985,-1.1,1.5E-02));
#10047 = VECTOR('',#10048,1.);
#10048 = DIRECTION('',(0.,0.,1.));
#10049 = ORIENTED_EDGE('',*,*,#10050,.F.);
#10050 = EDGE_CURVE('',#10051,#10043,#10053,.T.);
#10051 = VERTEX_POINT('',#10052);
#10052 = CARTESIAN_POINT('',(1.985,-0.85,0.1));
#10053 = LINE('',#10054,#10055);
#10054 = CARTESIAN_POINT('',(1.985,0.505,0.1));
#10055 = VECTOR('',#10056,1.);
#10056 = DIRECTION('',(1.110223024625E-16,-1.,0.));
#10057 = ORIENTED_EDGE('',*,*,#10058,.T.);
#10058 = EDGE_CURVE('',#10051,#10059,#10061,.T.);
#10059 = VERTEX_POINT('',#10060);
#10060 = CARTESIAN_POINT('',(1.985,-0.85,3.E-02));
#10061 = LINE('',#10062,#10063);
#10062 = CARTESIAN_POINT('',(1.985,-0.85,1.5E-02));
#10063 = VECTOR('',#10064,1.);
#10064 = DIRECTION('',(0.,0.,-1.));
#10065 = ORIENTED_EDGE('',*,*,#10066,.F.);
#10066 = EDGE_CURVE('',#10067,#10059,#10069,.T.);
#10067 = VERTEX_POINT('',#10068);
#10068 = CARTESIAN_POINT('',(1.985,-0.45,3.E-02));
#10069 = LINE('',#10070,#10071);
#10070 = CARTESIAN_POINT('',(1.985,1.985,3.E-02));
#10071 = VECTOR('',#10072,1.);
#10072 = DIRECTION('',(1.110223024625E-16,-1.,0.));
#10073 = ORIENTED_EDGE('',*,*,#10074,.T.);
#10074 = EDGE_CURVE('',#10067,#10075,#10077,.T.);
#10075 = VERTEX_POINT('',#10076);
#10076 = CARTESIAN_POINT('',(1.985,-0.45,0.1));
#10077 = LINE('',#10078,#10079);
#10078 = CARTESIAN_POINT('',(1.985,-0.45,1.5E-02));
#10079 = VECTOR('',#10080,1.);
#10080 = DIRECTION('',(0.,0.,1.));
#10081 = ORIENTED_EDGE('',*,*,#10082,.F.);
#10082 = EDGE_CURVE('',#10083,#10075,#10085,.T.);
#10083 = VERTEX_POINT('',#10084);
#10084 = CARTESIAN_POINT('',(1.985,-0.2,0.1));
#10085 = LINE('',#10086,#10087);
#10086 = CARTESIAN_POINT('',(1.985,0.83,0.1));
#10087 = VECTOR('',#10088,1.);
#10088 = DIRECTION('',(1.110223024625E-16,-1.,0.));
#10089 = ORIENTED_EDGE('',*,*,#10090,.T.);
#10090 = EDGE_CURVE('',#10083,#10091,#10093,.T.);
#10091 = VERTEX_POINT('',#10092);
#10092 = CARTESIAN_POINT('',(1.985,-0.2,3.E-02));
#10093 = LINE('',#10094,#10095);
#10094 = CARTESIAN_POINT('',(1.985,-0.2,1.5E-02));
#10095 = VECTOR('',#10096,1.);
#10096 = DIRECTION('',(0.,0.,-1.));
#10097 = ORIENTED_EDGE('',*,*,#10098,.F.);
#10098 = EDGE_CURVE('',#10099,#10091,#10101,.T.);
#10099 = VERTEX_POINT('',#10100);
#10100 = CARTESIAN_POINT('',(1.985,0.2,3.E-02));
#10101 = LINE('',#10102,#10103);
#10102 = CARTESIAN_POINT('',(1.985,1.985,3.E-02));
#10103 = VECTOR('',#10104,1.);
#10104 = DIRECTION('',(1.110223024625E-16,-1.,0.));
#10105 = ORIENTED_EDGE('',*,*,#10106,.T.);
#10106 = EDGE_CURVE('',#10099,#10107,#10109,.T.);
#10107 = VERTEX_POINT('',#10108);
#10108 = CARTESIAN_POINT('',(1.985,0.2,0.1));
#10109 = LINE('',#10110,#10111);
#10110 = CARTESIAN_POINT('',(1.985,0.2,1.5E-02));
#10111 = VECTOR('',#10112,1.);
#10112 = DIRECTION('',(0.,0.,1.));
#10113 = ORIENTED_EDGE('',*,*,#10114,.F.);
#10114 = EDGE_CURVE('',#10115,#10107,#10117,.T.);
#10115 = VERTEX_POINT('',#10116);
#10116 = CARTESIAN_POINT('',(1.985,0.45,0.1));
#10117 = LINE('',#10118,#10119);
#10118 = CARTESIAN_POINT('',(1.985,1.155,0.1));
#10119 = VECTOR('',#10120,1.);
#10120 = DIRECTION('',(1.110223024625E-16,-1.,0.));
#10121 = ORIENTED_EDGE('',*,*,#10122,.T.);
#10122 = EDGE_CURVE('',#10115,#10123,#10125,.T.);
#10123 = VERTEX_POINT('',#10124);
#10124 = CARTESIAN_POINT('',(1.985,0.45,3.E-02));
#10125 = LINE('',#10126,#10127);
#10126 = CARTESIAN_POINT('',(1.985,0.45,1.5E-02));
#10127 = VECTOR('',#10128,1.);
#10128 = DIRECTION('',(0.,0.,-1.));
#10129 = ORIENTED_EDGE('',*,*,#10130,.F.);
#10130 = EDGE_CURVE('',#10131,#10123,#10133,.T.);
#10131 = VERTEX_POINT('',#10132);
#10132 = CARTESIAN_POINT('',(1.985,0.85,3.E-02));
#10133 = LINE('',#10134,#10135);
#10134 = CARTESIAN_POINT('',(1.985,1.985,3.E-02));
#10135 = VECTOR('',#10136,1.);
#10136 = DIRECTION('',(1.110223024625E-16,-1.,0.));
#10137 = ORIENTED_EDGE('',*,*,#10138,.T.);
#10138 = EDGE_CURVE('',#10131,#10139,#10141,.T.);
#10139 = VERTEX_POINT('',#10140);
#10140 = CARTESIAN_POINT('',(1.985,0.85,0.1));
#10141 = LINE('',#10142,#10143);
#10142 = CARTESIAN_POINT('',(1.985,0.85,1.5E-02));
#10143 = VECTOR('',#10144,1.);
#10144 = DIRECTION('',(0.,0.,1.));
#10145 = ORIENTED_EDGE('',*,*,#10146,.F.);
#10146 = EDGE_CURVE('',#10147,#10139,#10149,.T.);
#10147 = VERTEX_POINT('',#10148);
#10148 = CARTESIAN_POINT('',(1.985,1.1,0.1));
#10149 = LINE('',#10150,#10151);
#10150 = CARTESIAN_POINT('',(1.985,1.48,0.1));
#10151 = VECTOR('',#10152,1.);
#10152 = DIRECTION('',(1.110223024625E-16,-1.,0.));
#10153 = ORIENTED_EDGE('',*,*,#10154,.T.);
#10154 = EDGE_CURVE('',#10147,#10017,#10155,.T.);
#10155 = LINE('',#10156,#10157);
#10156 = CARTESIAN_POINT('',(1.985,1.1,1.5E-02));
#10157 = VECTOR('',#10158,1.);
#10158 = DIRECTION('',(0.,0.,-1.));
#10159 = PLANE('',#10160);
#10160 = AXIS2_PLACEMENT_3D('',#10161,#10162,#10163);
#10161 = CARTESIAN_POINT('',(1.985,1.985,3.E-02));
#10162 = DIRECTION('',(1.,1.110223024625E-16,0.));
#10163 = DIRECTION('',(0.,-0.,1.));
#10164 = ADVANCED_FACE('',(#10165),#10311,.F.);
#10165 = FACE_BOUND('',#10166,.F.);
#10166 = EDGE_LOOP('',(#10167,#10175,#10176,#10177,#10185,#10193,#10201,
    #10209,#10217,#10225,#10233,#10241,#10249,#10257,#10265,#10273,
    #10281,#10289,#10297,#10305));
#10167 = ORIENTED_EDGE('',*,*,#10168,.F.);
#10168 = EDGE_CURVE('',#9859,#10169,#10171,.T.);
#10169 = VERTEX_POINT('',#10170);
#10170 = CARTESIAN_POINT('',(-1.985,1.1,3.E-02));
#10171 = LINE('',#10172,#10173);
#10172 = CARTESIAN_POINT('',(-1.985,1.985,3.E-02));
#10173 = VECTOR('',#10174,1.);
#10174 = DIRECTION('',(1.110223024625E-16,-1.,0.));
#10175 = ORIENTED_EDGE('',*,*,#9858,.T.);
#10176 = ORIENTED_EDGE('',*,*,#9824,.T.);
#10177 = ORIENTED_EDGE('',*,*,#10178,.F.);
#10178 = EDGE_CURVE('',#10179,#9825,#10181,.T.);
#10179 = VERTEX_POINT('',#10180);
#10180 = CARTESIAN_POINT('',(-1.985,-1.985,3.E-02));
#10181 = LINE('',#10182,#10183);
#10182 = CARTESIAN_POINT('',(-1.985,-1.985,3.E-02));
#10183 = VECTOR('',#10184,1.);
#10184 = DIRECTION('',(0.,0.,1.));
#10185 = ORIENTED_EDGE('',*,*,#10186,.F.);
#10186 = EDGE_CURVE('',#10187,#10179,#10189,.T.);
#10187 = VERTEX_POINT('',#10188);
#10188 = CARTESIAN_POINT('',(-1.985,-1.1,3.E-02));
#10189 = LINE('',#10190,#10191);
#10190 = CARTESIAN_POINT('',(-1.985,1.985,3.E-02));
#10191 = VECTOR('',#10192,1.);
#10192 = DIRECTION('',(1.110223024625E-16,-1.,0.));
#10193 = ORIENTED_EDGE('',*,*,#10194,.T.);
#10194 = EDGE_CURVE('',#10187,#10195,#10197,.T.);
#10195 = VERTEX_POINT('',#10196);
#10196 = CARTESIAN_POINT('',(-1.985,-1.1,0.1));
#10197 = LINE('',#10198,#10199);
#10198 = CARTESIAN_POINT('',(-1.985,-1.1,1.5E-02));
#10199 = VECTOR('',#10200,1.);
#10200 = DIRECTION('',(0.,0.,1.));
#10201 = ORIENTED_EDGE('',*,*,#10202,.F.);
#10202 = EDGE_CURVE('',#10203,#10195,#10205,.T.);
#10203 = VERTEX_POINT('',#10204);
#10204 = CARTESIAN_POINT('',(-1.985,-0.85,0.1));
#10205 = LINE('',#10206,#10207);
#10206 = CARTESIAN_POINT('',(-1.985,0.505,0.1));
#10207 = VECTOR('',#10208,1.);
#10208 = DIRECTION('',(1.110223024625E-16,-1.,0.));
#10209 = ORIENTED_EDGE('',*,*,#10210,.T.);
#10210 = EDGE_CURVE('',#10203,#10211,#10213,.T.);
#10211 = VERTEX_POINT('',#10212);
#10212 = CARTESIAN_POINT('',(-1.985,-0.85,3.E-02));
#10213 = LINE('',#10214,#10215);
#10214 = CARTESIAN_POINT('',(-1.985,-0.85,1.5E-02));
#10215 = VECTOR('',#10216,1.);
#10216 = DIRECTION('',(0.,0.,-1.));
#10217 = ORIENTED_EDGE('',*,*,#10218,.F.);
#10218 = EDGE_CURVE('',#10219,#10211,#10221,.T.);
#10219 = VERTEX_POINT('',#10220);
#10220 = CARTESIAN_POINT('',(-1.985,-0.45,3.E-02));
#10221 = LINE('',#10222,#10223);
#10222 = CARTESIAN_POINT('',(-1.985,1.985,3.E-02));
#10223 = VECTOR('',#10224,1.);
#10224 = DIRECTION('',(1.110223024625E-16,-1.,0.));
#10225 = ORIENTED_EDGE('',*,*,#10226,.T.);
#10226 = EDGE_CURVE('',#10219,#10227,#10229,.T.);
#10227 = VERTEX_POINT('',#10228);
#10228 = CARTESIAN_POINT('',(-1.985,-0.45,0.1));
#10229 = LINE('',#10230,#10231);
#10230 = CARTESIAN_POINT('',(-1.985,-0.45,1.5E-02));
#10231 = VECTOR('',#10232,1.);
#10232 = DIRECTION('',(0.,0.,1.));
#10233 = ORIENTED_EDGE('',*,*,#10234,.F.);
#10234 = EDGE_CURVE('',#10235,#10227,#10237,.T.);
#10235 = VERTEX_POINT('',#10236);
#10236 = CARTESIAN_POINT('',(-1.985,-0.2,0.1));
#10237 = LINE('',#10238,#10239);
#10238 = CARTESIAN_POINT('',(-1.985,0.83,0.1));
#10239 = VECTOR('',#10240,1.);
#10240 = DIRECTION('',(1.110223024625E-16,-1.,0.));
#10241 = ORIENTED_EDGE('',*,*,#10242,.T.);
#10242 = EDGE_CURVE('',#10235,#10243,#10245,.T.);
#10243 = VERTEX_POINT('',#10244);
#10244 = CARTESIAN_POINT('',(-1.985,-0.2,3.E-02));
#10245 = LINE('',#10246,#10247);
#10246 = CARTESIAN_POINT('',(-1.985,-0.2,1.5E-02));
#10247 = VECTOR('',#10248,1.);
#10248 = DIRECTION('',(0.,0.,-1.));
#10249 = ORIENTED_EDGE('',*,*,#10250,.F.);
#10250 = EDGE_CURVE('',#10251,#10243,#10253,.T.);
#10251 = VERTEX_POINT('',#10252);
#10252 = CARTESIAN_POINT('',(-1.985,0.2,3.E-02));
#10253 = LINE('',#10254,#10255);
#10254 = CARTESIAN_POINT('',(-1.985,1.985,3.E-02));
#10255 = VECTOR('',#10256,1.);
#10256 = DIRECTION('',(1.110223024625E-16,-1.,0.));
#10257 = ORIENTED_EDGE('',*,*,#10258,.T.);
#10258 = EDGE_CURVE('',#10251,#10259,#10261,.T.);
#10259 = VERTEX_POINT('',#10260);
#10260 = CARTESIAN_POINT('',(-1.985,0.2,0.1));
#10261 = LINE('',#10262,#10263);
#10262 = CARTESIAN_POINT('',(-1.985,0.2,1.5E-02));
#10263 = VECTOR('',#10264,1.);
#10264 = DIRECTION('',(0.,0.,1.));
#10265 = ORIENTED_EDGE('',*,*,#10266,.F.);
#10266 = EDGE_CURVE('',#10267,#10259,#10269,.T.);
#10267 = VERTEX_POINT('',#10268);
#10268 = CARTESIAN_POINT('',(-1.985,0.45,0.1));
#10269 = LINE('',#10270,#10271);
#10270 = CARTESIAN_POINT('',(-1.985,1.155,0.1));
#10271 = VECTOR('',#10272,1.);
#10272 = DIRECTION('',(1.110223024625E-16,-1.,0.));
#10273 = ORIENTED_EDGE('',*,*,#10274,.T.);
#10274 = EDGE_CURVE('',#10267,#10275,#10277,.T.);
#10275 = VERTEX_POINT('',#10276);
#10276 = CARTESIAN_POINT('',(-1.985,0.45,3.E-02));
#10277 = LINE('',#10278,#10279);
#10278 = CARTESIAN_POINT('',(-1.985,0.45,1.5E-02));
#10279 = VECTOR('',#10280,1.);
#10280 = DIRECTION('',(0.,0.,-1.));
#10281 = ORIENTED_EDGE('',*,*,#10282,.F.);
#10282 = EDGE_CURVE('',#10283,#10275,#10285,.T.);
#10283 = VERTEX_POINT('',#10284);
#10284 = CARTESIAN_POINT('',(-1.985,0.85,3.E-02));
#10285 = LINE('',#10286,#10287);
#10286 = CARTESIAN_POINT('',(-1.985,1.985,3.E-02));
#10287 = VECTOR('',#10288,1.);
#10288 = DIRECTION('',(1.110223024625E-16,-1.,0.));
#10289 = ORIENTED_EDGE('',*,*,#10290,.T.);
#10290 = EDGE_CURVE('',#10283,#10291,#10293,.T.);
#10291 = VERTEX_POINT('',#10292);
#10292 = CARTESIAN_POINT('',(-1.985,0.85,0.1));
#10293 = LINE('',#10294,#10295);
#10294 = CARTESIAN_POINT('',(-1.985,0.85,1.5E-02));
#10295 = VECTOR('',#10296,1.);
#10296 = DIRECTION('',(0.,0.,1.));
#10297 = ORIENTED_EDGE('',*,*,#10298,.F.);
#10298 = EDGE_CURVE('',#10299,#10291,#10301,.T.);
#10299 = VERTEX_POINT('',#10300);
#10300 = CARTESIAN_POINT('',(-1.985,1.1,0.1));
#10301 = LINE('',#10302,#10303);
#10302 = CARTESIAN_POINT('',(-1.985,1.48,0.1));
#10303 = VECTOR('',#10304,1.);
#10304 = DIRECTION('',(1.110223024625E-16,-1.,0.));
#10305 = ORIENTED_EDGE('',*,*,#10306,.T.);
#10306 = EDGE_CURVE('',#10299,#10169,#10307,.T.);
#10307 = LINE('',#10308,#10309);
#10308 = CARTESIAN_POINT('',(-1.985,1.1,1.5E-02));
#10309 = VECTOR('',#10310,1.);
#10310 = DIRECTION('',(0.,0.,-1.));
#10311 = PLANE('',#10312);
#10312 = AXIS2_PLACEMENT_3D('',#10313,#10314,#10315);
#10313 = CARTESIAN_POINT('',(-1.985,1.985,3.E-02));
#10314 = DIRECTION('',(1.,1.110223024625E-16,0.));
#10315 = DIRECTION('',(0.,-0.,1.));
#10316 = ADVANCED_FACE('',(#10317),#10456,.T.);
#10317 = FACE_BOUND('',#10318,.T.);
#10318 = EDGE_LOOP('',(#10319,#10320,#10321,#10329,#10337,#10345,#10353,
    #10361,#10369,#10377,#10385,#10393,#10401,#10409,#10417,#10425,
    #10433,#10441,#10449,#10455));
#10319 = ORIENTED_EDGE('',*,*,#9832,.F.);
#10320 = ORIENTED_EDGE('',*,*,#10178,.F.);
#10321 = ORIENTED_EDGE('',*,*,#10322,.T.);
#10322 = EDGE_CURVE('',#10179,#10323,#10325,.T.);
#10323 = VERTEX_POINT('',#10324);
#10324 = CARTESIAN_POINT('',(-1.1,-1.985,3.E-02));
#10325 = LINE('',#10326,#10327);
#10326 = CARTESIAN_POINT('',(-1.985,-1.985,3.E-02));
#10327 = VECTOR('',#10328,1.);
#10328 = DIRECTION('',(1.,1.110223024625E-16,0.));
#10329 = ORIENTED_EDGE('',*,*,#10330,.T.);
#10330 = EDGE_CURVE('',#10323,#10331,#10333,.T.);
#10331 = VERTEX_POINT('',#10332);
#10332 = CARTESIAN_POINT('',(-1.1,-1.985,0.1));
#10333 = LINE('',#10334,#10335);
#10334 = CARTESIAN_POINT('',(-1.1,-1.985,1.5E-02));
#10335 = VECTOR('',#10336,1.);
#10336 = DIRECTION('',(0.,0.,1.));
#10337 = ORIENTED_EDGE('',*,*,#10338,.F.);
#10338 = EDGE_CURVE('',#10339,#10331,#10341,.T.);
#10339 = VERTEX_POINT('',#10340);
#10340 = CARTESIAN_POINT('',(-0.85,-1.985,0.1));
#10341 = LINE('',#10342,#10343);
#10342 = CARTESIAN_POINT('',(-1.48,-1.985,0.1));
#10343 = VECTOR('',#10344,1.);
#10344 = DIRECTION('',(-1.,-1.110223024625E-16,0.));
#10345 = ORIENTED_EDGE('',*,*,#10346,.T.);
#10346 = EDGE_CURVE('',#10339,#10347,#10349,.T.);
#10347 = VERTEX_POINT('',#10348);
#10348 = CARTESIAN_POINT('',(-0.85,-1.985,3.E-02));
#10349 = LINE('',#10350,#10351);
#10350 = CARTESIAN_POINT('',(-0.85,-1.985,1.5E-02));
#10351 = VECTOR('',#10352,1.);
#10352 = DIRECTION('',(0.,-0.,-1.));
#10353 = ORIENTED_EDGE('',*,*,#10354,.T.);
#10354 = EDGE_CURVE('',#10347,#10355,#10357,.T.);
#10355 = VERTEX_POINT('',#10356);
#10356 = CARTESIAN_POINT('',(-0.45,-1.985,3.E-02));
#10357 = LINE('',#10358,#10359);
#10358 = CARTESIAN_POINT('',(-1.985,-1.985,3.E-02));
#10359 = VECTOR('',#10360,1.);
#10360 = DIRECTION('',(1.,1.110223024625E-16,0.));
#10361 = ORIENTED_EDGE('',*,*,#10362,.T.);
#10362 = EDGE_CURVE('',#10355,#10363,#10365,.T.);
#10363 = VERTEX_POINT('',#10364);
#10364 = CARTESIAN_POINT('',(-0.45,-1.985,0.1));
#10365 = LINE('',#10366,#10367);
#10366 = CARTESIAN_POINT('',(-0.45,-1.985,1.5E-02));
#10367 = VECTOR('',#10368,1.);
#10368 = DIRECTION('',(0.,0.,1.));
#10369 = ORIENTED_EDGE('',*,*,#10370,.F.);
#10370 = EDGE_CURVE('',#10371,#10363,#10373,.T.);
#10371 = VERTEX_POINT('',#10372);
#10372 = CARTESIAN_POINT('',(-0.2,-1.985,0.1));
#10373 = LINE('',#10374,#10375);
#10374 = CARTESIAN_POINT('',(-1.155,-1.985,0.1));
#10375 = VECTOR('',#10376,1.);
#10376 = DIRECTION('',(-1.,-1.110223024625E-16,0.));
#10377 = ORIENTED_EDGE('',*,*,#10378,.T.);
#10378 = EDGE_CURVE('',#10371,#10379,#10381,.T.);
#10379 = VERTEX_POINT('',#10380);
#10380 = CARTESIAN_POINT('',(-0.2,-1.985,3.E-02));
#10381 = LINE('',#10382,#10383);
#10382 = CARTESIAN_POINT('',(-0.2,-1.985,1.5E-02));
#10383 = VECTOR('',#10384,1.);
#10384 = DIRECTION('',(0.,-0.,-1.));
#10385 = ORIENTED_EDGE('',*,*,#10386,.T.);
#10386 = EDGE_CURVE('',#10379,#10387,#10389,.T.);
#10387 = VERTEX_POINT('',#10388);
#10388 = CARTESIAN_POINT('',(0.2,-1.985,3.E-02));
#10389 = LINE('',#10390,#10391);
#10390 = CARTESIAN_POINT('',(-1.985,-1.985,3.E-02));
#10391 = VECTOR('',#10392,1.);
#10392 = DIRECTION('',(1.,1.110223024625E-16,0.));
#10393 = ORIENTED_EDGE('',*,*,#10394,.T.);
#10394 = EDGE_CURVE('',#10387,#10395,#10397,.T.);
#10395 = VERTEX_POINT('',#10396);
#10396 = CARTESIAN_POINT('',(0.2,-1.985,0.1));
#10397 = LINE('',#10398,#10399);
#10398 = CARTESIAN_POINT('',(0.2,-1.985,1.5E-02));
#10399 = VECTOR('',#10400,1.);
#10400 = DIRECTION('',(0.,0.,1.));
#10401 = ORIENTED_EDGE('',*,*,#10402,.F.);
#10402 = EDGE_CURVE('',#10403,#10395,#10405,.T.);
#10403 = VERTEX_POINT('',#10404);
#10404 = CARTESIAN_POINT('',(0.45,-1.985,0.1));
#10405 = LINE('',#10406,#10407);
#10406 = CARTESIAN_POINT('',(-0.83,-1.985,0.1));
#10407 = VECTOR('',#10408,1.);
#10408 = DIRECTION('',(-1.,-1.110223024625E-16,0.));
#10409 = ORIENTED_EDGE('',*,*,#10410,.T.);
#10410 = EDGE_CURVE('',#10403,#10411,#10413,.T.);
#10411 = VERTEX_POINT('',#10412);
#10412 = CARTESIAN_POINT('',(0.45,-1.985,3.E-02));
#10413 = LINE('',#10414,#10415);
#10414 = CARTESIAN_POINT('',(0.45,-1.985,1.5E-02));
#10415 = VECTOR('',#10416,1.);
#10416 = DIRECTION('',(0.,-0.,-1.));
#10417 = ORIENTED_EDGE('',*,*,#10418,.T.);
#10418 = EDGE_CURVE('',#10411,#10419,#10421,.T.);
#10419 = VERTEX_POINT('',#10420);
#10420 = CARTESIAN_POINT('',(0.85,-1.985,3.E-02));
#10421 = LINE('',#10422,#10423);
#10422 = CARTESIAN_POINT('',(-1.985,-1.985,3.E-02));
#10423 = VECTOR('',#10424,1.);
#10424 = DIRECTION('',(1.,1.110223024625E-16,0.));
#10425 = ORIENTED_EDGE('',*,*,#10426,.T.);
#10426 = EDGE_CURVE('',#10419,#10427,#10429,.T.);
#10427 = VERTEX_POINT('',#10428);
#10428 = CARTESIAN_POINT('',(0.85,-1.985,0.1));
#10429 = LINE('',#10430,#10431);
#10430 = CARTESIAN_POINT('',(0.85,-1.985,1.5E-02));
#10431 = VECTOR('',#10432,1.);
#10432 = DIRECTION('',(0.,0.,1.));
#10433 = ORIENTED_EDGE('',*,*,#10434,.F.);
#10434 = EDGE_CURVE('',#10435,#10427,#10437,.T.);
#10435 = VERTEX_POINT('',#10436);
#10436 = CARTESIAN_POINT('',(1.1,-1.985,0.1));
#10437 = LINE('',#10438,#10439);
#10438 = CARTESIAN_POINT('',(-0.505,-1.985,0.1));
#10439 = VECTOR('',#10440,1.);
#10440 = DIRECTION('',(-1.,-1.110223024625E-16,0.));
#10441 = ORIENTED_EDGE('',*,*,#10442,.T.);
#10442 = EDGE_CURVE('',#10435,#10443,#10445,.T.);
#10443 = VERTEX_POINT('',#10444);
#10444 = CARTESIAN_POINT('',(1.1,-1.985,3.E-02));
#10445 = LINE('',#10446,#10447);
#10446 = CARTESIAN_POINT('',(1.1,-1.985,1.5E-02));
#10447 = VECTOR('',#10448,1.);
#10448 = DIRECTION('',(0.,-0.,-1.));
#10449 = ORIENTED_EDGE('',*,*,#10450,.T.);
#10450 = EDGE_CURVE('',#10443,#10027,#10451,.T.);
#10451 = LINE('',#10452,#10453);
#10452 = CARTESIAN_POINT('',(-1.985,-1.985,3.E-02));
#10453 = VECTOR('',#10454,1.);
#10454 = DIRECTION('',(1.,1.110223024625E-16,0.));
#10455 = ORIENTED_EDGE('',*,*,#10026,.T.);
#10456 = PLANE('',#10457);
#10457 = AXIS2_PLACEMENT_3D('',#10458,#10459,#10460);
#10458 = CARTESIAN_POINT('',(-1.985,-1.985,3.E-02));
#10459 = DIRECTION('',(1.110223024625E-16,-1.,0.));
#10460 = DIRECTION('',(0.,0.,1.));
#10461 = ADVANCED_FACE('',(#10462,#10836),#10878,.F.);
#10462 = FACE_BOUND('',#10463,.F.);
#10463 = EDGE_LOOP('',(#10464,#10465,#10466,#10474,#10482,#10488,#10489,
    #10497,#10505,#10511,#10512,#10520,#10528,#10534,#10535,#10543,
    #10551,#10557,#10558,#10559,#10567,#10575,#10581,#10582,#10590,
    #10598,#10604,#10605,#10613,#10621,#10627,#10628,#10636,#10644,
    #10650,#10651,#10652,#10660,#10668,#10674,#10675,#10683,#10691,
    #10697,#10698,#10706,#10714,#10720,#10721,#10729,#10737,#10743,
    #10744,#10745,#10753,#10761,#10767,#10768,#10776,#10784,#10790,
    #10791,#10799,#10807,#10813,#10814,#10822,#10830));
#10464 = ORIENTED_EDGE('',*,*,#9866,.F.);
#10465 = ORIENTED_EDGE('',*,*,#10168,.T.);
#10466 = ORIENTED_EDGE('',*,*,#10467,.T.);
#10467 = EDGE_CURVE('',#10169,#10468,#10470,.T.);
#10468 = VERTEX_POINT('',#10469);
#10469 = CARTESIAN_POINT('',(-1.8,1.1,3.E-02));
#10470 = LINE('',#10471,#10472);
#10471 = CARTESIAN_POINT('',(-1.8925,1.1,3.E-02));
#10472 = VECTOR('',#10473,1.);
#10473 = DIRECTION('',(1.,1.110223024625E-16,0.));
#10474 = ORIENTED_EDGE('',*,*,#10475,.T.);
#10475 = EDGE_CURVE('',#10468,#10476,#10478,.T.);
#10476 = VERTEX_POINT('',#10477);
#10477 = CARTESIAN_POINT('',(-1.8,0.85,3.E-02));
#10478 = LINE('',#10479,#10480);
#10479 = CARTESIAN_POINT('',(-1.8,1.4175,3.E-02));
#10480 = VECTOR('',#10481,1.);
#10481 = DIRECTION('',(1.110223024625E-16,-1.,0.));
#10482 = ORIENTED_EDGE('',*,*,#10483,.T.);
#10483 = EDGE_CURVE('',#10476,#10283,#10484,.T.);
#10484 = LINE('',#10485,#10486);
#10485 = CARTESIAN_POINT('',(-1.9925,0.85,3.E-02));
#10486 = VECTOR('',#10487,1.);
#10487 = DIRECTION('',(-1.,-1.110223024625E-16,0.));
#10488 = ORIENTED_EDGE('',*,*,#10282,.T.);
#10489 = ORIENTED_EDGE('',*,*,#10490,.T.);
#10490 = EDGE_CURVE('',#10275,#10491,#10493,.T.);
#10491 = VERTEX_POINT('',#10492);
#10492 = CARTESIAN_POINT('',(-1.8,0.45,3.E-02));
#10493 = LINE('',#10494,#10495);
#10494 = CARTESIAN_POINT('',(-1.8925,0.45,3.E-02));
#10495 = VECTOR('',#10496,1.);
#10496 = DIRECTION('',(1.,1.110223024625E-16,0.));
#10497 = ORIENTED_EDGE('',*,*,#10498,.T.);
#10498 = EDGE_CURVE('',#10491,#10499,#10501,.T.);
#10499 = VERTEX_POINT('',#10500);
#10500 = CARTESIAN_POINT('',(-1.8,0.2,3.E-02));
#10501 = LINE('',#10502,#10503);
#10502 = CARTESIAN_POINT('',(-1.8,1.0925,3.E-02));
#10503 = VECTOR('',#10504,1.);
#10504 = DIRECTION('',(1.110223024625E-16,-1.,0.));
#10505 = ORIENTED_EDGE('',*,*,#10506,.T.);
#10506 = EDGE_CURVE('',#10499,#10251,#10507,.T.);
#10507 = LINE('',#10508,#10509);
#10508 = CARTESIAN_POINT('',(-1.9925,0.2,3.E-02));
#10509 = VECTOR('',#10510,1.);
#10510 = DIRECTION('',(-1.,-1.110223024625E-16,0.));
#10511 = ORIENTED_EDGE('',*,*,#10250,.T.);
#10512 = ORIENTED_EDGE('',*,*,#10513,.T.);
#10513 = EDGE_CURVE('',#10243,#10514,#10516,.T.);
#10514 = VERTEX_POINT('',#10515);
#10515 = CARTESIAN_POINT('',(-1.8,-0.2,3.E-02));
#10516 = LINE('',#10517,#10518);
#10517 = CARTESIAN_POINT('',(-1.8925,-0.2,3.E-02));
#10518 = VECTOR('',#10519,1.);
#10519 = DIRECTION('',(1.,1.110223024625E-16,0.));
#10520 = ORIENTED_EDGE('',*,*,#10521,.T.);
#10521 = EDGE_CURVE('',#10514,#10522,#10524,.T.);
#10522 = VERTEX_POINT('',#10523);
#10523 = CARTESIAN_POINT('',(-1.8,-0.45,3.E-02));
#10524 = LINE('',#10525,#10526);
#10525 = CARTESIAN_POINT('',(-1.8,0.7675,3.E-02));
#10526 = VECTOR('',#10527,1.);
#10527 = DIRECTION('',(1.110223024625E-16,-1.,0.));
#10528 = ORIENTED_EDGE('',*,*,#10529,.T.);
#10529 = EDGE_CURVE('',#10522,#10219,#10530,.T.);
#10530 = LINE('',#10531,#10532);
#10531 = CARTESIAN_POINT('',(-1.9925,-0.45,3.E-02));
#10532 = VECTOR('',#10533,1.);
#10533 = DIRECTION('',(-1.,-1.110223024625E-16,0.));
#10534 = ORIENTED_EDGE('',*,*,#10218,.T.);
#10535 = ORIENTED_EDGE('',*,*,#10536,.T.);
#10536 = EDGE_CURVE('',#10211,#10537,#10539,.T.);
#10537 = VERTEX_POINT('',#10538);
#10538 = CARTESIAN_POINT('',(-1.8,-0.85,3.E-02));
#10539 = LINE('',#10540,#10541);
#10540 = CARTESIAN_POINT('',(-1.8925,-0.85,3.E-02));
#10541 = VECTOR('',#10542,1.);
#10542 = DIRECTION('',(1.,1.110223024625E-16,0.));
#10543 = ORIENTED_EDGE('',*,*,#10544,.T.);
#10544 = EDGE_CURVE('',#10537,#10545,#10547,.T.);
#10545 = VERTEX_POINT('',#10546);
#10546 = CARTESIAN_POINT('',(-1.8,-1.1,3.E-02));
#10547 = LINE('',#10548,#10549);
#10548 = CARTESIAN_POINT('',(-1.8,0.4425,3.E-02));
#10549 = VECTOR('',#10550,1.);
#10550 = DIRECTION('',(1.110223024625E-16,-1.,0.));
#10551 = ORIENTED_EDGE('',*,*,#10552,.T.);
#10552 = EDGE_CURVE('',#10545,#10187,#10553,.T.);
#10553 = LINE('',#10554,#10555);
#10554 = CARTESIAN_POINT('',(-1.9925,-1.1,3.E-02));
#10555 = VECTOR('',#10556,1.);
#10556 = DIRECTION('',(-1.,-1.110223024625E-16,0.));
#10557 = ORIENTED_EDGE('',*,*,#10186,.T.);
#10558 = ORIENTED_EDGE('',*,*,#10322,.T.);
#10559 = ORIENTED_EDGE('',*,*,#10560,.T.);
#10560 = EDGE_CURVE('',#10323,#10561,#10563,.T.);
#10561 = VERTEX_POINT('',#10562);
#10562 = CARTESIAN_POINT('',(-1.1,-1.8,3.E-02));
#10563 = LINE('',#10564,#10565);
#10564 = CARTESIAN_POINT('',(-1.1,9.25E-02,3.E-02));
#10565 = VECTOR('',#10566,1.);
#10566 = DIRECTION('',(-1.144237745222E-17,1.,0.));
#10567 = ORIENTED_EDGE('',*,*,#10568,.T.);
#10568 = EDGE_CURVE('',#10561,#10569,#10571,.T.);
#10569 = VERTEX_POINT('',#10570);
#10570 = CARTESIAN_POINT('',(-0.85,-1.8,3.E-02));
#10571 = LINE('',#10572,#10573);
#10572 = CARTESIAN_POINT('',(-1.4175,-1.8,3.E-02));
#10573 = VECTOR('',#10574,1.);
#10574 = DIRECTION('',(1.,1.144237745222E-17,0.));
#10575 = ORIENTED_EDGE('',*,*,#10576,.T.);
#10576 = EDGE_CURVE('',#10569,#10347,#10577,.T.);
#10577 = LINE('',#10578,#10579);
#10578 = CARTESIAN_POINT('',(-0.85,-7.5E-03,3.E-02));
#10579 = VECTOR('',#10580,1.);
#10580 = DIRECTION('',(1.144237745222E-17,-1.,0.));
#10581 = ORIENTED_EDGE('',*,*,#10354,.T.);
#10582 = ORIENTED_EDGE('',*,*,#10583,.T.);
#10583 = EDGE_CURVE('',#10355,#10584,#10586,.T.);
#10584 = VERTEX_POINT('',#10585);
#10585 = CARTESIAN_POINT('',(-0.45,-1.8,3.E-02));
#10586 = LINE('',#10587,#10588);
#10587 = CARTESIAN_POINT('',(-0.45,9.25E-02,3.E-02));
#10588 = VECTOR('',#10589,1.);
#10589 = DIRECTION('',(-1.144237745222E-17,1.,0.));
#10590 = ORIENTED_EDGE('',*,*,#10591,.T.);
#10591 = EDGE_CURVE('',#10584,#10592,#10594,.T.);
#10592 = VERTEX_POINT('',#10593);
#10593 = CARTESIAN_POINT('',(-0.2,-1.8,3.E-02));
#10594 = LINE('',#10595,#10596);
#10595 = CARTESIAN_POINT('',(-1.0925,-1.8,3.E-02));
#10596 = VECTOR('',#10597,1.);
#10597 = DIRECTION('',(1.,1.144237745222E-17,0.));
#10598 = ORIENTED_EDGE('',*,*,#10599,.T.);
#10599 = EDGE_CURVE('',#10592,#10379,#10600,.T.);
#10600 = LINE('',#10601,#10602);
#10601 = CARTESIAN_POINT('',(-0.2,-7.5E-03,3.E-02));
#10602 = VECTOR('',#10603,1.);
#10603 = DIRECTION('',(1.144237745222E-17,-1.,0.));
#10604 = ORIENTED_EDGE('',*,*,#10386,.T.);
#10605 = ORIENTED_EDGE('',*,*,#10606,.T.);
#10606 = EDGE_CURVE('',#10387,#10607,#10609,.T.);
#10607 = VERTEX_POINT('',#10608);
#10608 = CARTESIAN_POINT('',(0.2,-1.8,3.E-02));
#10609 = LINE('',#10610,#10611);
#10610 = CARTESIAN_POINT('',(0.2,9.25E-02,3.E-02));
#10611 = VECTOR('',#10612,1.);
#10612 = DIRECTION('',(-1.144237745222E-17,1.,0.));
#10613 = ORIENTED_EDGE('',*,*,#10614,.T.);
#10614 = EDGE_CURVE('',#10607,#10615,#10617,.T.);
#10615 = VERTEX_POINT('',#10616);
#10616 = CARTESIAN_POINT('',(0.45,-1.8,3.E-02));
#10617 = LINE('',#10618,#10619);
#10618 = CARTESIAN_POINT('',(-0.7675,-1.8,3.E-02));
#10619 = VECTOR('',#10620,1.);
#10620 = DIRECTION('',(1.,1.144237745222E-17,0.));
#10621 = ORIENTED_EDGE('',*,*,#10622,.T.);
#10622 = EDGE_CURVE('',#10615,#10411,#10623,.T.);
#10623 = LINE('',#10624,#10625);
#10624 = CARTESIAN_POINT('',(0.45,-7.5E-03,3.E-02));
#10625 = VECTOR('',#10626,1.);
#10626 = DIRECTION('',(1.144237745222E-17,-1.,0.));
#10627 = ORIENTED_EDGE('',*,*,#10418,.T.);
#10628 = ORIENTED_EDGE('',*,*,#10629,.T.);
#10629 = EDGE_CURVE('',#10419,#10630,#10632,.T.);
#10630 = VERTEX_POINT('',#10631);
#10631 = CARTESIAN_POINT('',(0.85,-1.8,3.E-02));
#10632 = LINE('',#10633,#10634);
#10633 = CARTESIAN_POINT('',(0.85,9.25E-02,3.E-02));
#10634 = VECTOR('',#10635,1.);
#10635 = DIRECTION('',(-1.144237745222E-17,1.,0.));
#10636 = ORIENTED_EDGE('',*,*,#10637,.T.);
#10637 = EDGE_CURVE('',#10630,#10638,#10640,.T.);
#10638 = VERTEX_POINT('',#10639);
#10639 = CARTESIAN_POINT('',(1.1,-1.8,3.E-02));
#10640 = LINE('',#10641,#10642);
#10641 = CARTESIAN_POINT('',(-0.4425,-1.8,3.E-02));
#10642 = VECTOR('',#10643,1.);
#10643 = DIRECTION('',(1.,1.144237745222E-17,0.));
#10644 = ORIENTED_EDGE('',*,*,#10645,.T.);
#10645 = EDGE_CURVE('',#10638,#10443,#10646,.T.);
#10646 = LINE('',#10647,#10648);
#10647 = CARTESIAN_POINT('',(1.1,-7.5E-03,3.E-02));
#10648 = VECTOR('',#10649,1.);
#10649 = DIRECTION('',(1.144237745222E-17,-1.,0.));
#10650 = ORIENTED_EDGE('',*,*,#10450,.T.);
#10651 = ORIENTED_EDGE('',*,*,#10034,.F.);
#10652 = ORIENTED_EDGE('',*,*,#10653,.T.);
#10653 = EDGE_CURVE('',#10035,#10654,#10656,.T.);
#10654 = VERTEX_POINT('',#10655);
#10655 = CARTESIAN_POINT('',(1.8,-1.1,3.E-02));
#10656 = LINE('',#10657,#10658);
#10657 = CARTESIAN_POINT('',(-9.25E-02,-1.1,3.E-02));
#10658 = VECTOR('',#10659,1.);
#10659 = DIRECTION('',(-1.,-2.334869823773E-16,0.));
#10660 = ORIENTED_EDGE('',*,*,#10661,.T.);
#10661 = EDGE_CURVE('',#10654,#10662,#10664,.T.);
#10662 = VERTEX_POINT('',#10663);
#10663 = CARTESIAN_POINT('',(1.8,-0.85,3.E-02));
#10664 = LINE('',#10665,#10666);
#10665 = CARTESIAN_POINT('',(1.8,0.5675,3.E-02));
#10666 = VECTOR('',#10667,1.);
#10667 = DIRECTION('',(-2.334869823773E-16,1.,0.));
#10668 = ORIENTED_EDGE('',*,*,#10669,.T.);
#10669 = EDGE_CURVE('',#10662,#10059,#10670,.T.);
#10670 = LINE('',#10671,#10672);
#10671 = CARTESIAN_POINT('',(7.5E-03,-0.85,3.E-02));
#10672 = VECTOR('',#10673,1.);
#10673 = DIRECTION('',(1.,2.334869823773E-16,0.));
#10674 = ORIENTED_EDGE('',*,*,#10066,.F.);
#10675 = ORIENTED_EDGE('',*,*,#10676,.T.);
#10676 = EDGE_CURVE('',#10067,#10677,#10679,.T.);
#10677 = VERTEX_POINT('',#10678);
#10678 = CARTESIAN_POINT('',(1.8,-0.45,3.E-02));
#10679 = LINE('',#10680,#10681);
#10680 = CARTESIAN_POINT('',(-9.25E-02,-0.45,3.E-02));
#10681 = VECTOR('',#10682,1.);
#10682 = DIRECTION('',(-1.,-2.334869823773E-16,0.));
#10683 = ORIENTED_EDGE('',*,*,#10684,.T.);
#10684 = EDGE_CURVE('',#10677,#10685,#10687,.T.);
#10685 = VERTEX_POINT('',#10686);
#10686 = CARTESIAN_POINT('',(1.8,-0.2,3.E-02));
#10687 = LINE('',#10688,#10689);
#10688 = CARTESIAN_POINT('',(1.8,0.8925,3.E-02));
#10689 = VECTOR('',#10690,1.);
#10690 = DIRECTION('',(-2.334869823773E-16,1.,0.));
#10691 = ORIENTED_EDGE('',*,*,#10692,.T.);
#10692 = EDGE_CURVE('',#10685,#10091,#10693,.T.);
#10693 = LINE('',#10694,#10695);
#10694 = CARTESIAN_POINT('',(7.5E-03,-0.2,3.E-02));
#10695 = VECTOR('',#10696,1.);
#10696 = DIRECTION('',(1.,2.334869823773E-16,0.));
#10697 = ORIENTED_EDGE('',*,*,#10098,.F.);
#10698 = ORIENTED_EDGE('',*,*,#10699,.T.);
#10699 = EDGE_CURVE('',#10099,#10700,#10702,.T.);
#10700 = VERTEX_POINT('',#10701);
#10701 = CARTESIAN_POINT('',(1.8,0.2,3.E-02));
#10702 = LINE('',#10703,#10704);
#10703 = CARTESIAN_POINT('',(-9.25E-02,0.2,3.E-02));
#10704 = VECTOR('',#10705,1.);
#10705 = DIRECTION('',(-1.,-2.334869823773E-16,0.));
#10706 = ORIENTED_EDGE('',*,*,#10707,.T.);
#10707 = EDGE_CURVE('',#10700,#10708,#10710,.T.);
#10708 = VERTEX_POINT('',#10709);
#10709 = CARTESIAN_POINT('',(1.8,0.45,3.E-02));
#10710 = LINE('',#10711,#10712);
#10711 = CARTESIAN_POINT('',(1.8,1.2175,3.E-02));
#10712 = VECTOR('',#10713,1.);
#10713 = DIRECTION('',(-2.334869823773E-16,1.,0.));
#10714 = ORIENTED_EDGE('',*,*,#10715,.T.);
#10715 = EDGE_CURVE('',#10708,#10123,#10716,.T.);
#10716 = LINE('',#10717,#10718);
#10717 = CARTESIAN_POINT('',(7.5E-03,0.45,3.E-02));
#10718 = VECTOR('',#10719,1.);
#10719 = DIRECTION('',(1.,2.334869823773E-16,0.));
#10720 = ORIENTED_EDGE('',*,*,#10130,.F.);
#10721 = ORIENTED_EDGE('',*,*,#10722,.T.);
#10722 = EDGE_CURVE('',#10131,#10723,#10725,.T.);
#10723 = VERTEX_POINT('',#10724);
#10724 = CARTESIAN_POINT('',(1.8,0.85,3.E-02));
#10725 = LINE('',#10726,#10727);
#10726 = CARTESIAN_POINT('',(-9.25E-02,0.85,3.E-02));
#10727 = VECTOR('',#10728,1.);
#10728 = DIRECTION('',(-1.,-2.334869823773E-16,0.));
#10729 = ORIENTED_EDGE('',*,*,#10730,.T.);
#10730 = EDGE_CURVE('',#10723,#10731,#10733,.T.);
#10731 = VERTEX_POINT('',#10732);
#10732 = CARTESIAN_POINT('',(1.8,1.1,3.E-02));
#10733 = LINE('',#10734,#10735);
#10734 = CARTESIAN_POINT('',(1.8,1.5425,3.E-02));
#10735 = VECTOR('',#10736,1.);
#10736 = DIRECTION('',(-2.334869823773E-16,1.,0.));
#10737 = ORIENTED_EDGE('',*,*,#10738,.T.);
#10738 = EDGE_CURVE('',#10731,#10017,#10739,.T.);
#10739 = LINE('',#10740,#10741);
#10740 = CARTESIAN_POINT('',(7.5E-03,1.1,3.E-02));
#10741 = VECTOR('',#10742,1.);
#10742 = DIRECTION('',(1.,2.334869823773E-16,0.));
#10743 = ORIENTED_EDGE('',*,*,#10016,.F.);
#10744 = ORIENTED_EDGE('',*,*,#9994,.F.);
#10745 = ORIENTED_EDGE('',*,*,#10746,.T.);
#10746 = EDGE_CURVE('',#9987,#10747,#10749,.T.);
#10747 = VERTEX_POINT('',#10748);
#10748 = CARTESIAN_POINT('',(1.1,1.8,3.E-02));
#10749 = LINE('',#10750,#10751);
#10750 = CARTESIAN_POINT('',(1.1,1.8925,3.E-02));
#10751 = VECTOR('',#10752,1.);
#10752 = DIRECTION('',(1.224646799147E-16,-1.,0.));
#10753 = ORIENTED_EDGE('',*,*,#10754,.T.);
#10754 = EDGE_CURVE('',#10747,#10755,#10757,.T.);
#10755 = VERTEX_POINT('',#10756);
#10756 = CARTESIAN_POINT('',(0.85,1.8,3.E-02));
#10757 = LINE('',#10758,#10759);
#10758 = CARTESIAN_POINT('',(-0.5675,1.8,3.E-02));
#10759 = VECTOR('',#10760,1.);
#10760 = DIRECTION('',(-1.,-1.224646799147E-16,0.));
#10761 = ORIENTED_EDGE('',*,*,#10762,.T.);
#10762 = EDGE_CURVE('',#10755,#9963,#10763,.T.);
#10763 = LINE('',#10764,#10765);
#10764 = CARTESIAN_POINT('',(0.85,1.9925,3.E-02));
#10765 = VECTOR('',#10766,1.);
#10766 = DIRECTION('',(-1.224646799147E-16,1.,0.));
#10767 = ORIENTED_EDGE('',*,*,#9962,.F.);
#10768 = ORIENTED_EDGE('',*,*,#10769,.T.);
#10769 = EDGE_CURVE('',#9955,#10770,#10772,.T.);
#10770 = VERTEX_POINT('',#10771);
#10771 = CARTESIAN_POINT('',(0.45,1.8,3.E-02));
#10772 = LINE('',#10773,#10774);
#10773 = CARTESIAN_POINT('',(0.45,1.8925,3.E-02));
#10774 = VECTOR('',#10775,1.);
#10775 = DIRECTION('',(1.224646799147E-16,-1.,0.));
#10776 = ORIENTED_EDGE('',*,*,#10777,.T.);
#10777 = EDGE_CURVE('',#10770,#10778,#10780,.T.);
#10778 = VERTEX_POINT('',#10779);
#10779 = CARTESIAN_POINT('',(0.2,1.8,3.E-02));
#10780 = LINE('',#10781,#10782);
#10781 = CARTESIAN_POINT('',(-0.8925,1.8,3.E-02));
#10782 = VECTOR('',#10783,1.);
#10783 = DIRECTION('',(-1.,-1.224646799147E-16,0.));
#10784 = ORIENTED_EDGE('',*,*,#10785,.T.);
#10785 = EDGE_CURVE('',#10778,#9931,#10786,.T.);
#10786 = LINE('',#10787,#10788);
#10787 = CARTESIAN_POINT('',(0.2,1.9925,3.E-02));
#10788 = VECTOR('',#10789,1.);
#10789 = DIRECTION('',(-1.224646799147E-16,1.,0.));
#10790 = ORIENTED_EDGE('',*,*,#9930,.F.);
#10791 = ORIENTED_EDGE('',*,*,#10792,.T.);
#10792 = EDGE_CURVE('',#9923,#10793,#10795,.T.);
#10793 = VERTEX_POINT('',#10794);
#10794 = CARTESIAN_POINT('',(-0.2,1.8,3.E-02));
#10795 = LINE('',#10796,#10797);
#10796 = CARTESIAN_POINT('',(-0.2,1.8925,3.E-02));
#10797 = VECTOR('',#10798,1.);
#10798 = DIRECTION('',(1.224646799147E-16,-1.,0.));
#10799 = ORIENTED_EDGE('',*,*,#10800,.T.);
#10800 = EDGE_CURVE('',#10793,#10801,#10803,.T.);
#10801 = VERTEX_POINT('',#10802);
#10802 = CARTESIAN_POINT('',(-0.45,1.8,3.E-02));
#10803 = LINE('',#10804,#10805);
#10804 = CARTESIAN_POINT('',(-1.2175,1.8,3.E-02));
#10805 = VECTOR('',#10806,1.);
#10806 = DIRECTION('',(-1.,-1.224646799147E-16,0.));
#10807 = ORIENTED_EDGE('',*,*,#10808,.T.);
#10808 = EDGE_CURVE('',#10801,#9899,#10809,.T.);
#10809 = LINE('',#10810,#10811);
#10810 = CARTESIAN_POINT('',(-0.45,1.9925,3.E-02));
#10811 = VECTOR('',#10812,1.);
#10812 = DIRECTION('',(-1.224646799147E-16,1.,0.));
#10813 = ORIENTED_EDGE('',*,*,#9898,.F.);
#10814 = ORIENTED_EDGE('',*,*,#10815,.T.);
#10815 = EDGE_CURVE('',#9891,#10816,#10818,.T.);
#10816 = VERTEX_POINT('',#10817);
#10817 = CARTESIAN_POINT('',(-0.85,1.8,3.E-02));
#10818 = LINE('',#10819,#10820);
#10819 = CARTESIAN_POINT('',(-0.85,1.8925,3.E-02));
#10820 = VECTOR('',#10821,1.);
#10821 = DIRECTION('',(1.224646799147E-16,-1.,0.));
#10822 = ORIENTED_EDGE('',*,*,#10823,.T.);
#10823 = EDGE_CURVE('',#10816,#10824,#10826,.T.);
#10824 = VERTEX_POINT('',#10825);
#10825 = CARTESIAN_POINT('',(-1.1,1.8,3.E-02));
#10826 = LINE('',#10827,#10828);
#10827 = CARTESIAN_POINT('',(-1.5425,1.8,3.E-02));
#10828 = VECTOR('',#10829,1.);
#10829 = DIRECTION('',(-1.,-1.224646799147E-16,0.));
#10830 = ORIENTED_EDGE('',*,*,#10831,.T.);
#10831 = EDGE_CURVE('',#10824,#9867,#10832,.T.);
#10832 = LINE('',#10833,#10834);
#10833 = CARTESIAN_POINT('',(-1.1,1.9925,3.E-02));
#10834 = VECTOR('',#10835,1.);
#10835 = DIRECTION('',(-1.224646799147E-16,1.,0.));
#10836 = FACE_BOUND('',#10837,.F.);
#10837 = EDGE_LOOP('',(#10838,#10848,#10856,#10864,#10872));
#10838 = ORIENTED_EDGE('',*,*,#10839,.T.);
#10839 = EDGE_CURVE('',#10840,#10842,#10844,.T.);
#10840 = VERTEX_POINT('',#10841);
#10841 = CARTESIAN_POINT('',(1.35,-1.35,3.E-02));
#10842 = VERTEX_POINT('',#10843);
#10843 = CARTESIAN_POINT('',(-1.35,-1.35,3.E-02));
#10844 = LINE('',#10845,#10846);
#10845 = CARTESIAN_POINT('',(-1.6675,-1.35,3.E-02));
#10846 = VECTOR('',#10847,1.);
#10847 = DIRECTION('',(-1.,-1.110223024625E-16,0.));
#10848 = ORIENTED_EDGE('',*,*,#10849,.T.);
#10849 = EDGE_CURVE('',#10842,#10850,#10852,.T.);
#10850 = VERTEX_POINT('',#10851);
#10851 = CARTESIAN_POINT('',(-1.35,1.1,3.E-02));
#10852 = LINE('',#10853,#10854);
#10853 = CARTESIAN_POINT('',(-1.35,1.5425,3.E-02));
#10854 = VECTOR('',#10855,1.);
#10855 = DIRECTION('',(-1.110223024625E-16,1.,0.));
#10856 = ORIENTED_EDGE('',*,*,#10857,.T.);
#10857 = EDGE_CURVE('',#10850,#10858,#10860,.T.);
#10858 = VERTEX_POINT('',#10859);
#10859 = CARTESIAN_POINT('',(-1.1,1.35,3.E-02));
#10860 = LINE('',#10861,#10862);
#10861 = CARTESIAN_POINT('',(-1.1625,1.2875,3.E-02));
#10862 = VECTOR('',#10863,1.);
#10863 = DIRECTION('',(0.707106781187,0.707106781187,0.));
#10864 = ORIENTED_EDGE('',*,*,#10865,.T.);
#10865 = EDGE_CURVE('',#10858,#10866,#10868,.T.);
#10866 = VERTEX_POINT('',#10867);
#10867 = CARTESIAN_POINT('',(1.35,1.35,3.E-02));
#10868 = LINE('',#10869,#10870);
#10869 = CARTESIAN_POINT('',(-0.3175,1.35,3.E-02));
#10870 = VECTOR('',#10871,1.);
#10871 = DIRECTION('',(1.,1.110223024625E-16,0.));
#10872 = ORIENTED_EDGE('',*,*,#10873,.T.);
#10873 = EDGE_CURVE('',#10866,#10840,#10874,.T.);
#10874 = LINE('',#10875,#10876);
#10875 = CARTESIAN_POINT('',(1.35,0.3175,3.E-02));
#10876 = VECTOR('',#10877,1.);
#10877 = DIRECTION('',(1.110223024625E-16,-1.,0.));
#10878 = PLANE('',#10879);
#10879 = AXIS2_PLACEMENT_3D('',#10880,#10881,#10882);
#10880 = CARTESIAN_POINT('',(-1.985,1.985,3.E-02));
#10881 = DIRECTION('',(0.,0.,1.));
#10882 = DIRECTION('',(1.110223024625E-16,-1.,0.));
#10883 = ADVANCED_FACE('',(#10884),#10918,.F.);
#10884 = FACE_BOUND('',#10885,.F.);
#10885 = EDGE_LOOP('',(#10886,#10896,#10902,#10903,#10904,#10912));
#10886 = ORIENTED_EDGE('',*,*,#10887,.F.);
#10887 = EDGE_CURVE('',#10888,#10890,#10892,.T.);
#10888 = VERTEX_POINT('',#10889);
#10889 = CARTESIAN_POINT('',(1.1,1.8,0.));
#10890 = VERTEX_POINT('',#10891);
#10891 = CARTESIAN_POINT('',(1.1,2.,0.));
#10892 = LINE('',#10893,#10894);
#10893 = CARTESIAN_POINT('',(1.1,1.8,0.));
#10894 = VECTOR('',#10895,1.);
#10895 = DIRECTION('',(-1.224646799147E-16,1.,0.));
#10896 = ORIENTED_EDGE('',*,*,#10897,.T.);
#10897 = EDGE_CURVE('',#10888,#10747,#10898,.T.);
#10898 = LINE('',#10899,#10900);
#10899 = CARTESIAN_POINT('',(1.1,1.8,0.));
#10900 = VECTOR('',#10901,1.);
#10901 = DIRECTION('',(0.,0.,1.));
#10902 = ORIENTED_EDGE('',*,*,#10746,.F.);
#10903 = ORIENTED_EDGE('',*,*,#9986,.F.);
#10904 = ORIENTED_EDGE('',*,*,#10905,.T.);
#10905 = EDGE_CURVE('',#9979,#10906,#10908,.T.);
#10906 = VERTEX_POINT('',#10907);
#10907 = CARTESIAN_POINT('',(1.1,2.,0.1));
#10908 = LINE('',#10909,#10910);
#10909 = CARTESIAN_POINT('',(1.1,1.8,0.1));
#10910 = VECTOR('',#10911,1.);
#10911 = DIRECTION('',(-1.224646799147E-16,1.,0.));
#10912 = ORIENTED_EDGE('',*,*,#10913,.F.);
#10913 = EDGE_CURVE('',#10890,#10906,#10914,.T.);
#10914 = LINE('',#10915,#10916);
#10915 = CARTESIAN_POINT('',(1.1,2.,0.));
#10916 = VECTOR('',#10917,1.);
#10917 = DIRECTION('',(0.,0.,1.));
#10918 = PLANE('',#10919);
#10919 = AXIS2_PLACEMENT_3D('',#10920,#10921,#10922);
#10920 = CARTESIAN_POINT('',(1.1,1.8,0.));
#10921 = DIRECTION('',(-1.,-1.224646799147E-16,0.));
#10922 = DIRECTION('',(-1.224646799147E-16,1.,0.));
#10923 = ADVANCED_FACE('',(#10924),#10942,.T.);
#10924 = FACE_BOUND('',#10925,.T.);
#10925 = EDGE_LOOP('',(#10926,#10934,#10940,#10941));
#10926 = ORIENTED_EDGE('',*,*,#10927,.T.);
#10927 = EDGE_CURVE('',#10906,#10928,#10930,.T.);
#10928 = VERTEX_POINT('',#10929);
#10929 = CARTESIAN_POINT('',(0.85,2.,0.1));
#10930 = LINE('',#10931,#10932);
#10931 = CARTESIAN_POINT('',(1.1,2.,0.1));
#10932 = VECTOR('',#10933,1.);
#10933 = DIRECTION('',(-1.,-1.224646799147E-16,0.));
#10934 = ORIENTED_EDGE('',*,*,#10935,.T.);
#10935 = EDGE_CURVE('',#10928,#9971,#10936,.T.);
#10936 = LINE('',#10937,#10938);
#10937 = CARTESIAN_POINT('',(0.85,2.,0.1));
#10938 = VECTOR('',#10939,1.);
#10939 = DIRECTION('',(1.224646799147E-16,-1.,0.));
#10940 = ORIENTED_EDGE('',*,*,#9978,.F.);
#10941 = ORIENTED_EDGE('',*,*,#10905,.T.);
#10942 = PLANE('',#10943);
#10943 = AXIS2_PLACEMENT_3D('',#10944,#10945,#10946);
#10944 = CARTESIAN_POINT('',(0.975,1.9,0.1));
#10945 = DIRECTION('',(0.,0.,1.));
#10946 = DIRECTION('',(-1.,-1.224646799147E-16,0.));
#10947 = ADVANCED_FACE('',(#10948),#10975,.F.);
#10948 = FACE_BOUND('',#10949,.F.);
#10949 = EDGE_LOOP('',(#10950,#10960,#10966,#10967,#10968,#10969));
#10950 = ORIENTED_EDGE('',*,*,#10951,.F.);
#10951 = EDGE_CURVE('',#10952,#10954,#10956,.T.);
#10952 = VERTEX_POINT('',#10953);
#10953 = CARTESIAN_POINT('',(0.85,2.,0.));
#10954 = VERTEX_POINT('',#10955);
#10955 = CARTESIAN_POINT('',(0.85,1.8,0.));
#10956 = LINE('',#10957,#10958);
#10957 = CARTESIAN_POINT('',(0.85,2.,0.));
#10958 = VECTOR('',#10959,1.);
#10959 = DIRECTION('',(1.224646799147E-16,-1.,0.));
#10960 = ORIENTED_EDGE('',*,*,#10961,.T.);
#10961 = EDGE_CURVE('',#10952,#10928,#10962,.T.);
#10962 = LINE('',#10963,#10964);
#10963 = CARTESIAN_POINT('',(0.85,2.,0.));
#10964 = VECTOR('',#10965,1.);
#10965 = DIRECTION('',(0.,0.,1.));
#10966 = ORIENTED_EDGE('',*,*,#10935,.T.);
#10967 = ORIENTED_EDGE('',*,*,#9970,.F.);
#10968 = ORIENTED_EDGE('',*,*,#10762,.F.);
#10969 = ORIENTED_EDGE('',*,*,#10970,.F.);
#10970 = EDGE_CURVE('',#10954,#10755,#10971,.T.);
#10971 = LINE('',#10972,#10973);
#10972 = CARTESIAN_POINT('',(0.85,1.8,0.));
#10973 = VECTOR('',#10974,1.);
#10974 = DIRECTION('',(0.,0.,1.));
#10975 = PLANE('',#10976);
#10976 = AXIS2_PLACEMENT_3D('',#10977,#10978,#10979);
#10977 = CARTESIAN_POINT('',(0.85,2.,0.));
#10978 = DIRECTION('',(1.,1.224646799147E-16,0.));
#10979 = DIRECTION('',(1.224646799147E-16,-1.,0.));
#10980 = ADVANCED_FACE('',(#10981),#11015,.F.);
#10981 = FACE_BOUND('',#10982,.F.);
#10982 = EDGE_LOOP('',(#10983,#10993,#10999,#11000,#11001,#11009));
#10983 = ORIENTED_EDGE('',*,*,#10984,.F.);
#10984 = EDGE_CURVE('',#10985,#10987,#10989,.T.);
#10985 = VERTEX_POINT('',#10986);
#10986 = CARTESIAN_POINT('',(0.45,1.8,0.));
#10987 = VERTEX_POINT('',#10988);
#10988 = CARTESIAN_POINT('',(0.45,2.,0.));
#10989 = LINE('',#10990,#10991);
#10990 = CARTESIAN_POINT('',(0.45,1.8,0.));
#10991 = VECTOR('',#10992,1.);
#10992 = DIRECTION('',(-1.224646799147E-16,1.,0.));
#10993 = ORIENTED_EDGE('',*,*,#10994,.T.);
#10994 = EDGE_CURVE('',#10985,#10770,#10995,.T.);
#10995 = LINE('',#10996,#10997);
#10996 = CARTESIAN_POINT('',(0.45,1.8,0.));
#10997 = VECTOR('',#10998,1.);
#10998 = DIRECTION('',(0.,0.,1.));
#10999 = ORIENTED_EDGE('',*,*,#10769,.F.);
#11000 = ORIENTED_EDGE('',*,*,#9954,.F.);
#11001 = ORIENTED_EDGE('',*,*,#11002,.T.);
#11002 = EDGE_CURVE('',#9947,#11003,#11005,.T.);
#11003 = VERTEX_POINT('',#11004);
#11004 = CARTESIAN_POINT('',(0.45,2.,0.1));
#11005 = LINE('',#11006,#11007);
#11006 = CARTESIAN_POINT('',(0.45,1.8,0.1));
#11007 = VECTOR('',#11008,1.);
#11008 = DIRECTION('',(-1.224646799147E-16,1.,0.));
#11009 = ORIENTED_EDGE('',*,*,#11010,.F.);
#11010 = EDGE_CURVE('',#10987,#11003,#11011,.T.);
#11011 = LINE('',#11012,#11013);
#11012 = CARTESIAN_POINT('',(0.45,2.,0.));
#11013 = VECTOR('',#11014,1.);
#11014 = DIRECTION('',(0.,0.,1.));
#11015 = PLANE('',#11016);
#11016 = AXIS2_PLACEMENT_3D('',#11017,#11018,#11019);
#11017 = CARTESIAN_POINT('',(0.45,1.8,0.));
#11018 = DIRECTION('',(-1.,-1.224646799147E-16,0.));
#11019 = DIRECTION('',(-1.224646799147E-16,1.,0.));
#11020 = ADVANCED_FACE('',(#11021),#11039,.T.);
#11021 = FACE_BOUND('',#11022,.T.);
#11022 = EDGE_LOOP('',(#11023,#11031,#11037,#11038));
#11023 = ORIENTED_EDGE('',*,*,#11024,.T.);
#11024 = EDGE_CURVE('',#11003,#11025,#11027,.T.);
#11025 = VERTEX_POINT('',#11026);
#11026 = CARTESIAN_POINT('',(0.2,2.,0.1));
#11027 = LINE('',#11028,#11029);
#11028 = CARTESIAN_POINT('',(0.45,2.,0.1));
#11029 = VECTOR('',#11030,1.);
#11030 = DIRECTION('',(-1.,-1.224646799147E-16,0.));
#11031 = ORIENTED_EDGE('',*,*,#11032,.T.);
#11032 = EDGE_CURVE('',#11025,#9939,#11033,.T.);
#11033 = LINE('',#11034,#11035);
#11034 = CARTESIAN_POINT('',(0.2,2.,0.1));
#11035 = VECTOR('',#11036,1.);
#11036 = DIRECTION('',(1.224646799147E-16,-1.,0.));
#11037 = ORIENTED_EDGE('',*,*,#9946,.F.);
#11038 = ORIENTED_EDGE('',*,*,#11002,.T.);
#11039 = PLANE('',#11040);
#11040 = AXIS2_PLACEMENT_3D('',#11041,#11042,#11043);
#11041 = CARTESIAN_POINT('',(0.325,1.9,0.1));
#11042 = DIRECTION('',(0.,0.,1.));
#11043 = DIRECTION('',(-1.,-1.224646799147E-16,0.));
#11044 = ADVANCED_FACE('',(#11045),#11072,.F.);
#11045 = FACE_BOUND('',#11046,.F.);
#11046 = EDGE_LOOP('',(#11047,#11057,#11063,#11064,#11065,#11066));
#11047 = ORIENTED_EDGE('',*,*,#11048,.F.);
#11048 = EDGE_CURVE('',#11049,#11051,#11053,.T.);
#11049 = VERTEX_POINT('',#11050);
#11050 = CARTESIAN_POINT('',(0.2,2.,0.));
#11051 = VERTEX_POINT('',#11052);
#11052 = CARTESIAN_POINT('',(0.2,1.8,0.));
#11053 = LINE('',#11054,#11055);
#11054 = CARTESIAN_POINT('',(0.2,2.,0.));
#11055 = VECTOR('',#11056,1.);
#11056 = DIRECTION('',(1.224646799147E-16,-1.,0.));
#11057 = ORIENTED_EDGE('',*,*,#11058,.T.);
#11058 = EDGE_CURVE('',#11049,#11025,#11059,.T.);
#11059 = LINE('',#11060,#11061);
#11060 = CARTESIAN_POINT('',(0.2,2.,0.));
#11061 = VECTOR('',#11062,1.);
#11062 = DIRECTION('',(0.,0.,1.));
#11063 = ORIENTED_EDGE('',*,*,#11032,.T.);
#11064 = ORIENTED_EDGE('',*,*,#9938,.F.);
#11065 = ORIENTED_EDGE('',*,*,#10785,.F.);
#11066 = ORIENTED_EDGE('',*,*,#11067,.F.);
#11067 = EDGE_CURVE('',#11051,#10778,#11068,.T.);
#11068 = LINE('',#11069,#11070);
#11069 = CARTESIAN_POINT('',(0.2,1.8,0.));
#11070 = VECTOR('',#11071,1.);
#11071 = DIRECTION('',(0.,0.,1.));
#11072 = PLANE('',#11073);
#11073 = AXIS2_PLACEMENT_3D('',#11074,#11075,#11076);
#11074 = CARTESIAN_POINT('',(0.2,2.,0.));
#11075 = DIRECTION('',(1.,1.224646799147E-16,0.));
#11076 = DIRECTION('',(1.224646799147E-16,-1.,0.));
#11077 = ADVANCED_FACE('',(#11078),#11112,.F.);
#11078 = FACE_BOUND('',#11079,.F.);
#11079 = EDGE_LOOP('',(#11080,#11090,#11096,#11097,#11098,#11106));
#11080 = ORIENTED_EDGE('',*,*,#11081,.F.);
#11081 = EDGE_CURVE('',#11082,#11084,#11086,.T.);
#11082 = VERTEX_POINT('',#11083);
#11083 = CARTESIAN_POINT('',(-0.2,1.8,0.));
#11084 = VERTEX_POINT('',#11085);
#11085 = CARTESIAN_POINT('',(-0.2,2.,0.));
#11086 = LINE('',#11087,#11088);
#11087 = CARTESIAN_POINT('',(-0.2,1.8,0.));
#11088 = VECTOR('',#11089,1.);
#11089 = DIRECTION('',(-1.224646799147E-16,1.,0.));
#11090 = ORIENTED_EDGE('',*,*,#11091,.T.);
#11091 = EDGE_CURVE('',#11082,#10793,#11092,.T.);
#11092 = LINE('',#11093,#11094);
#11093 = CARTESIAN_POINT('',(-0.2,1.8,0.));
#11094 = VECTOR('',#11095,1.);
#11095 = DIRECTION('',(0.,0.,1.));
#11096 = ORIENTED_EDGE('',*,*,#10792,.F.);
#11097 = ORIENTED_EDGE('',*,*,#9922,.F.);
#11098 = ORIENTED_EDGE('',*,*,#11099,.T.);
#11099 = EDGE_CURVE('',#9915,#11100,#11102,.T.);
#11100 = VERTEX_POINT('',#11101);
#11101 = CARTESIAN_POINT('',(-0.2,2.,0.1));
#11102 = LINE('',#11103,#11104);
#11103 = CARTESIAN_POINT('',(-0.2,1.8,0.1));
#11104 = VECTOR('',#11105,1.);
#11105 = DIRECTION('',(-1.224646799147E-16,1.,0.));
#11106 = ORIENTED_EDGE('',*,*,#11107,.F.);
#11107 = EDGE_CURVE('',#11084,#11100,#11108,.T.);
#11108 = LINE('',#11109,#11110);
#11109 = CARTESIAN_POINT('',(-0.2,2.,0.));
#11110 = VECTOR('',#11111,1.);
#11111 = DIRECTION('',(0.,0.,1.));
#11112 = PLANE('',#11113);
#11113 = AXIS2_PLACEMENT_3D('',#11114,#11115,#11116);
#11114 = CARTESIAN_POINT('',(-0.2,1.8,0.));
#11115 = DIRECTION('',(-1.,-1.224646799147E-16,0.));
#11116 = DIRECTION('',(-1.224646799147E-16,1.,0.));
#11117 = ADVANCED_FACE('',(#11118),#11136,.T.);
#11118 = FACE_BOUND('',#11119,.T.);
#11119 = EDGE_LOOP('',(#11120,#11128,#11134,#11135));
#11120 = ORIENTED_EDGE('',*,*,#11121,.T.);
#11121 = EDGE_CURVE('',#11100,#11122,#11124,.T.);
#11122 = VERTEX_POINT('',#11123);
#11123 = CARTESIAN_POINT('',(-0.45,2.,0.1));
#11124 = LINE('',#11125,#11126);
#11125 = CARTESIAN_POINT('',(-0.2,2.,0.1));
#11126 = VECTOR('',#11127,1.);
#11127 = DIRECTION('',(-1.,-1.224646799147E-16,0.));
#11128 = ORIENTED_EDGE('',*,*,#11129,.T.);
#11129 = EDGE_CURVE('',#11122,#9907,#11130,.T.);
#11130 = LINE('',#11131,#11132);
#11131 = CARTESIAN_POINT('',(-0.45,2.,0.1));
#11132 = VECTOR('',#11133,1.);
#11133 = DIRECTION('',(1.224646799147E-16,-1.,0.));
#11134 = ORIENTED_EDGE('',*,*,#9914,.F.);
#11135 = ORIENTED_EDGE('',*,*,#11099,.T.);
#11136 = PLANE('',#11137);
#11137 = AXIS2_PLACEMENT_3D('',#11138,#11139,#11140);
#11138 = CARTESIAN_POINT('',(-0.325,1.9,0.1));
#11139 = DIRECTION('',(0.,0.,1.));
#11140 = DIRECTION('',(-1.,-1.224646799147E-16,0.));
#11141 = ADVANCED_FACE('',(#11142),#11169,.F.);
#11142 = FACE_BOUND('',#11143,.F.);
#11143 = EDGE_LOOP('',(#11144,#11154,#11160,#11161,#11162,#11163));
#11144 = ORIENTED_EDGE('',*,*,#11145,.F.);
#11145 = EDGE_CURVE('',#11146,#11148,#11150,.T.);
#11146 = VERTEX_POINT('',#11147);
#11147 = CARTESIAN_POINT('',(-0.45,2.,0.));
#11148 = VERTEX_POINT('',#11149);
#11149 = CARTESIAN_POINT('',(-0.45,1.8,0.));
#11150 = LINE('',#11151,#11152);
#11151 = CARTESIAN_POINT('',(-0.45,2.,0.));
#11152 = VECTOR('',#11153,1.);
#11153 = DIRECTION('',(1.224646799147E-16,-1.,0.));
#11154 = ORIENTED_EDGE('',*,*,#11155,.T.);
#11155 = EDGE_CURVE('',#11146,#11122,#11156,.T.);
#11156 = LINE('',#11157,#11158);
#11157 = CARTESIAN_POINT('',(-0.45,2.,0.));
#11158 = VECTOR('',#11159,1.);
#11159 = DIRECTION('',(0.,0.,1.));
#11160 = ORIENTED_EDGE('',*,*,#11129,.T.);
#11161 = ORIENTED_EDGE('',*,*,#9906,.F.);
#11162 = ORIENTED_EDGE('',*,*,#10808,.F.);
#11163 = ORIENTED_EDGE('',*,*,#11164,.F.);
#11164 = EDGE_CURVE('',#11148,#10801,#11165,.T.);
#11165 = LINE('',#11166,#11167);
#11166 = CARTESIAN_POINT('',(-0.45,1.8,0.));
#11167 = VECTOR('',#11168,1.);
#11168 = DIRECTION('',(0.,0.,1.));
#11169 = PLANE('',#11170);
#11170 = AXIS2_PLACEMENT_3D('',#11171,#11172,#11173);
#11171 = CARTESIAN_POINT('',(-0.45,2.,0.));
#11172 = DIRECTION('',(1.,1.224646799147E-16,0.));
#11173 = DIRECTION('',(1.224646799147E-16,-1.,0.));
#11174 = ADVANCED_FACE('',(#11175),#11209,.F.);
#11175 = FACE_BOUND('',#11176,.F.);
#11176 = EDGE_LOOP('',(#11177,#11187,#11193,#11194,#11195,#11203));
#11177 = ORIENTED_EDGE('',*,*,#11178,.F.);
#11178 = EDGE_CURVE('',#11179,#11181,#11183,.T.);
#11179 = VERTEX_POINT('',#11180);
#11180 = CARTESIAN_POINT('',(-0.85,1.8,0.));
#11181 = VERTEX_POINT('',#11182);
#11182 = CARTESIAN_POINT('',(-0.85,2.,0.));
#11183 = LINE('',#11184,#11185);
#11184 = CARTESIAN_POINT('',(-0.85,1.8,0.));
#11185 = VECTOR('',#11186,1.);
#11186 = DIRECTION('',(-1.224646799147E-16,1.,0.));
#11187 = ORIENTED_EDGE('',*,*,#11188,.T.);
#11188 = EDGE_CURVE('',#11179,#10816,#11189,.T.);
#11189 = LINE('',#11190,#11191);
#11190 = CARTESIAN_POINT('',(-0.85,1.8,0.));
#11191 = VECTOR('',#11192,1.);
#11192 = DIRECTION('',(0.,0.,1.));
#11193 = ORIENTED_EDGE('',*,*,#10815,.F.);
#11194 = ORIENTED_EDGE('',*,*,#9890,.F.);
#11195 = ORIENTED_EDGE('',*,*,#11196,.T.);
#11196 = EDGE_CURVE('',#9883,#11197,#11199,.T.);
#11197 = VERTEX_POINT('',#11198);
#11198 = CARTESIAN_POINT('',(-0.85,2.,0.1));
#11199 = LINE('',#11200,#11201);
#11200 = CARTESIAN_POINT('',(-0.85,1.8,0.1));
#11201 = VECTOR('',#11202,1.);
#11202 = DIRECTION('',(-1.224646799147E-16,1.,0.));
#11203 = ORIENTED_EDGE('',*,*,#11204,.F.);
#11204 = EDGE_CURVE('',#11181,#11197,#11205,.T.);
#11205 = LINE('',#11206,#11207);
#11206 = CARTESIAN_POINT('',(-0.85,2.,0.));
#11207 = VECTOR('',#11208,1.);
#11208 = DIRECTION('',(0.,0.,1.));
#11209 = PLANE('',#11210);
#11210 = AXIS2_PLACEMENT_3D('',#11211,#11212,#11213);
#11211 = CARTESIAN_POINT('',(-0.85,1.8,0.));
#11212 = DIRECTION('',(-1.,-1.224646799147E-16,0.));
#11213 = DIRECTION('',(-1.224646799147E-16,1.,0.));
#11214 = ADVANCED_FACE('',(#11215),#11233,.T.);
#11215 = FACE_BOUND('',#11216,.T.);
#11216 = EDGE_LOOP('',(#11217,#11225,#11231,#11232));
#11217 = ORIENTED_EDGE('',*,*,#11218,.T.);
#11218 = EDGE_CURVE('',#11197,#11219,#11221,.T.);
#11219 = VERTEX_POINT('',#11220);
#11220 = CARTESIAN_POINT('',(-1.1,2.,0.1));
#11221 = LINE('',#11222,#11223);
#11222 = CARTESIAN_POINT('',(-0.85,2.,0.1));
#11223 = VECTOR('',#11224,1.);
#11224 = DIRECTION('',(-1.,-1.224646799147E-16,0.));
#11225 = ORIENTED_EDGE('',*,*,#11226,.T.);
#11226 = EDGE_CURVE('',#11219,#9875,#11227,.T.);
#11227 = LINE('',#11228,#11229);
#11228 = CARTESIAN_POINT('',(-1.1,2.,0.1));
#11229 = VECTOR('',#11230,1.);
#11230 = DIRECTION('',(1.224646799147E-16,-1.,0.));
#11231 = ORIENTED_EDGE('',*,*,#9882,.F.);
#11232 = ORIENTED_EDGE('',*,*,#11196,.T.);
#11233 = PLANE('',#11234);
#11234 = AXIS2_PLACEMENT_3D('',#11235,#11236,#11237);
#11235 = CARTESIAN_POINT('',(-0.975,1.9,0.1));
#11236 = DIRECTION('',(0.,0.,1.));
#11237 = DIRECTION('',(-1.,-1.224646799147E-16,0.));
#11238 = ADVANCED_FACE('',(#11239),#11266,.F.);
#11239 = FACE_BOUND('',#11240,.F.);
#11240 = EDGE_LOOP('',(#11241,#11251,#11257,#11258,#11259,#11260));
#11241 = ORIENTED_EDGE('',*,*,#11242,.F.);
#11242 = EDGE_CURVE('',#11243,#11245,#11247,.T.);
#11243 = VERTEX_POINT('',#11244);
#11244 = CARTESIAN_POINT('',(-1.1,2.,0.));
#11245 = VERTEX_POINT('',#11246);
#11246 = CARTESIAN_POINT('',(-1.1,1.8,0.));
#11247 = LINE('',#11248,#11249);
#11248 = CARTESIAN_POINT('',(-1.1,2.,0.));
#11249 = VECTOR('',#11250,1.);
#11250 = DIRECTION('',(1.224646799147E-16,-1.,0.));
#11251 = ORIENTED_EDGE('',*,*,#11252,.T.);
#11252 = EDGE_CURVE('',#11243,#11219,#11253,.T.);
#11253 = LINE('',#11254,#11255);
#11254 = CARTESIAN_POINT('',(-1.1,2.,0.));
#11255 = VECTOR('',#11256,1.);
#11256 = DIRECTION('',(0.,0.,1.));
#11257 = ORIENTED_EDGE('',*,*,#11226,.T.);
#11258 = ORIENTED_EDGE('',*,*,#9874,.F.);
#11259 = ORIENTED_EDGE('',*,*,#10831,.F.);
#11260 = ORIENTED_EDGE('',*,*,#11261,.F.);
#11261 = EDGE_CURVE('',#11245,#10824,#11262,.T.);
#11262 = LINE('',#11263,#11264);
#11263 = CARTESIAN_POINT('',(-1.1,1.8,0.));
#11264 = VECTOR('',#11265,1.);
#11265 = DIRECTION('',(0.,0.,1.));
#11266 = PLANE('',#11267);
#11267 = AXIS2_PLACEMENT_3D('',#11268,#11269,#11270);
#11268 = CARTESIAN_POINT('',(-1.1,2.,0.));
#11269 = DIRECTION('',(1.,1.224646799147E-16,0.));
#11270 = DIRECTION('',(1.224646799147E-16,-1.,0.));
#11271 = ADVANCED_FACE('',(#11272),#11306,.F.);
#11272 = FACE_BOUND('',#11273,.F.);
#11273 = EDGE_LOOP('',(#11274,#11284,#11292,#11298,#11299,#11300));
#11274 = ORIENTED_EDGE('',*,*,#11275,.F.);
#11275 = EDGE_CURVE('',#11276,#11278,#11280,.T.);
#11276 = VERTEX_POINT('',#11277);
#11277 = CARTESIAN_POINT('',(2.,1.1,0.));
#11278 = VERTEX_POINT('',#11279);
#11279 = CARTESIAN_POINT('',(1.8,1.1,0.));
#11280 = LINE('',#11281,#11282);
#11281 = CARTESIAN_POINT('',(2.,1.1,0.));
#11282 = VECTOR('',#11283,1.);
#11283 = DIRECTION('',(-1.,-2.334869823773E-16,0.));
#11284 = ORIENTED_EDGE('',*,*,#11285,.T.);
#11285 = EDGE_CURVE('',#11276,#11286,#11288,.T.);
#11286 = VERTEX_POINT('',#11287);
#11287 = CARTESIAN_POINT('',(2.,1.1,0.1));
#11288 = LINE('',#11289,#11290);
#11289 = CARTESIAN_POINT('',(2.,1.1,0.));
#11290 = VECTOR('',#11291,1.);
#11291 = DIRECTION('',(0.,0.,1.));
#11292 = ORIENTED_EDGE('',*,*,#11293,.T.);
#11293 = EDGE_CURVE('',#11286,#10147,#11294,.T.);
#11294 = LINE('',#11295,#11296);
#11295 = CARTESIAN_POINT('',(2.,1.1,0.1));
#11296 = VECTOR('',#11297,1.);
#11297 = DIRECTION('',(-1.,-2.334869823773E-16,0.));
#11298 = ORIENTED_EDGE('',*,*,#10154,.T.);
#11299 = ORIENTED_EDGE('',*,*,#10738,.F.);
#11300 = ORIENTED_EDGE('',*,*,#11301,.F.);
#11301 = EDGE_CURVE('',#11278,#10731,#11302,.T.);
#11302 = LINE('',#11303,#11304);
#11303 = CARTESIAN_POINT('',(1.8,1.1,0.));
#11304 = VECTOR('',#11305,1.);
#11305 = DIRECTION('',(0.,0.,1.));
#11306 = PLANE('',#11307);
#11307 = AXIS2_PLACEMENT_3D('',#11308,#11309,#11310);
#11308 = CARTESIAN_POINT('',(2.,1.1,0.));
#11309 = DIRECTION('',(2.334869823773E-16,-1.,0.));
#11310 = DIRECTION('',(-1.,-2.334869823773E-16,0.));
#11311 = ADVANCED_FACE('',(#11312),#11330,.T.);
#11312 = FACE_BOUND('',#11313,.T.);
#11313 = EDGE_LOOP('',(#11314,#11322,#11323,#11324));
#11314 = ORIENTED_EDGE('',*,*,#11315,.T.);
#11315 = EDGE_CURVE('',#11316,#11286,#11318,.T.);
#11316 = VERTEX_POINT('',#11317);
#11317 = CARTESIAN_POINT('',(2.,0.85,0.1));
#11318 = LINE('',#11319,#11320);
#11319 = CARTESIAN_POINT('',(2.,0.85,0.1));
#11320 = VECTOR('',#11321,1.);
#11321 = DIRECTION('',(-2.334869823773E-16,1.,0.));
#11322 = ORIENTED_EDGE('',*,*,#11293,.T.);
#11323 = ORIENTED_EDGE('',*,*,#10146,.T.);
#11324 = ORIENTED_EDGE('',*,*,#11325,.T.);
#11325 = EDGE_CURVE('',#10139,#11316,#11326,.T.);
#11326 = LINE('',#11327,#11328);
#11327 = CARTESIAN_POINT('',(1.8,0.85,0.1));
#11328 = VECTOR('',#11329,1.);
#11329 = DIRECTION('',(1.,2.334869823773E-16,0.));
#11330 = PLANE('',#11331);
#11331 = AXIS2_PLACEMENT_3D('',#11332,#11333,#11334);
#11332 = CARTESIAN_POINT('',(1.9,0.975,0.1));
#11333 = DIRECTION('',(0.,0.,1.));
#11334 = DIRECTION('',(-2.334869823773E-16,1.,0.));
#11335 = ADVANCED_FACE('',(#11336),#11363,.F.);
#11336 = FACE_BOUND('',#11337,.F.);
#11337 = EDGE_LOOP('',(#11338,#11348,#11354,#11355,#11356,#11357));
#11338 = ORIENTED_EDGE('',*,*,#11339,.F.);
#11339 = EDGE_CURVE('',#11340,#11342,#11344,.T.);
#11340 = VERTEX_POINT('',#11341);
#11341 = CARTESIAN_POINT('',(1.8,0.85,0.));
#11342 = VERTEX_POINT('',#11343);
#11343 = CARTESIAN_POINT('',(2.,0.85,0.));
#11344 = LINE('',#11345,#11346);
#11345 = CARTESIAN_POINT('',(1.8,0.85,0.));
#11346 = VECTOR('',#11347,1.);
#11347 = DIRECTION('',(1.,2.334869823773E-16,0.));
#11348 = ORIENTED_EDGE('',*,*,#11349,.T.);
#11349 = EDGE_CURVE('',#11340,#10723,#11350,.T.);
#11350 = LINE('',#11351,#11352);
#11351 = CARTESIAN_POINT('',(1.8,0.85,0.));
#11352 = VECTOR('',#11353,1.);
#11353 = DIRECTION('',(0.,0.,1.));
#11354 = ORIENTED_EDGE('',*,*,#10722,.F.);
#11355 = ORIENTED_EDGE('',*,*,#10138,.T.);
#11356 = ORIENTED_EDGE('',*,*,#11325,.T.);
#11357 = ORIENTED_EDGE('',*,*,#11358,.F.);
#11358 = EDGE_CURVE('',#11342,#11316,#11359,.T.);
#11359 = LINE('',#11360,#11361);
#11360 = CARTESIAN_POINT('',(2.,0.85,0.));
#11361 = VECTOR('',#11362,1.);
#11362 = DIRECTION('',(0.,0.,1.));
#11363 = PLANE('',#11364);
#11364 = AXIS2_PLACEMENT_3D('',#11365,#11366,#11367);
#11365 = CARTESIAN_POINT('',(1.8,0.85,0.));
#11366 = DIRECTION('',(-2.334869823773E-16,1.,0.));
#11367 = DIRECTION('',(1.,2.334869823773E-16,0.));
#11368 = ADVANCED_FACE('',(#11369),#11403,.F.);
#11369 = FACE_BOUND('',#11370,.F.);
#11370 = EDGE_LOOP('',(#11371,#11381,#11389,#11395,#11396,#11397));
#11371 = ORIENTED_EDGE('',*,*,#11372,.F.);
#11372 = EDGE_CURVE('',#11373,#11375,#11377,.T.);
#11373 = VERTEX_POINT('',#11374);
#11374 = CARTESIAN_POINT('',(2.,0.45,0.));
#11375 = VERTEX_POINT('',#11376);
#11376 = CARTESIAN_POINT('',(1.8,0.45,0.));
#11377 = LINE('',#11378,#11379);
#11378 = CARTESIAN_POINT('',(2.,0.45,0.));
#11379 = VECTOR('',#11380,1.);
#11380 = DIRECTION('',(-1.,-2.334869823773E-16,0.));
#11381 = ORIENTED_EDGE('',*,*,#11382,.T.);
#11382 = EDGE_CURVE('',#11373,#11383,#11385,.T.);
#11383 = VERTEX_POINT('',#11384);
#11384 = CARTESIAN_POINT('',(2.,0.45,0.1));
#11385 = LINE('',#11386,#11387);
#11386 = CARTESIAN_POINT('',(2.,0.45,0.));
#11387 = VECTOR('',#11388,1.);
#11388 = DIRECTION('',(0.,0.,1.));
#11389 = ORIENTED_EDGE('',*,*,#11390,.T.);
#11390 = EDGE_CURVE('',#11383,#10115,#11391,.T.);
#11391 = LINE('',#11392,#11393);
#11392 = CARTESIAN_POINT('',(2.,0.45,0.1));
#11393 = VECTOR('',#11394,1.);
#11394 = DIRECTION('',(-1.,-2.334869823773E-16,0.));
#11395 = ORIENTED_EDGE('',*,*,#10122,.T.);
#11396 = ORIENTED_EDGE('',*,*,#10715,.F.);
#11397 = ORIENTED_EDGE('',*,*,#11398,.F.);
#11398 = EDGE_CURVE('',#11375,#10708,#11399,.T.);
#11399 = LINE('',#11400,#11401);
#11400 = CARTESIAN_POINT('',(1.8,0.45,0.));
#11401 = VECTOR('',#11402,1.);
#11402 = DIRECTION('',(0.,0.,1.));
#11403 = PLANE('',#11404);
#11404 = AXIS2_PLACEMENT_3D('',#11405,#11406,#11407);
#11405 = CARTESIAN_POINT('',(2.,0.45,0.));
#11406 = DIRECTION('',(2.334869823773E-16,-1.,0.));
#11407 = DIRECTION('',(-1.,-2.334869823773E-16,0.));
#11408 = ADVANCED_FACE('',(#11409),#11427,.T.);
#11409 = FACE_BOUND('',#11410,.T.);
#11410 = EDGE_LOOP('',(#11411,#11419,#11420,#11421));
#11411 = ORIENTED_EDGE('',*,*,#11412,.T.);
#11412 = EDGE_CURVE('',#11413,#11383,#11415,.T.);
#11413 = VERTEX_POINT('',#11414);
#11414 = CARTESIAN_POINT('',(2.,0.2,0.1));
#11415 = LINE('',#11416,#11417);
#11416 = CARTESIAN_POINT('',(2.,0.2,0.1));
#11417 = VECTOR('',#11418,1.);
#11418 = DIRECTION('',(-2.334869823773E-16,1.,0.));
#11419 = ORIENTED_EDGE('',*,*,#11390,.T.);
#11420 = ORIENTED_EDGE('',*,*,#10114,.T.);
#11421 = ORIENTED_EDGE('',*,*,#11422,.T.);
#11422 = EDGE_CURVE('',#10107,#11413,#11423,.T.);
#11423 = LINE('',#11424,#11425);
#11424 = CARTESIAN_POINT('',(1.8,0.2,0.1));
#11425 = VECTOR('',#11426,1.);
#11426 = DIRECTION('',(1.,2.334869823773E-16,0.));
#11427 = PLANE('',#11428);
#11428 = AXIS2_PLACEMENT_3D('',#11429,#11430,#11431);
#11429 = CARTESIAN_POINT('',(1.9,0.325,0.1));
#11430 = DIRECTION('',(0.,0.,1.));
#11431 = DIRECTION('',(-2.334869823773E-16,1.,0.));
#11432 = ADVANCED_FACE('',(#11433),#11460,.F.);
#11433 = FACE_BOUND('',#11434,.F.);
#11434 = EDGE_LOOP('',(#11435,#11445,#11451,#11452,#11453,#11454));
#11435 = ORIENTED_EDGE('',*,*,#11436,.F.);
#11436 = EDGE_CURVE('',#11437,#11439,#11441,.T.);
#11437 = VERTEX_POINT('',#11438);
#11438 = CARTESIAN_POINT('',(1.8,0.2,0.));
#11439 = VERTEX_POINT('',#11440);
#11440 = CARTESIAN_POINT('',(2.,0.2,0.));
#11441 = LINE('',#11442,#11443);
#11442 = CARTESIAN_POINT('',(1.8,0.2,0.));
#11443 = VECTOR('',#11444,1.);
#11444 = DIRECTION('',(1.,2.334869823773E-16,0.));
#11445 = ORIENTED_EDGE('',*,*,#11446,.T.);
#11446 = EDGE_CURVE('',#11437,#10700,#11447,.T.);
#11447 = LINE('',#11448,#11449);
#11448 = CARTESIAN_POINT('',(1.8,0.2,0.));
#11449 = VECTOR('',#11450,1.);
#11450 = DIRECTION('',(0.,0.,1.));
#11451 = ORIENTED_EDGE('',*,*,#10699,.F.);
#11452 = ORIENTED_EDGE('',*,*,#10106,.T.);
#11453 = ORIENTED_EDGE('',*,*,#11422,.T.);
#11454 = ORIENTED_EDGE('',*,*,#11455,.F.);
#11455 = EDGE_CURVE('',#11439,#11413,#11456,.T.);
#11456 = LINE('',#11457,#11458);
#11457 = CARTESIAN_POINT('',(2.,0.2,0.));
#11458 = VECTOR('',#11459,1.);
#11459 = DIRECTION('',(0.,0.,1.));
#11460 = PLANE('',#11461);
#11461 = AXIS2_PLACEMENT_3D('',#11462,#11463,#11464);
#11462 = CARTESIAN_POINT('',(1.8,0.2,0.));
#11463 = DIRECTION('',(-2.334869823773E-16,1.,0.));
#11464 = DIRECTION('',(1.,2.334869823773E-16,0.));
#11465 = ADVANCED_FACE('',(#11466),#11500,.F.);
#11466 = FACE_BOUND('',#11467,.F.);
#11467 = EDGE_LOOP('',(#11468,#11478,#11486,#11492,#11493,#11494));
#11468 = ORIENTED_EDGE('',*,*,#11469,.F.);
#11469 = EDGE_CURVE('',#11470,#11472,#11474,.T.);
#11470 = VERTEX_POINT('',#11471);
#11471 = CARTESIAN_POINT('',(2.,-0.2,0.));
#11472 = VERTEX_POINT('',#11473);
#11473 = CARTESIAN_POINT('',(1.8,-0.2,0.));
#11474 = LINE('',#11475,#11476);
#11475 = CARTESIAN_POINT('',(2.,-0.2,0.));
#11476 = VECTOR('',#11477,1.);
#11477 = DIRECTION('',(-1.,-2.334869823773E-16,0.));
#11478 = ORIENTED_EDGE('',*,*,#11479,.T.);
#11479 = EDGE_CURVE('',#11470,#11480,#11482,.T.);
#11480 = VERTEX_POINT('',#11481);
#11481 = CARTESIAN_POINT('',(2.,-0.2,0.1));
#11482 = LINE('',#11483,#11484);
#11483 = CARTESIAN_POINT('',(2.,-0.2,0.));
#11484 = VECTOR('',#11485,1.);
#11485 = DIRECTION('',(0.,0.,1.));
#11486 = ORIENTED_EDGE('',*,*,#11487,.T.);
#11487 = EDGE_CURVE('',#11480,#10083,#11488,.T.);
#11488 = LINE('',#11489,#11490);
#11489 = CARTESIAN_POINT('',(2.,-0.2,0.1));
#11490 = VECTOR('',#11491,1.);
#11491 = DIRECTION('',(-1.,-2.334869823773E-16,0.));
#11492 = ORIENTED_EDGE('',*,*,#10090,.T.);
#11493 = ORIENTED_EDGE('',*,*,#10692,.F.);
#11494 = ORIENTED_EDGE('',*,*,#11495,.F.);
#11495 = EDGE_CURVE('',#11472,#10685,#11496,.T.);
#11496 = LINE('',#11497,#11498);
#11497 = CARTESIAN_POINT('',(1.8,-0.2,0.));
#11498 = VECTOR('',#11499,1.);
#11499 = DIRECTION('',(0.,0.,1.));
#11500 = PLANE('',#11501);
#11501 = AXIS2_PLACEMENT_3D('',#11502,#11503,#11504);
#11502 = CARTESIAN_POINT('',(2.,-0.2,0.));
#11503 = DIRECTION('',(2.334869823773E-16,-1.,0.));
#11504 = DIRECTION('',(-1.,-2.334869823773E-16,0.));
#11505 = ADVANCED_FACE('',(#11506),#11524,.T.);
#11506 = FACE_BOUND('',#11507,.T.);
#11507 = EDGE_LOOP('',(#11508,#11516,#11517,#11518));
#11508 = ORIENTED_EDGE('',*,*,#11509,.T.);
#11509 = EDGE_CURVE('',#11510,#11480,#11512,.T.);
#11510 = VERTEX_POINT('',#11511);
#11511 = CARTESIAN_POINT('',(2.,-0.45,0.1));
#11512 = LINE('',#11513,#11514);
#11513 = CARTESIAN_POINT('',(2.,-0.45,0.1));
#11514 = VECTOR('',#11515,1.);
#11515 = DIRECTION('',(-2.334869823773E-16,1.,0.));
#11516 = ORIENTED_EDGE('',*,*,#11487,.T.);
#11517 = ORIENTED_EDGE('',*,*,#10082,.T.);
#11518 = ORIENTED_EDGE('',*,*,#11519,.T.);
#11519 = EDGE_CURVE('',#10075,#11510,#11520,.T.);
#11520 = LINE('',#11521,#11522);
#11521 = CARTESIAN_POINT('',(1.8,-0.45,0.1));
#11522 = VECTOR('',#11523,1.);
#11523 = DIRECTION('',(1.,2.334869823773E-16,0.));
#11524 = PLANE('',#11525);
#11525 = AXIS2_PLACEMENT_3D('',#11526,#11527,#11528);
#11526 = CARTESIAN_POINT('',(1.9,-0.325,0.1));
#11527 = DIRECTION('',(0.,0.,1.));
#11528 = DIRECTION('',(-2.334869823773E-16,1.,0.));
#11529 = ADVANCED_FACE('',(#11530),#11557,.F.);
#11530 = FACE_BOUND('',#11531,.F.);
#11531 = EDGE_LOOP('',(#11532,#11542,#11548,#11549,#11550,#11551));
#11532 = ORIENTED_EDGE('',*,*,#11533,.F.);
#11533 = EDGE_CURVE('',#11534,#11536,#11538,.T.);
#11534 = VERTEX_POINT('',#11535);
#11535 = CARTESIAN_POINT('',(1.8,-0.45,0.));
#11536 = VERTEX_POINT('',#11537);
#11537 = CARTESIAN_POINT('',(2.,-0.45,0.));
#11538 = LINE('',#11539,#11540);
#11539 = CARTESIAN_POINT('',(1.8,-0.45,0.));
#11540 = VECTOR('',#11541,1.);
#11541 = DIRECTION('',(1.,2.334869823773E-16,0.));
#11542 = ORIENTED_EDGE('',*,*,#11543,.T.);
#11543 = EDGE_CURVE('',#11534,#10677,#11544,.T.);
#11544 = LINE('',#11545,#11546);
#11545 = CARTESIAN_POINT('',(1.8,-0.45,0.));
#11546 = VECTOR('',#11547,1.);
#11547 = DIRECTION('',(0.,0.,1.));
#11548 = ORIENTED_EDGE('',*,*,#10676,.F.);
#11549 = ORIENTED_EDGE('',*,*,#10074,.T.);
#11550 = ORIENTED_EDGE('',*,*,#11519,.T.);
#11551 = ORIENTED_EDGE('',*,*,#11552,.F.);
#11552 = EDGE_CURVE('',#11536,#11510,#11553,.T.);
#11553 = LINE('',#11554,#11555);
#11554 = CARTESIAN_POINT('',(2.,-0.45,0.));
#11555 = VECTOR('',#11556,1.);
#11556 = DIRECTION('',(0.,0.,1.));
#11557 = PLANE('',#11558);
#11558 = AXIS2_PLACEMENT_3D('',#11559,#11560,#11561);
#11559 = CARTESIAN_POINT('',(1.8,-0.45,0.));
#11560 = DIRECTION('',(-2.334869823773E-16,1.,0.));
#11561 = DIRECTION('',(1.,2.334869823773E-16,0.));
#11562 = ADVANCED_FACE('',(#11563),#11597,.F.);
#11563 = FACE_BOUND('',#11564,.F.);
#11564 = EDGE_LOOP('',(#11565,#11575,#11583,#11589,#11590,#11591));
#11565 = ORIENTED_EDGE('',*,*,#11566,.F.);
#11566 = EDGE_CURVE('',#11567,#11569,#11571,.T.);
#11567 = VERTEX_POINT('',#11568);
#11568 = CARTESIAN_POINT('',(2.,-0.85,0.));
#11569 = VERTEX_POINT('',#11570);
#11570 = CARTESIAN_POINT('',(1.8,-0.85,0.));
#11571 = LINE('',#11572,#11573);
#11572 = CARTESIAN_POINT('',(2.,-0.85,0.));
#11573 = VECTOR('',#11574,1.);
#11574 = DIRECTION('',(-1.,-2.334869823773E-16,0.));
#11575 = ORIENTED_EDGE('',*,*,#11576,.T.);
#11576 = EDGE_CURVE('',#11567,#11577,#11579,.T.);
#11577 = VERTEX_POINT('',#11578);
#11578 = CARTESIAN_POINT('',(2.,-0.85,0.1));
#11579 = LINE('',#11580,#11581);
#11580 = CARTESIAN_POINT('',(2.,-0.85,0.));
#11581 = VECTOR('',#11582,1.);
#11582 = DIRECTION('',(0.,0.,1.));
#11583 = ORIENTED_EDGE('',*,*,#11584,.T.);
#11584 = EDGE_CURVE('',#11577,#10051,#11585,.T.);
#11585 = LINE('',#11586,#11587);
#11586 = CARTESIAN_POINT('',(2.,-0.85,0.1));
#11587 = VECTOR('',#11588,1.);
#11588 = DIRECTION('',(-1.,-2.334869823773E-16,0.));
#11589 = ORIENTED_EDGE('',*,*,#10058,.T.);
#11590 = ORIENTED_EDGE('',*,*,#10669,.F.);
#11591 = ORIENTED_EDGE('',*,*,#11592,.F.);
#11592 = EDGE_CURVE('',#11569,#10662,#11593,.T.);
#11593 = LINE('',#11594,#11595);
#11594 = CARTESIAN_POINT('',(1.8,-0.85,0.));
#11595 = VECTOR('',#11596,1.);
#11596 = DIRECTION('',(0.,0.,1.));
#11597 = PLANE('',#11598);
#11598 = AXIS2_PLACEMENT_3D('',#11599,#11600,#11601);
#11599 = CARTESIAN_POINT('',(2.,-0.85,0.));
#11600 = DIRECTION('',(2.334869823773E-16,-1.,0.));
#11601 = DIRECTION('',(-1.,-2.334869823773E-16,0.));
#11602 = ADVANCED_FACE('',(#11603),#11621,.T.);
#11603 = FACE_BOUND('',#11604,.T.);
#11604 = EDGE_LOOP('',(#11605,#11613,#11614,#11615));
#11605 = ORIENTED_EDGE('',*,*,#11606,.T.);
#11606 = EDGE_CURVE('',#11607,#11577,#11609,.T.);
#11607 = VERTEX_POINT('',#11608);
#11608 = CARTESIAN_POINT('',(2.,-1.1,0.1));
#11609 = LINE('',#11610,#11611);
#11610 = CARTESIAN_POINT('',(2.,-1.1,0.1));
#11611 = VECTOR('',#11612,1.);
#11612 = DIRECTION('',(-2.334869823773E-16,1.,0.));
#11613 = ORIENTED_EDGE('',*,*,#11584,.T.);
#11614 = ORIENTED_EDGE('',*,*,#10050,.T.);
#11615 = ORIENTED_EDGE('',*,*,#11616,.T.);
#11616 = EDGE_CURVE('',#10043,#11607,#11617,.T.);
#11617 = LINE('',#11618,#11619);
#11618 = CARTESIAN_POINT('',(1.8,-1.1,0.1));
#11619 = VECTOR('',#11620,1.);
#11620 = DIRECTION('',(1.,2.334869823773E-16,0.));
#11621 = PLANE('',#11622);
#11622 = AXIS2_PLACEMENT_3D('',#11623,#11624,#11625);
#11623 = CARTESIAN_POINT('',(1.9,-0.975,0.1));
#11624 = DIRECTION('',(0.,0.,1.));
#11625 = DIRECTION('',(-2.334869823773E-16,1.,0.));
#11626 = ADVANCED_FACE('',(#11627),#11654,.F.);
#11627 = FACE_BOUND('',#11628,.F.);
#11628 = EDGE_LOOP('',(#11629,#11639,#11645,#11646,#11647,#11648));
#11629 = ORIENTED_EDGE('',*,*,#11630,.F.);
#11630 = EDGE_CURVE('',#11631,#11633,#11635,.T.);
#11631 = VERTEX_POINT('',#11632);
#11632 = CARTESIAN_POINT('',(1.8,-1.1,0.));
#11633 = VERTEX_POINT('',#11634);
#11634 = CARTESIAN_POINT('',(2.,-1.1,0.));
#11635 = LINE('',#11636,#11637);
#11636 = CARTESIAN_POINT('',(1.8,-1.1,0.));
#11637 = VECTOR('',#11638,1.);
#11638 = DIRECTION('',(1.,2.334869823773E-16,0.));
#11639 = ORIENTED_EDGE('',*,*,#11640,.T.);
#11640 = EDGE_CURVE('',#11631,#10654,#11641,.T.);
#11641 = LINE('',#11642,#11643);
#11642 = CARTESIAN_POINT('',(1.8,-1.1,0.));
#11643 = VECTOR('',#11644,1.);
#11644 = DIRECTION('',(0.,0.,1.));
#11645 = ORIENTED_EDGE('',*,*,#10653,.F.);
#11646 = ORIENTED_EDGE('',*,*,#10042,.T.);
#11647 = ORIENTED_EDGE('',*,*,#11616,.T.);
#11648 = ORIENTED_EDGE('',*,*,#11649,.F.);
#11649 = EDGE_CURVE('',#11633,#11607,#11650,.T.);
#11650 = LINE('',#11651,#11652);
#11651 = CARTESIAN_POINT('',(2.,-1.1,0.));
#11652 = VECTOR('',#11653,1.);
#11653 = DIRECTION('',(0.,0.,1.));
#11654 = PLANE('',#11655);
#11655 = AXIS2_PLACEMENT_3D('',#11656,#11657,#11658);
#11656 = CARTESIAN_POINT('',(1.8,-1.1,0.));
#11657 = DIRECTION('',(-2.334869823773E-16,1.,0.));
#11658 = DIRECTION('',(1.,2.334869823773E-16,0.));
#11659 = ADVANCED_FACE('',(#11660),#11694,.F.);
#11660 = FACE_BOUND('',#11661,.F.);
#11661 = EDGE_LOOP('',(#11662,#11672,#11678,#11679,#11680,#11688));
#11662 = ORIENTED_EDGE('',*,*,#11663,.F.);
#11663 = EDGE_CURVE('',#11664,#11666,#11668,.T.);
#11664 = VERTEX_POINT('',#11665);
#11665 = CARTESIAN_POINT('',(-1.8,1.1,0.));
#11666 = VERTEX_POINT('',#11667);
#11667 = CARTESIAN_POINT('',(-2.,1.1,0.));
#11668 = LINE('',#11669,#11670);
#11669 = CARTESIAN_POINT('',(-1.8,1.1,0.));
#11670 = VECTOR('',#11671,1.);
#11671 = DIRECTION('',(-1.,-1.110223024625E-16,0.));
#11672 = ORIENTED_EDGE('',*,*,#11673,.T.);
#11673 = EDGE_CURVE('',#11664,#10468,#11674,.T.);
#11674 = LINE('',#11675,#11676);
#11675 = CARTESIAN_POINT('',(-1.8,1.1,0.));
#11676 = VECTOR('',#11677,1.);
#11677 = DIRECTION('',(0.,0.,1.));
#11678 = ORIENTED_EDGE('',*,*,#10467,.F.);
#11679 = ORIENTED_EDGE('',*,*,#10306,.F.);
#11680 = ORIENTED_EDGE('',*,*,#11681,.T.);
#11681 = EDGE_CURVE('',#10299,#11682,#11684,.T.);
#11682 = VERTEX_POINT('',#11683);
#11683 = CARTESIAN_POINT('',(-2.,1.1,0.1));
#11684 = LINE('',#11685,#11686);
#11685 = CARTESIAN_POINT('',(-1.8,1.1,0.1));
#11686 = VECTOR('',#11687,1.);
#11687 = DIRECTION('',(-1.,-1.110223024625E-16,0.));
#11688 = ORIENTED_EDGE('',*,*,#11689,.F.);
#11689 = EDGE_CURVE('',#11666,#11682,#11690,.T.);
#11690 = LINE('',#11691,#11692);
#11691 = CARTESIAN_POINT('',(-2.,1.1,0.));
#11692 = VECTOR('',#11693,1.);
#11693 = DIRECTION('',(0.,0.,1.));
#11694 = PLANE('',#11695);
#11695 = AXIS2_PLACEMENT_3D('',#11696,#11697,#11698);
#11696 = CARTESIAN_POINT('',(-1.8,1.1,0.));
#11697 = DIRECTION('',(1.110223024625E-16,-1.,0.));
#11698 = DIRECTION('',(-1.,-1.110223024625E-16,0.));
#11699 = ADVANCED_FACE('',(#11700),#11718,.T.);
#11700 = FACE_BOUND('',#11701,.T.);
#11701 = EDGE_LOOP('',(#11702,#11710,#11716,#11717));
#11702 = ORIENTED_EDGE('',*,*,#11703,.T.);
#11703 = EDGE_CURVE('',#11682,#11704,#11706,.T.);
#11704 = VERTEX_POINT('',#11705);
#11705 = CARTESIAN_POINT('',(-2.,0.85,0.1));
#11706 = LINE('',#11707,#11708);
#11707 = CARTESIAN_POINT('',(-2.,1.1,0.1));
#11708 = VECTOR('',#11709,1.);
#11709 = DIRECTION('',(1.110223024625E-16,-1.,0.));
#11710 = ORIENTED_EDGE('',*,*,#11711,.T.);
#11711 = EDGE_CURVE('',#11704,#10291,#11712,.T.);
#11712 = LINE('',#11713,#11714);
#11713 = CARTESIAN_POINT('',(-2.,0.85,0.1));
#11714 = VECTOR('',#11715,1.);
#11715 = DIRECTION('',(1.,1.110223024625E-16,0.));
#11716 = ORIENTED_EDGE('',*,*,#10298,.F.);
#11717 = ORIENTED_EDGE('',*,*,#11681,.T.);
#11718 = PLANE('',#11719);
#11719 = AXIS2_PLACEMENT_3D('',#11720,#11721,#11722);
#11720 = CARTESIAN_POINT('',(-1.9,0.975,0.1));
#11721 = DIRECTION('',(0.,0.,1.));
#11722 = DIRECTION('',(1.110223024625E-16,-1.,0.));
#11723 = ADVANCED_FACE('',(#11724),#11751,.F.);
#11724 = FACE_BOUND('',#11725,.F.);
#11725 = EDGE_LOOP('',(#11726,#11736,#11742,#11743,#11744,#11745));
#11726 = ORIENTED_EDGE('',*,*,#11727,.F.);
#11727 = EDGE_CURVE('',#11728,#11730,#11732,.T.);
#11728 = VERTEX_POINT('',#11729);
#11729 = CARTESIAN_POINT('',(-2.,0.85,0.));
#11730 = VERTEX_POINT('',#11731);
#11731 = CARTESIAN_POINT('',(-1.8,0.85,0.));
#11732 = LINE('',#11733,#11734);
#11733 = CARTESIAN_POINT('',(-2.,0.85,0.));
#11734 = VECTOR('',#11735,1.);
#11735 = DIRECTION('',(1.,1.110223024625E-16,0.));
#11736 = ORIENTED_EDGE('',*,*,#11737,.T.);
#11737 = EDGE_CURVE('',#11728,#11704,#11738,.T.);
#11738 = LINE('',#11739,#11740);
#11739 = CARTESIAN_POINT('',(-2.,0.85,0.));
#11740 = VECTOR('',#11741,1.);
#11741 = DIRECTION('',(0.,0.,1.));
#11742 = ORIENTED_EDGE('',*,*,#11711,.T.);
#11743 = ORIENTED_EDGE('',*,*,#10290,.F.);
#11744 = ORIENTED_EDGE('',*,*,#10483,.F.);
#11745 = ORIENTED_EDGE('',*,*,#11746,.F.);
#11746 = EDGE_CURVE('',#11730,#10476,#11747,.T.);
#11747 = LINE('',#11748,#11749);
#11748 = CARTESIAN_POINT('',(-1.8,0.85,0.));
#11749 = VECTOR('',#11750,1.);
#11750 = DIRECTION('',(0.,0.,1.));
#11751 = PLANE('',#11752);
#11752 = AXIS2_PLACEMENT_3D('',#11753,#11754,#11755);
#11753 = CARTESIAN_POINT('',(-2.,0.85,0.));
#11754 = DIRECTION('',(-1.110223024625E-16,1.,0.));
#11755 = DIRECTION('',(1.,1.110223024625E-16,0.));
#11756 = ADVANCED_FACE('',(#11757),#11791,.F.);
#11757 = FACE_BOUND('',#11758,.F.);
#11758 = EDGE_LOOP('',(#11759,#11769,#11775,#11776,#11777,#11785));
#11759 = ORIENTED_EDGE('',*,*,#11760,.F.);
#11760 = EDGE_CURVE('',#11761,#11763,#11765,.T.);
#11761 = VERTEX_POINT('',#11762);
#11762 = CARTESIAN_POINT('',(-1.8,0.45,0.));
#11763 = VERTEX_POINT('',#11764);
#11764 = CARTESIAN_POINT('',(-2.,0.45,0.));
#11765 = LINE('',#11766,#11767);
#11766 = CARTESIAN_POINT('',(-1.8,0.45,0.));
#11767 = VECTOR('',#11768,1.);
#11768 = DIRECTION('',(-1.,-1.110223024625E-16,0.));
#11769 = ORIENTED_EDGE('',*,*,#11770,.T.);
#11770 = EDGE_CURVE('',#11761,#10491,#11771,.T.);
#11771 = LINE('',#11772,#11773);
#11772 = CARTESIAN_POINT('',(-1.8,0.45,0.));
#11773 = VECTOR('',#11774,1.);
#11774 = DIRECTION('',(0.,0.,1.));
#11775 = ORIENTED_EDGE('',*,*,#10490,.F.);
#11776 = ORIENTED_EDGE('',*,*,#10274,.F.);
#11777 = ORIENTED_EDGE('',*,*,#11778,.T.);
#11778 = EDGE_CURVE('',#10267,#11779,#11781,.T.);
#11779 = VERTEX_POINT('',#11780);
#11780 = CARTESIAN_POINT('',(-2.,0.45,0.1));
#11781 = LINE('',#11782,#11783);
#11782 = CARTESIAN_POINT('',(-1.8,0.45,0.1));
#11783 = VECTOR('',#11784,1.);
#11784 = DIRECTION('',(-1.,-1.110223024625E-16,0.));
#11785 = ORIENTED_EDGE('',*,*,#11786,.F.);
#11786 = EDGE_CURVE('',#11763,#11779,#11787,.T.);
#11787 = LINE('',#11788,#11789);
#11788 = CARTESIAN_POINT('',(-2.,0.45,0.));
#11789 = VECTOR('',#11790,1.);
#11790 = DIRECTION('',(0.,0.,1.));
#11791 = PLANE('',#11792);
#11792 = AXIS2_PLACEMENT_3D('',#11793,#11794,#11795);
#11793 = CARTESIAN_POINT('',(-1.8,0.45,0.));
#11794 = DIRECTION('',(1.110223024625E-16,-1.,0.));
#11795 = DIRECTION('',(-1.,-1.110223024625E-16,0.));
#11796 = ADVANCED_FACE('',(#11797),#11815,.T.);
#11797 = FACE_BOUND('',#11798,.T.);
#11798 = EDGE_LOOP('',(#11799,#11807,#11813,#11814));
#11799 = ORIENTED_EDGE('',*,*,#11800,.T.);
#11800 = EDGE_CURVE('',#11779,#11801,#11803,.T.);
#11801 = VERTEX_POINT('',#11802);
#11802 = CARTESIAN_POINT('',(-2.,0.2,0.1));
#11803 = LINE('',#11804,#11805);
#11804 = CARTESIAN_POINT('',(-2.,0.45,0.1));
#11805 = VECTOR('',#11806,1.);
#11806 = DIRECTION('',(1.110223024625E-16,-1.,0.));
#11807 = ORIENTED_EDGE('',*,*,#11808,.T.);
#11808 = EDGE_CURVE('',#11801,#10259,#11809,.T.);
#11809 = LINE('',#11810,#11811);
#11810 = CARTESIAN_POINT('',(-2.,0.2,0.1));
#11811 = VECTOR('',#11812,1.);
#11812 = DIRECTION('',(1.,1.110223024625E-16,0.));
#11813 = ORIENTED_EDGE('',*,*,#10266,.F.);
#11814 = ORIENTED_EDGE('',*,*,#11778,.T.);
#11815 = PLANE('',#11816);
#11816 = AXIS2_PLACEMENT_3D('',#11817,#11818,#11819);
#11817 = CARTESIAN_POINT('',(-1.9,0.325,0.1));
#11818 = DIRECTION('',(0.,0.,1.));
#11819 = DIRECTION('',(1.110223024625E-16,-1.,0.));
#11820 = ADVANCED_FACE('',(#11821),#11848,.F.);
#11821 = FACE_BOUND('',#11822,.F.);
#11822 = EDGE_LOOP('',(#11823,#11833,#11839,#11840,#11841,#11842));
#11823 = ORIENTED_EDGE('',*,*,#11824,.F.);
#11824 = EDGE_CURVE('',#11825,#11827,#11829,.T.);
#11825 = VERTEX_POINT('',#11826);
#11826 = CARTESIAN_POINT('',(-2.,0.2,0.));
#11827 = VERTEX_POINT('',#11828);
#11828 = CARTESIAN_POINT('',(-1.8,0.2,0.));
#11829 = LINE('',#11830,#11831);
#11830 = CARTESIAN_POINT('',(-2.,0.2,0.));
#11831 = VECTOR('',#11832,1.);
#11832 = DIRECTION('',(1.,1.110223024625E-16,0.));
#11833 = ORIENTED_EDGE('',*,*,#11834,.T.);
#11834 = EDGE_CURVE('',#11825,#11801,#11835,.T.);
#11835 = LINE('',#11836,#11837);
#11836 = CARTESIAN_POINT('',(-2.,0.2,0.));
#11837 = VECTOR('',#11838,1.);
#11838 = DIRECTION('',(0.,0.,1.));
#11839 = ORIENTED_EDGE('',*,*,#11808,.T.);
#11840 = ORIENTED_EDGE('',*,*,#10258,.F.);
#11841 = ORIENTED_EDGE('',*,*,#10506,.F.);
#11842 = ORIENTED_EDGE('',*,*,#11843,.F.);
#11843 = EDGE_CURVE('',#11827,#10499,#11844,.T.);
#11844 = LINE('',#11845,#11846);
#11845 = CARTESIAN_POINT('',(-1.8,0.2,0.));
#11846 = VECTOR('',#11847,1.);
#11847 = DIRECTION('',(0.,0.,1.));
#11848 = PLANE('',#11849);
#11849 = AXIS2_PLACEMENT_3D('',#11850,#11851,#11852);
#11850 = CARTESIAN_POINT('',(-2.,0.2,0.));
#11851 = DIRECTION('',(-1.110223024625E-16,1.,0.));
#11852 = DIRECTION('',(1.,1.110223024625E-16,0.));
#11853 = ADVANCED_FACE('',(#11854),#11888,.F.);
#11854 = FACE_BOUND('',#11855,.F.);
#11855 = EDGE_LOOP('',(#11856,#11866,#11872,#11873,#11874,#11882));
#11856 = ORIENTED_EDGE('',*,*,#11857,.F.);
#11857 = EDGE_CURVE('',#11858,#11860,#11862,.T.);
#11858 = VERTEX_POINT('',#11859);
#11859 = CARTESIAN_POINT('',(-1.8,-0.2,0.));
#11860 = VERTEX_POINT('',#11861);
#11861 = CARTESIAN_POINT('',(-2.,-0.2,0.));
#11862 = LINE('',#11863,#11864);
#11863 = CARTESIAN_POINT('',(-1.8,-0.2,0.));
#11864 = VECTOR('',#11865,1.);
#11865 = DIRECTION('',(-1.,-1.110223024625E-16,0.));
#11866 = ORIENTED_EDGE('',*,*,#11867,.T.);
#11867 = EDGE_CURVE('',#11858,#10514,#11868,.T.);
#11868 = LINE('',#11869,#11870);
#11869 = CARTESIAN_POINT('',(-1.8,-0.2,0.));
#11870 = VECTOR('',#11871,1.);
#11871 = DIRECTION('',(0.,0.,1.));
#11872 = ORIENTED_EDGE('',*,*,#10513,.F.);
#11873 = ORIENTED_EDGE('',*,*,#10242,.F.);
#11874 = ORIENTED_EDGE('',*,*,#11875,.T.);
#11875 = EDGE_CURVE('',#10235,#11876,#11878,.T.);
#11876 = VERTEX_POINT('',#11877);
#11877 = CARTESIAN_POINT('',(-2.,-0.2,0.1));
#11878 = LINE('',#11879,#11880);
#11879 = CARTESIAN_POINT('',(-1.8,-0.2,0.1));
#11880 = VECTOR('',#11881,1.);
#11881 = DIRECTION('',(-1.,-1.110223024625E-16,0.));
#11882 = ORIENTED_EDGE('',*,*,#11883,.F.);
#11883 = EDGE_CURVE('',#11860,#11876,#11884,.T.);
#11884 = LINE('',#11885,#11886);
#11885 = CARTESIAN_POINT('',(-2.,-0.2,0.));
#11886 = VECTOR('',#11887,1.);
#11887 = DIRECTION('',(0.,0.,1.));
#11888 = PLANE('',#11889);
#11889 = AXIS2_PLACEMENT_3D('',#11890,#11891,#11892);
#11890 = CARTESIAN_POINT('',(-1.8,-0.2,0.));
#11891 = DIRECTION('',(1.110223024625E-16,-1.,0.));
#11892 = DIRECTION('',(-1.,-1.110223024625E-16,0.));
#11893 = ADVANCED_FACE('',(#11894),#11912,.T.);
#11894 = FACE_BOUND('',#11895,.T.);
#11895 = EDGE_LOOP('',(#11896,#11904,#11910,#11911));
#11896 = ORIENTED_EDGE('',*,*,#11897,.T.);
#11897 = EDGE_CURVE('',#11876,#11898,#11900,.T.);
#11898 = VERTEX_POINT('',#11899);
#11899 = CARTESIAN_POINT('',(-2.,-0.45,0.1));
#11900 = LINE('',#11901,#11902);
#11901 = CARTESIAN_POINT('',(-2.,-0.2,0.1));
#11902 = VECTOR('',#11903,1.);
#11903 = DIRECTION('',(1.110223024625E-16,-1.,0.));
#11904 = ORIENTED_EDGE('',*,*,#11905,.T.);
#11905 = EDGE_CURVE('',#11898,#10227,#11906,.T.);
#11906 = LINE('',#11907,#11908);
#11907 = CARTESIAN_POINT('',(-2.,-0.45,0.1));
#11908 = VECTOR('',#11909,1.);
#11909 = DIRECTION('',(1.,1.110223024625E-16,0.));
#11910 = ORIENTED_EDGE('',*,*,#10234,.F.);
#11911 = ORIENTED_EDGE('',*,*,#11875,.T.);
#11912 = PLANE('',#11913);
#11913 = AXIS2_PLACEMENT_3D('',#11914,#11915,#11916);
#11914 = CARTESIAN_POINT('',(-1.9,-0.325,0.1));
#11915 = DIRECTION('',(0.,0.,1.));
#11916 = DIRECTION('',(1.110223024625E-16,-1.,0.));
#11917 = ADVANCED_FACE('',(#11918),#11945,.F.);
#11918 = FACE_BOUND('',#11919,.F.);
#11919 = EDGE_LOOP('',(#11920,#11930,#11936,#11937,#11938,#11939));
#11920 = ORIENTED_EDGE('',*,*,#11921,.F.);
#11921 = EDGE_CURVE('',#11922,#11924,#11926,.T.);
#11922 = VERTEX_POINT('',#11923);
#11923 = CARTESIAN_POINT('',(-2.,-0.45,0.));
#11924 = VERTEX_POINT('',#11925);
#11925 = CARTESIAN_POINT('',(-1.8,-0.45,0.));
#11926 = LINE('',#11927,#11928);
#11927 = CARTESIAN_POINT('',(-2.,-0.45,0.));
#11928 = VECTOR('',#11929,1.);
#11929 = DIRECTION('',(1.,1.110223024625E-16,0.));
#11930 = ORIENTED_EDGE('',*,*,#11931,.T.);
#11931 = EDGE_CURVE('',#11922,#11898,#11932,.T.);
#11932 = LINE('',#11933,#11934);
#11933 = CARTESIAN_POINT('',(-2.,-0.45,0.));
#11934 = VECTOR('',#11935,1.);
#11935 = DIRECTION('',(0.,0.,1.));
#11936 = ORIENTED_EDGE('',*,*,#11905,.T.);
#11937 = ORIENTED_EDGE('',*,*,#10226,.F.);
#11938 = ORIENTED_EDGE('',*,*,#10529,.F.);
#11939 = ORIENTED_EDGE('',*,*,#11940,.F.);
#11940 = EDGE_CURVE('',#11924,#10522,#11941,.T.);
#11941 = LINE('',#11942,#11943);
#11942 = CARTESIAN_POINT('',(-1.8,-0.45,0.));
#11943 = VECTOR('',#11944,1.);
#11944 = DIRECTION('',(0.,0.,1.));
#11945 = PLANE('',#11946);
#11946 = AXIS2_PLACEMENT_3D('',#11947,#11948,#11949);
#11947 = CARTESIAN_POINT('',(-2.,-0.45,0.));
#11948 = DIRECTION('',(-1.110223024625E-16,1.,0.));
#11949 = DIRECTION('',(1.,1.110223024625E-16,0.));
#11950 = ADVANCED_FACE('',(#11951),#11985,.F.);
#11951 = FACE_BOUND('',#11952,.F.);
#11952 = EDGE_LOOP('',(#11953,#11963,#11969,#11970,#11971,#11979));
#11953 = ORIENTED_EDGE('',*,*,#11954,.F.);
#11954 = EDGE_CURVE('',#11955,#11957,#11959,.T.);
#11955 = VERTEX_POINT('',#11956);
#11956 = CARTESIAN_POINT('',(-1.8,-0.85,0.));
#11957 = VERTEX_POINT('',#11958);
#11958 = CARTESIAN_POINT('',(-2.,-0.85,0.));
#11959 = LINE('',#11960,#11961);
#11960 = CARTESIAN_POINT('',(-1.8,-0.85,0.));
#11961 = VECTOR('',#11962,1.);
#11962 = DIRECTION('',(-1.,-1.110223024625E-16,0.));
#11963 = ORIENTED_EDGE('',*,*,#11964,.T.);
#11964 = EDGE_CURVE('',#11955,#10537,#11965,.T.);
#11965 = LINE('',#11966,#11967);
#11966 = CARTESIAN_POINT('',(-1.8,-0.85,0.));
#11967 = VECTOR('',#11968,1.);
#11968 = DIRECTION('',(0.,0.,1.));
#11969 = ORIENTED_EDGE('',*,*,#10536,.F.);
#11970 = ORIENTED_EDGE('',*,*,#10210,.F.);
#11971 = ORIENTED_EDGE('',*,*,#11972,.T.);
#11972 = EDGE_CURVE('',#10203,#11973,#11975,.T.);
#11973 = VERTEX_POINT('',#11974);
#11974 = CARTESIAN_POINT('',(-2.,-0.85,0.1));
#11975 = LINE('',#11976,#11977);
#11976 = CARTESIAN_POINT('',(-1.8,-0.85,0.1));
#11977 = VECTOR('',#11978,1.);
#11978 = DIRECTION('',(-1.,-1.110223024625E-16,0.));
#11979 = ORIENTED_EDGE('',*,*,#11980,.F.);
#11980 = EDGE_CURVE('',#11957,#11973,#11981,.T.);
#11981 = LINE('',#11982,#11983);
#11982 = CARTESIAN_POINT('',(-2.,-0.85,0.));
#11983 = VECTOR('',#11984,1.);
#11984 = DIRECTION('',(0.,0.,1.));
#11985 = PLANE('',#11986);
#11986 = AXIS2_PLACEMENT_3D('',#11987,#11988,#11989);
#11987 = CARTESIAN_POINT('',(-1.8,-0.85,0.));
#11988 = DIRECTION('',(1.110223024625E-16,-1.,0.));
#11989 = DIRECTION('',(-1.,-1.110223024625E-16,0.));
#11990 = ADVANCED_FACE('',(#11991),#12009,.T.);
#11991 = FACE_BOUND('',#11992,.T.);
#11992 = EDGE_LOOP('',(#11993,#12001,#12007,#12008));
#11993 = ORIENTED_EDGE('',*,*,#11994,.T.);
#11994 = EDGE_CURVE('',#11973,#11995,#11997,.T.);
#11995 = VERTEX_POINT('',#11996);
#11996 = CARTESIAN_POINT('',(-2.,-1.1,0.1));
#11997 = LINE('',#11998,#11999);
#11998 = CARTESIAN_POINT('',(-2.,-0.85,0.1));
#11999 = VECTOR('',#12000,1.);
#12000 = DIRECTION('',(1.110223024625E-16,-1.,0.));
#12001 = ORIENTED_EDGE('',*,*,#12002,.T.);
#12002 = EDGE_CURVE('',#11995,#10195,#12003,.T.);
#12003 = LINE('',#12004,#12005);
#12004 = CARTESIAN_POINT('',(-2.,-1.1,0.1));
#12005 = VECTOR('',#12006,1.);
#12006 = DIRECTION('',(1.,1.110223024625E-16,0.));
#12007 = ORIENTED_EDGE('',*,*,#10202,.F.);
#12008 = ORIENTED_EDGE('',*,*,#11972,.T.);
#12009 = PLANE('',#12010);
#12010 = AXIS2_PLACEMENT_3D('',#12011,#12012,#12013);
#12011 = CARTESIAN_POINT('',(-1.9,-0.975,0.1));
#12012 = DIRECTION('',(0.,0.,1.));
#12013 = DIRECTION('',(1.110223024625E-16,-1.,0.));
#12014 = ADVANCED_FACE('',(#12015),#12042,.F.);
#12015 = FACE_BOUND('',#12016,.F.);
#12016 = EDGE_LOOP('',(#12017,#12027,#12033,#12034,#12035,#12036));
#12017 = ORIENTED_EDGE('',*,*,#12018,.F.);
#12018 = EDGE_CURVE('',#12019,#12021,#12023,.T.);
#12019 = VERTEX_POINT('',#12020);
#12020 = CARTESIAN_POINT('',(-2.,-1.1,0.));
#12021 = VERTEX_POINT('',#12022);
#12022 = CARTESIAN_POINT('',(-1.8,-1.1,0.));
#12023 = LINE('',#12024,#12025);
#12024 = CARTESIAN_POINT('',(-2.,-1.1,0.));
#12025 = VECTOR('',#12026,1.);
#12026 = DIRECTION('',(1.,1.110223024625E-16,0.));
#12027 = ORIENTED_EDGE('',*,*,#12028,.T.);
#12028 = EDGE_CURVE('',#12019,#11995,#12029,.T.);
#12029 = LINE('',#12030,#12031);
#12030 = CARTESIAN_POINT('',(-2.,-1.1,0.));
#12031 = VECTOR('',#12032,1.);
#12032 = DIRECTION('',(0.,0.,1.));
#12033 = ORIENTED_EDGE('',*,*,#12002,.T.);
#12034 = ORIENTED_EDGE('',*,*,#10194,.F.);
#12035 = ORIENTED_EDGE('',*,*,#10552,.F.);
#12036 = ORIENTED_EDGE('',*,*,#12037,.F.);
#12037 = EDGE_CURVE('',#12021,#10545,#12038,.T.);
#12038 = LINE('',#12039,#12040);
#12039 = CARTESIAN_POINT('',(-1.8,-1.1,0.));
#12040 = VECTOR('',#12041,1.);
#12041 = DIRECTION('',(0.,0.,1.));
#12042 = PLANE('',#12043);
#12043 = AXIS2_PLACEMENT_3D('',#12044,#12045,#12046);
#12044 = CARTESIAN_POINT('',(-2.,-1.1,0.));
#12045 = DIRECTION('',(-1.110223024625E-16,1.,0.));
#12046 = DIRECTION('',(1.,1.110223024625E-16,0.));
#12047 = ADVANCED_FACE('',(#12048),#12082,.F.);
#12048 = FACE_BOUND('',#12049,.F.);
#12049 = EDGE_LOOP('',(#12050,#12060,#12068,#12074,#12075,#12076));
#12050 = ORIENTED_EDGE('',*,*,#12051,.F.);
#12051 = EDGE_CURVE('',#12052,#12054,#12056,.T.);
#12052 = VERTEX_POINT('',#12053);
#12053 = CARTESIAN_POINT('',(1.1,-2.,0.));
#12054 = VERTEX_POINT('',#12055);
#12055 = CARTESIAN_POINT('',(1.1,-1.8,0.));
#12056 = LINE('',#12057,#12058);
#12057 = CARTESIAN_POINT('',(1.1,-2.,0.));
#12058 = VECTOR('',#12059,1.);
#12059 = DIRECTION('',(-1.144237745222E-17,1.,0.));
#12060 = ORIENTED_EDGE('',*,*,#12061,.T.);
#12061 = EDGE_CURVE('',#12052,#12062,#12064,.T.);
#12062 = VERTEX_POINT('',#12063);
#12063 = CARTESIAN_POINT('',(1.1,-2.,0.1));
#12064 = LINE('',#12065,#12066);
#12065 = CARTESIAN_POINT('',(1.1,-2.,0.));
#12066 = VECTOR('',#12067,1.);
#12067 = DIRECTION('',(0.,0.,1.));
#12068 = ORIENTED_EDGE('',*,*,#12069,.T.);
#12069 = EDGE_CURVE('',#12062,#10435,#12070,.T.);
#12070 = LINE('',#12071,#12072);
#12071 = CARTESIAN_POINT('',(1.1,-2.,0.1));
#12072 = VECTOR('',#12073,1.);
#12073 = DIRECTION('',(-1.144237745222E-17,1.,0.));
#12074 = ORIENTED_EDGE('',*,*,#10442,.T.);
#12075 = ORIENTED_EDGE('',*,*,#10645,.F.);
#12076 = ORIENTED_EDGE('',*,*,#12077,.F.);
#12077 = EDGE_CURVE('',#12054,#10638,#12078,.T.);
#12078 = LINE('',#12079,#12080);
#12079 = CARTESIAN_POINT('',(1.1,-1.8,0.));
#12080 = VECTOR('',#12081,1.);
#12081 = DIRECTION('',(0.,0.,1.));
#12082 = PLANE('',#12083);
#12083 = AXIS2_PLACEMENT_3D('',#12084,#12085,#12086);
#12084 = CARTESIAN_POINT('',(1.1,-2.,0.));
#12085 = DIRECTION('',(-1.,-1.144237745222E-17,0.));
#12086 = DIRECTION('',(-1.144237745222E-17,1.,0.));
#12087 = ADVANCED_FACE('',(#12088),#12106,.T.);
#12088 = FACE_BOUND('',#12089,.T.);
#12089 = EDGE_LOOP('',(#12090,#12098,#12099,#12100));
#12090 = ORIENTED_EDGE('',*,*,#12091,.T.);
#12091 = EDGE_CURVE('',#12092,#12062,#12094,.T.);
#12092 = VERTEX_POINT('',#12093);
#12093 = CARTESIAN_POINT('',(0.85,-2.,0.1));
#12094 = LINE('',#12095,#12096);
#12095 = CARTESIAN_POINT('',(0.85,-2.,0.1));
#12096 = VECTOR('',#12097,1.);
#12097 = DIRECTION('',(1.,1.144237745222E-17,0.));
#12098 = ORIENTED_EDGE('',*,*,#12069,.T.);
#12099 = ORIENTED_EDGE('',*,*,#10434,.T.);
#12100 = ORIENTED_EDGE('',*,*,#12101,.T.);
#12101 = EDGE_CURVE('',#10427,#12092,#12102,.T.);
#12102 = LINE('',#12103,#12104);
#12103 = CARTESIAN_POINT('',(0.85,-1.8,0.1));
#12104 = VECTOR('',#12105,1.);
#12105 = DIRECTION('',(1.144237745222E-17,-1.,0.));
#12106 = PLANE('',#12107);
#12107 = AXIS2_PLACEMENT_3D('',#12108,#12109,#12110);
#12108 = CARTESIAN_POINT('',(0.975,-1.9,0.1));
#12109 = DIRECTION('',(0.,0.,1.));
#12110 = DIRECTION('',(1.,1.144237745222E-17,-0.));
#12111 = ADVANCED_FACE('',(#12112),#12139,.F.);
#12112 = FACE_BOUND('',#12113,.F.);
#12113 = EDGE_LOOP('',(#12114,#12124,#12130,#12131,#12132,#12133));
#12114 = ORIENTED_EDGE('',*,*,#12115,.F.);
#12115 = EDGE_CURVE('',#12116,#12118,#12120,.T.);
#12116 = VERTEX_POINT('',#12117);
#12117 = CARTESIAN_POINT('',(0.85,-1.8,0.));
#12118 = VERTEX_POINT('',#12119);
#12119 = CARTESIAN_POINT('',(0.85,-2.,0.));
#12120 = LINE('',#12121,#12122);
#12121 = CARTESIAN_POINT('',(0.85,-1.8,0.));
#12122 = VECTOR('',#12123,1.);
#12123 = DIRECTION('',(1.144237745222E-17,-1.,0.));
#12124 = ORIENTED_EDGE('',*,*,#12125,.T.);
#12125 = EDGE_CURVE('',#12116,#10630,#12126,.T.);
#12126 = LINE('',#12127,#12128);
#12127 = CARTESIAN_POINT('',(0.85,-1.8,0.));
#12128 = VECTOR('',#12129,1.);
#12129 = DIRECTION('',(0.,0.,1.));
#12130 = ORIENTED_EDGE('',*,*,#10629,.F.);
#12131 = ORIENTED_EDGE('',*,*,#10426,.T.);
#12132 = ORIENTED_EDGE('',*,*,#12101,.T.);
#12133 = ORIENTED_EDGE('',*,*,#12134,.F.);
#12134 = EDGE_CURVE('',#12118,#12092,#12135,.T.);
#12135 = LINE('',#12136,#12137);
#12136 = CARTESIAN_POINT('',(0.85,-2.,0.));
#12137 = VECTOR('',#12138,1.);
#12138 = DIRECTION('',(0.,0.,1.));
#12139 = PLANE('',#12140);
#12140 = AXIS2_PLACEMENT_3D('',#12141,#12142,#12143);
#12141 = CARTESIAN_POINT('',(0.85,-1.8,0.));
#12142 = DIRECTION('',(1.,1.144237745222E-17,0.));
#12143 = DIRECTION('',(1.144237745222E-17,-1.,0.));
#12144 = ADVANCED_FACE('',(#12145),#12179,.F.);
#12145 = FACE_BOUND('',#12146,.F.);
#12146 = EDGE_LOOP('',(#12147,#12157,#12165,#12171,#12172,#12173));
#12147 = ORIENTED_EDGE('',*,*,#12148,.F.);
#12148 = EDGE_CURVE('',#12149,#12151,#12153,.T.);
#12149 = VERTEX_POINT('',#12150);
#12150 = CARTESIAN_POINT('',(0.45,-2.,0.));
#12151 = VERTEX_POINT('',#12152);
#12152 = CARTESIAN_POINT('',(0.45,-1.8,0.));
#12153 = LINE('',#12154,#12155);
#12154 = CARTESIAN_POINT('',(0.45,-2.,0.));
#12155 = VECTOR('',#12156,1.);
#12156 = DIRECTION('',(-1.144237745222E-17,1.,0.));
#12157 = ORIENTED_EDGE('',*,*,#12158,.T.);
#12158 = EDGE_CURVE('',#12149,#12159,#12161,.T.);
#12159 = VERTEX_POINT('',#12160);
#12160 = CARTESIAN_POINT('',(0.45,-2.,0.1));
#12161 = LINE('',#12162,#12163);
#12162 = CARTESIAN_POINT('',(0.45,-2.,0.));
#12163 = VECTOR('',#12164,1.);
#12164 = DIRECTION('',(0.,0.,1.));
#12165 = ORIENTED_EDGE('',*,*,#12166,.T.);
#12166 = EDGE_CURVE('',#12159,#10403,#12167,.T.);
#12167 = LINE('',#12168,#12169);
#12168 = CARTESIAN_POINT('',(0.45,-2.,0.1));
#12169 = VECTOR('',#12170,1.);
#12170 = DIRECTION('',(-1.144237745222E-17,1.,0.));
#12171 = ORIENTED_EDGE('',*,*,#10410,.T.);
#12172 = ORIENTED_EDGE('',*,*,#10622,.F.);
#12173 = ORIENTED_EDGE('',*,*,#12174,.F.);
#12174 = EDGE_CURVE('',#12151,#10615,#12175,.T.);
#12175 = LINE('',#12176,#12177);
#12176 = CARTESIAN_POINT('',(0.45,-1.8,0.));
#12177 = VECTOR('',#12178,1.);
#12178 = DIRECTION('',(0.,0.,1.));
#12179 = PLANE('',#12180);
#12180 = AXIS2_PLACEMENT_3D('',#12181,#12182,#12183);
#12181 = CARTESIAN_POINT('',(0.45,-2.,0.));
#12182 = DIRECTION('',(-1.,-1.144237745222E-17,0.));
#12183 = DIRECTION('',(-1.144237745222E-17,1.,0.));
#12184 = ADVANCED_FACE('',(#12185),#12203,.T.);
#12185 = FACE_BOUND('',#12186,.T.);
#12186 = EDGE_LOOP('',(#12187,#12195,#12196,#12197));
#12187 = ORIENTED_EDGE('',*,*,#12188,.T.);
#12188 = EDGE_CURVE('',#12189,#12159,#12191,.T.);
#12189 = VERTEX_POINT('',#12190);
#12190 = CARTESIAN_POINT('',(0.2,-2.,0.1));
#12191 = LINE('',#12192,#12193);
#12192 = CARTESIAN_POINT('',(0.2,-2.,0.1));
#12193 = VECTOR('',#12194,1.);
#12194 = DIRECTION('',(1.,1.144237745222E-17,0.));
#12195 = ORIENTED_EDGE('',*,*,#12166,.T.);
#12196 = ORIENTED_EDGE('',*,*,#10402,.T.);
#12197 = ORIENTED_EDGE('',*,*,#12198,.T.);
#12198 = EDGE_CURVE('',#10395,#12189,#12199,.T.);
#12199 = LINE('',#12200,#12201);
#12200 = CARTESIAN_POINT('',(0.2,-1.8,0.1));
#12201 = VECTOR('',#12202,1.);
#12202 = DIRECTION('',(1.144237745222E-17,-1.,0.));
#12203 = PLANE('',#12204);
#12204 = AXIS2_PLACEMENT_3D('',#12205,#12206,#12207);
#12205 = CARTESIAN_POINT('',(0.325,-1.9,0.1));
#12206 = DIRECTION('',(0.,0.,1.));
#12207 = DIRECTION('',(1.,1.144237745222E-17,-0.));
#12208 = ADVANCED_FACE('',(#12209),#12236,.F.);
#12209 = FACE_BOUND('',#12210,.F.);
#12210 = EDGE_LOOP('',(#12211,#12221,#12227,#12228,#12229,#12230));
#12211 = ORIENTED_EDGE('',*,*,#12212,.F.);
#12212 = EDGE_CURVE('',#12213,#12215,#12217,.T.);
#12213 = VERTEX_POINT('',#12214);
#12214 = CARTESIAN_POINT('',(0.2,-1.8,0.));
#12215 = VERTEX_POINT('',#12216);
#12216 = CARTESIAN_POINT('',(0.2,-2.,0.));
#12217 = LINE('',#12218,#12219);
#12218 = CARTESIAN_POINT('',(0.2,-1.8,0.));
#12219 = VECTOR('',#12220,1.);
#12220 = DIRECTION('',(1.144237745222E-17,-1.,0.));
#12221 = ORIENTED_EDGE('',*,*,#12222,.T.);
#12222 = EDGE_CURVE('',#12213,#10607,#12223,.T.);
#12223 = LINE('',#12224,#12225);
#12224 = CARTESIAN_POINT('',(0.2,-1.8,0.));
#12225 = VECTOR('',#12226,1.);
#12226 = DIRECTION('',(0.,0.,1.));
#12227 = ORIENTED_EDGE('',*,*,#10606,.F.);
#12228 = ORIENTED_EDGE('',*,*,#10394,.T.);
#12229 = ORIENTED_EDGE('',*,*,#12198,.T.);
#12230 = ORIENTED_EDGE('',*,*,#12231,.F.);
#12231 = EDGE_CURVE('',#12215,#12189,#12232,.T.);
#12232 = LINE('',#12233,#12234);
#12233 = CARTESIAN_POINT('',(0.2,-2.,0.));
#12234 = VECTOR('',#12235,1.);
#12235 = DIRECTION('',(0.,0.,1.));
#12236 = PLANE('',#12237);
#12237 = AXIS2_PLACEMENT_3D('',#12238,#12239,#12240);
#12238 = CARTESIAN_POINT('',(0.2,-1.8,0.));
#12239 = DIRECTION('',(1.,1.144237745222E-17,0.));
#12240 = DIRECTION('',(1.144237745222E-17,-1.,0.));
#12241 = ADVANCED_FACE('',(#12242),#12276,.F.);
#12242 = FACE_BOUND('',#12243,.F.);
#12243 = EDGE_LOOP('',(#12244,#12254,#12262,#12268,#12269,#12270));
#12244 = ORIENTED_EDGE('',*,*,#12245,.F.);
#12245 = EDGE_CURVE('',#12246,#12248,#12250,.T.);
#12246 = VERTEX_POINT('',#12247);
#12247 = CARTESIAN_POINT('',(-0.2,-2.,0.));
#12248 = VERTEX_POINT('',#12249);
#12249 = CARTESIAN_POINT('',(-0.2,-1.8,0.));
#12250 = LINE('',#12251,#12252);
#12251 = CARTESIAN_POINT('',(-0.2,-2.,0.));
#12252 = VECTOR('',#12253,1.);
#12253 = DIRECTION('',(-1.144237745222E-17,1.,0.));
#12254 = ORIENTED_EDGE('',*,*,#12255,.T.);
#12255 = EDGE_CURVE('',#12246,#12256,#12258,.T.);
#12256 = VERTEX_POINT('',#12257);
#12257 = CARTESIAN_POINT('',(-0.2,-2.,0.1));
#12258 = LINE('',#12259,#12260);
#12259 = CARTESIAN_POINT('',(-0.2,-2.,0.));
#12260 = VECTOR('',#12261,1.);
#12261 = DIRECTION('',(0.,0.,1.));
#12262 = ORIENTED_EDGE('',*,*,#12263,.T.);
#12263 = EDGE_CURVE('',#12256,#10371,#12264,.T.);
#12264 = LINE('',#12265,#12266);
#12265 = CARTESIAN_POINT('',(-0.2,-2.,0.1));
#12266 = VECTOR('',#12267,1.);
#12267 = DIRECTION('',(-1.144237745222E-17,1.,0.));
#12268 = ORIENTED_EDGE('',*,*,#10378,.T.);
#12269 = ORIENTED_EDGE('',*,*,#10599,.F.);
#12270 = ORIENTED_EDGE('',*,*,#12271,.F.);
#12271 = EDGE_CURVE('',#12248,#10592,#12272,.T.);
#12272 = LINE('',#12273,#12274);
#12273 = CARTESIAN_POINT('',(-0.2,-1.8,0.));
#12274 = VECTOR('',#12275,1.);
#12275 = DIRECTION('',(0.,0.,1.));
#12276 = PLANE('',#12277);
#12277 = AXIS2_PLACEMENT_3D('',#12278,#12279,#12280);
#12278 = CARTESIAN_POINT('',(-0.2,-2.,0.));
#12279 = DIRECTION('',(-1.,-1.144237745222E-17,0.));
#12280 = DIRECTION('',(-1.144237745222E-17,1.,0.));
#12281 = ADVANCED_FACE('',(#12282),#12300,.T.);
#12282 = FACE_BOUND('',#12283,.T.);
#12283 = EDGE_LOOP('',(#12284,#12292,#12293,#12294));
#12284 = ORIENTED_EDGE('',*,*,#12285,.T.);
#12285 = EDGE_CURVE('',#12286,#12256,#12288,.T.);
#12286 = VERTEX_POINT('',#12287);
#12287 = CARTESIAN_POINT('',(-0.45,-2.,0.1));
#12288 = LINE('',#12289,#12290);
#12289 = CARTESIAN_POINT('',(-0.45,-2.,0.1));
#12290 = VECTOR('',#12291,1.);
#12291 = DIRECTION('',(1.,1.144237745222E-17,0.));
#12292 = ORIENTED_EDGE('',*,*,#12263,.T.);
#12293 = ORIENTED_EDGE('',*,*,#10370,.T.);
#12294 = ORIENTED_EDGE('',*,*,#12295,.T.);
#12295 = EDGE_CURVE('',#10363,#12286,#12296,.T.);
#12296 = LINE('',#12297,#12298);
#12297 = CARTESIAN_POINT('',(-0.45,-1.8,0.1));
#12298 = VECTOR('',#12299,1.);
#12299 = DIRECTION('',(1.144237745222E-17,-1.,0.));
#12300 = PLANE('',#12301);
#12301 = AXIS2_PLACEMENT_3D('',#12302,#12303,#12304);
#12302 = CARTESIAN_POINT('',(-0.325,-1.9,0.1));
#12303 = DIRECTION('',(0.,0.,1.));
#12304 = DIRECTION('',(1.,1.144237745222E-17,-0.));
#12305 = ADVANCED_FACE('',(#12306),#12333,.F.);
#12306 = FACE_BOUND('',#12307,.F.);
#12307 = EDGE_LOOP('',(#12308,#12318,#12324,#12325,#12326,#12327));
#12308 = ORIENTED_EDGE('',*,*,#12309,.F.);
#12309 = EDGE_CURVE('',#12310,#12312,#12314,.T.);
#12310 = VERTEX_POINT('',#12311);
#12311 = CARTESIAN_POINT('',(-0.45,-1.8,0.));
#12312 = VERTEX_POINT('',#12313);
#12313 = CARTESIAN_POINT('',(-0.45,-2.,0.));
#12314 = LINE('',#12315,#12316);
#12315 = CARTESIAN_POINT('',(-0.45,-1.8,0.));
#12316 = VECTOR('',#12317,1.);
#12317 = DIRECTION('',(1.144237745222E-17,-1.,0.));
#12318 = ORIENTED_EDGE('',*,*,#12319,.T.);
#12319 = EDGE_CURVE('',#12310,#10584,#12320,.T.);
#12320 = LINE('',#12321,#12322);
#12321 = CARTESIAN_POINT('',(-0.45,-1.8,0.));
#12322 = VECTOR('',#12323,1.);
#12323 = DIRECTION('',(0.,0.,1.));
#12324 = ORIENTED_EDGE('',*,*,#10583,.F.);
#12325 = ORIENTED_EDGE('',*,*,#10362,.T.);
#12326 = ORIENTED_EDGE('',*,*,#12295,.T.);
#12327 = ORIENTED_EDGE('',*,*,#12328,.F.);
#12328 = EDGE_CURVE('',#12312,#12286,#12329,.T.);
#12329 = LINE('',#12330,#12331);
#12330 = CARTESIAN_POINT('',(-0.45,-2.,0.));
#12331 = VECTOR('',#12332,1.);
#12332 = DIRECTION('',(0.,0.,1.));
#12333 = PLANE('',#12334);
#12334 = AXIS2_PLACEMENT_3D('',#12335,#12336,#12337);
#12335 = CARTESIAN_POINT('',(-0.45,-1.8,0.));
#12336 = DIRECTION('',(1.,1.144237745222E-17,0.));
#12337 = DIRECTION('',(1.144237745222E-17,-1.,0.));
#12338 = ADVANCED_FACE('',(#12339),#12373,.F.);
#12339 = FACE_BOUND('',#12340,.F.);
#12340 = EDGE_LOOP('',(#12341,#12351,#12359,#12365,#12366,#12367));
#12341 = ORIENTED_EDGE('',*,*,#12342,.F.);
#12342 = EDGE_CURVE('',#12343,#12345,#12347,.T.);
#12343 = VERTEX_POINT('',#12344);
#12344 = CARTESIAN_POINT('',(-0.85,-2.,0.));
#12345 = VERTEX_POINT('',#12346);
#12346 = CARTESIAN_POINT('',(-0.85,-1.8,0.));
#12347 = LINE('',#12348,#12349);
#12348 = CARTESIAN_POINT('',(-0.85,-2.,0.));
#12349 = VECTOR('',#12350,1.);
#12350 = DIRECTION('',(-1.144237745222E-17,1.,0.));
#12351 = ORIENTED_EDGE('',*,*,#12352,.T.);
#12352 = EDGE_CURVE('',#12343,#12353,#12355,.T.);
#12353 = VERTEX_POINT('',#12354);
#12354 = CARTESIAN_POINT('',(-0.85,-2.,0.1));
#12355 = LINE('',#12356,#12357);
#12356 = CARTESIAN_POINT('',(-0.85,-2.,0.));
#12357 = VECTOR('',#12358,1.);
#12358 = DIRECTION('',(0.,0.,1.));
#12359 = ORIENTED_EDGE('',*,*,#12360,.T.);
#12360 = EDGE_CURVE('',#12353,#10339,#12361,.T.);
#12361 = LINE('',#12362,#12363);
#12362 = CARTESIAN_POINT('',(-0.85,-2.,0.1));
#12363 = VECTOR('',#12364,1.);
#12364 = DIRECTION('',(-1.144237745222E-17,1.,0.));
#12365 = ORIENTED_EDGE('',*,*,#10346,.T.);
#12366 = ORIENTED_EDGE('',*,*,#10576,.F.);
#12367 = ORIENTED_EDGE('',*,*,#12368,.F.);
#12368 = EDGE_CURVE('',#12345,#10569,#12369,.T.);
#12369 = LINE('',#12370,#12371);
#12370 = CARTESIAN_POINT('',(-0.85,-1.8,0.));
#12371 = VECTOR('',#12372,1.);
#12372 = DIRECTION('',(0.,0.,1.));
#12373 = PLANE('',#12374);
#12374 = AXIS2_PLACEMENT_3D('',#12375,#12376,#12377);
#12375 = CARTESIAN_POINT('',(-0.85,-2.,0.));
#12376 = DIRECTION('',(-1.,-1.144237745222E-17,0.));
#12377 = DIRECTION('',(-1.144237745222E-17,1.,0.));
#12378 = ADVANCED_FACE('',(#12379),#12397,.T.);
#12379 = FACE_BOUND('',#12380,.T.);
#12380 = EDGE_LOOP('',(#12381,#12389,#12390,#12391));
#12381 = ORIENTED_EDGE('',*,*,#12382,.T.);
#12382 = EDGE_CURVE('',#12383,#12353,#12385,.T.);
#12383 = VERTEX_POINT('',#12384);
#12384 = CARTESIAN_POINT('',(-1.1,-2.,0.1));
#12385 = LINE('',#12386,#12387);
#12386 = CARTESIAN_POINT('',(-1.1,-2.,0.1));
#12387 = VECTOR('',#12388,1.);
#12388 = DIRECTION('',(1.,1.144237745222E-17,0.));
#12389 = ORIENTED_EDGE('',*,*,#12360,.T.);
#12390 = ORIENTED_EDGE('',*,*,#10338,.T.);
#12391 = ORIENTED_EDGE('',*,*,#12392,.T.);
#12392 = EDGE_CURVE('',#10331,#12383,#12393,.T.);
#12393 = LINE('',#12394,#12395);
#12394 = CARTESIAN_POINT('',(-1.1,-1.8,0.1));
#12395 = VECTOR('',#12396,1.);
#12396 = DIRECTION('',(1.144237745222E-17,-1.,0.));
#12397 = PLANE('',#12398);
#12398 = AXIS2_PLACEMENT_3D('',#12399,#12400,#12401);
#12399 = CARTESIAN_POINT('',(-0.975,-1.9,0.1));
#12400 = DIRECTION('',(0.,0.,1.));
#12401 = DIRECTION('',(1.,1.144237745222E-17,-0.));
#12402 = ADVANCED_FACE('',(#12403),#12430,.F.);
#12403 = FACE_BOUND('',#12404,.F.);
#12404 = EDGE_LOOP('',(#12405,#12415,#12421,#12422,#12423,#12424));
#12405 = ORIENTED_EDGE('',*,*,#12406,.F.);
#12406 = EDGE_CURVE('',#12407,#12409,#12411,.T.);
#12407 = VERTEX_POINT('',#12408);
#12408 = CARTESIAN_POINT('',(-1.1,-1.8,0.));
#12409 = VERTEX_POINT('',#12410);
#12410 = CARTESIAN_POINT('',(-1.1,-2.,0.));
#12411 = LINE('',#12412,#12413);
#12412 = CARTESIAN_POINT('',(-1.1,-1.8,0.));
#12413 = VECTOR('',#12414,1.);
#12414 = DIRECTION('',(1.144237745222E-17,-1.,0.));
#12415 = ORIENTED_EDGE('',*,*,#12416,.T.);
#12416 = EDGE_CURVE('',#12407,#10561,#12417,.T.);
#12417 = LINE('',#12418,#12419);
#12418 = CARTESIAN_POINT('',(-1.1,-1.8,0.));
#12419 = VECTOR('',#12420,1.);
#12420 = DIRECTION('',(0.,0.,1.));
#12421 = ORIENTED_EDGE('',*,*,#10560,.F.);
#12422 = ORIENTED_EDGE('',*,*,#10330,.T.);
#12423 = ORIENTED_EDGE('',*,*,#12392,.T.);
#12424 = ORIENTED_EDGE('',*,*,#12425,.F.);
#12425 = EDGE_CURVE('',#12409,#12383,#12426,.T.);
#12426 = LINE('',#12427,#12428);
#12427 = CARTESIAN_POINT('',(-1.1,-2.,0.));
#12428 = VECTOR('',#12429,1.);
#12429 = DIRECTION('',(0.,0.,1.));
#12430 = PLANE('',#12431);
#12431 = AXIS2_PLACEMENT_3D('',#12432,#12433,#12434);
#12432 = CARTESIAN_POINT('',(-1.1,-1.8,0.));
#12433 = DIRECTION('',(1.,1.144237745222E-17,0.));
#12434 = DIRECTION('',(1.144237745222E-17,-1.,0.));
#12435 = ADVANCED_FACE('',(#12436),#12447,.F.);
#12436 = FACE_BOUND('',#12437,.F.);
#12437 = EDGE_LOOP('',(#12438,#12444,#12445,#12446));
#12438 = ORIENTED_EDGE('',*,*,#12439,.F.);
#12439 = EDGE_CURVE('',#11245,#11179,#12440,.T.);
#12440 = LINE('',#12441,#12442);
#12441 = CARTESIAN_POINT('',(-1.1,1.8,0.));
#12442 = VECTOR('',#12443,1.);
#12443 = DIRECTION('',(1.,1.224646799147E-16,0.));
#12444 = ORIENTED_EDGE('',*,*,#11261,.T.);
#12445 = ORIENTED_EDGE('',*,*,#10823,.F.);
#12446 = ORIENTED_EDGE('',*,*,#11188,.F.);
#12447 = PLANE('',#12448);
#12448 = AXIS2_PLACEMENT_3D('',#12449,#12450,#12451);
#12449 = CARTESIAN_POINT('',(-1.1,1.8,0.));
#12450 = DIRECTION('',(-1.224646799147E-16,1.,0.));
#12451 = DIRECTION('',(1.,1.224646799147E-16,0.));
#12452 = ADVANCED_FACE('',(#12453),#12464,.F.);
#12453 = FACE_BOUND('',#12454,.F.);
#12454 = EDGE_LOOP('',(#12455,#12461,#12462,#12463));
#12455 = ORIENTED_EDGE('',*,*,#12456,.F.);
#12456 = EDGE_CURVE('',#11148,#11082,#12457,.T.);
#12457 = LINE('',#12458,#12459);
#12458 = CARTESIAN_POINT('',(-0.45,1.8,0.));
#12459 = VECTOR('',#12460,1.);
#12460 = DIRECTION('',(1.,1.224646799147E-16,0.));
#12461 = ORIENTED_EDGE('',*,*,#11164,.T.);
#12462 = ORIENTED_EDGE('',*,*,#10800,.F.);
#12463 = ORIENTED_EDGE('',*,*,#11091,.F.);
#12464 = PLANE('',#12465);
#12465 = AXIS2_PLACEMENT_3D('',#12466,#12467,#12468);
#12466 = CARTESIAN_POINT('',(-0.45,1.8,0.));
#12467 = DIRECTION('',(-1.224646799147E-16,1.,0.));
#12468 = DIRECTION('',(1.,1.224646799147E-16,0.));
#12469 = ADVANCED_FACE('',(#12470),#12481,.F.);
#12470 = FACE_BOUND('',#12471,.F.);
#12471 = EDGE_LOOP('',(#12472,#12478,#12479,#12480));
#12472 = ORIENTED_EDGE('',*,*,#12473,.F.);
#12473 = EDGE_CURVE('',#11051,#10985,#12474,.T.);
#12474 = LINE('',#12475,#12476);
#12475 = CARTESIAN_POINT('',(0.2,1.8,0.));
#12476 = VECTOR('',#12477,1.);
#12477 = DIRECTION('',(1.,1.224646799147E-16,0.));
#12478 = ORIENTED_EDGE('',*,*,#11067,.T.);
#12479 = ORIENTED_EDGE('',*,*,#10777,.F.);
#12480 = ORIENTED_EDGE('',*,*,#10994,.F.);
#12481 = PLANE('',#12482);
#12482 = AXIS2_PLACEMENT_3D('',#12483,#12484,#12485);
#12483 = CARTESIAN_POINT('',(0.2,1.8,0.));
#12484 = DIRECTION('',(-1.224646799147E-16,1.,0.));
#12485 = DIRECTION('',(1.,1.224646799147E-16,0.));
#12486 = ADVANCED_FACE('',(#12487),#12498,.F.);
#12487 = FACE_BOUND('',#12488,.F.);
#12488 = EDGE_LOOP('',(#12489,#12495,#12496,#12497));
#12489 = ORIENTED_EDGE('',*,*,#12490,.F.);
#12490 = EDGE_CURVE('',#10954,#10888,#12491,.T.);
#12491 = LINE('',#12492,#12493);
#12492 = CARTESIAN_POINT('',(0.85,1.8,0.));
#12493 = VECTOR('',#12494,1.);
#12494 = DIRECTION('',(1.,1.224646799147E-16,0.));
#12495 = ORIENTED_EDGE('',*,*,#10970,.T.);
#12496 = ORIENTED_EDGE('',*,*,#10754,.F.);
#12497 = ORIENTED_EDGE('',*,*,#10897,.F.);
#12498 = PLANE('',#12499);
#12499 = AXIS2_PLACEMENT_3D('',#12500,#12501,#12502);
#12500 = CARTESIAN_POINT('',(0.85,1.8,0.));
#12501 = DIRECTION('',(-1.224646799147E-16,1.,0.));
#12502 = DIRECTION('',(1.,1.224646799147E-16,0.));
#12503 = ADVANCED_FACE('',(#12504),#12515,.F.);
#12504 = FACE_BOUND('',#12505,.F.);
#12505 = EDGE_LOOP('',(#12506,#12512,#12513,#12514));
#12506 = ORIENTED_EDGE('',*,*,#12507,.F.);
#12507 = EDGE_CURVE('',#11278,#11340,#12508,.T.);
#12508 = LINE('',#12509,#12510);
#12509 = CARTESIAN_POINT('',(1.8,1.1,0.));
#12510 = VECTOR('',#12511,1.);
#12511 = DIRECTION('',(2.334869823773E-16,-1.,0.));
#12512 = ORIENTED_EDGE('',*,*,#11301,.T.);
#12513 = ORIENTED_EDGE('',*,*,#10730,.F.);
#12514 = ORIENTED_EDGE('',*,*,#11349,.F.);
#12515 = PLANE('',#12516);
#12516 = AXIS2_PLACEMENT_3D('',#12517,#12518,#12519);
#12517 = CARTESIAN_POINT('',(1.8,1.1,0.));
#12518 = DIRECTION('',(1.,2.334869823773E-16,0.));
#12519 = DIRECTION('',(2.334869823773E-16,-1.,0.));
#12520 = ADVANCED_FACE('',(#12521),#12532,.F.);
#12521 = FACE_BOUND('',#12522,.F.);
#12522 = EDGE_LOOP('',(#12523,#12529,#12530,#12531));
#12523 = ORIENTED_EDGE('',*,*,#12524,.F.);
#12524 = EDGE_CURVE('',#11375,#11437,#12525,.T.);
#12525 = LINE('',#12526,#12527);
#12526 = CARTESIAN_POINT('',(1.8,0.45,0.));
#12527 = VECTOR('',#12528,1.);
#12528 = DIRECTION('',(2.334869823773E-16,-1.,0.));
#12529 = ORIENTED_EDGE('',*,*,#11398,.T.);
#12530 = ORIENTED_EDGE('',*,*,#10707,.F.);
#12531 = ORIENTED_EDGE('',*,*,#11446,.F.);
#12532 = PLANE('',#12533);
#12533 = AXIS2_PLACEMENT_3D('',#12534,#12535,#12536);
#12534 = CARTESIAN_POINT('',(1.8,0.45,0.));
#12535 = DIRECTION('',(1.,2.334869823773E-16,0.));
#12536 = DIRECTION('',(2.334869823773E-16,-1.,0.));
#12537 = ADVANCED_FACE('',(#12538),#12549,.F.);
#12538 = FACE_BOUND('',#12539,.F.);
#12539 = EDGE_LOOP('',(#12540,#12546,#12547,#12548));
#12540 = ORIENTED_EDGE('',*,*,#12541,.F.);
#12541 = EDGE_CURVE('',#11472,#11534,#12542,.T.);
#12542 = LINE('',#12543,#12544);
#12543 = CARTESIAN_POINT('',(1.8,-0.2,0.));
#12544 = VECTOR('',#12545,1.);
#12545 = DIRECTION('',(2.334869823773E-16,-1.,0.));
#12546 = ORIENTED_EDGE('',*,*,#11495,.T.);
#12547 = ORIENTED_EDGE('',*,*,#10684,.F.);
#12548 = ORIENTED_EDGE('',*,*,#11543,.F.);
#12549 = PLANE('',#12550);
#12550 = AXIS2_PLACEMENT_3D('',#12551,#12552,#12553);
#12551 = CARTESIAN_POINT('',(1.8,-0.2,0.));
#12552 = DIRECTION('',(1.,2.334869823773E-16,0.));
#12553 = DIRECTION('',(2.334869823773E-16,-1.,0.));
#12554 = ADVANCED_FACE('',(#12555),#12566,.F.);
#12555 = FACE_BOUND('',#12556,.F.);
#12556 = EDGE_LOOP('',(#12557,#12563,#12564,#12565));
#12557 = ORIENTED_EDGE('',*,*,#12558,.F.);
#12558 = EDGE_CURVE('',#11569,#11631,#12559,.T.);
#12559 = LINE('',#12560,#12561);
#12560 = CARTESIAN_POINT('',(1.8,-0.85,0.));
#12561 = VECTOR('',#12562,1.);
#12562 = DIRECTION('',(2.334869823773E-16,-1.,0.));
#12563 = ORIENTED_EDGE('',*,*,#11592,.T.);
#12564 = ORIENTED_EDGE('',*,*,#10661,.F.);
#12565 = ORIENTED_EDGE('',*,*,#11640,.F.);
#12566 = PLANE('',#12567);
#12567 = AXIS2_PLACEMENT_3D('',#12568,#12569,#12570);
#12568 = CARTESIAN_POINT('',(1.8,-0.85,0.));
#12569 = DIRECTION('',(1.,2.334869823773E-16,0.));
#12570 = DIRECTION('',(2.334869823773E-16,-1.,0.));
#12571 = ADVANCED_FACE('',(#12572),#12583,.F.);
#12572 = FACE_BOUND('',#12573,.F.);
#12573 = EDGE_LOOP('',(#12574,#12580,#12581,#12582));
#12574 = ORIENTED_EDGE('',*,*,#12575,.F.);
#12575 = EDGE_CURVE('',#12054,#12116,#12576,.T.);
#12576 = LINE('',#12577,#12578);
#12577 = CARTESIAN_POINT('',(1.1,-1.8,0.));
#12578 = VECTOR('',#12579,1.);
#12579 = DIRECTION('',(-1.,-1.144237745222E-17,0.));
#12580 = ORIENTED_EDGE('',*,*,#12077,.T.);
#12581 = ORIENTED_EDGE('',*,*,#10637,.F.);
#12582 = ORIENTED_EDGE('',*,*,#12125,.F.);
#12583 = PLANE('',#12584);
#12584 = AXIS2_PLACEMENT_3D('',#12585,#12586,#12587);
#12585 = CARTESIAN_POINT('',(1.1,-1.8,0.));
#12586 = DIRECTION('',(1.144237745222E-17,-1.,0.));
#12587 = DIRECTION('',(-1.,-1.144237745222E-17,0.));
#12588 = ADVANCED_FACE('',(#12589),#12600,.F.);
#12589 = FACE_BOUND('',#12590,.F.);
#12590 = EDGE_LOOP('',(#12591,#12597,#12598,#12599));
#12591 = ORIENTED_EDGE('',*,*,#12592,.F.);
#12592 = EDGE_CURVE('',#12151,#12213,#12593,.T.);
#12593 = LINE('',#12594,#12595);
#12594 = CARTESIAN_POINT('',(0.45,-1.8,0.));
#12595 = VECTOR('',#12596,1.);
#12596 = DIRECTION('',(-1.,-1.144237745222E-17,0.));
#12597 = ORIENTED_EDGE('',*,*,#12174,.T.);
#12598 = ORIENTED_EDGE('',*,*,#10614,.F.);
#12599 = ORIENTED_EDGE('',*,*,#12222,.F.);
#12600 = PLANE('',#12601);
#12601 = AXIS2_PLACEMENT_3D('',#12602,#12603,#12604);
#12602 = CARTESIAN_POINT('',(0.45,-1.8,0.));
#12603 = DIRECTION('',(1.144237745222E-17,-1.,0.));
#12604 = DIRECTION('',(-1.,-1.144237745222E-17,0.));
#12605 = ADVANCED_FACE('',(#12606),#12617,.F.);
#12606 = FACE_BOUND('',#12607,.F.);
#12607 = EDGE_LOOP('',(#12608,#12614,#12615,#12616));
#12608 = ORIENTED_EDGE('',*,*,#12609,.F.);
#12609 = EDGE_CURVE('',#12248,#12310,#12610,.T.);
#12610 = LINE('',#12611,#12612);
#12611 = CARTESIAN_POINT('',(-0.2,-1.8,0.));
#12612 = VECTOR('',#12613,1.);
#12613 = DIRECTION('',(-1.,-1.144237745222E-17,0.));
#12614 = ORIENTED_EDGE('',*,*,#12271,.T.);
#12615 = ORIENTED_EDGE('',*,*,#10591,.F.);
#12616 = ORIENTED_EDGE('',*,*,#12319,.F.);
#12617 = PLANE('',#12618);
#12618 = AXIS2_PLACEMENT_3D('',#12619,#12620,#12621);
#12619 = CARTESIAN_POINT('',(-0.2,-1.8,0.));
#12620 = DIRECTION('',(1.144237745222E-17,-1.,0.));
#12621 = DIRECTION('',(-1.,-1.144237745222E-17,0.));
#12622 = ADVANCED_FACE('',(#12623),#12634,.F.);
#12623 = FACE_BOUND('',#12624,.F.);
#12624 = EDGE_LOOP('',(#12625,#12631,#12632,#12633));
#12625 = ORIENTED_EDGE('',*,*,#12626,.F.);
#12626 = EDGE_CURVE('',#12345,#12407,#12627,.T.);
#12627 = LINE('',#12628,#12629);
#12628 = CARTESIAN_POINT('',(-0.85,-1.8,0.));
#12629 = VECTOR('',#12630,1.);
#12630 = DIRECTION('',(-1.,-1.144237745222E-17,0.));
#12631 = ORIENTED_EDGE('',*,*,#12368,.T.);
#12632 = ORIENTED_EDGE('',*,*,#10568,.F.);
#12633 = ORIENTED_EDGE('',*,*,#12416,.F.);
#12634 = PLANE('',#12635);
#12635 = AXIS2_PLACEMENT_3D('',#12636,#12637,#12638);
#12636 = CARTESIAN_POINT('',(-0.85,-1.8,0.));
#12637 = DIRECTION('',(1.144237745222E-17,-1.,0.));
#12638 = DIRECTION('',(-1.,-1.144237745222E-17,0.));
#12639 = ADVANCED_FACE('',(#12640),#12651,.F.);
#12640 = FACE_BOUND('',#12641,.F.);
#12641 = EDGE_LOOP('',(#12642,#12648,#12649,#12650));
#12642 = ORIENTED_EDGE('',*,*,#12643,.F.);
#12643 = EDGE_CURVE('',#12021,#11955,#12644,.T.);
#12644 = LINE('',#12645,#12646);
#12645 = CARTESIAN_POINT('',(-1.8,-1.1,0.));
#12646 = VECTOR('',#12647,1.);
#12647 = DIRECTION('',(-1.110223024625E-16,1.,0.));
#12648 = ORIENTED_EDGE('',*,*,#12037,.T.);
#12649 = ORIENTED_EDGE('',*,*,#10544,.F.);
#12650 = ORIENTED_EDGE('',*,*,#11964,.F.);
#12651 = PLANE('',#12652);
#12652 = AXIS2_PLACEMENT_3D('',#12653,#12654,#12655);
#12653 = CARTESIAN_POINT('',(-1.8,-1.1,0.));
#12654 = DIRECTION('',(-1.,-1.110223024625E-16,0.));
#12655 = DIRECTION('',(-1.110223024625E-16,1.,0.));
#12656 = ADVANCED_FACE('',(#12657),#12668,.F.);
#12657 = FACE_BOUND('',#12658,.F.);
#12658 = EDGE_LOOP('',(#12659,#12665,#12666,#12667));
#12659 = ORIENTED_EDGE('',*,*,#12660,.F.);
#12660 = EDGE_CURVE('',#11924,#11858,#12661,.T.);
#12661 = LINE('',#12662,#12663);
#12662 = CARTESIAN_POINT('',(-1.8,-0.45,0.));
#12663 = VECTOR('',#12664,1.);
#12664 = DIRECTION('',(-1.110223024625E-16,1.,0.));
#12665 = ORIENTED_EDGE('',*,*,#11940,.T.);
#12666 = ORIENTED_EDGE('',*,*,#10521,.F.);
#12667 = ORIENTED_EDGE('',*,*,#11867,.F.);
#12668 = PLANE('',#12669);
#12669 = AXIS2_PLACEMENT_3D('',#12670,#12671,#12672);
#12670 = CARTESIAN_POINT('',(-1.8,-0.45,0.));
#12671 = DIRECTION('',(-1.,-1.110223024625E-16,0.));
#12672 = DIRECTION('',(-1.110223024625E-16,1.,0.));
#12673 = ADVANCED_FACE('',(#12674),#12685,.F.);
#12674 = FACE_BOUND('',#12675,.F.);
#12675 = EDGE_LOOP('',(#12676,#12682,#12683,#12684));
#12676 = ORIENTED_EDGE('',*,*,#12677,.F.);
#12677 = EDGE_CURVE('',#11827,#11761,#12678,.T.);
#12678 = LINE('',#12679,#12680);
#12679 = CARTESIAN_POINT('',(-1.8,0.2,0.));
#12680 = VECTOR('',#12681,1.);
#12681 = DIRECTION('',(-1.110223024625E-16,1.,0.));
#12682 = ORIENTED_EDGE('',*,*,#11843,.T.);
#12683 = ORIENTED_EDGE('',*,*,#10498,.F.);
#12684 = ORIENTED_EDGE('',*,*,#11770,.F.);
#12685 = PLANE('',#12686);
#12686 = AXIS2_PLACEMENT_3D('',#12687,#12688,#12689);
#12687 = CARTESIAN_POINT('',(-1.8,0.2,0.));
#12688 = DIRECTION('',(-1.,-1.110223024625E-16,0.));
#12689 = DIRECTION('',(-1.110223024625E-16,1.,0.));
#12690 = ADVANCED_FACE('',(#12691),#12702,.F.);
#12691 = FACE_BOUND('',#12692,.F.);
#12692 = EDGE_LOOP('',(#12693,#12699,#12700,#12701));
#12693 = ORIENTED_EDGE('',*,*,#12694,.F.);
#12694 = EDGE_CURVE('',#11730,#11664,#12695,.T.);
#12695 = LINE('',#12696,#12697);
#12696 = CARTESIAN_POINT('',(-1.8,0.85,0.));
#12697 = VECTOR('',#12698,1.);
#12698 = DIRECTION('',(-1.110223024625E-16,1.,0.));
#12699 = ORIENTED_EDGE('',*,*,#11746,.T.);
#12700 = ORIENTED_EDGE('',*,*,#10475,.F.);
#12701 = ORIENTED_EDGE('',*,*,#11673,.F.);
#12702 = PLANE('',#12703);
#12703 = AXIS2_PLACEMENT_3D('',#12704,#12705,#12706);
#12704 = CARTESIAN_POINT('',(-1.8,0.85,0.));
#12705 = DIRECTION('',(-1.,-1.110223024625E-16,0.));
#12706 = DIRECTION('',(-1.110223024625E-16,1.,0.));
#12707 = ADVANCED_FACE('',(#12708),#12733,.F.);
#12708 = FACE_BOUND('',#12709,.F.);
#12709 = EDGE_LOOP('',(#12710,#12720,#12726,#12727));
#12710 = ORIENTED_EDGE('',*,*,#12711,.F.);
#12711 = EDGE_CURVE('',#12712,#12714,#12716,.T.);
#12712 = VERTEX_POINT('',#12713);
#12713 = CARTESIAN_POINT('',(-1.35,-1.35,0.));
#12714 = VERTEX_POINT('',#12715);
#12715 = CARTESIAN_POINT('',(1.35,-1.35,0.));
#12716 = LINE('',#12717,#12718);
#12717 = CARTESIAN_POINT('',(-1.35,-1.35,0.));
#12718 = VECTOR('',#12719,1.);
#12719 = DIRECTION('',(1.,1.110223024625E-16,0.));
#12720 = ORIENTED_EDGE('',*,*,#12721,.T.);
#12721 = EDGE_CURVE('',#12712,#10842,#12722,.T.);
#12722 = LINE('',#12723,#12724);
#12723 = CARTESIAN_POINT('',(-1.35,-1.35,0.));
#12724 = VECTOR('',#12725,1.);
#12725 = DIRECTION('',(0.,0.,1.));
#12726 = ORIENTED_EDGE('',*,*,#10839,.F.);
#12727 = ORIENTED_EDGE('',*,*,#12728,.F.);
#12728 = EDGE_CURVE('',#12714,#10840,#12729,.T.);
#12729 = LINE('',#12730,#12731);
#12730 = CARTESIAN_POINT('',(1.35,-1.35,0.));
#12731 = VECTOR('',#12732,1.);
#12732 = DIRECTION('',(0.,0.,1.));
#12733 = PLANE('',#12734);
#12734 = AXIS2_PLACEMENT_3D('',#12735,#12736,#12737);
#12735 = CARTESIAN_POINT('',(-1.35,-1.35,0.));
#12736 = DIRECTION('',(-1.110223024625E-16,1.,0.));
#12737 = DIRECTION('',(1.,1.110223024625E-16,0.));
#12738 = ADVANCED_FACE('',(#12739),#12757,.F.);
#12739 = FACE_BOUND('',#12740,.F.);
#12740 = EDGE_LOOP('',(#12741,#12749,#12750,#12751));
#12741 = ORIENTED_EDGE('',*,*,#12742,.F.);
#12742 = EDGE_CURVE('',#12714,#12743,#12745,.T.);
#12743 = VERTEX_POINT('',#12744);
#12744 = CARTESIAN_POINT('',(1.35,1.35,0.));
#12745 = LINE('',#12746,#12747);
#12746 = CARTESIAN_POINT('',(1.35,-1.35,0.));
#12747 = VECTOR('',#12748,1.);
#12748 = DIRECTION('',(-1.110223024625E-16,1.,0.));
#12749 = ORIENTED_EDGE('',*,*,#12728,.T.);
#12750 = ORIENTED_EDGE('',*,*,#10873,.F.);
#12751 = ORIENTED_EDGE('',*,*,#12752,.F.);
#12752 = EDGE_CURVE('',#12743,#10866,#12753,.T.);
#12753 = LINE('',#12754,#12755);
#12754 = CARTESIAN_POINT('',(1.35,1.35,0.));
#12755 = VECTOR('',#12756,1.);
#12756 = DIRECTION('',(0.,0.,1.));
#12757 = PLANE('',#12758);
#12758 = AXIS2_PLACEMENT_3D('',#12759,#12760,#12761);
#12759 = CARTESIAN_POINT('',(1.35,-1.35,0.));
#12760 = DIRECTION('',(-1.,-1.110223024625E-16,0.));
#12761 = DIRECTION('',(-1.110223024625E-16,1.,0.));
#12762 = ADVANCED_FACE('',(#12763),#12781,.F.);
#12763 = FACE_BOUND('',#12764,.F.);
#12764 = EDGE_LOOP('',(#12765,#12773,#12774,#12775));
#12765 = ORIENTED_EDGE('',*,*,#12766,.F.);
#12766 = EDGE_CURVE('',#12743,#12767,#12769,.T.);
#12767 = VERTEX_POINT('',#12768);
#12768 = CARTESIAN_POINT('',(-1.1,1.35,0.));
#12769 = LINE('',#12770,#12771);
#12770 = CARTESIAN_POINT('',(1.35,1.35,0.));
#12771 = VECTOR('',#12772,1.);
#12772 = DIRECTION('',(-1.,-1.110223024625E-16,0.));
#12773 = ORIENTED_EDGE('',*,*,#12752,.T.);
#12774 = ORIENTED_EDGE('',*,*,#10865,.F.);
#12775 = ORIENTED_EDGE('',*,*,#12776,.F.);
#12776 = EDGE_CURVE('',#12767,#10858,#12777,.T.);
#12777 = LINE('',#12778,#12779);
#12778 = CARTESIAN_POINT('',(-1.1,1.35,0.));
#12779 = VECTOR('',#12780,1.);
#12780 = DIRECTION('',(0.,0.,1.));
#12781 = PLANE('',#12782);
#12782 = AXIS2_PLACEMENT_3D('',#12783,#12784,#12785);
#12783 = CARTESIAN_POINT('',(1.35,1.35,0.));
#12784 = DIRECTION('',(1.110223024625E-16,-1.,0.));
#12785 = DIRECTION('',(-1.,-1.110223024625E-16,0.));
#12786 = ADVANCED_FACE('',(#12787),#12805,.F.);
#12787 = FACE_BOUND('',#12788,.F.);
#12788 = EDGE_LOOP('',(#12789,#12797,#12798,#12799));
#12789 = ORIENTED_EDGE('',*,*,#12790,.F.);
#12790 = EDGE_CURVE('',#12767,#12791,#12793,.T.);
#12791 = VERTEX_POINT('',#12792);
#12792 = CARTESIAN_POINT('',(-1.35,1.1,0.));
#12793 = LINE('',#12794,#12795);
#12794 = CARTESIAN_POINT('',(-1.1,1.35,0.));
#12795 = VECTOR('',#12796,1.);
#12796 = DIRECTION('',(-0.707106781187,-0.707106781187,0.));
#12797 = ORIENTED_EDGE('',*,*,#12776,.T.);
#12798 = ORIENTED_EDGE('',*,*,#10857,.F.);
#12799 = ORIENTED_EDGE('',*,*,#12800,.F.);
#12800 = EDGE_CURVE('',#12791,#10850,#12801,.T.);
#12801 = LINE('',#12802,#12803);
#12802 = CARTESIAN_POINT('',(-1.35,1.1,0.));
#12803 = VECTOR('',#12804,1.);
#12804 = DIRECTION('',(0.,0.,1.));
#12805 = PLANE('',#12806);
#12806 = AXIS2_PLACEMENT_3D('',#12807,#12808,#12809);
#12807 = CARTESIAN_POINT('',(-1.1,1.35,0.));
#12808 = DIRECTION('',(0.707106781187,-0.707106781187,0.));
#12809 = DIRECTION('',(-0.707106781187,-0.707106781187,0.));
#12810 = ADVANCED_FACE('',(#12811),#12822,.F.);
#12811 = FACE_BOUND('',#12812,.F.);
#12812 = EDGE_LOOP('',(#12813,#12819,#12820,#12821));
#12813 = ORIENTED_EDGE('',*,*,#12814,.F.);
#12814 = EDGE_CURVE('',#12791,#12712,#12815,.T.);
#12815 = LINE('',#12816,#12817);
#12816 = CARTESIAN_POINT('',(-1.35,1.1,0.));
#12817 = VECTOR('',#12818,1.);
#12818 = DIRECTION('',(1.110223024625E-16,-1.,0.));
#12819 = ORIENTED_EDGE('',*,*,#12800,.T.);
#12820 = ORIENTED_EDGE('',*,*,#10849,.F.);
#12821 = ORIENTED_EDGE('',*,*,#12721,.F.);
#12822 = PLANE('',#12823);
#12823 = AXIS2_PLACEMENT_3D('',#12824,#12825,#12826);
#12824 = CARTESIAN_POINT('',(-1.35,1.1,0.));
#12825 = DIRECTION('',(1.,1.110223024625E-16,0.));
#12826 = DIRECTION('',(1.110223024625E-16,-1.,0.));
#12827 = ADVANCED_FACE('',(#12828),#12839,.F.);
#12828 = FACE_BOUND('',#12829,.F.);
#12829 = EDGE_LOOP('',(#12830,#12831,#12832,#12833));
#12830 = ORIENTED_EDGE('',*,*,#10951,.T.);
#12831 = ORIENTED_EDGE('',*,*,#12490,.T.);
#12832 = ORIENTED_EDGE('',*,*,#10887,.T.);
#12833 = ORIENTED_EDGE('',*,*,#12834,.T.);
#12834 = EDGE_CURVE('',#10890,#10952,#12835,.T.);
#12835 = LINE('',#12836,#12837);
#12836 = CARTESIAN_POINT('',(1.1,2.,0.));
#12837 = VECTOR('',#12838,1.);
#12838 = DIRECTION('',(-1.,-1.224646799147E-16,0.));
#12839 = PLANE('',#12840);
#12840 = AXIS2_PLACEMENT_3D('',#12841,#12842,#12843);
#12841 = CARTESIAN_POINT('',(0.975,1.9,0.));
#12842 = DIRECTION('',(0.,0.,1.));
#12843 = DIRECTION('',(-1.,-1.224646799147E-16,0.));
#12844 = ADVANCED_FACE('',(#12845),#12851,.F.);
#12845 = FACE_BOUND('',#12846,.F.);
#12846 = EDGE_LOOP('',(#12847,#12848,#12849,#12850));
#12847 = ORIENTED_EDGE('',*,*,#10913,.T.);
#12848 = ORIENTED_EDGE('',*,*,#10927,.T.);
#12849 = ORIENTED_EDGE('',*,*,#10961,.F.);
#12850 = ORIENTED_EDGE('',*,*,#12834,.F.);
#12851 = PLANE('',#12852);
#12852 = AXIS2_PLACEMENT_3D('',#12853,#12854,#12855);
#12853 = CARTESIAN_POINT('',(1.1,2.,0.));
#12854 = DIRECTION('',(1.224646799147E-16,-1.,0.));
#12855 = DIRECTION('',(-1.,-1.224646799147E-16,0.));
#12856 = ADVANCED_FACE('',(#12857),#12868,.F.);
#12857 = FACE_BOUND('',#12858,.F.);
#12858 = EDGE_LOOP('',(#12859,#12860,#12861,#12862));
#12859 = ORIENTED_EDGE('',*,*,#11048,.T.);
#12860 = ORIENTED_EDGE('',*,*,#12473,.T.);
#12861 = ORIENTED_EDGE('',*,*,#10984,.T.);
#12862 = ORIENTED_EDGE('',*,*,#12863,.T.);
#12863 = EDGE_CURVE('',#10987,#11049,#12864,.T.);
#12864 = LINE('',#12865,#12866);
#12865 = CARTESIAN_POINT('',(0.45,2.,0.));
#12866 = VECTOR('',#12867,1.);
#12867 = DIRECTION('',(-1.,-1.224646799147E-16,0.));
#12868 = PLANE('',#12869);
#12869 = AXIS2_PLACEMENT_3D('',#12870,#12871,#12872);
#12870 = CARTESIAN_POINT('',(0.325,1.9,0.));
#12871 = DIRECTION('',(0.,0.,1.));
#12872 = DIRECTION('',(-1.,-1.224646799147E-16,0.));
#12873 = ADVANCED_FACE('',(#12874),#12880,.F.);
#12874 = FACE_BOUND('',#12875,.F.);
#12875 = EDGE_LOOP('',(#12876,#12877,#12878,#12879));
#12876 = ORIENTED_EDGE('',*,*,#11010,.T.);
#12877 = ORIENTED_EDGE('',*,*,#11024,.T.);
#12878 = ORIENTED_EDGE('',*,*,#11058,.F.);
#12879 = ORIENTED_EDGE('',*,*,#12863,.F.);
#12880 = PLANE('',#12881);
#12881 = AXIS2_PLACEMENT_3D('',#12882,#12883,#12884);
#12882 = CARTESIAN_POINT('',(0.45,2.,0.));
#12883 = DIRECTION('',(1.224646799147E-16,-1.,0.));
#12884 = DIRECTION('',(-1.,-1.224646799147E-16,0.));
#12885 = ADVANCED_FACE('',(#12886),#12897,.F.);
#12886 = FACE_BOUND('',#12887,.F.);
#12887 = EDGE_LOOP('',(#12888,#12889,#12890,#12891));
#12888 = ORIENTED_EDGE('',*,*,#11145,.T.);
#12889 = ORIENTED_EDGE('',*,*,#12456,.T.);
#12890 = ORIENTED_EDGE('',*,*,#11081,.T.);
#12891 = ORIENTED_EDGE('',*,*,#12892,.T.);
#12892 = EDGE_CURVE('',#11084,#11146,#12893,.T.);
#12893 = LINE('',#12894,#12895);
#12894 = CARTESIAN_POINT('',(-0.2,2.,0.));
#12895 = VECTOR('',#12896,1.);
#12896 = DIRECTION('',(-1.,-1.224646799147E-16,0.));
#12897 = PLANE('',#12898);
#12898 = AXIS2_PLACEMENT_3D('',#12899,#12900,#12901);
#12899 = CARTESIAN_POINT('',(-0.325,1.9,0.));
#12900 = DIRECTION('',(0.,0.,1.));
#12901 = DIRECTION('',(-1.,-1.224646799147E-16,0.));
#12902 = ADVANCED_FACE('',(#12903),#12909,.F.);
#12903 = FACE_BOUND('',#12904,.F.);
#12904 = EDGE_LOOP('',(#12905,#12906,#12907,#12908));
#12905 = ORIENTED_EDGE('',*,*,#11107,.T.);
#12906 = ORIENTED_EDGE('',*,*,#11121,.T.);
#12907 = ORIENTED_EDGE('',*,*,#11155,.F.);
#12908 = ORIENTED_EDGE('',*,*,#12892,.F.);
#12909 = PLANE('',#12910);
#12910 = AXIS2_PLACEMENT_3D('',#12911,#12912,#12913);
#12911 = CARTESIAN_POINT('',(-0.2,2.,0.));
#12912 = DIRECTION('',(1.224646799147E-16,-1.,0.));
#12913 = DIRECTION('',(-1.,-1.224646799147E-16,0.));
#12914 = ADVANCED_FACE('',(#12915),#12926,.F.);
#12915 = FACE_BOUND('',#12916,.F.);
#12916 = EDGE_LOOP('',(#12917,#12918,#12919,#12920));
#12917 = ORIENTED_EDGE('',*,*,#11242,.T.);
#12918 = ORIENTED_EDGE('',*,*,#12439,.T.);
#12919 = ORIENTED_EDGE('',*,*,#11178,.T.);
#12920 = ORIENTED_EDGE('',*,*,#12921,.T.);
#12921 = EDGE_CURVE('',#11181,#11243,#12922,.T.);
#12922 = LINE('',#12923,#12924);
#12923 = CARTESIAN_POINT('',(-0.85,2.,0.));
#12924 = VECTOR('',#12925,1.);
#12925 = DIRECTION('',(-1.,-1.224646799147E-16,0.));
#12926 = PLANE('',#12927);
#12927 = AXIS2_PLACEMENT_3D('',#12928,#12929,#12930);
#12928 = CARTESIAN_POINT('',(-0.975,1.9,0.));
#12929 = DIRECTION('',(0.,0.,1.));
#12930 = DIRECTION('',(-1.,-1.224646799147E-16,0.));
#12931 = ADVANCED_FACE('',(#12932),#12938,.F.);
#12932 = FACE_BOUND('',#12933,.F.);
#12933 = EDGE_LOOP('',(#12934,#12935,#12936,#12937));
#12934 = ORIENTED_EDGE('',*,*,#11204,.T.);
#12935 = ORIENTED_EDGE('',*,*,#11218,.T.);
#12936 = ORIENTED_EDGE('',*,*,#11252,.F.);
#12937 = ORIENTED_EDGE('',*,*,#12921,.F.);
#12938 = PLANE('',#12939);
#12939 = AXIS2_PLACEMENT_3D('',#12940,#12941,#12942);
#12940 = CARTESIAN_POINT('',(-0.85,2.,0.));
#12941 = DIRECTION('',(1.224646799147E-16,-1.,0.));
#12942 = DIRECTION('',(-1.,-1.224646799147E-16,0.));
#12943 = ADVANCED_FACE('',(#12944),#12955,.F.);
#12944 = FACE_BOUND('',#12945,.F.);
#12945 = EDGE_LOOP('',(#12946,#12947,#12948,#12949));
#12946 = ORIENTED_EDGE('',*,*,#11275,.T.);
#12947 = ORIENTED_EDGE('',*,*,#12507,.T.);
#12948 = ORIENTED_EDGE('',*,*,#11339,.T.);
#12949 = ORIENTED_EDGE('',*,*,#12950,.T.);
#12950 = EDGE_CURVE('',#11342,#11276,#12951,.T.);
#12951 = LINE('',#12952,#12953);
#12952 = CARTESIAN_POINT('',(2.,0.85,0.));
#12953 = VECTOR('',#12954,1.);
#12954 = DIRECTION('',(-2.334869823773E-16,1.,0.));
#12955 = PLANE('',#12956);
#12956 = AXIS2_PLACEMENT_3D('',#12957,#12958,#12959);
#12957 = CARTESIAN_POINT('',(1.9,0.975,0.));
#12958 = DIRECTION('',(0.,0.,1.));
#12959 = DIRECTION('',(-2.334869823773E-16,1.,0.));
#12960 = ADVANCED_FACE('',(#12961),#12967,.F.);
#12961 = FACE_BOUND('',#12962,.F.);
#12962 = EDGE_LOOP('',(#12963,#12964,#12965,#12966));
#12963 = ORIENTED_EDGE('',*,*,#11358,.T.);
#12964 = ORIENTED_EDGE('',*,*,#11315,.T.);
#12965 = ORIENTED_EDGE('',*,*,#11285,.F.);
#12966 = ORIENTED_EDGE('',*,*,#12950,.F.);
#12967 = PLANE('',#12968);
#12968 = AXIS2_PLACEMENT_3D('',#12969,#12970,#12971);
#12969 = CARTESIAN_POINT('',(2.,0.85,0.));
#12970 = DIRECTION('',(-1.,-2.334869823773E-16,0.));
#12971 = DIRECTION('',(-2.334869823773E-16,1.,0.));
#12972 = ADVANCED_FACE('',(#12973),#12984,.F.);
#12973 = FACE_BOUND('',#12974,.F.);
#12974 = EDGE_LOOP('',(#12975,#12976,#12977,#12978));
#12975 = ORIENTED_EDGE('',*,*,#11372,.T.);
#12976 = ORIENTED_EDGE('',*,*,#12524,.T.);
#12977 = ORIENTED_EDGE('',*,*,#11436,.T.);
#12978 = ORIENTED_EDGE('',*,*,#12979,.T.);
#12979 = EDGE_CURVE('',#11439,#11373,#12980,.T.);
#12980 = LINE('',#12981,#12982);
#12981 = CARTESIAN_POINT('',(2.,0.2,0.));
#12982 = VECTOR('',#12983,1.);
#12983 = DIRECTION('',(-2.334869823773E-16,1.,0.));
#12984 = PLANE('',#12985);
#12985 = AXIS2_PLACEMENT_3D('',#12986,#12987,#12988);
#12986 = CARTESIAN_POINT('',(1.9,0.325,0.));
#12987 = DIRECTION('',(0.,0.,1.));
#12988 = DIRECTION('',(-2.334869823773E-16,1.,0.));
#12989 = ADVANCED_FACE('',(#12990),#12996,.F.);
#12990 = FACE_BOUND('',#12991,.F.);
#12991 = EDGE_LOOP('',(#12992,#12993,#12994,#12995));
#12992 = ORIENTED_EDGE('',*,*,#11455,.T.);
#12993 = ORIENTED_EDGE('',*,*,#11412,.T.);
#12994 = ORIENTED_EDGE('',*,*,#11382,.F.);
#12995 = ORIENTED_EDGE('',*,*,#12979,.F.);
#12996 = PLANE('',#12997);
#12997 = AXIS2_PLACEMENT_3D('',#12998,#12999,#13000);
#12998 = CARTESIAN_POINT('',(2.,0.2,0.));
#12999 = DIRECTION('',(-1.,-2.334869823773E-16,0.));
#13000 = DIRECTION('',(-2.334869823773E-16,1.,0.));
#13001 = ADVANCED_FACE('',(#13002),#13013,.F.);
#13002 = FACE_BOUND('',#13003,.F.);
#13003 = EDGE_LOOP('',(#13004,#13005,#13006,#13007));
#13004 = ORIENTED_EDGE('',*,*,#11469,.T.);
#13005 = ORIENTED_EDGE('',*,*,#12541,.T.);
#13006 = ORIENTED_EDGE('',*,*,#11533,.T.);
#13007 = ORIENTED_EDGE('',*,*,#13008,.T.);
#13008 = EDGE_CURVE('',#11536,#11470,#13009,.T.);
#13009 = LINE('',#13010,#13011);
#13010 = CARTESIAN_POINT('',(2.,-0.45,0.));
#13011 = VECTOR('',#13012,1.);
#13012 = DIRECTION('',(-2.334869823773E-16,1.,0.));
#13013 = PLANE('',#13014);
#13014 = AXIS2_PLACEMENT_3D('',#13015,#13016,#13017);
#13015 = CARTESIAN_POINT('',(1.9,-0.325,0.));
#13016 = DIRECTION('',(0.,0.,1.));
#13017 = DIRECTION('',(-2.334869823773E-16,1.,0.));
#13018 = ADVANCED_FACE('',(#13019),#13025,.F.);
#13019 = FACE_BOUND('',#13020,.F.);
#13020 = EDGE_LOOP('',(#13021,#13022,#13023,#13024));
#13021 = ORIENTED_EDGE('',*,*,#11552,.T.);
#13022 = ORIENTED_EDGE('',*,*,#11509,.T.);
#13023 = ORIENTED_EDGE('',*,*,#11479,.F.);
#13024 = ORIENTED_EDGE('',*,*,#13008,.F.);
#13025 = PLANE('',#13026);
#13026 = AXIS2_PLACEMENT_3D('',#13027,#13028,#13029);
#13027 = CARTESIAN_POINT('',(2.,-0.45,0.));
#13028 = DIRECTION('',(-1.,-2.334869823773E-16,0.));
#13029 = DIRECTION('',(-2.334869823773E-16,1.,0.));
#13030 = ADVANCED_FACE('',(#13031),#13042,.F.);
#13031 = FACE_BOUND('',#13032,.F.);
#13032 = EDGE_LOOP('',(#13033,#13034,#13035,#13036));
#13033 = ORIENTED_EDGE('',*,*,#11566,.T.);
#13034 = ORIENTED_EDGE('',*,*,#12558,.T.);
#13035 = ORIENTED_EDGE('',*,*,#11630,.T.);
#13036 = ORIENTED_EDGE('',*,*,#13037,.T.);
#13037 = EDGE_CURVE('',#11633,#11567,#13038,.T.);
#13038 = LINE('',#13039,#13040);
#13039 = CARTESIAN_POINT('',(2.,-1.1,0.));
#13040 = VECTOR('',#13041,1.);
#13041 = DIRECTION('',(-2.334869823773E-16,1.,0.));
#13042 = PLANE('',#13043);
#13043 = AXIS2_PLACEMENT_3D('',#13044,#13045,#13046);
#13044 = CARTESIAN_POINT('',(1.9,-0.975,0.));
#13045 = DIRECTION('',(0.,0.,1.));
#13046 = DIRECTION('',(-2.334869823773E-16,1.,0.));
#13047 = ADVANCED_FACE('',(#13048),#13054,.F.);
#13048 = FACE_BOUND('',#13049,.F.);
#13049 = EDGE_LOOP('',(#13050,#13051,#13052,#13053));
#13050 = ORIENTED_EDGE('',*,*,#11649,.T.);
#13051 = ORIENTED_EDGE('',*,*,#11606,.T.);
#13052 = ORIENTED_EDGE('',*,*,#11576,.F.);
#13053 = ORIENTED_EDGE('',*,*,#13037,.F.);
#13054 = PLANE('',#13055);
#13055 = AXIS2_PLACEMENT_3D('',#13056,#13057,#13058);
#13056 = CARTESIAN_POINT('',(2.,-1.1,0.));
#13057 = DIRECTION('',(-1.,-2.334869823773E-16,0.));
#13058 = DIRECTION('',(-2.334869823773E-16,1.,0.));
#13059 = ADVANCED_FACE('',(#13060),#13071,.F.);
#13060 = FACE_BOUND('',#13061,.F.);
#13061 = EDGE_LOOP('',(#13062,#13063,#13064,#13065));
#13062 = ORIENTED_EDGE('',*,*,#11727,.T.);
#13063 = ORIENTED_EDGE('',*,*,#12694,.T.);
#13064 = ORIENTED_EDGE('',*,*,#11663,.T.);
#13065 = ORIENTED_EDGE('',*,*,#13066,.T.);
#13066 = EDGE_CURVE('',#11666,#11728,#13067,.T.);
#13067 = LINE('',#13068,#13069);
#13068 = CARTESIAN_POINT('',(-2.,1.1,0.));
#13069 = VECTOR('',#13070,1.);
#13070 = DIRECTION('',(1.110223024625E-16,-1.,0.));
#13071 = PLANE('',#13072);
#13072 = AXIS2_PLACEMENT_3D('',#13073,#13074,#13075);
#13073 = CARTESIAN_POINT('',(-1.9,0.975,0.));
#13074 = DIRECTION('',(0.,0.,1.));
#13075 = DIRECTION('',(1.110223024625E-16,-1.,0.));
#13076 = ADVANCED_FACE('',(#13077),#13083,.F.);
#13077 = FACE_BOUND('',#13078,.F.);
#13078 = EDGE_LOOP('',(#13079,#13080,#13081,#13082));
#13079 = ORIENTED_EDGE('',*,*,#11689,.T.);
#13080 = ORIENTED_EDGE('',*,*,#11703,.T.);
#13081 = ORIENTED_EDGE('',*,*,#11737,.F.);
#13082 = ORIENTED_EDGE('',*,*,#13066,.F.);
#13083 = PLANE('',#13084);
#13084 = AXIS2_PLACEMENT_3D('',#13085,#13086,#13087);
#13085 = CARTESIAN_POINT('',(-2.,1.1,0.));
#13086 = DIRECTION('',(1.,1.110223024625E-16,0.));
#13087 = DIRECTION('',(1.110223024625E-16,-1.,0.));
#13088 = ADVANCED_FACE('',(#13089),#13100,.F.);
#13089 = FACE_BOUND('',#13090,.F.);
#13090 = EDGE_LOOP('',(#13091,#13092,#13093,#13094));
#13091 = ORIENTED_EDGE('',*,*,#11824,.T.);
#13092 = ORIENTED_EDGE('',*,*,#12677,.T.);
#13093 = ORIENTED_EDGE('',*,*,#11760,.T.);
#13094 = ORIENTED_EDGE('',*,*,#13095,.T.);
#13095 = EDGE_CURVE('',#11763,#11825,#13096,.T.);
#13096 = LINE('',#13097,#13098);
#13097 = CARTESIAN_POINT('',(-2.,0.45,0.));
#13098 = VECTOR('',#13099,1.);
#13099 = DIRECTION('',(1.110223024625E-16,-1.,0.));
#13100 = PLANE('',#13101);
#13101 = AXIS2_PLACEMENT_3D('',#13102,#13103,#13104);
#13102 = CARTESIAN_POINT('',(-1.9,0.325,0.));
#13103 = DIRECTION('',(0.,0.,1.));
#13104 = DIRECTION('',(1.110223024625E-16,-1.,0.));
#13105 = ADVANCED_FACE('',(#13106),#13112,.F.);
#13106 = FACE_BOUND('',#13107,.F.);
#13107 = EDGE_LOOP('',(#13108,#13109,#13110,#13111));
#13108 = ORIENTED_EDGE('',*,*,#11786,.T.);
#13109 = ORIENTED_EDGE('',*,*,#11800,.T.);
#13110 = ORIENTED_EDGE('',*,*,#11834,.F.);
#13111 = ORIENTED_EDGE('',*,*,#13095,.F.);
#13112 = PLANE('',#13113);
#13113 = AXIS2_PLACEMENT_3D('',#13114,#13115,#13116);
#13114 = CARTESIAN_POINT('',(-2.,0.45,0.));
#13115 = DIRECTION('',(1.,1.110223024625E-16,0.));
#13116 = DIRECTION('',(1.110223024625E-16,-1.,0.));
#13117 = ADVANCED_FACE('',(#13118),#13129,.F.);
#13118 = FACE_BOUND('',#13119,.F.);
#13119 = EDGE_LOOP('',(#13120,#13121,#13122,#13123));
#13120 = ORIENTED_EDGE('',*,*,#11921,.T.);
#13121 = ORIENTED_EDGE('',*,*,#12660,.T.);
#13122 = ORIENTED_EDGE('',*,*,#11857,.T.);
#13123 = ORIENTED_EDGE('',*,*,#13124,.T.);
#13124 = EDGE_CURVE('',#11860,#11922,#13125,.T.);
#13125 = LINE('',#13126,#13127);
#13126 = CARTESIAN_POINT('',(-2.,-0.2,0.));
#13127 = VECTOR('',#13128,1.);
#13128 = DIRECTION('',(1.110223024625E-16,-1.,0.));
#13129 = PLANE('',#13130);
#13130 = AXIS2_PLACEMENT_3D('',#13131,#13132,#13133);
#13131 = CARTESIAN_POINT('',(-1.9,-0.325,0.));
#13132 = DIRECTION('',(0.,0.,1.));
#13133 = DIRECTION('',(1.110223024625E-16,-1.,0.));
#13134 = ADVANCED_FACE('',(#13135),#13141,.F.);
#13135 = FACE_BOUND('',#13136,.F.);
#13136 = EDGE_LOOP('',(#13137,#13138,#13139,#13140));
#13137 = ORIENTED_EDGE('',*,*,#11883,.T.);
#13138 = ORIENTED_EDGE('',*,*,#11897,.T.);
#13139 = ORIENTED_EDGE('',*,*,#11931,.F.);
#13140 = ORIENTED_EDGE('',*,*,#13124,.F.);
#13141 = PLANE('',#13142);
#13142 = AXIS2_PLACEMENT_3D('',#13143,#13144,#13145);
#13143 = CARTESIAN_POINT('',(-2.,-0.2,0.));
#13144 = DIRECTION('',(1.,1.110223024625E-16,0.));
#13145 = DIRECTION('',(1.110223024625E-16,-1.,0.));
#13146 = ADVANCED_FACE('',(#13147),#13158,.F.);
#13147 = FACE_BOUND('',#13148,.F.);
#13148 = EDGE_LOOP('',(#13149,#13150,#13151,#13152));
#13149 = ORIENTED_EDGE('',*,*,#12018,.T.);
#13150 = ORIENTED_EDGE('',*,*,#12643,.T.);
#13151 = ORIENTED_EDGE('',*,*,#11954,.T.);
#13152 = ORIENTED_EDGE('',*,*,#13153,.T.);
#13153 = EDGE_CURVE('',#11957,#12019,#13154,.T.);
#13154 = LINE('',#13155,#13156);
#13155 = CARTESIAN_POINT('',(-2.,-0.85,0.));
#13156 = VECTOR('',#13157,1.);
#13157 = DIRECTION('',(1.110223024625E-16,-1.,0.));
#13158 = PLANE('',#13159);
#13159 = AXIS2_PLACEMENT_3D('',#13160,#13161,#13162);
#13160 = CARTESIAN_POINT('',(-1.9,-0.975,0.));
#13161 = DIRECTION('',(0.,0.,1.));
#13162 = DIRECTION('',(1.110223024625E-16,-1.,0.));
#13163 = ADVANCED_FACE('',(#13164),#13170,.F.);
#13164 = FACE_BOUND('',#13165,.F.);
#13165 = EDGE_LOOP('',(#13166,#13167,#13168,#13169));
#13166 = ORIENTED_EDGE('',*,*,#11980,.T.);
#13167 = ORIENTED_EDGE('',*,*,#11994,.T.);
#13168 = ORIENTED_EDGE('',*,*,#12028,.F.);
#13169 = ORIENTED_EDGE('',*,*,#13153,.F.);
#13170 = PLANE('',#13171);
#13171 = AXIS2_PLACEMENT_3D('',#13172,#13173,#13174);
#13172 = CARTESIAN_POINT('',(-2.,-0.85,0.));
#13173 = DIRECTION('',(1.,1.110223024625E-16,0.));
#13174 = DIRECTION('',(1.110223024625E-16,-1.,0.));
#13175 = ADVANCED_FACE('',(#13176),#13187,.F.);
#13176 = FACE_BOUND('',#13177,.F.);
#13177 = EDGE_LOOP('',(#13178,#13179,#13180,#13181));
#13178 = ORIENTED_EDGE('',*,*,#12051,.T.);
#13179 = ORIENTED_EDGE('',*,*,#12575,.T.);
#13180 = ORIENTED_EDGE('',*,*,#12115,.T.);
#13181 = ORIENTED_EDGE('',*,*,#13182,.T.);
#13182 = EDGE_CURVE('',#12118,#12052,#13183,.T.);
#13183 = LINE('',#13184,#13185);
#13184 = CARTESIAN_POINT('',(0.85,-2.,0.));
#13185 = VECTOR('',#13186,1.);
#13186 = DIRECTION('',(1.,1.144237745222E-17,0.));
#13187 = PLANE('',#13188);
#13188 = AXIS2_PLACEMENT_3D('',#13189,#13190,#13191);
#13189 = CARTESIAN_POINT('',(0.975,-1.9,0.));
#13190 = DIRECTION('',(0.,0.,1.));
#13191 = DIRECTION('',(1.,1.144237745222E-17,-0.));
#13192 = ADVANCED_FACE('',(#13193),#13199,.F.);
#13193 = FACE_BOUND('',#13194,.F.);
#13194 = EDGE_LOOP('',(#13195,#13196,#13197,#13198));
#13195 = ORIENTED_EDGE('',*,*,#12134,.T.);
#13196 = ORIENTED_EDGE('',*,*,#12091,.T.);
#13197 = ORIENTED_EDGE('',*,*,#12061,.F.);
#13198 = ORIENTED_EDGE('',*,*,#13182,.F.);
#13199 = PLANE('',#13200);
#13200 = AXIS2_PLACEMENT_3D('',#13201,#13202,#13203);
#13201 = CARTESIAN_POINT('',(0.85,-2.,0.));
#13202 = DIRECTION('',(-1.144237745222E-17,1.,0.));
#13203 = DIRECTION('',(1.,1.144237745222E-17,0.));
#13204 = ADVANCED_FACE('',(#13205),#13216,.F.);
#13205 = FACE_BOUND('',#13206,.F.);
#13206 = EDGE_LOOP('',(#13207,#13208,#13209,#13210));
#13207 = ORIENTED_EDGE('',*,*,#12148,.T.);
#13208 = ORIENTED_EDGE('',*,*,#12592,.T.);
#13209 = ORIENTED_EDGE('',*,*,#12212,.T.);
#13210 = ORIENTED_EDGE('',*,*,#13211,.T.);
#13211 = EDGE_CURVE('',#12215,#12149,#13212,.T.);
#13212 = LINE('',#13213,#13214);
#13213 = CARTESIAN_POINT('',(0.2,-2.,0.));
#13214 = VECTOR('',#13215,1.);
#13215 = DIRECTION('',(1.,1.144237745222E-17,0.));
#13216 = PLANE('',#13217);
#13217 = AXIS2_PLACEMENT_3D('',#13218,#13219,#13220);
#13218 = CARTESIAN_POINT('',(0.325,-1.9,0.));
#13219 = DIRECTION('',(0.,0.,1.));
#13220 = DIRECTION('',(1.,1.144237745222E-17,-0.));
#13221 = ADVANCED_FACE('',(#13222),#13228,.F.);
#13222 = FACE_BOUND('',#13223,.F.);
#13223 = EDGE_LOOP('',(#13224,#13225,#13226,#13227));
#13224 = ORIENTED_EDGE('',*,*,#12231,.T.);
#13225 = ORIENTED_EDGE('',*,*,#12188,.T.);
#13226 = ORIENTED_EDGE('',*,*,#12158,.F.);
#13227 = ORIENTED_EDGE('',*,*,#13211,.F.);
#13228 = PLANE('',#13229);
#13229 = AXIS2_PLACEMENT_3D('',#13230,#13231,#13232);
#13230 = CARTESIAN_POINT('',(0.2,-2.,0.));
#13231 = DIRECTION('',(-1.144237745222E-17,1.,0.));
#13232 = DIRECTION('',(1.,1.144237745222E-17,0.));
#13233 = ADVANCED_FACE('',(#13234),#13245,.F.);
#13234 = FACE_BOUND('',#13235,.F.);
#13235 = EDGE_LOOP('',(#13236,#13237,#13238,#13239));
#13236 = ORIENTED_EDGE('',*,*,#12245,.T.);
#13237 = ORIENTED_EDGE('',*,*,#12609,.T.);
#13238 = ORIENTED_EDGE('',*,*,#12309,.T.);
#13239 = ORIENTED_EDGE('',*,*,#13240,.T.);
#13240 = EDGE_CURVE('',#12312,#12246,#13241,.T.);
#13241 = LINE('',#13242,#13243);
#13242 = CARTESIAN_POINT('',(-0.45,-2.,0.));
#13243 = VECTOR('',#13244,1.);
#13244 = DIRECTION('',(1.,1.144237745222E-17,0.));
#13245 = PLANE('',#13246);
#13246 = AXIS2_PLACEMENT_3D('',#13247,#13248,#13249);
#13247 = CARTESIAN_POINT('',(-0.325,-1.9,0.));
#13248 = DIRECTION('',(0.,0.,1.));
#13249 = DIRECTION('',(1.,1.144237745222E-17,-0.));
#13250 = ADVANCED_FACE('',(#13251),#13257,.F.);
#13251 = FACE_BOUND('',#13252,.F.);
#13252 = EDGE_LOOP('',(#13253,#13254,#13255,#13256));
#13253 = ORIENTED_EDGE('',*,*,#12328,.T.);
#13254 = ORIENTED_EDGE('',*,*,#12285,.T.);
#13255 = ORIENTED_EDGE('',*,*,#12255,.F.);
#13256 = ORIENTED_EDGE('',*,*,#13240,.F.);
#13257 = PLANE('',#13258);
#13258 = AXIS2_PLACEMENT_3D('',#13259,#13260,#13261);
#13259 = CARTESIAN_POINT('',(-0.45,-2.,0.));
#13260 = DIRECTION('',(-1.144237745222E-17,1.,0.));
#13261 = DIRECTION('',(1.,1.144237745222E-17,0.));
#13262 = ADVANCED_FACE('',(#13263),#13274,.F.);
#13263 = FACE_BOUND('',#13264,.F.);
#13264 = EDGE_LOOP('',(#13265,#13266,#13267,#13268));
#13265 = ORIENTED_EDGE('',*,*,#12342,.T.);
#13266 = ORIENTED_EDGE('',*,*,#12626,.T.);
#13267 = ORIENTED_EDGE('',*,*,#12406,.T.);
#13268 = ORIENTED_EDGE('',*,*,#13269,.T.);
#13269 = EDGE_CURVE('',#12409,#12343,#13270,.T.);
#13270 = LINE('',#13271,#13272);
#13271 = CARTESIAN_POINT('',(-1.1,-2.,0.));
#13272 = VECTOR('',#13273,1.);
#13273 = DIRECTION('',(1.,1.144237745222E-17,0.));
#13274 = PLANE('',#13275);
#13275 = AXIS2_PLACEMENT_3D('',#13276,#13277,#13278);
#13276 = CARTESIAN_POINT('',(-0.975,-1.9,0.));
#13277 = DIRECTION('',(0.,0.,1.));
#13278 = DIRECTION('',(1.,1.144237745222E-17,-0.));
#13279 = ADVANCED_FACE('',(#13280),#13286,.F.);
#13280 = FACE_BOUND('',#13281,.F.);
#13281 = EDGE_LOOP('',(#13282,#13283,#13284,#13285));
#13282 = ORIENTED_EDGE('',*,*,#12425,.T.);
#13283 = ORIENTED_EDGE('',*,*,#12382,.T.);
#13284 = ORIENTED_EDGE('',*,*,#12352,.F.);
#13285 = ORIENTED_EDGE('',*,*,#13269,.F.);
#13286 = PLANE('',#13287);
#13287 = AXIS2_PLACEMENT_3D('',#13288,#13289,#13290);
#13288 = CARTESIAN_POINT('',(-1.1,-2.,0.));
#13289 = DIRECTION('',(-1.144237745222E-17,1.,0.));
#13290 = DIRECTION('',(1.,1.144237745222E-17,0.));
#13291 = ADVANCED_FACE('',(#13292),#13299,.F.);
#13292 = FACE_BOUND('',#13293,.F.);
#13293 = EDGE_LOOP('',(#13294,#13295,#13296,#13297,#13298));
#13294 = ORIENTED_EDGE('',*,*,#12814,.T.);
#13295 = ORIENTED_EDGE('',*,*,#12711,.T.);
#13296 = ORIENTED_EDGE('',*,*,#12742,.T.);
#13297 = ORIENTED_EDGE('',*,*,#12766,.T.);
#13298 = ORIENTED_EDGE('',*,*,#12790,.T.);
#13299 = PLANE('',#13300);
#13300 = AXIS2_PLACEMENT_3D('',#13301,#13302,#13303);
#13301 = CARTESIAN_POINT('',(1.977247297688E-02,-1.977247297688E-02,0.)
  );
#13302 = DIRECTION('',(0.,0.,1.));
#13303 = DIRECTION('',(1.110223024625E-16,-1.,0.));
#13304 = ( GEOMETRIC_REPRESENTATION_CONTEXT(3) 
GLOBAL_UNCERTAINTY_ASSIGNED_CONTEXT((#13308)) 
GLOBAL_UNIT_ASSIGNED_CONTEXT((#13305,#13306,#13307)) 
REPRESENTATION_CONTEXT('Context #1',
  '3D Context with UNIT and UNCERTAINTY') );
#13305 = ( LENGTH_UNIT() NAMED_UNIT(*) SI_UNIT(.MILLI.,.METRE.) );
#13306 = ( NAMED_UNIT(*) PLANE_ANGLE_UNIT() SI_UNIT($,.RADIAN.) );
#13307 = ( NAMED_UNIT(*) SI_UNIT($,.STERADIAN.) SOLID_ANGLE_UNIT() );
#13308 = UNCERTAINTY_MEASURE_WITH_UNIT(LENGTH_MEASURE(1.E-07),#13305,
  'distance_accuracy_value','confusion accuracy');
#13309 = CONTEXT_DEPENDENT_SHAPE_REPRESENTATION(#13310,#13312);
#13310 = ( REPRESENTATION_RELATIONSHIP('','',#9765,#10) 
REPRESENTATION_RELATIONSHIP_WITH_TRANSFORMATION(#13311) 
SHAPE_REPRESENTATION_RELATIONSHIP() );
#13311 = ITEM_DEFINED_TRANSFORMATION('','',#11,#63);
#13312 = PRODUCT_DEFINITION_SHAPE('Placement','Placement of an item',
  #13313);
#13313 = NEXT_ASSEMBLY_USAGE_OCCURRENCE('13','U3','',#5,#9760,$);
#13314 = PRODUCT_RELATED_PRODUCT_CATEGORY('part',$,(#9762));
#13315 = SHAPE_DEFINITION_REPRESENTATION(#13316,#13322);
#13316 = PRODUCT_DEFINITION_SHAPE('','',#13317);
#13317 = PRODUCT_DEFINITION('design','',#13318,#13321);
#13318 = PRODUCT_DEFINITION_FORMATION('','',#13319);
#13319 = PRODUCT('L_APV_APH0620','L_APV_APH0620','',(#13320));
#13320 = PRODUCT_CONTEXT('',#2,'mechanical');
#13321 = PRODUCT_DEFINITION_CONTEXT('part definition',#2,'design');
#13322 = ADVANCED_BREP_SHAPE_REPRESENTATION('',(#11,#13323),#14107);
#13323 = MANIFOLD_SOLID_BREP('',#13324);
#13324 = CLOSED_SHELL('',(#13325,#13397,#13430,#13463,#13577,#13608,
    #13632,#13656,#13681,#13698,#13729,#13746,#13770,#13789,#13814,
    #13861,#13894,#13919,#13936,#13948,#13966,#13984,#14008,#14019,
    #14043,#14067,#14084,#14096));
#13325 = ADVANCED_FACE('',(#13326),#13392,.F.);
#13326 = FACE_BOUND('',#13327,.F.);
#13327 = EDGE_LOOP('',(#13328,#13338,#13346,#13354,#13362,#13370,#13378,
    #13386));
#13328 = ORIENTED_EDGE('',*,*,#13329,.T.);
#13329 = EDGE_CURVE('',#13330,#13332,#13334,.T.);
#13330 = VERTEX_POINT('',#13331);
#13331 = CARTESIAN_POINT('',(-3.4,2.97,1.47));
#13332 = VERTEX_POINT('',#13333);
#13333 = CARTESIAN_POINT('',(-3.4,-2.97,1.47));
#13334 = LINE('',#13335,#13336);
#13335 = CARTESIAN_POINT('',(-3.4,2.97,1.47));
#13336 = VECTOR('',#13337,1.);
#13337 = DIRECTION('',(-0.,-1.,-0.));
#13338 = ORIENTED_EDGE('',*,*,#13339,.F.);
#13339 = EDGE_CURVE('',#13340,#13332,#13342,.T.);
#13340 = VERTEX_POINT('',#13341);
#13341 = CARTESIAN_POINT('',(-3.4,-2.97,0.));
#13342 = LINE('',#13343,#13344);
#13343 = CARTESIAN_POINT('',(-3.4,-2.97,0.));
#13344 = VECTOR('',#13345,1.);
#13345 = DIRECTION('',(0.,0.,1.));
#13346 = ORIENTED_EDGE('',*,*,#13347,.T.);
#13347 = EDGE_CURVE('',#13340,#13348,#13350,.T.);
#13348 = VERTEX_POINT('',#13349);
#13349 = CARTESIAN_POINT('',(-3.4,-1.5,0.));
#13350 = LINE('',#13351,#13352);
#13351 = CARTESIAN_POINT('',(-3.4,-3.3,0.));
#13352 = VECTOR('',#13353,1.);
#13353 = DIRECTION('',(0.,1.,0.));
#13354 = ORIENTED_EDGE('',*,*,#13355,.T.);
#13355 = EDGE_CURVE('',#13348,#13356,#13358,.T.);
#13356 = VERTEX_POINT('',#13357);
#13357 = CARTESIAN_POINT('',(-3.4,-1.5,0.54));
#13358 = LINE('',#13359,#13360);
#13359 = CARTESIAN_POINT('',(-3.4,-1.5,0.));
#13360 = VECTOR('',#13361,1.);
#13361 = DIRECTION('',(0.,0.,1.));
#13362 = ORIENTED_EDGE('',*,*,#13363,.F.);
#13363 = EDGE_CURVE('',#13364,#13356,#13366,.T.);
#13364 = VERTEX_POINT('',#13365);
#13365 = CARTESIAN_POINT('',(-3.4,1.5,0.54));
#13366 = LINE('',#13367,#13368);
#13367 = CARTESIAN_POINT('',(-3.4,-2.4,0.54));
#13368 = VECTOR('',#13369,1.);
#13369 = DIRECTION('',(0.,-1.,0.));
#13370 = ORIENTED_EDGE('',*,*,#13371,.F.);
#13371 = EDGE_CURVE('',#13372,#13364,#13374,.T.);
#13372 = VERTEX_POINT('',#13373);
#13373 = CARTESIAN_POINT('',(-3.4,1.5,0.));
#13374 = LINE('',#13375,#13376);
#13375 = CARTESIAN_POINT('',(-3.4,1.5,0.));
#13376 = VECTOR('',#13377,1.);
#13377 = DIRECTION('',(0.,0.,1.));
#13378 = ORIENTED_EDGE('',*,*,#13379,.T.);
#13379 = EDGE_CURVE('',#13372,#13380,#13382,.T.);
#13380 = VERTEX_POINT('',#13381);
#13381 = CARTESIAN_POINT('',(-3.4,2.97,0.));
#13382 = LINE('',#13383,#13384);
#13383 = CARTESIAN_POINT('',(-3.4,-3.3,0.));
#13384 = VECTOR('',#13385,1.);
#13385 = DIRECTION('',(0.,1.,0.));
#13386 = ORIENTED_EDGE('',*,*,#13387,.T.);
#13387 = EDGE_CURVE('',#13380,#13330,#13388,.T.);
#13388 = LINE('',#13389,#13390);
#13389 = CARTESIAN_POINT('',(-3.4,2.97,0.));
#13390 = VECTOR('',#13391,1.);
#13391 = DIRECTION('',(0.,0.,1.));
#13392 = PLANE('',#13393);
#13393 = AXIS2_PLACEMENT_3D('',#13394,#13395,#13396);
#13394 = CARTESIAN_POINT('',(-3.4,-3.3,0.));
#13395 = DIRECTION('',(1.,0.,0.));
#13396 = DIRECTION('',(0.,0.,1.));
#13397 = ADVANCED_FACE('',(#13398),#13425,.T.);
#13398 = FACE_BOUND('',#13399,.T.);
#13399 = EDGE_LOOP('',(#13400,#13409,#13410,#13419));
#13400 = ORIENTED_EDGE('',*,*,#13401,.T.);
#13401 = EDGE_CURVE('',#13402,#13330,#13404,.T.);
#13402 = VERTEX_POINT('',#13403);
#13403 = CARTESIAN_POINT('',(-3.07,2.97,1.8));
#13404 = CIRCLE('',#13405,0.33);
#13405 = AXIS2_PLACEMENT_3D('',#13406,#13407,#13408);
#13406 = CARTESIAN_POINT('',(-3.07,2.97,1.47));
#13407 = DIRECTION('',(-6.123233995737E-17,-1.,-0.));
#13408 = DIRECTION('',(-1.,6.123233995737E-17,0.));
#13409 = ORIENTED_EDGE('',*,*,#13329,.T.);
#13410 = ORIENTED_EDGE('',*,*,#13411,.F.);
#13411 = EDGE_CURVE('',#13412,#13332,#13414,.T.);
#13412 = VERTEX_POINT('',#13413);
#13413 = CARTESIAN_POINT('',(-3.07,-2.97,1.8));
#13414 = CIRCLE('',#13415,0.33);
#13415 = AXIS2_PLACEMENT_3D('',#13416,#13417,#13418);
#13416 = CARTESIAN_POINT('',(-3.07,-2.97,1.47));
#13417 = DIRECTION('',(0.,-1.,0.));
#13418 = DIRECTION('',(0.,0.,1.));
#13419 = ORIENTED_EDGE('',*,*,#13420,.F.);
#13420 = EDGE_CURVE('',#13402,#13412,#13421,.T.);
#13421 = LINE('',#13422,#13423);
#13422 = CARTESIAN_POINT('',(-3.07,2.97,1.8));
#13423 = VECTOR('',#13424,1.);
#13424 = DIRECTION('',(-0.,-1.,-0.));
#13425 = CYLINDRICAL_SURFACE('',#13426,0.33);
#13426 = AXIS2_PLACEMENT_3D('',#13427,#13428,#13429);
#13427 = CARTESIAN_POINT('',(-3.07,2.97,1.47));
#13428 = DIRECTION('',(-0.,-1.,-0.));
#13429 = DIRECTION('',(0.,0.,1.));
#13430 = ADVANCED_FACE('',(#13431),#13458,.T.);
#13431 = FACE_BOUND('',#13432,.T.);
#13432 = EDGE_LOOP('',(#13433,#13442,#13450,#13457));
#13433 = ORIENTED_EDGE('',*,*,#13434,.F.);
#13434 = EDGE_CURVE('',#13435,#13330,#13437,.T.);
#13435 = VERTEX_POINT('',#13436);
#13436 = CARTESIAN_POINT('',(-3.07,3.3,1.47));
#13437 = CIRCLE('',#13438,0.33);
#13438 = AXIS2_PLACEMENT_3D('',#13439,#13440,#13441);
#13439 = CARTESIAN_POINT('',(-3.07,2.97,1.47));
#13440 = DIRECTION('',(0.,-0.,1.));
#13441 = DIRECTION('',(0.,1.,0.));
#13442 = ORIENTED_EDGE('',*,*,#13443,.F.);
#13443 = EDGE_CURVE('',#13444,#13435,#13446,.T.);
#13444 = VERTEX_POINT('',#13445);
#13445 = CARTESIAN_POINT('',(-3.07,3.3,0.));
#13446 = LINE('',#13447,#13448);
#13447 = CARTESIAN_POINT('',(-3.07,3.3,0.));
#13448 = VECTOR('',#13449,1.);
#13449 = DIRECTION('',(0.,0.,1.));
#13450 = ORIENTED_EDGE('',*,*,#13451,.F.);
#13451 = EDGE_CURVE('',#13380,#13444,#13452,.T.);
#13452 = CIRCLE('',#13453,0.33);
#13453 = AXIS2_PLACEMENT_3D('',#13454,#13455,#13456);
#13454 = CARTESIAN_POINT('',(-3.07,2.97,0.));
#13455 = DIRECTION('',(-0.,-0.,-1.));
#13456 = DIRECTION('',(0.,-1.,0.));
#13457 = ORIENTED_EDGE('',*,*,#13387,.T.);
#13458 = CYLINDRICAL_SURFACE('',#13459,0.33);
#13459 = AXIS2_PLACEMENT_3D('',#13460,#13461,#13462);
#13460 = CARTESIAN_POINT('',(-3.07,2.97,0.));
#13461 = DIRECTION('',(0.,0.,1.));
#13462 = DIRECTION('',(-1.,0.,0.));
#13463 = ADVANCED_FACE('',(#13464),#13572,.F.);
#13464 = FACE_BOUND('',#13465,.F.);
#13465 = EDGE_LOOP('',(#13466,#13467,#13476,#13484,#13493,#13501,#13509,
    #13517,#13525,#13533,#13542,#13548,#13549,#13550,#13558,#13566));
#13466 = ORIENTED_EDGE('',*,*,#13347,.F.);
#13467 = ORIENTED_EDGE('',*,*,#13468,.T.);
#13468 = EDGE_CURVE('',#13340,#13469,#13471,.T.);
#13469 = VERTEX_POINT('',#13470);
#13470 = CARTESIAN_POINT('',(-3.07,-3.3,0.));
#13471 = CIRCLE('',#13472,0.33);
#13472 = AXIS2_PLACEMENT_3D('',#13473,#13474,#13475);
#13473 = CARTESIAN_POINT('',(-3.07,-2.97,0.));
#13474 = DIRECTION('',(-0.,0.,1.));
#13475 = DIRECTION('',(0.,-1.,0.));
#13476 = ORIENTED_EDGE('',*,*,#13477,.T.);
#13477 = EDGE_CURVE('',#13469,#13478,#13480,.T.);
#13478 = VERTEX_POINT('',#13479);
#13479 = CARTESIAN_POINT('',(3.07,-3.3,0.));
#13480 = LINE('',#13481,#13482);
#13481 = CARTESIAN_POINT('',(-3.4,-3.3,0.));
#13482 = VECTOR('',#13483,1.);
#13483 = DIRECTION('',(1.,0.,0.));
#13484 = ORIENTED_EDGE('',*,*,#13485,.F.);
#13485 = EDGE_CURVE('',#13486,#13478,#13488,.T.);
#13486 = VERTEX_POINT('',#13487);
#13487 = CARTESIAN_POINT('',(3.4,-2.97,0.));
#13488 = CIRCLE('',#13489,0.33);
#13489 = AXIS2_PLACEMENT_3D('',#13490,#13491,#13492);
#13490 = CARTESIAN_POINT('',(3.07,-2.97,0.));
#13491 = DIRECTION('',(-0.,-0.,-1.));
#13492 = DIRECTION('',(0.,-1.,0.));
#13493 = ORIENTED_EDGE('',*,*,#13494,.T.);
#13494 = EDGE_CURVE('',#13486,#13495,#13497,.T.);
#13495 = VERTEX_POINT('',#13496);
#13496 = CARTESIAN_POINT('',(3.4,-1.5,0.));
#13497 = LINE('',#13498,#13499);
#13498 = CARTESIAN_POINT('',(3.4,-3.3,0.));
#13499 = VECTOR('',#13500,1.);
#13500 = DIRECTION('',(0.,1.,0.));
#13501 = ORIENTED_EDGE('',*,*,#13502,.F.);
#13502 = EDGE_CURVE('',#13503,#13495,#13505,.T.);
#13503 = VERTEX_POINT('',#13504);
#13504 = CARTESIAN_POINT('',(1.81,-1.5,0.));
#13505 = LINE('',#13506,#13507);
#13506 = CARTESIAN_POINT('',(1.81,-1.5,0.));
#13507 = VECTOR('',#13508,1.);
#13508 = DIRECTION('',(1.,0.,0.));
#13509 = ORIENTED_EDGE('',*,*,#13510,.T.);
#13510 = EDGE_CURVE('',#13503,#13511,#13513,.T.);
#13511 = VERTEX_POINT('',#13512);
#13512 = CARTESIAN_POINT('',(1.81,1.5,0.));
#13513 = LINE('',#13514,#13515);
#13514 = CARTESIAN_POINT('',(1.81,-1.5,0.));
#13515 = VECTOR('',#13516,1.);
#13516 = DIRECTION('',(0.,1.,0.));
#13517 = ORIENTED_EDGE('',*,*,#13518,.T.);
#13518 = EDGE_CURVE('',#13511,#13519,#13521,.T.);
#13519 = VERTEX_POINT('',#13520);
#13520 = CARTESIAN_POINT('',(3.4,1.5,0.));
#13521 = LINE('',#13522,#13523);
#13522 = CARTESIAN_POINT('',(1.81,1.5,0.));
#13523 = VECTOR('',#13524,1.);
#13524 = DIRECTION('',(1.,0.,0.));
#13525 = ORIENTED_EDGE('',*,*,#13526,.T.);
#13526 = EDGE_CURVE('',#13519,#13527,#13529,.T.);
#13527 = VERTEX_POINT('',#13528);
#13528 = CARTESIAN_POINT('',(3.4,2.97,0.));
#13529 = LINE('',#13530,#13531);
#13530 = CARTESIAN_POINT('',(3.4,-3.3,0.));
#13531 = VECTOR('',#13532,1.);
#13532 = DIRECTION('',(0.,1.,0.));
#13533 = ORIENTED_EDGE('',*,*,#13534,.T.);
#13534 = EDGE_CURVE('',#13527,#13535,#13537,.T.);
#13535 = VERTEX_POINT('',#13536);
#13536 = CARTESIAN_POINT('',(3.07,3.3,0.));
#13537 = CIRCLE('',#13538,0.33);
#13538 = AXIS2_PLACEMENT_3D('',#13539,#13540,#13541);
#13539 = CARTESIAN_POINT('',(3.07,2.97,0.));
#13540 = DIRECTION('',(-0.,0.,1.));
#13541 = DIRECTION('',(0.,-1.,0.));
#13542 = ORIENTED_EDGE('',*,*,#13543,.F.);
#13543 = EDGE_CURVE('',#13444,#13535,#13544,.T.);
#13544 = LINE('',#13545,#13546);
#13545 = CARTESIAN_POINT('',(-3.4,3.3,0.));
#13546 = VECTOR('',#13547,1.);
#13547 = DIRECTION('',(1.,0.,0.));
#13548 = ORIENTED_EDGE('',*,*,#13451,.F.);
#13549 = ORIENTED_EDGE('',*,*,#13379,.F.);
#13550 = ORIENTED_EDGE('',*,*,#13551,.T.);
#13551 = EDGE_CURVE('',#13372,#13552,#13554,.T.);
#13552 = VERTEX_POINT('',#13553);
#13553 = CARTESIAN_POINT('',(-1.81,1.5,0.));
#13554 = LINE('',#13555,#13556);
#13555 = CARTESIAN_POINT('',(-3.51,1.5,0.));
#13556 = VECTOR('',#13557,1.);
#13557 = DIRECTION('',(1.,0.,0.));
#13558 = ORIENTED_EDGE('',*,*,#13559,.F.);
#13559 = EDGE_CURVE('',#13560,#13552,#13562,.T.);
#13560 = VERTEX_POINT('',#13561);
#13561 = CARTESIAN_POINT('',(-1.81,-1.5,0.));
#13562 = LINE('',#13563,#13564);
#13563 = CARTESIAN_POINT('',(-1.81,-1.5,0.));
#13564 = VECTOR('',#13565,1.);
#13565 = DIRECTION('',(0.,1.,0.));
#13566 = ORIENTED_EDGE('',*,*,#13567,.F.);
#13567 = EDGE_CURVE('',#13348,#13560,#13568,.T.);
#13568 = LINE('',#13569,#13570);
#13569 = CARTESIAN_POINT('',(-3.51,-1.5,0.));
#13570 = VECTOR('',#13571,1.);
#13571 = DIRECTION('',(1.,0.,0.));
#13572 = PLANE('',#13573);
#13573 = AXIS2_PLACEMENT_3D('',#13574,#13575,#13576);
#13574 = CARTESIAN_POINT('',(-3.4,-3.3,0.));
#13575 = DIRECTION('',(0.,0.,1.));
#13576 = DIRECTION('',(1.,0.,-0.));
#13577 = ADVANCED_FACE('',(#13578),#13603,.T.);
#13578 = FACE_BOUND('',#13579,.T.);
#13579 = EDGE_LOOP('',(#13580,#13588,#13596,#13602));
#13580 = ORIENTED_EDGE('',*,*,#13581,.F.);
#13581 = EDGE_CURVE('',#13582,#13372,#13584,.T.);
#13582 = VERTEX_POINT('',#13583);
#13583 = CARTESIAN_POINT('',(-3.51,1.5,0.));
#13584 = LINE('',#13585,#13586);
#13585 = CARTESIAN_POINT('',(-3.51,1.5,0.));
#13586 = VECTOR('',#13587,1.);
#13587 = DIRECTION('',(1.,0.,0.));
#13588 = ORIENTED_EDGE('',*,*,#13589,.T.);
#13589 = EDGE_CURVE('',#13582,#13590,#13592,.T.);
#13590 = VERTEX_POINT('',#13591);
#13591 = CARTESIAN_POINT('',(-3.51,1.5,0.54));
#13592 = LINE('',#13593,#13594);
#13593 = CARTESIAN_POINT('',(-3.51,1.5,0.));
#13594 = VECTOR('',#13595,1.);
#13595 = DIRECTION('',(0.,0.,1.));
#13596 = ORIENTED_EDGE('',*,*,#13597,.T.);
#13597 = EDGE_CURVE('',#13590,#13364,#13598,.T.);
#13598 = LINE('',#13599,#13600);
#13599 = CARTESIAN_POINT('',(-3.51,1.5,0.54));
#13600 = VECTOR('',#13601,1.);
#13601 = DIRECTION('',(1.,0.,0.));
#13602 = ORIENTED_EDGE('',*,*,#13371,.F.);
#13603 = PLANE('',#13604);
#13604 = AXIS2_PLACEMENT_3D('',#13605,#13606,#13607);
#13605 = CARTESIAN_POINT('',(-3.51,1.5,0.));
#13606 = DIRECTION('',(0.,1.,0.));
#13607 = DIRECTION('',(0.,-0.,1.));
#13608 = ADVANCED_FACE('',(#13609),#13627,.T.);
#13609 = FACE_BOUND('',#13610,.T.);
#13610 = EDGE_LOOP('',(#13611,#13612,#13620,#13626));
#13611 = ORIENTED_EDGE('',*,*,#13597,.F.);
#13612 = ORIENTED_EDGE('',*,*,#13613,.F.);
#13613 = EDGE_CURVE('',#13614,#13590,#13616,.T.);
#13614 = VERTEX_POINT('',#13615);
#13615 = CARTESIAN_POINT('',(-3.51,-1.5,0.54));
#13616 = LINE('',#13617,#13618);
#13617 = CARTESIAN_POINT('',(-3.51,-1.5,0.54));
#13618 = VECTOR('',#13619,1.);
#13619 = DIRECTION('',(0.,1.,0.));
#13620 = ORIENTED_EDGE('',*,*,#13621,.T.);
#13621 = EDGE_CURVE('',#13614,#13356,#13622,.T.);
#13622 = LINE('',#13623,#13624);
#13623 = CARTESIAN_POINT('',(-3.51,-1.5,0.54));
#13624 = VECTOR('',#13625,1.);
#13625 = DIRECTION('',(1.,0.,0.));
#13626 = ORIENTED_EDGE('',*,*,#13363,.F.);
#13627 = PLANE('',#13628);
#13628 = AXIS2_PLACEMENT_3D('',#13629,#13630,#13631);
#13629 = CARTESIAN_POINT('',(-3.51,-1.5,0.54));
#13630 = DIRECTION('',(0.,0.,1.));
#13631 = DIRECTION('',(1.,0.,-0.));
#13632 = ADVANCED_FACE('',(#13633),#13651,.F.);
#13633 = FACE_BOUND('',#13634,.F.);
#13634 = EDGE_LOOP('',(#13635,#13643,#13649,#13650));
#13635 = ORIENTED_EDGE('',*,*,#13636,.F.);
#13636 = EDGE_CURVE('',#13637,#13348,#13639,.T.);
#13637 = VERTEX_POINT('',#13638);
#13638 = CARTESIAN_POINT('',(-3.51,-1.5,0.));
#13639 = LINE('',#13640,#13641);
#13640 = CARTESIAN_POINT('',(-3.51,-1.5,0.));
#13641 = VECTOR('',#13642,1.);
#13642 = DIRECTION('',(1.,0.,0.));
#13643 = ORIENTED_EDGE('',*,*,#13644,.T.);
#13644 = EDGE_CURVE('',#13637,#13614,#13645,.T.);
#13645 = LINE('',#13646,#13647);
#13646 = CARTESIAN_POINT('',(-3.51,-1.5,0.));
#13647 = VECTOR('',#13648,1.);
#13648 = DIRECTION('',(0.,0.,1.));
#13649 = ORIENTED_EDGE('',*,*,#13621,.T.);
#13650 = ORIENTED_EDGE('',*,*,#13355,.F.);
#13651 = PLANE('',#13652);
#13652 = AXIS2_PLACEMENT_3D('',#13653,#13654,#13655);
#13653 = CARTESIAN_POINT('',(-3.51,-1.5,0.));
#13654 = DIRECTION('',(0.,1.,0.));
#13655 = DIRECTION('',(0.,-0.,1.));
#13656 = ADVANCED_FACE('',(#13657),#13676,.T.);
#13657 = FACE_BOUND('',#13658,.T.);
#13658 = EDGE_LOOP('',(#13659,#13660,#13661,#13669));
#13659 = ORIENTED_EDGE('',*,*,#13339,.F.);
#13660 = ORIENTED_EDGE('',*,*,#13468,.T.);
#13661 = ORIENTED_EDGE('',*,*,#13662,.T.);
#13662 = EDGE_CURVE('',#13469,#13663,#13665,.T.);
#13663 = VERTEX_POINT('',#13664);
#13664 = CARTESIAN_POINT('',(-3.07,-3.3,1.47));
#13665 = LINE('',#13666,#13667);
#13666 = CARTESIAN_POINT('',(-3.07,-3.3,0.));
#13667 = VECTOR('',#13668,1.);
#13668 = DIRECTION('',(0.,0.,1.));
#13669 = ORIENTED_EDGE('',*,*,#13670,.F.);
#13670 = EDGE_CURVE('',#13332,#13663,#13671,.T.);
#13671 = CIRCLE('',#13672,0.33);
#13672 = AXIS2_PLACEMENT_3D('',#13673,#13674,#13675);
#13673 = CARTESIAN_POINT('',(-3.07,-2.97,1.47));
#13674 = DIRECTION('',(0.,0.,1.));
#13675 = DIRECTION('',(-1.,0.,0.));
#13676 = CYLINDRICAL_SURFACE('',#13677,0.33);
#13677 = AXIS2_PLACEMENT_3D('',#13678,#13679,#13680);
#13678 = CARTESIAN_POINT('',(-3.07,-2.97,0.));
#13679 = DIRECTION('',(0.,0.,1.));
#13680 = DIRECTION('',(-1.,0.,0.));
#13681 = ADVANCED_FACE('',(#13682),#13693,.T.);
#13682 = FACE_BOUND('',#13683,.T.);
#13683 = EDGE_LOOP('',(#13684,#13685,#13686));
#13684 = ORIENTED_EDGE('',*,*,#13434,.T.);
#13685 = ORIENTED_EDGE('',*,*,#13401,.F.);
#13686 = ORIENTED_EDGE('',*,*,#13687,.T.);
#13687 = EDGE_CURVE('',#13402,#13435,#13688,.T.);
#13688 = CIRCLE('',#13689,0.33);
#13689 = AXIS2_PLACEMENT_3D('',#13690,#13691,#13692);
#13690 = CARTESIAN_POINT('',(-3.07,2.97,1.47));
#13691 = DIRECTION('',(-1.,0.,0.));
#13692 = DIRECTION('',(0.,0.,1.));
#13693 = SPHERICAL_SURFACE('',#13694,0.33);
#13694 = AXIS2_PLACEMENT_3D('',#13695,#13696,#13697);
#13695 = CARTESIAN_POINT('',(-3.07,2.97,1.47));
#13696 = DIRECTION('',(-0.,-0.,-1.));
#13697 = DIRECTION('',(0.,1.,-0.));
#13698 = ADVANCED_FACE('',(#13699),#13724,.T.);
#13699 = FACE_BOUND('',#13700,.T.);
#13700 = EDGE_LOOP('',(#13701,#13709,#13717,#13723));
#13701 = ORIENTED_EDGE('',*,*,#13702,.T.);
#13702 = EDGE_CURVE('',#13412,#13703,#13705,.T.);
#13703 = VERTEX_POINT('',#13704);
#13704 = CARTESIAN_POINT('',(3.07,-2.97,1.8));
#13705 = LINE('',#13706,#13707);
#13706 = CARTESIAN_POINT('',(-3.07,-2.97,1.8));
#13707 = VECTOR('',#13708,1.);
#13708 = DIRECTION('',(1.,0.,0.));
#13709 = ORIENTED_EDGE('',*,*,#13710,.T.);
#13710 = EDGE_CURVE('',#13703,#13711,#13713,.T.);
#13711 = VERTEX_POINT('',#13712);
#13712 = CARTESIAN_POINT('',(3.07,2.97,1.8));
#13713 = LINE('',#13714,#13715);
#13714 = CARTESIAN_POINT('',(3.07,-2.97,1.8));
#13715 = VECTOR('',#13716,1.);
#13716 = DIRECTION('',(0.,1.,0.));
#13717 = ORIENTED_EDGE('',*,*,#13718,.T.);
#13718 = EDGE_CURVE('',#13711,#13402,#13719,.T.);
#13719 = LINE('',#13720,#13721);
#13720 = CARTESIAN_POINT('',(3.07,2.97,1.8));
#13721 = VECTOR('',#13722,1.);
#13722 = DIRECTION('',(-1.,-0.,-0.));
#13723 = ORIENTED_EDGE('',*,*,#13420,.T.);
#13724 = PLANE('',#13725);
#13725 = AXIS2_PLACEMENT_3D('',#13726,#13727,#13728);
#13726 = CARTESIAN_POINT('',(-3.4,-3.3,1.8));
#13727 = DIRECTION('',(0.,0.,1.));
#13728 = DIRECTION('',(1.,0.,-0.));
#13729 = ADVANCED_FACE('',(#13730),#13741,.T.);
#13730 = FACE_BOUND('',#13731,.T.);
#13731 = EDGE_LOOP('',(#13732,#13733,#13740));
#13732 = ORIENTED_EDGE('',*,*,#13670,.T.);
#13733 = ORIENTED_EDGE('',*,*,#13734,.F.);
#13734 = EDGE_CURVE('',#13412,#13663,#13735,.T.);
#13735 = CIRCLE('',#13736,0.33);
#13736 = AXIS2_PLACEMENT_3D('',#13737,#13738,#13739);
#13737 = CARTESIAN_POINT('',(-3.07,-2.97,1.47));
#13738 = DIRECTION('',(1.,0.,-0.));
#13739 = DIRECTION('',(0.,0.,1.));
#13740 = ORIENTED_EDGE('',*,*,#13411,.T.);
#13741 = SPHERICAL_SURFACE('',#13742,0.33);
#13742 = AXIS2_PLACEMENT_3D('',#13743,#13744,#13745);
#13743 = CARTESIAN_POINT('',(-3.07,-2.97,1.47));
#13744 = DIRECTION('',(-0.,-0.,-1.));
#13745 = DIRECTION('',(-1.,0.,0.));
#13746 = ADVANCED_FACE('',(#13747),#13765,.T.);
#13747 = FACE_BOUND('',#13748,.T.);
#13748 = EDGE_LOOP('',(#13749,#13750,#13758,#13764));
#13749 = ORIENTED_EDGE('',*,*,#13443,.T.);
#13750 = ORIENTED_EDGE('',*,*,#13751,.F.);
#13751 = EDGE_CURVE('',#13752,#13435,#13754,.T.);
#13752 = VERTEX_POINT('',#13753);
#13753 = CARTESIAN_POINT('',(3.07,3.3,1.47));
#13754 = LINE('',#13755,#13756);
#13755 = CARTESIAN_POINT('',(3.07,3.3,1.47));
#13756 = VECTOR('',#13757,1.);
#13757 = DIRECTION('',(-1.,-0.,-0.));
#13758 = ORIENTED_EDGE('',*,*,#13759,.F.);
#13759 = EDGE_CURVE('',#13535,#13752,#13760,.T.);
#13760 = LINE('',#13761,#13762);
#13761 = CARTESIAN_POINT('',(3.07,3.3,0.));
#13762 = VECTOR('',#13763,1.);
#13763 = DIRECTION('',(0.,0.,1.));
#13764 = ORIENTED_EDGE('',*,*,#13543,.F.);
#13765 = PLANE('',#13766);
#13766 = AXIS2_PLACEMENT_3D('',#13767,#13768,#13769);
#13767 = CARTESIAN_POINT('',(-3.4,3.3,0.));
#13768 = DIRECTION('',(0.,1.,0.));
#13769 = DIRECTION('',(0.,-0.,1.));
#13770 = ADVANCED_FACE('',(#13771),#13784,.F.);
#13771 = FACE_BOUND('',#13772,.F.);
#13772 = EDGE_LOOP('',(#13773,#13779,#13780,#13781,#13782,#13783));
#13773 = ORIENTED_EDGE('',*,*,#13774,.F.);
#13774 = EDGE_CURVE('',#13637,#13582,#13775,.T.);
#13775 = LINE('',#13776,#13777);
#13776 = CARTESIAN_POINT('',(-3.51,-1.5,0.));
#13777 = VECTOR('',#13778,1.);
#13778 = DIRECTION('',(0.,1.,0.));
#13779 = ORIENTED_EDGE('',*,*,#13636,.T.);
#13780 = ORIENTED_EDGE('',*,*,#13567,.T.);
#13781 = ORIENTED_EDGE('',*,*,#13559,.T.);
#13782 = ORIENTED_EDGE('',*,*,#13551,.F.);
#13783 = ORIENTED_EDGE('',*,*,#13581,.F.);
#13784 = PLANE('',#13785);
#13785 = AXIS2_PLACEMENT_3D('',#13786,#13787,#13788);
#13786 = CARTESIAN_POINT('',(-3.51,-1.5,0.));
#13787 = DIRECTION('',(0.,0.,1.));
#13788 = DIRECTION('',(1.,0.,-0.));
#13789 = ADVANCED_FACE('',(#13790),#13809,.T.);
#13790 = FACE_BOUND('',#13791,.T.);
#13791 = EDGE_LOOP('',(#13792,#13800,#13801,#13802));
#13792 = ORIENTED_EDGE('',*,*,#13793,.F.);
#13793 = EDGE_CURVE('',#13527,#13794,#13796,.T.);
#13794 = VERTEX_POINT('',#13795);
#13795 = CARTESIAN_POINT('',(3.4,2.97,1.47));
#13796 = LINE('',#13797,#13798);
#13797 = CARTESIAN_POINT('',(3.4,2.97,0.));
#13798 = VECTOR('',#13799,1.);
#13799 = DIRECTION('',(0.,0.,1.));
#13800 = ORIENTED_EDGE('',*,*,#13534,.T.);
#13801 = ORIENTED_EDGE('',*,*,#13759,.T.);
#13802 = ORIENTED_EDGE('',*,*,#13803,.F.);
#13803 = EDGE_CURVE('',#13794,#13752,#13804,.T.);
#13804 = CIRCLE('',#13805,0.33);
#13805 = AXIS2_PLACEMENT_3D('',#13806,#13807,#13808);
#13806 = CARTESIAN_POINT('',(3.07,2.97,1.47));
#13807 = DIRECTION('',(0.,0.,1.));
#13808 = DIRECTION('',(1.,0.,-0.));
#13809 = CYLINDRICAL_SURFACE('',#13810,0.33);
#13810 = AXIS2_PLACEMENT_3D('',#13811,#13812,#13813);
#13811 = CARTESIAN_POINT('',(3.07,2.97,0.));
#13812 = DIRECTION('',(0.,0.,1.));
#13813 = DIRECTION('',(1.,0.,-0.));
#13814 = ADVANCED_FACE('',(#13815),#13856,.T.);
#13815 = FACE_BOUND('',#13816,.T.);
#13816 = EDGE_LOOP('',(#13817,#13825,#13831,#13832,#13840,#13848,#13854,
    #13855));
#13817 = ORIENTED_EDGE('',*,*,#13818,.F.);
#13818 = EDGE_CURVE('',#13819,#13794,#13821,.T.);
#13819 = VERTEX_POINT('',#13820);
#13820 = CARTESIAN_POINT('',(3.4,-2.97,1.47));
#13821 = LINE('',#13822,#13823);
#13822 = CARTESIAN_POINT('',(3.4,-2.97,1.47));
#13823 = VECTOR('',#13824,1.);
#13824 = DIRECTION('',(0.,1.,0.));
#13825 = ORIENTED_EDGE('',*,*,#13826,.F.);
#13826 = EDGE_CURVE('',#13486,#13819,#13827,.T.);
#13827 = LINE('',#13828,#13829);
#13828 = CARTESIAN_POINT('',(3.4,-2.97,0.));
#13829 = VECTOR('',#13830,1.);
#13830 = DIRECTION('',(0.,0.,1.));
#13831 = ORIENTED_EDGE('',*,*,#13494,.T.);
#13832 = ORIENTED_EDGE('',*,*,#13833,.T.);
#13833 = EDGE_CURVE('',#13495,#13834,#13836,.T.);
#13834 = VERTEX_POINT('',#13835);
#13835 = CARTESIAN_POINT('',(3.4,-1.5,0.54));
#13836 = LINE('',#13837,#13838);
#13837 = CARTESIAN_POINT('',(3.4,-1.5,0.));
#13838 = VECTOR('',#13839,1.);
#13839 = DIRECTION('',(0.,0.,1.));
#13840 = ORIENTED_EDGE('',*,*,#13841,.F.);
#13841 = EDGE_CURVE('',#13842,#13834,#13844,.T.);
#13842 = VERTEX_POINT('',#13843);
#13843 = CARTESIAN_POINT('',(3.4,1.5,0.54));
#13844 = LINE('',#13845,#13846);
#13845 = CARTESIAN_POINT('',(3.4,-2.4,0.54));
#13846 = VECTOR('',#13847,1.);
#13847 = DIRECTION('',(0.,-1.,0.));
#13848 = ORIENTED_EDGE('',*,*,#13849,.F.);
#13849 = EDGE_CURVE('',#13519,#13842,#13850,.T.);
#13850 = LINE('',#13851,#13852);
#13851 = CARTESIAN_POINT('',(3.4,1.5,0.));
#13852 = VECTOR('',#13853,1.);
#13853 = DIRECTION('',(0.,0.,1.));
#13854 = ORIENTED_EDGE('',*,*,#13526,.T.);
#13855 = ORIENTED_EDGE('',*,*,#13793,.T.);
#13856 = PLANE('',#13857);
#13857 = AXIS2_PLACEMENT_3D('',#13858,#13859,#13860);
#13858 = CARTESIAN_POINT('',(3.4,-3.3,0.));
#13859 = DIRECTION('',(1.,0.,0.));
#13860 = DIRECTION('',(0.,0.,1.));
#13861 = ADVANCED_FACE('',(#13862),#13889,.F.);
#13862 = FACE_BOUND('',#13863,.F.);
#13863 = EDGE_LOOP('',(#13864,#13865,#13866,#13874,#13882,#13888));
#13864 = ORIENTED_EDGE('',*,*,#13510,.F.);
#13865 = ORIENTED_EDGE('',*,*,#13502,.T.);
#13866 = ORIENTED_EDGE('',*,*,#13867,.T.);
#13867 = EDGE_CURVE('',#13495,#13868,#13870,.T.);
#13868 = VERTEX_POINT('',#13869);
#13869 = CARTESIAN_POINT('',(3.51,-1.5,0.));
#13870 = LINE('',#13871,#13872);
#13871 = CARTESIAN_POINT('',(1.81,-1.5,0.));
#13872 = VECTOR('',#13873,1.);
#13873 = DIRECTION('',(1.,0.,0.));
#13874 = ORIENTED_EDGE('',*,*,#13875,.T.);
#13875 = EDGE_CURVE('',#13868,#13876,#13878,.T.);
#13876 = VERTEX_POINT('',#13877);
#13877 = CARTESIAN_POINT('',(3.51,1.5,0.));
#13878 = LINE('',#13879,#13880);
#13879 = CARTESIAN_POINT('',(3.51,-1.5,0.));
#13880 = VECTOR('',#13881,1.);
#13881 = DIRECTION('',(0.,1.,0.));
#13882 = ORIENTED_EDGE('',*,*,#13883,.F.);
#13883 = EDGE_CURVE('',#13519,#13876,#13884,.T.);
#13884 = LINE('',#13885,#13886);
#13885 = CARTESIAN_POINT('',(1.81,1.5,0.));
#13886 = VECTOR('',#13887,1.);
#13887 = DIRECTION('',(1.,0.,0.));
#13888 = ORIENTED_EDGE('',*,*,#13518,.F.);
#13889 = PLANE('',#13890);
#13890 = AXIS2_PLACEMENT_3D('',#13891,#13892,#13893);
#13891 = CARTESIAN_POINT('',(1.81,-1.5,0.));
#13892 = DIRECTION('',(0.,0.,1.));
#13893 = DIRECTION('',(1.,0.,-0.));
#13894 = ADVANCED_FACE('',(#13895),#13914,.T.);
#13895 = FACE_BOUND('',#13896,.T.);
#13896 = EDGE_LOOP('',(#13897,#13906,#13912,#13913));
#13897 = ORIENTED_EDGE('',*,*,#13898,.F.);
#13898 = EDGE_CURVE('',#13899,#13819,#13901,.T.);
#13899 = VERTEX_POINT('',#13900);
#13900 = CARTESIAN_POINT('',(3.07,-3.3,1.47));
#13901 = CIRCLE('',#13902,0.33);
#13902 = AXIS2_PLACEMENT_3D('',#13903,#13904,#13905);
#13903 = CARTESIAN_POINT('',(3.07,-2.97,1.47));
#13904 = DIRECTION('',(-0.,0.,1.));
#13905 = DIRECTION('',(0.,-1.,0.));
#13906 = ORIENTED_EDGE('',*,*,#13907,.F.);
#13907 = EDGE_CURVE('',#13478,#13899,#13908,.T.);
#13908 = LINE('',#13909,#13910);
#13909 = CARTESIAN_POINT('',(3.07,-3.3,0.));
#13910 = VECTOR('',#13911,1.);
#13911 = DIRECTION('',(0.,0.,1.));
#13912 = ORIENTED_EDGE('',*,*,#13485,.F.);
#13913 = ORIENTED_EDGE('',*,*,#13826,.T.);
#13914 = CYLINDRICAL_SURFACE('',#13915,0.33);
#13915 = AXIS2_PLACEMENT_3D('',#13916,#13917,#13918);
#13916 = CARTESIAN_POINT('',(3.07,-2.97,0.));
#13917 = DIRECTION('',(0.,0.,1.));
#13918 = DIRECTION('',(1.,0.,-0.));
#13919 = ADVANCED_FACE('',(#13920),#13931,.F.);
#13920 = FACE_BOUND('',#13921,.F.);
#13921 = EDGE_LOOP('',(#13922,#13923,#13929,#13930));
#13922 = ORIENTED_EDGE('',*,*,#13662,.T.);
#13923 = ORIENTED_EDGE('',*,*,#13924,.T.);
#13924 = EDGE_CURVE('',#13663,#13899,#13925,.T.);
#13925 = LINE('',#13926,#13927);
#13926 = CARTESIAN_POINT('',(-3.07,-3.3,1.47));
#13927 = VECTOR('',#13928,1.);
#13928 = DIRECTION('',(1.,0.,0.));
#13929 = ORIENTED_EDGE('',*,*,#13907,.F.);
#13930 = ORIENTED_EDGE('',*,*,#13477,.F.);
#13931 = PLANE('',#13932);
#13932 = AXIS2_PLACEMENT_3D('',#13933,#13934,#13935);
#13933 = CARTESIAN_POINT('',(-3.4,-3.3,0.));
#13934 = DIRECTION('',(0.,1.,0.));
#13935 = DIRECTION('',(0.,-0.,1.));
#13936 = ADVANCED_FACE('',(#13937),#13943,.F.);
#13937 = FACE_BOUND('',#13938,.F.);
#13938 = EDGE_LOOP('',(#13939,#13940,#13941,#13942));
#13939 = ORIENTED_EDGE('',*,*,#13644,.F.);
#13940 = ORIENTED_EDGE('',*,*,#13774,.T.);
#13941 = ORIENTED_EDGE('',*,*,#13589,.T.);
#13942 = ORIENTED_EDGE('',*,*,#13613,.F.);
#13943 = PLANE('',#13944);
#13944 = AXIS2_PLACEMENT_3D('',#13945,#13946,#13947);
#13945 = CARTESIAN_POINT('',(-3.51,-1.5,0.));
#13946 = DIRECTION('',(1.,0.,0.));
#13947 = DIRECTION('',(0.,0.,1.));
#13948 = ADVANCED_FACE('',(#13949),#13961,.T.);
#13949 = FACE_BOUND('',#13950,.T.);
#13950 = EDGE_LOOP('',(#13951,#13958,#13959,#13960));
#13951 = ORIENTED_EDGE('',*,*,#13952,.T.);
#13952 = EDGE_CURVE('',#13711,#13752,#13953,.T.);
#13953 = CIRCLE('',#13954,0.33);
#13954 = AXIS2_PLACEMENT_3D('',#13955,#13956,#13957);
#13955 = CARTESIAN_POINT('',(3.07,2.97,1.47));
#13956 = DIRECTION('',(-1.,6.123233995737E-17,0.));
#13957 = DIRECTION('',(6.123233995737E-17,1.,0.));
#13958 = ORIENTED_EDGE('',*,*,#13751,.T.);
#13959 = ORIENTED_EDGE('',*,*,#13687,.F.);
#13960 = ORIENTED_EDGE('',*,*,#13718,.F.);
#13961 = CYLINDRICAL_SURFACE('',#13962,0.33);
#13962 = AXIS2_PLACEMENT_3D('',#13963,#13964,#13965);
#13963 = CARTESIAN_POINT('',(3.07,2.97,1.47));
#13964 = DIRECTION('',(-1.,-0.,-0.));
#13965 = DIRECTION('',(-0.,0.,1.));
#13966 = ADVANCED_FACE('',(#13967),#13979,.T.);
#13967 = FACE_BOUND('',#13968,.T.);
#13968 = EDGE_LOOP('',(#13969,#13970,#13971,#13978));
#13969 = ORIENTED_EDGE('',*,*,#13734,.T.);
#13970 = ORIENTED_EDGE('',*,*,#13924,.T.);
#13971 = ORIENTED_EDGE('',*,*,#13972,.F.);
#13972 = EDGE_CURVE('',#13703,#13899,#13973,.T.);
#13973 = CIRCLE('',#13974,0.33);
#13974 = AXIS2_PLACEMENT_3D('',#13975,#13976,#13977);
#13975 = CARTESIAN_POINT('',(3.07,-2.97,1.47));
#13976 = DIRECTION('',(1.,0.,-0.));
#13977 = DIRECTION('',(0.,0.,1.));
#13978 = ORIENTED_EDGE('',*,*,#13702,.F.);
#13979 = CYLINDRICAL_SURFACE('',#13980,0.33);
#13980 = AXIS2_PLACEMENT_3D('',#13981,#13982,#13983);
#13981 = CARTESIAN_POINT('',(-3.07,-2.97,1.47));
#13982 = DIRECTION('',(1.,0.,0.));
#13983 = DIRECTION('',(0.,0.,1.));
#13984 = ADVANCED_FACE('',(#13985),#14003,.T.);
#13985 = FACE_BOUND('',#13986,.T.);
#13986 = EDGE_LOOP('',(#13987,#13994,#13995,#14002));
#13987 = ORIENTED_EDGE('',*,*,#13988,.T.);
#13988 = EDGE_CURVE('',#13703,#13819,#13989,.T.);
#13989 = CIRCLE('',#13990,0.33);
#13990 = AXIS2_PLACEMENT_3D('',#13991,#13992,#13993);
#13991 = CARTESIAN_POINT('',(3.07,-2.97,1.47));
#13992 = DIRECTION('',(6.123233995737E-17,1.,0.));
#13993 = DIRECTION('',(1.,-6.123233995737E-17,0.));
#13994 = ORIENTED_EDGE('',*,*,#13818,.T.);
#13995 = ORIENTED_EDGE('',*,*,#13996,.F.);
#13996 = EDGE_CURVE('',#13711,#13794,#13997,.T.);
#13997 = CIRCLE('',#13998,0.33);
#13998 = AXIS2_PLACEMENT_3D('',#13999,#14000,#14001);
#13999 = CARTESIAN_POINT('',(3.07,2.97,1.47));
#14000 = DIRECTION('',(0.,1.,0.));
#14001 = DIRECTION('',(0.,-0.,1.));
#14002 = ORIENTED_EDGE('',*,*,#13710,.F.);
#14003 = CYLINDRICAL_SURFACE('',#14004,0.33);
#14004 = AXIS2_PLACEMENT_3D('',#14005,#14006,#14007);
#14005 = CARTESIAN_POINT('',(3.07,-2.97,1.47));
#14006 = DIRECTION('',(0.,1.,0.));
#14007 = DIRECTION('',(0.,-0.,1.));
#14008 = ADVANCED_FACE('',(#14009),#14014,.T.);
#14009 = FACE_BOUND('',#14010,.T.);
#14010 = EDGE_LOOP('',(#14011,#14012,#14013));
#14011 = ORIENTED_EDGE('',*,*,#13803,.T.);
#14012 = ORIENTED_EDGE('',*,*,#13952,.F.);
#14013 = ORIENTED_EDGE('',*,*,#13996,.T.);
#14014 = SPHERICAL_SURFACE('',#14015,0.33);
#14015 = AXIS2_PLACEMENT_3D('',#14016,#14017,#14018);
#14016 = CARTESIAN_POINT('',(3.07,2.97,1.47));
#14017 = DIRECTION('',(-0.,-0.,-1.));
#14018 = DIRECTION('',(1.,0.,0.));
#14019 = ADVANCED_FACE('',(#14020),#14038,.T.);
#14020 = FACE_BOUND('',#14021,.T.);
#14021 = EDGE_LOOP('',(#14022,#14023,#14024,#14032));
#14022 = ORIENTED_EDGE('',*,*,#13883,.F.);
#14023 = ORIENTED_EDGE('',*,*,#13849,.T.);
#14024 = ORIENTED_EDGE('',*,*,#14025,.T.);
#14025 = EDGE_CURVE('',#13842,#14026,#14028,.T.);
#14026 = VERTEX_POINT('',#14027);
#14027 = CARTESIAN_POINT('',(3.51,1.5,0.54));
#14028 = LINE('',#14029,#14030);
#14029 = CARTESIAN_POINT('',(1.81,1.5,0.54));
#14030 = VECTOR('',#14031,1.);
#14031 = DIRECTION('',(1.,0.,0.));
#14032 = ORIENTED_EDGE('',*,*,#14033,.F.);
#14033 = EDGE_CURVE('',#13876,#14026,#14034,.T.);
#14034 = LINE('',#14035,#14036);
#14035 = CARTESIAN_POINT('',(3.51,1.5,0.));
#14036 = VECTOR('',#14037,1.);
#14037 = DIRECTION('',(0.,0.,1.));
#14038 = PLANE('',#14039);
#14039 = AXIS2_PLACEMENT_3D('',#14040,#14041,#14042);
#14040 = CARTESIAN_POINT('',(1.81,1.5,0.));
#14041 = DIRECTION('',(0.,1.,0.));
#14042 = DIRECTION('',(0.,-0.,1.));
#14043 = ADVANCED_FACE('',(#14044),#14062,.T.);
#14044 = FACE_BOUND('',#14045,.T.);
#14045 = EDGE_LOOP('',(#14046,#14047,#14055,#14061));
#14046 = ORIENTED_EDGE('',*,*,#13841,.T.);
#14047 = ORIENTED_EDGE('',*,*,#14048,.T.);
#14048 = EDGE_CURVE('',#13834,#14049,#14051,.T.);
#14049 = VERTEX_POINT('',#14050);
#14050 = CARTESIAN_POINT('',(3.51,-1.5,0.54));
#14051 = LINE('',#14052,#14053);
#14052 = CARTESIAN_POINT('',(1.81,-1.5,0.54));
#14053 = VECTOR('',#14054,1.);
#14054 = DIRECTION('',(1.,0.,0.));
#14055 = ORIENTED_EDGE('',*,*,#14056,.T.);
#14056 = EDGE_CURVE('',#14049,#14026,#14057,.T.);
#14057 = LINE('',#14058,#14059);
#14058 = CARTESIAN_POINT('',(3.51,-1.5,0.54));
#14059 = VECTOR('',#14060,1.);
#14060 = DIRECTION('',(0.,1.,0.));
#14061 = ORIENTED_EDGE('',*,*,#14025,.F.);
#14062 = PLANE('',#14063);
#14063 = AXIS2_PLACEMENT_3D('',#14064,#14065,#14066);
#14064 = CARTESIAN_POINT('',(1.81,-1.5,0.54));
#14065 = DIRECTION('',(0.,0.,1.));
#14066 = DIRECTION('',(1.,0.,-0.));
#14067 = ADVANCED_FACE('',(#14068),#14079,.F.);
#14068 = FACE_BOUND('',#14069,.F.);
#14069 = EDGE_LOOP('',(#14070,#14071,#14072,#14073));
#14070 = ORIENTED_EDGE('',*,*,#13867,.F.);
#14071 = ORIENTED_EDGE('',*,*,#13833,.T.);
#14072 = ORIENTED_EDGE('',*,*,#14048,.T.);
#14073 = ORIENTED_EDGE('',*,*,#14074,.F.);
#14074 = EDGE_CURVE('',#13868,#14049,#14075,.T.);
#14075 = LINE('',#14076,#14077);
#14076 = CARTESIAN_POINT('',(3.51,-1.5,0.));
#14077 = VECTOR('',#14078,1.);
#14078 = DIRECTION('',(0.,0.,1.));
#14079 = PLANE('',#14080);
#14080 = AXIS2_PLACEMENT_3D('',#14081,#14082,#14083);
#14081 = CARTESIAN_POINT('',(1.81,-1.5,0.));
#14082 = DIRECTION('',(0.,1.,0.));
#14083 = DIRECTION('',(0.,-0.,1.));
#14084 = ADVANCED_FACE('',(#14085),#14091,.T.);
#14085 = FACE_BOUND('',#14086,.T.);
#14086 = EDGE_LOOP('',(#14087,#14088,#14089,#14090));
#14087 = ORIENTED_EDGE('',*,*,#14074,.F.);
#14088 = ORIENTED_EDGE('',*,*,#13875,.T.);
#14089 = ORIENTED_EDGE('',*,*,#14033,.T.);
#14090 = ORIENTED_EDGE('',*,*,#14056,.F.);
#14091 = PLANE('',#14092);
#14092 = AXIS2_PLACEMENT_3D('',#14093,#14094,#14095);
#14093 = CARTESIAN_POINT('',(3.51,-1.5,0.));
#14094 = DIRECTION('',(1.,0.,0.));
#14095 = DIRECTION('',(0.,0.,1.));
#14096 = ADVANCED_FACE('',(#14097),#14102,.T.);
#14097 = FACE_BOUND('',#14098,.T.);
#14098 = EDGE_LOOP('',(#14099,#14100,#14101));
#14099 = ORIENTED_EDGE('',*,*,#13898,.T.);
#14100 = ORIENTED_EDGE('',*,*,#13988,.F.);
#14101 = ORIENTED_EDGE('',*,*,#13972,.T.);
#14102 = SPHERICAL_SURFACE('',#14103,0.33);
#14103 = AXIS2_PLACEMENT_3D('',#14104,#14105,#14106);
#14104 = CARTESIAN_POINT('',(3.07,-2.97,1.47));
#14105 = DIRECTION('',(-0.,-0.,-1.));
#14106 = DIRECTION('',(0.,-1.,0.));
#14107 = ( GEOMETRIC_REPRESENTATION_CONTEXT(3) 
GLOBAL_UNCERTAINTY_ASSIGNED_CONTEXT((#14111)) 
GLOBAL_UNIT_ASSIGNED_CONTEXT((#14108,#14109,#14110)) 
REPRESENTATION_CONTEXT('Context #1',
  '3D Context with UNIT and UNCERTAINTY') );
#14108 = ( LENGTH_UNIT() NAMED_UNIT(*) SI_UNIT(.MILLI.,.METRE.) );
#14109 = ( NAMED_UNIT(*) PLANE_ANGLE_UNIT() SI_UNIT($,.RADIAN.) );
#14110 = ( NAMED_UNIT(*) SI_UNIT($,.STERADIAN.) SOLID_ANGLE_UNIT() );
#14111 = UNCERTAINTY_MEASURE_WITH_UNIT(LENGTH_MEASURE(1.E-07),#14108,
  'distance_accuracy_value','confusion accuracy');
#14112 = CONTEXT_DEPENDENT_SHAPE_REPRESENTATION(#14113,#14115);
#14113 = ( REPRESENTATION_RELATIONSHIP('','',#13322,#10) 
REPRESENTATION_RELATIONSHIP_WITH_TRANSFORMATION(#14114) 
SHAPE_REPRESENTATION_RELATIONSHIP() );
#14114 = ITEM_DEFINED_TRANSFORMATION('','',#11,#67);
#14115 = PRODUCT_DEFINITION_SHAPE('Placement','Placement of an item',
  #14116);
#14116 = NEXT_ASSEMBLY_USAGE_OCCURRENCE('14','L1','',#5,#13317,$);
#14117 = PRODUCT_RELATED_PRODUCT_CATEGORY('part',$,(#13319));
#14118 = CONTEXT_DEPENDENT_SHAPE_REPRESENTATION(#14119,#14121);
#14119 = ( REPRESENTATION_RELATIONSHIP('','',#8882,#10) 
REPRESENTATION_RELATIONSHIP_WITH_TRANSFORMATION(#14120) 
SHAPE_REPRESENTATION_RELATIONSHIP() );
#14120 = ITEM_DEFINED_TRANSFORMATION('','',#11,#71);
#14121 = PRODUCT_DEFINITION_SHAPE('Placement','Placement of an item',
  #14122);
#14122 = NEXT_ASSEMBLY_USAGE_OCCURRENCE('15','C8','',#5,#8877,$);
#14123 = CONTEXT_DEPENDENT_SHAPE_REPRESENTATION(#14124,#14126);
#14124 = ( REPRESENTATION_RELATIONSHIP('','',#8073,#10) 
REPRESENTATION_RELATIONSHIP_WITH_TRANSFORMATION(#14125) 
SHAPE_REPRESENTATION_RELATIONSHIP() );
#14125 = ITEM_DEFINED_TRANSFORMATION('','',#11,#75);
#14126 = PRODUCT_DEFINITION_SHAPE('Placement','Placement of an item',
  #14127);
#14127 = NEXT_ASSEMBLY_USAGE_OCCURRENCE('16','R3','',#5,#8068,$);
#14128 = SHAPE_DEFINITION_REPRESENTATION(#14129,#14135);
#14129 = PRODUCT_DEFINITION_SHAPE('','',#14130);
#14130 = PRODUCT_DEFINITION('design','',#14131,#14134);
#14131 = PRODUCT_DEFINITION_FORMATION('','',#14132);
#14132 = PRODUCT('L_0805_2012Metric','L_0805_2012Metric','',(#14133));
#14133 = PRODUCT_CONTEXT('',#2,'mechanical');
#14134 = PRODUCT_DEFINITION_CONTEXT('part definition',#2,'design');
#14135 = ADVANCED_BREP_SHAPE_REPRESENTATION('',(#11,#14136),#14990);
#14136 = MANIFOLD_SOLID_BREP('',#14137);
#14137 = CLOSED_SHELL('',(#14138,#14214,#14245,#14270,#14295,#14319,
    #14343,#14368,#14393,#14410,#14496,#14528,#14552,#14577,#14601,
    #14626,#14650,#14675,#14692,#14778,#14809,#14834,#14859,#14883,
    #14907,#14932,#14957,#14974));
#14138 = ADVANCED_FACE('',(#14139),#14209,.F.);
#14139 = FACE_BOUND('',#14140,.F.);
#14140 = EDGE_LOOP('',(#14141,#14151,#14160,#14168,#14177,#14185,#14194,
    #14202));
#14141 = ORIENTED_EDGE('',*,*,#14142,.F.);
#14142 = EDGE_CURVE('',#14143,#14145,#14147,.T.);
#14143 = VERTEX_POINT('',#14144);
#14144 = CARTESIAN_POINT('',(-1.,-0.625,4.E-02));
#14145 = VERTEX_POINT('',#14146);
#14146 = CARTESIAN_POINT('',(-1.,-0.625,1.21));
#14147 = LINE('',#14148,#14149);
#14148 = CARTESIAN_POINT('',(-1.,-0.625,0.));
#14149 = VECTOR('',#14150,1.);
#14150 = DIRECTION('',(0.,0.,1.));
#14151 = ORIENTED_EDGE('',*,*,#14152,.T.);
#14152 = EDGE_CURVE('',#14143,#14153,#14155,.T.);
#14153 = VERTEX_POINT('',#14154);
#14154 = CARTESIAN_POINT('',(-1.,-0.585,0.));
#14155 = CIRCLE('',#14156,4.E-02);
#14156 = AXIS2_PLACEMENT_3D('',#14157,#14158,#14159);
#14157 = CARTESIAN_POINT('',(-1.,-0.585,4.E-02));
#14158 = DIRECTION('',(1.,0.,-0.));
#14159 = DIRECTION('',(0.,0.,1.));
#14160 = ORIENTED_EDGE('',*,*,#14161,.T.);
#14161 = EDGE_CURVE('',#14153,#14162,#14164,.T.);
#14162 = VERTEX_POINT('',#14163);
#14163 = CARTESIAN_POINT('',(-1.,0.585,0.));
#14164 = LINE('',#14165,#14166);
#14165 = CARTESIAN_POINT('',(-1.,-0.625,0.));
#14166 = VECTOR('',#14167,1.);
#14167 = DIRECTION('',(0.,1.,0.));
#14168 = ORIENTED_EDGE('',*,*,#14169,.F.);
#14169 = EDGE_CURVE('',#14170,#14162,#14172,.T.);
#14170 = VERTEX_POINT('',#14171);
#14171 = CARTESIAN_POINT('',(-1.,0.625,4.E-02));
#14172 = CIRCLE('',#14173,4.E-02);
#14173 = AXIS2_PLACEMENT_3D('',#14174,#14175,#14176);
#14174 = CARTESIAN_POINT('',(-1.,0.585,4.E-02));
#14175 = DIRECTION('',(-1.,0.,0.));
#14176 = DIRECTION('',(0.,0.,1.));
#14177 = ORIENTED_EDGE('',*,*,#14178,.T.);
#14178 = EDGE_CURVE('',#14170,#14179,#14181,.T.);
#14179 = VERTEX_POINT('',#14180);
#14180 = CARTESIAN_POINT('',(-1.,0.625,1.21));
#14181 = LINE('',#14182,#14183);
#14182 = CARTESIAN_POINT('',(-1.,0.625,0.));
#14183 = VECTOR('',#14184,1.);
#14184 = DIRECTION('',(0.,0.,1.));
#14185 = ORIENTED_EDGE('',*,*,#14186,.T.);
#14186 = EDGE_CURVE('',#14179,#14187,#14189,.T.);
#14187 = VERTEX_POINT('',#14188);
#14188 = CARTESIAN_POINT('',(-1.,0.585,1.25));
#14189 = CIRCLE('',#14190,4.E-02);
#14190 = AXIS2_PLACEMENT_3D('',#14191,#14192,#14193);
#14191 = CARTESIAN_POINT('',(-1.,0.585,1.21));
#14192 = DIRECTION('',(1.,0.,-0.));
#14193 = DIRECTION('',(0.,0.,1.));
#14194 = ORIENTED_EDGE('',*,*,#14195,.F.);
#14195 = EDGE_CURVE('',#14196,#14187,#14198,.T.);
#14196 = VERTEX_POINT('',#14197);
#14197 = CARTESIAN_POINT('',(-1.,-0.585,1.25));
#14198 = LINE('',#14199,#14200);
#14199 = CARTESIAN_POINT('',(-1.,-0.625,1.25));
#14200 = VECTOR('',#14201,1.);
#14201 = DIRECTION('',(0.,1.,0.));
#14202 = ORIENTED_EDGE('',*,*,#14203,.F.);
#14203 = EDGE_CURVE('',#14145,#14196,#14204,.T.);
#14204 = CIRCLE('',#14205,4.E-02);
#14205 = AXIS2_PLACEMENT_3D('',#14206,#14207,#14208);
#14206 = CARTESIAN_POINT('',(-1.,-0.585,1.21));
#14207 = DIRECTION('',(-1.,0.,0.));
#14208 = DIRECTION('',(0.,0.,1.));
#14209 = PLANE('',#14210);
#14210 = AXIS2_PLACEMENT_3D('',#14211,#14212,#14213);
#14211 = CARTESIAN_POINT('',(-1.,-0.625,0.));
#14212 = DIRECTION('',(1.,0.,0.));
#14213 = DIRECTION('',(0.,0.,1.));
#14214 = ADVANCED_FACE('',(#14215),#14240,.F.);
#14215 = FACE_BOUND('',#14216,.F.);
#14216 = EDGE_LOOP('',(#14217,#14227,#14233,#14234));
#14217 = ORIENTED_EDGE('',*,*,#14218,.F.);
#14218 = EDGE_CURVE('',#14219,#14221,#14223,.T.);
#14219 = VERTEX_POINT('',#14220);
#14220 = CARTESIAN_POINT('',(-0.6,-0.625,4.E-02));
#14221 = VERTEX_POINT('',#14222);
#14222 = CARTESIAN_POINT('',(-0.6,-0.625,1.21));
#14223 = LINE('',#14224,#14225);
#14224 = CARTESIAN_POINT('',(-0.6,-0.625,0.));
#14225 = VECTOR('',#14226,1.);
#14226 = DIRECTION('',(0.,0.,1.));
#14227 = ORIENTED_EDGE('',*,*,#14228,.F.);
#14228 = EDGE_CURVE('',#14143,#14219,#14229,.T.);
#14229 = LINE('',#14230,#14231);
#14230 = CARTESIAN_POINT('',(-1.,-0.625,4.E-02));
#14231 = VECTOR('',#14232,1.);
#14232 = DIRECTION('',(1.,0.,0.));
#14233 = ORIENTED_EDGE('',*,*,#14142,.T.);
#14234 = ORIENTED_EDGE('',*,*,#14235,.T.);
#14235 = EDGE_CURVE('',#14145,#14221,#14236,.T.);
#14236 = LINE('',#14237,#14238);
#14237 = CARTESIAN_POINT('',(-1.,-0.625,1.21));
#14238 = VECTOR('',#14239,1.);
#14239 = DIRECTION('',(1.,0.,0.));
#14240 = PLANE('',#14241);
#14241 = AXIS2_PLACEMENT_3D('',#14242,#14243,#14244);
#14242 = CARTESIAN_POINT('',(-1.,-0.625,0.));
#14243 = DIRECTION('',(0.,1.,0.));
#14244 = DIRECTION('',(0.,-0.,1.));
#14245 = ADVANCED_FACE('',(#14246),#14265,.T.);
#14246 = FACE_BOUND('',#14247,.T.);
#14247 = EDGE_LOOP('',(#14248,#14249,#14257,#14264));
#14248 = ORIENTED_EDGE('',*,*,#14152,.T.);
#14249 = ORIENTED_EDGE('',*,*,#14250,.T.);
#14250 = EDGE_CURVE('',#14153,#14251,#14253,.T.);
#14251 = VERTEX_POINT('',#14252);
#14252 = CARTESIAN_POINT('',(-0.6,-0.585,0.));
#14253 = LINE('',#14254,#14255);
#14254 = CARTESIAN_POINT('',(-1.,-0.585,0.));
#14255 = VECTOR('',#14256,1.);
#14256 = DIRECTION('',(1.,0.,0.));
#14257 = ORIENTED_EDGE('',*,*,#14258,.F.);
#14258 = EDGE_CURVE('',#14219,#14251,#14259,.T.);
#14259 = CIRCLE('',#14260,4.E-02);
#14260 = AXIS2_PLACEMENT_3D('',#14261,#14262,#14263);
#14261 = CARTESIAN_POINT('',(-0.6,-0.585,4.E-02));
#14262 = DIRECTION('',(1.,0.,-0.));
#14263 = DIRECTION('',(0.,0.,1.));
#14264 = ORIENTED_EDGE('',*,*,#14228,.F.);
#14265 = CYLINDRICAL_SURFACE('',#14266,4.E-02);
#14266 = AXIS2_PLACEMENT_3D('',#14267,#14268,#14269);
#14267 = CARTESIAN_POINT('',(-1.,-0.585,4.E-02));
#14268 = DIRECTION('',(1.,0.,0.));
#14269 = DIRECTION('',(0.,-1.,0.));
#14270 = ADVANCED_FACE('',(#14271),#14290,.T.);
#14271 = FACE_BOUND('',#14272,.T.);
#14272 = EDGE_LOOP('',(#14273,#14274,#14283,#14289));
#14273 = ORIENTED_EDGE('',*,*,#14235,.T.);
#14274 = ORIENTED_EDGE('',*,*,#14275,.T.);
#14275 = EDGE_CURVE('',#14221,#14276,#14278,.T.);
#14276 = VERTEX_POINT('',#14277);
#14277 = CARTESIAN_POINT('',(-0.6,-0.585,1.25));
#14278 = CIRCLE('',#14279,4.E-02);
#14279 = AXIS2_PLACEMENT_3D('',#14280,#14281,#14282);
#14280 = CARTESIAN_POINT('',(-0.6,-0.585,1.21));
#14281 = DIRECTION('',(-1.,0.,0.));
#14282 = DIRECTION('',(0.,0.,1.));
#14283 = ORIENTED_EDGE('',*,*,#14284,.F.);
#14284 = EDGE_CURVE('',#14196,#14276,#14285,.T.);
#14285 = LINE('',#14286,#14287);
#14286 = CARTESIAN_POINT('',(-1.,-0.585,1.25));
#14287 = VECTOR('',#14288,1.);
#14288 = DIRECTION('',(1.,0.,0.));
#14289 = ORIENTED_EDGE('',*,*,#14203,.F.);
#14290 = CYLINDRICAL_SURFACE('',#14291,4.E-02);
#14291 = AXIS2_PLACEMENT_3D('',#14292,#14293,#14294);
#14292 = CARTESIAN_POINT('',(-1.,-0.585,1.21));
#14293 = DIRECTION('',(1.,0.,0.));
#14294 = DIRECTION('',(0.,-1.,0.));
#14295 = ADVANCED_FACE('',(#14296),#14314,.F.);
#14296 = FACE_BOUND('',#14297,.F.);
#14297 = EDGE_LOOP('',(#14298,#14299,#14300,#14308));
#14298 = ORIENTED_EDGE('',*,*,#14161,.F.);
#14299 = ORIENTED_EDGE('',*,*,#14250,.T.);
#14300 = ORIENTED_EDGE('',*,*,#14301,.T.);
#14301 = EDGE_CURVE('',#14251,#14302,#14304,.T.);
#14302 = VERTEX_POINT('',#14303);
#14303 = CARTESIAN_POINT('',(-0.6,0.585,0.));
#14304 = LINE('',#14305,#14306);
#14305 = CARTESIAN_POINT('',(-0.6,-0.625,0.));
#14306 = VECTOR('',#14307,1.);
#14307 = DIRECTION('',(0.,1.,0.));
#14308 = ORIENTED_EDGE('',*,*,#14309,.F.);
#14309 = EDGE_CURVE('',#14162,#14302,#14310,.T.);
#14310 = LINE('',#14311,#14312);
#14311 = CARTESIAN_POINT('',(-1.,0.585,0.));
#14312 = VECTOR('',#14313,1.);
#14313 = DIRECTION('',(1.,0.,0.));
#14314 = PLANE('',#14315);
#14315 = AXIS2_PLACEMENT_3D('',#14316,#14317,#14318);
#14316 = CARTESIAN_POINT('',(-1.,-0.625,0.));
#14317 = DIRECTION('',(0.,0.,1.));
#14318 = DIRECTION('',(1.,0.,-0.));
#14319 = ADVANCED_FACE('',(#14320),#14338,.T.);
#14320 = FACE_BOUND('',#14321,.T.);
#14321 = EDGE_LOOP('',(#14322,#14323,#14324,#14332));
#14322 = ORIENTED_EDGE('',*,*,#14195,.F.);
#14323 = ORIENTED_EDGE('',*,*,#14284,.T.);
#14324 = ORIENTED_EDGE('',*,*,#14325,.T.);
#14325 = EDGE_CURVE('',#14276,#14326,#14328,.T.);
#14326 = VERTEX_POINT('',#14327);
#14327 = CARTESIAN_POINT('',(-0.6,0.585,1.25));
#14328 = LINE('',#14329,#14330);
#14329 = CARTESIAN_POINT('',(-0.6,-0.625,1.25));
#14330 = VECTOR('',#14331,1.);
#14331 = DIRECTION('',(0.,1.,0.));
#14332 = ORIENTED_EDGE('',*,*,#14333,.F.);
#14333 = EDGE_CURVE('',#14187,#14326,#14334,.T.);
#14334 = LINE('',#14335,#14336);
#14335 = CARTESIAN_POINT('',(-1.,0.585,1.25));
#14336 = VECTOR('',#14337,1.);
#14337 = DIRECTION('',(1.,0.,0.));
#14338 = PLANE('',#14339);
#14339 = AXIS2_PLACEMENT_3D('',#14340,#14341,#14342);
#14340 = CARTESIAN_POINT('',(-1.,-0.625,1.25));
#14341 = DIRECTION('',(0.,0.,1.));
#14342 = DIRECTION('',(1.,0.,-0.));
#14343 = ADVANCED_FACE('',(#14344),#14363,.T.);
#14344 = FACE_BOUND('',#14345,.T.);
#14345 = EDGE_LOOP('',(#14346,#14354,#14361,#14362));
#14346 = ORIENTED_EDGE('',*,*,#14347,.T.);
#14347 = EDGE_CURVE('',#14170,#14348,#14350,.T.);
#14348 = VERTEX_POINT('',#14349);
#14349 = CARTESIAN_POINT('',(-0.6,0.625,4.E-02));
#14350 = LINE('',#14351,#14352);
#14351 = CARTESIAN_POINT('',(-1.,0.625,4.E-02));
#14352 = VECTOR('',#14353,1.);
#14353 = DIRECTION('',(1.,0.,0.));
#14354 = ORIENTED_EDGE('',*,*,#14355,.T.);
#14355 = EDGE_CURVE('',#14348,#14302,#14356,.T.);
#14356 = CIRCLE('',#14357,4.E-02);
#14357 = AXIS2_PLACEMENT_3D('',#14358,#14359,#14360);
#14358 = CARTESIAN_POINT('',(-0.6,0.585,4.E-02));
#14359 = DIRECTION('',(-1.,0.,0.));
#14360 = DIRECTION('',(0.,0.,1.));
#14361 = ORIENTED_EDGE('',*,*,#14309,.F.);
#14362 = ORIENTED_EDGE('',*,*,#14169,.F.);
#14363 = CYLINDRICAL_SURFACE('',#14364,4.E-02);
#14364 = AXIS2_PLACEMENT_3D('',#14365,#14366,#14367);
#14365 = CARTESIAN_POINT('',(-1.,0.585,4.E-02));
#14366 = DIRECTION('',(1.,0.,0.));
#14367 = DIRECTION('',(-0.,1.,0.));
#14368 = ADVANCED_FACE('',(#14369),#14388,.T.);
#14369 = FACE_BOUND('',#14370,.T.);
#14370 = EDGE_LOOP('',(#14371,#14372,#14373,#14382));
#14371 = ORIENTED_EDGE('',*,*,#14186,.T.);
#14372 = ORIENTED_EDGE('',*,*,#14333,.T.);
#14373 = ORIENTED_EDGE('',*,*,#14374,.F.);
#14374 = EDGE_CURVE('',#14375,#14326,#14377,.T.);
#14375 = VERTEX_POINT('',#14376);
#14376 = CARTESIAN_POINT('',(-0.6,0.625,1.21));
#14377 = CIRCLE('',#14378,4.E-02);
#14378 = AXIS2_PLACEMENT_3D('',#14379,#14380,#14381);
#14379 = CARTESIAN_POINT('',(-0.6,0.585,1.21));
#14380 = DIRECTION('',(1.,0.,-0.));
#14381 = DIRECTION('',(0.,0.,1.));
#14382 = ORIENTED_EDGE('',*,*,#14383,.F.);
#14383 = EDGE_CURVE('',#14179,#14375,#14384,.T.);
#14384 = LINE('',#14385,#14386);
#14385 = CARTESIAN_POINT('',(-1.,0.625,1.21));
#14386 = VECTOR('',#14387,1.);
#14387 = DIRECTION('',(1.,0.,0.));
#14388 = CYLINDRICAL_SURFACE('',#14389,4.E-02);
#14389 = AXIS2_PLACEMENT_3D('',#14390,#14391,#14392);
#14390 = CARTESIAN_POINT('',(-1.,0.585,1.21));
#14391 = DIRECTION('',(1.,0.,0.));
#14392 = DIRECTION('',(-0.,1.,0.));
#14393 = ADVANCED_FACE('',(#14394),#14405,.T.);
#14394 = FACE_BOUND('',#14395,.T.);
#14395 = EDGE_LOOP('',(#14396,#14402,#14403,#14404));
#14396 = ORIENTED_EDGE('',*,*,#14397,.F.);
#14397 = EDGE_CURVE('',#14348,#14375,#14398,.T.);
#14398 = LINE('',#14399,#14400);
#14399 = CARTESIAN_POINT('',(-0.6,0.625,0.));
#14400 = VECTOR('',#14401,1.);
#14401 = DIRECTION('',(0.,0.,1.));
#14402 = ORIENTED_EDGE('',*,*,#14347,.F.);
#14403 = ORIENTED_EDGE('',*,*,#14178,.T.);
#14404 = ORIENTED_EDGE('',*,*,#14383,.T.);
#14405 = PLANE('',#14406);
#14406 = AXIS2_PLACEMENT_3D('',#14407,#14408,#14409);
#14407 = CARTESIAN_POINT('',(-1.,0.625,0.));
#14408 = DIRECTION('',(0.,1.,0.));
#14409 = DIRECTION('',(0.,-0.,1.));
#14410 = ADVANCED_FACE('',(#14411,#14421),#14491,.T.);
#14411 = FACE_BOUND('',#14412,.T.);
#14412 = EDGE_LOOP('',(#14413,#14414,#14415,#14416,#14417,#14418,#14419,
    #14420));
#14413 = ORIENTED_EDGE('',*,*,#14218,.F.);
#14414 = ORIENTED_EDGE('',*,*,#14258,.T.);
#14415 = ORIENTED_EDGE('',*,*,#14301,.T.);
#14416 = ORIENTED_EDGE('',*,*,#14355,.F.);
#14417 = ORIENTED_EDGE('',*,*,#14397,.T.);
#14418 = ORIENTED_EDGE('',*,*,#14374,.T.);
#14419 = ORIENTED_EDGE('',*,*,#14325,.F.);
#14420 = ORIENTED_EDGE('',*,*,#14275,.F.);
#14421 = FACE_BOUND('',#14422,.T.);
#14422 = EDGE_LOOP('',(#14423,#14434,#14442,#14451,#14459,#14468,#14476,
    #14485));
#14423 = ORIENTED_EDGE('',*,*,#14424,.F.);
#14424 = EDGE_CURVE('',#14425,#14427,#14429,.T.);
#14425 = VERTEX_POINT('',#14426);
#14426 = CARTESIAN_POINT('',(-0.6,-0.585,8.E-02));
#14427 = VERTEX_POINT('',#14428);
#14428 = CARTESIAN_POINT('',(-0.6,-0.545,4.E-02));
#14429 = CIRCLE('',#14430,4.E-02);
#14430 = AXIS2_PLACEMENT_3D('',#14431,#14432,#14433);
#14431 = CARTESIAN_POINT('',(-0.6,-0.545,8.E-02));
#14432 = DIRECTION('',(1.,0.,-0.));
#14433 = DIRECTION('',(0.,0.,1.));
#14434 = ORIENTED_EDGE('',*,*,#14435,.T.);
#14435 = EDGE_CURVE('',#14425,#14436,#14438,.T.);
#14436 = VERTEX_POINT('',#14437);
#14437 = CARTESIAN_POINT('',(-0.6,-0.585,1.17));
#14438 = LINE('',#14439,#14440);
#14439 = CARTESIAN_POINT('',(-0.6,-0.585,4.E-02));
#14440 = VECTOR('',#14441,1.);
#14441 = DIRECTION('',(0.,0.,1.));
#14442 = ORIENTED_EDGE('',*,*,#14443,.T.);
#14443 = EDGE_CURVE('',#14436,#14444,#14446,.T.);
#14444 = VERTEX_POINT('',#14445);
#14445 = CARTESIAN_POINT('',(-0.6,-0.545,1.21));
#14446 = CIRCLE('',#14447,4.E-02);
#14447 = AXIS2_PLACEMENT_3D('',#14448,#14449,#14450);
#14448 = CARTESIAN_POINT('',(-0.6,-0.545,1.17));
#14449 = DIRECTION('',(-1.,0.,0.));
#14450 = DIRECTION('',(0.,0.,1.));
#14451 = ORIENTED_EDGE('',*,*,#14452,.T.);
#14452 = EDGE_CURVE('',#14444,#14453,#14455,.T.);
#14453 = VERTEX_POINT('',#14454);
#14454 = CARTESIAN_POINT('',(-0.6,0.545,1.21));
#14455 = LINE('',#14456,#14457);
#14456 = CARTESIAN_POINT('',(-0.6,-0.585,1.21));
#14457 = VECTOR('',#14458,1.);
#14458 = DIRECTION('',(0.,1.,0.));
#14459 = ORIENTED_EDGE('',*,*,#14460,.F.);
#14460 = EDGE_CURVE('',#14461,#14453,#14463,.T.);
#14461 = VERTEX_POINT('',#14462);
#14462 = CARTESIAN_POINT('',(-0.6,0.585,1.17));
#14463 = CIRCLE('',#14464,4.E-02);
#14464 = AXIS2_PLACEMENT_3D('',#14465,#14466,#14467);
#14465 = CARTESIAN_POINT('',(-0.6,0.545,1.17));
#14466 = DIRECTION('',(1.,0.,-0.));
#14467 = DIRECTION('',(0.,0.,1.));
#14468 = ORIENTED_EDGE('',*,*,#14469,.F.);
#14469 = EDGE_CURVE('',#14470,#14461,#14472,.T.);
#14470 = VERTEX_POINT('',#14471);
#14471 = CARTESIAN_POINT('',(-0.6,0.585,8.E-02));
#14472 = LINE('',#14473,#14474);
#14473 = CARTESIAN_POINT('',(-0.6,0.585,4.E-02));
#14474 = VECTOR('',#14475,1.);
#14475 = DIRECTION('',(0.,0.,1.));
#14476 = ORIENTED_EDGE('',*,*,#14477,.T.);
#14477 = EDGE_CURVE('',#14470,#14478,#14480,.T.);
#14478 = VERTEX_POINT('',#14479);
#14479 = CARTESIAN_POINT('',(-0.6,0.545,4.E-02));
#14480 = CIRCLE('',#14481,4.E-02);
#14481 = AXIS2_PLACEMENT_3D('',#14482,#14483,#14484);
#14482 = CARTESIAN_POINT('',(-0.6,0.545,8.E-02));
#14483 = DIRECTION('',(-1.,0.,0.));
#14484 = DIRECTION('',(0.,0.,1.));
#14485 = ORIENTED_EDGE('',*,*,#14486,.F.);
#14486 = EDGE_CURVE('',#14427,#14478,#14487,.T.);
#14487 = LINE('',#14488,#14489);
#14488 = CARTESIAN_POINT('',(-0.6,-0.585,4.E-02));
#14489 = VECTOR('',#14490,1.);
#14490 = DIRECTION('',(0.,1.,0.));
#14491 = PLANE('',#14492);
#14492 = AXIS2_PLACEMENT_3D('',#14493,#14494,#14495);
#14493 = CARTESIAN_POINT('',(-0.6,-0.625,0.));
#14494 = DIRECTION('',(1.,0.,0.));
#14495 = DIRECTION('',(0.,0.,1.));
#14496 = ADVANCED_FACE('',(#14497),#14523,.T.);
#14497 = FACE_BOUND('',#14498,.T.);
#14498 = EDGE_LOOP('',(#14499,#14500,#14508,#14517));
#14499 = ORIENTED_EDGE('',*,*,#14424,.T.);
#14500 = ORIENTED_EDGE('',*,*,#14501,.T.);
#14501 = EDGE_CURVE('',#14427,#14502,#14504,.T.);
#14502 = VERTEX_POINT('',#14503);
#14503 = CARTESIAN_POINT('',(0.6,-0.545,4.E-02));
#14504 = LINE('',#14505,#14506);
#14505 = CARTESIAN_POINT('',(-0.6,-0.545,4.E-02));
#14506 = VECTOR('',#14507,1.);
#14507 = DIRECTION('',(1.,0.,0.));
#14508 = ORIENTED_EDGE('',*,*,#14509,.F.);
#14509 = EDGE_CURVE('',#14510,#14502,#14512,.T.);
#14510 = VERTEX_POINT('',#14511);
#14511 = CARTESIAN_POINT('',(0.6,-0.585,8.E-02));
#14512 = CIRCLE('',#14513,4.E-02);
#14513 = AXIS2_PLACEMENT_3D('',#14514,#14515,#14516);
#14514 = CARTESIAN_POINT('',(0.6,-0.545,8.E-02));
#14515 = DIRECTION('',(1.,0.,-0.));
#14516 = DIRECTION('',(0.,0.,1.));
#14517 = ORIENTED_EDGE('',*,*,#14518,.F.);
#14518 = EDGE_CURVE('',#14425,#14510,#14519,.T.);
#14519 = LINE('',#14520,#14521);
#14520 = CARTESIAN_POINT('',(-0.6,-0.585,8.E-02));
#14521 = VECTOR('',#14522,1.);
#14522 = DIRECTION('',(1.,0.,0.));
#14523 = CYLINDRICAL_SURFACE('',#14524,4.E-02);
#14524 = AXIS2_PLACEMENT_3D('',#14525,#14526,#14527);
#14525 = CARTESIAN_POINT('',(-0.6,-0.545,8.E-02));
#14526 = DIRECTION('',(1.,0.,0.));
#14527 = DIRECTION('',(0.,-1.,0.));
#14528 = ADVANCED_FACE('',(#14529),#14547,.F.);
#14529 = FACE_BOUND('',#14530,.F.);
#14530 = EDGE_LOOP('',(#14531,#14532,#14533,#14541));
#14531 = ORIENTED_EDGE('',*,*,#14486,.F.);
#14532 = ORIENTED_EDGE('',*,*,#14501,.T.);
#14533 = ORIENTED_EDGE('',*,*,#14534,.T.);
#14534 = EDGE_CURVE('',#14502,#14535,#14537,.T.);
#14535 = VERTEX_POINT('',#14536);
#14536 = CARTESIAN_POINT('',(0.6,0.545,4.E-02));
#14537 = LINE('',#14538,#14539);
#14538 = CARTESIAN_POINT('',(0.6,-0.585,4.E-02));
#14539 = VECTOR('',#14540,1.);
#14540 = DIRECTION('',(0.,1.,0.));
#14541 = ORIENTED_EDGE('',*,*,#14542,.F.);
#14542 = EDGE_CURVE('',#14478,#14535,#14543,.T.);
#14543 = LINE('',#14544,#14545);
#14544 = CARTESIAN_POINT('',(-0.6,0.545,4.E-02));
#14545 = VECTOR('',#14546,1.);
#14546 = DIRECTION('',(1.,0.,0.));
#14547 = PLANE('',#14548);
#14548 = AXIS2_PLACEMENT_3D('',#14549,#14550,#14551);
#14549 = CARTESIAN_POINT('',(-0.6,-0.585,4.E-02));
#14550 = DIRECTION('',(0.,0.,1.));
#14551 = DIRECTION('',(1.,0.,-0.));
#14552 = ADVANCED_FACE('',(#14553),#14572,.T.);
#14553 = FACE_BOUND('',#14554,.T.);
#14554 = EDGE_LOOP('',(#14555,#14563,#14570,#14571));
#14555 = ORIENTED_EDGE('',*,*,#14556,.T.);
#14556 = EDGE_CURVE('',#14470,#14557,#14559,.T.);
#14557 = VERTEX_POINT('',#14558);
#14558 = CARTESIAN_POINT('',(0.6,0.585,8.E-02));
#14559 = LINE('',#14560,#14561);
#14560 = CARTESIAN_POINT('',(-0.6,0.585,8.E-02));
#14561 = VECTOR('',#14562,1.);
#14562 = DIRECTION('',(1.,0.,0.));
#14563 = ORIENTED_EDGE('',*,*,#14564,.T.);
#14564 = EDGE_CURVE('',#14557,#14535,#14565,.T.);
#14565 = CIRCLE('',#14566,4.E-02);
#14566 = AXIS2_PLACEMENT_3D('',#14567,#14568,#14569);
#14567 = CARTESIAN_POINT('',(0.6,0.545,8.E-02));
#14568 = DIRECTION('',(-1.,0.,0.));
#14569 = DIRECTION('',(0.,0.,1.));
#14570 = ORIENTED_EDGE('',*,*,#14542,.F.);
#14571 = ORIENTED_EDGE('',*,*,#14477,.F.);
#14572 = CYLINDRICAL_SURFACE('',#14573,4.E-02);
#14573 = AXIS2_PLACEMENT_3D('',#14574,#14575,#14576);
#14574 = CARTESIAN_POINT('',(-0.6,0.545,8.E-02));
#14575 = DIRECTION('',(1.,0.,0.));
#14576 = DIRECTION('',(-0.,1.,0.));
#14577 = ADVANCED_FACE('',(#14578),#14596,.T.);
#14578 = FACE_BOUND('',#14579,.T.);
#14579 = EDGE_LOOP('',(#14580,#14588,#14589,#14590));
#14580 = ORIENTED_EDGE('',*,*,#14581,.F.);
#14581 = EDGE_CURVE('',#14557,#14582,#14584,.T.);
#14582 = VERTEX_POINT('',#14583);
#14583 = CARTESIAN_POINT('',(0.6,0.585,1.17));
#14584 = LINE('',#14585,#14586);
#14585 = CARTESIAN_POINT('',(0.6,0.585,4.E-02));
#14586 = VECTOR('',#14587,1.);
#14587 = DIRECTION('',(0.,0.,1.));
#14588 = ORIENTED_EDGE('',*,*,#14556,.F.);
#14589 = ORIENTED_EDGE('',*,*,#14469,.T.);
#14590 = ORIENTED_EDGE('',*,*,#14591,.T.);
#14591 = EDGE_CURVE('',#14461,#14582,#14592,.T.);
#14592 = LINE('',#14593,#14594);
#14593 = CARTESIAN_POINT('',(-0.6,0.585,1.17));
#14594 = VECTOR('',#14595,1.);
#14595 = DIRECTION('',(1.,0.,0.));
#14596 = PLANE('',#14597);
#14597 = AXIS2_PLACEMENT_3D('',#14598,#14599,#14600);
#14598 = CARTESIAN_POINT('',(-0.6,0.585,4.E-02));
#14599 = DIRECTION('',(0.,1.,0.));
#14600 = DIRECTION('',(0.,-0.,1.));
#14601 = ADVANCED_FACE('',(#14602),#14621,.T.);
#14602 = FACE_BOUND('',#14603,.T.);
#14603 = EDGE_LOOP('',(#14604,#14605,#14613,#14620));
#14604 = ORIENTED_EDGE('',*,*,#14460,.T.);
#14605 = ORIENTED_EDGE('',*,*,#14606,.T.);
#14606 = EDGE_CURVE('',#14453,#14607,#14609,.T.);
#14607 = VERTEX_POINT('',#14608);
#14608 = CARTESIAN_POINT('',(0.6,0.545,1.21));
#14609 = LINE('',#14610,#14611);
#14610 = CARTESIAN_POINT('',(-0.6,0.545,1.21));
#14611 = VECTOR('',#14612,1.);
#14612 = DIRECTION('',(1.,0.,0.));
#14613 = ORIENTED_EDGE('',*,*,#14614,.F.);
#14614 = EDGE_CURVE('',#14582,#14607,#14615,.T.);
#14615 = CIRCLE('',#14616,4.E-02);
#14616 = AXIS2_PLACEMENT_3D('',#14617,#14618,#14619);
#14617 = CARTESIAN_POINT('',(0.6,0.545,1.17));
#14618 = DIRECTION('',(1.,0.,-0.));
#14619 = DIRECTION('',(0.,0.,1.));
#14620 = ORIENTED_EDGE('',*,*,#14591,.F.);
#14621 = CYLINDRICAL_SURFACE('',#14622,4.E-02);
#14622 = AXIS2_PLACEMENT_3D('',#14623,#14624,#14625);
#14623 = CARTESIAN_POINT('',(-0.6,0.545,1.17));
#14624 = DIRECTION('',(1.,0.,0.));
#14625 = DIRECTION('',(-0.,1.,0.));
#14626 = ADVANCED_FACE('',(#14627),#14645,.T.);
#14627 = FACE_BOUND('',#14628,.T.);
#14628 = EDGE_LOOP('',(#14629,#14630,#14638,#14644));
#14629 = ORIENTED_EDGE('',*,*,#14452,.F.);
#14630 = ORIENTED_EDGE('',*,*,#14631,.T.);
#14631 = EDGE_CURVE('',#14444,#14632,#14634,.T.);
#14632 = VERTEX_POINT('',#14633);
#14633 = CARTESIAN_POINT('',(0.6,-0.545,1.21));
#14634 = LINE('',#14635,#14636);
#14635 = CARTESIAN_POINT('',(-0.6,-0.545,1.21));
#14636 = VECTOR('',#14637,1.);
#14637 = DIRECTION('',(1.,0.,0.));
#14638 = ORIENTED_EDGE('',*,*,#14639,.T.);
#14639 = EDGE_CURVE('',#14632,#14607,#14640,.T.);
#14640 = LINE('',#14641,#14642);
#14641 = CARTESIAN_POINT('',(0.6,-0.585,1.21));
#14642 = VECTOR('',#14643,1.);
#14643 = DIRECTION('',(0.,1.,0.));
#14644 = ORIENTED_EDGE('',*,*,#14606,.F.);
#14645 = PLANE('',#14646);
#14646 = AXIS2_PLACEMENT_3D('',#14647,#14648,#14649);
#14647 = CARTESIAN_POINT('',(-0.6,-0.585,1.21));
#14648 = DIRECTION('',(0.,0.,1.));
#14649 = DIRECTION('',(1.,0.,-0.));
#14650 = ADVANCED_FACE('',(#14651),#14670,.T.);
#14651 = FACE_BOUND('',#14652,.T.);
#14652 = EDGE_LOOP('',(#14653,#14661,#14668,#14669));
#14653 = ORIENTED_EDGE('',*,*,#14654,.T.);
#14654 = EDGE_CURVE('',#14436,#14655,#14657,.T.);
#14655 = VERTEX_POINT('',#14656);
#14656 = CARTESIAN_POINT('',(0.6,-0.585,1.17));
#14657 = LINE('',#14658,#14659);
#14658 = CARTESIAN_POINT('',(-0.6,-0.585,1.17));
#14659 = VECTOR('',#14660,1.);
#14660 = DIRECTION('',(1.,0.,0.));
#14661 = ORIENTED_EDGE('',*,*,#14662,.T.);
#14662 = EDGE_CURVE('',#14655,#14632,#14663,.T.);
#14663 = CIRCLE('',#14664,4.E-02);
#14664 = AXIS2_PLACEMENT_3D('',#14665,#14666,#14667);
#14665 = CARTESIAN_POINT('',(0.6,-0.545,1.17));
#14666 = DIRECTION('',(-1.,0.,0.));
#14667 = DIRECTION('',(0.,0.,1.));
#14668 = ORIENTED_EDGE('',*,*,#14631,.F.);
#14669 = ORIENTED_EDGE('',*,*,#14443,.F.);
#14670 = CYLINDRICAL_SURFACE('',#14671,4.E-02);
#14671 = AXIS2_PLACEMENT_3D('',#14672,#14673,#14674);
#14672 = CARTESIAN_POINT('',(-0.6,-0.545,1.17));
#14673 = DIRECTION('',(1.,0.,0.));
#14674 = DIRECTION('',(0.,-1.,0.));
#14675 = ADVANCED_FACE('',(#14676),#14687,.F.);
#14676 = FACE_BOUND('',#14677,.F.);
#14677 = EDGE_LOOP('',(#14678,#14684,#14685,#14686));
#14678 = ORIENTED_EDGE('',*,*,#14679,.F.);
#14679 = EDGE_CURVE('',#14510,#14655,#14680,.T.);
#14680 = LINE('',#14681,#14682);
#14681 = CARTESIAN_POINT('',(0.6,-0.585,4.E-02));
#14682 = VECTOR('',#14683,1.);
#14683 = DIRECTION('',(0.,0.,1.));
#14684 = ORIENTED_EDGE('',*,*,#14518,.F.);
#14685 = ORIENTED_EDGE('',*,*,#14435,.T.);
#14686 = ORIENTED_EDGE('',*,*,#14654,.T.);
#14687 = PLANE('',#14688);
#14688 = AXIS2_PLACEMENT_3D('',#14689,#14690,#14691);
#14689 = CARTESIAN_POINT('',(-0.6,-0.585,4.E-02));
#14690 = DIRECTION('',(0.,1.,0.));
#14691 = DIRECTION('',(0.,-0.,1.));
#14692 = ADVANCED_FACE('',(#14693,#14763),#14773,.F.);
#14693 = FACE_BOUND('',#14694,.F.);
#14694 = EDGE_LOOP('',(#14695,#14705,#14714,#14722,#14731,#14739,#14748,
    #14756));
#14695 = ORIENTED_EDGE('',*,*,#14696,.F.);
#14696 = EDGE_CURVE('',#14697,#14699,#14701,.T.);
#14697 = VERTEX_POINT('',#14698);
#14698 = CARTESIAN_POINT('',(0.6,-0.625,4.E-02));
#14699 = VERTEX_POINT('',#14700);
#14700 = CARTESIAN_POINT('',(0.6,-0.625,1.21));
#14701 = LINE('',#14702,#14703);
#14702 = CARTESIAN_POINT('',(0.6,-0.625,0.));
#14703 = VECTOR('',#14704,1.);
#14704 = DIRECTION('',(0.,0.,1.));
#14705 = ORIENTED_EDGE('',*,*,#14706,.T.);
#14706 = EDGE_CURVE('',#14697,#14707,#14709,.T.);
#14707 = VERTEX_POINT('',#14708);
#14708 = CARTESIAN_POINT('',(0.6,-0.585,0.));
#14709 = CIRCLE('',#14710,4.E-02);
#14710 = AXIS2_PLACEMENT_3D('',#14711,#14712,#14713);
#14711 = CARTESIAN_POINT('',(0.6,-0.585,4.E-02));
#14712 = DIRECTION('',(1.,0.,-0.));
#14713 = DIRECTION('',(0.,0.,1.));
#14714 = ORIENTED_EDGE('',*,*,#14715,.T.);
#14715 = EDGE_CURVE('',#14707,#14716,#14718,.T.);
#14716 = VERTEX_POINT('',#14717);
#14717 = CARTESIAN_POINT('',(0.6,0.585,0.));
#14718 = LINE('',#14719,#14720);
#14719 = CARTESIAN_POINT('',(0.6,-0.625,0.));
#14720 = VECTOR('',#14721,1.);
#14721 = DIRECTION('',(0.,1.,0.));
#14722 = ORIENTED_EDGE('',*,*,#14723,.F.);
#14723 = EDGE_CURVE('',#14724,#14716,#14726,.T.);
#14724 = VERTEX_POINT('',#14725);
#14725 = CARTESIAN_POINT('',(0.6,0.625,4.E-02));
#14726 = CIRCLE('',#14727,4.E-02);
#14727 = AXIS2_PLACEMENT_3D('',#14728,#14729,#14730);
#14728 = CARTESIAN_POINT('',(0.6,0.585,4.E-02));
#14729 = DIRECTION('',(-1.,0.,0.));
#14730 = DIRECTION('',(0.,0.,1.));
#14731 = ORIENTED_EDGE('',*,*,#14732,.T.);
#14732 = EDGE_CURVE('',#14724,#14733,#14735,.T.);
#14733 = VERTEX_POINT('',#14734);
#14734 = CARTESIAN_POINT('',(0.6,0.625,1.21));
#14735 = LINE('',#14736,#14737);
#14736 = CARTESIAN_POINT('',(0.6,0.625,0.));
#14737 = VECTOR('',#14738,1.);
#14738 = DIRECTION('',(0.,0.,1.));
#14739 = ORIENTED_EDGE('',*,*,#14740,.T.);
#14740 = EDGE_CURVE('',#14733,#14741,#14743,.T.);
#14741 = VERTEX_POINT('',#14742);
#14742 = CARTESIAN_POINT('',(0.6,0.585,1.25));
#14743 = CIRCLE('',#14744,4.E-02);
#14744 = AXIS2_PLACEMENT_3D('',#14745,#14746,#14747);
#14745 = CARTESIAN_POINT('',(0.6,0.585,1.21));
#14746 = DIRECTION('',(1.,0.,-0.));
#14747 = DIRECTION('',(0.,0.,1.));
#14748 = ORIENTED_EDGE('',*,*,#14749,.F.);
#14749 = EDGE_CURVE('',#14750,#14741,#14752,.T.);
#14750 = VERTEX_POINT('',#14751);
#14751 = CARTESIAN_POINT('',(0.6,-0.585,1.25));
#14752 = LINE('',#14753,#14754);
#14753 = CARTESIAN_POINT('',(0.6,-0.625,1.25));
#14754 = VECTOR('',#14755,1.);
#14755 = DIRECTION('',(0.,1.,0.));
#14756 = ORIENTED_EDGE('',*,*,#14757,.F.);
#14757 = EDGE_CURVE('',#14699,#14750,#14758,.T.);
#14758 = CIRCLE('',#14759,4.E-02);
#14759 = AXIS2_PLACEMENT_3D('',#14760,#14761,#14762);
#14760 = CARTESIAN_POINT('',(0.6,-0.585,1.21));
#14761 = DIRECTION('',(-1.,0.,0.));
#14762 = DIRECTION('',(0.,0.,1.));
#14763 = FACE_BOUND('',#14764,.F.);
#14764 = EDGE_LOOP('',(#14765,#14766,#14767,#14768,#14769,#14770,#14771,
    #14772));
#14765 = ORIENTED_EDGE('',*,*,#14509,.F.);
#14766 = ORIENTED_EDGE('',*,*,#14679,.T.);
#14767 = ORIENTED_EDGE('',*,*,#14662,.T.);
#14768 = ORIENTED_EDGE('',*,*,#14639,.T.);
#14769 = ORIENTED_EDGE('',*,*,#14614,.F.);
#14770 = ORIENTED_EDGE('',*,*,#14581,.F.);
#14771 = ORIENTED_EDGE('',*,*,#14564,.T.);
#14772 = ORIENTED_EDGE('',*,*,#14534,.F.);
#14773 = PLANE('',#14774);
#14774 = AXIS2_PLACEMENT_3D('',#14775,#14776,#14777);
#14775 = CARTESIAN_POINT('',(0.6,-0.625,0.));
#14776 = DIRECTION('',(1.,0.,0.));
#14777 = DIRECTION('',(0.,0.,1.));
#14778 = ADVANCED_FACE('',(#14779),#14804,.F.);
#14779 = FACE_BOUND('',#14780,.F.);
#14780 = EDGE_LOOP('',(#14781,#14791,#14797,#14798));
#14781 = ORIENTED_EDGE('',*,*,#14782,.F.);
#14782 = EDGE_CURVE('',#14783,#14785,#14787,.T.);
#14783 = VERTEX_POINT('',#14784);
#14784 = CARTESIAN_POINT('',(1.,-0.625,4.E-02));
#14785 = VERTEX_POINT('',#14786);
#14786 = CARTESIAN_POINT('',(1.,-0.625,1.21));
#14787 = LINE('',#14788,#14789);
#14788 = CARTESIAN_POINT('',(1.,-0.625,0.));
#14789 = VECTOR('',#14790,1.);
#14790 = DIRECTION('',(0.,0.,1.));
#14791 = ORIENTED_EDGE('',*,*,#14792,.F.);
#14792 = EDGE_CURVE('',#14697,#14783,#14793,.T.);
#14793 = LINE('',#14794,#14795);
#14794 = CARTESIAN_POINT('',(0.6,-0.625,4.E-02));
#14795 = VECTOR('',#14796,1.);
#14796 = DIRECTION('',(1.,0.,0.));
#14797 = ORIENTED_EDGE('',*,*,#14696,.T.);
#14798 = ORIENTED_EDGE('',*,*,#14799,.T.);
#14799 = EDGE_CURVE('',#14699,#14785,#14800,.T.);
#14800 = LINE('',#14801,#14802);
#14801 = CARTESIAN_POINT('',(0.6,-0.625,1.21));
#14802 = VECTOR('',#14803,1.);
#14803 = DIRECTION('',(1.,0.,0.));
#14804 = PLANE('',#14805);
#14805 = AXIS2_PLACEMENT_3D('',#14806,#14807,#14808);
#14806 = CARTESIAN_POINT('',(0.6,-0.625,0.));
#14807 = DIRECTION('',(0.,1.,0.));
#14808 = DIRECTION('',(0.,-0.,1.));
#14809 = ADVANCED_FACE('',(#14810),#14829,.T.);
#14810 = FACE_BOUND('',#14811,.T.);
#14811 = EDGE_LOOP('',(#14812,#14813,#14821,#14828));
#14812 = ORIENTED_EDGE('',*,*,#14706,.T.);
#14813 = ORIENTED_EDGE('',*,*,#14814,.T.);
#14814 = EDGE_CURVE('',#14707,#14815,#14817,.T.);
#14815 = VERTEX_POINT('',#14816);
#14816 = CARTESIAN_POINT('',(1.,-0.585,0.));
#14817 = LINE('',#14818,#14819);
#14818 = CARTESIAN_POINT('',(0.6,-0.585,0.));
#14819 = VECTOR('',#14820,1.);
#14820 = DIRECTION('',(1.,0.,0.));
#14821 = ORIENTED_EDGE('',*,*,#14822,.F.);
#14822 = EDGE_CURVE('',#14783,#14815,#14823,.T.);
#14823 = CIRCLE('',#14824,4.E-02);
#14824 = AXIS2_PLACEMENT_3D('',#14825,#14826,#14827);
#14825 = CARTESIAN_POINT('',(1.,-0.585,4.E-02));
#14826 = DIRECTION('',(1.,0.,-0.));
#14827 = DIRECTION('',(0.,0.,1.));
#14828 = ORIENTED_EDGE('',*,*,#14792,.F.);
#14829 = CYLINDRICAL_SURFACE('',#14830,4.E-02);
#14830 = AXIS2_PLACEMENT_3D('',#14831,#14832,#14833);
#14831 = CARTESIAN_POINT('',(0.6,-0.585,4.E-02));
#14832 = DIRECTION('',(1.,0.,0.));
#14833 = DIRECTION('',(0.,-1.,0.));
#14834 = ADVANCED_FACE('',(#14835),#14854,.T.);
#14835 = FACE_BOUND('',#14836,.T.);
#14836 = EDGE_LOOP('',(#14837,#14838,#14847,#14853));
#14837 = ORIENTED_EDGE('',*,*,#14799,.T.);
#14838 = ORIENTED_EDGE('',*,*,#14839,.T.);
#14839 = EDGE_CURVE('',#14785,#14840,#14842,.T.);
#14840 = VERTEX_POINT('',#14841);
#14841 = CARTESIAN_POINT('',(1.,-0.585,1.25));
#14842 = CIRCLE('',#14843,4.E-02);
#14843 = AXIS2_PLACEMENT_3D('',#14844,#14845,#14846);
#14844 = CARTESIAN_POINT('',(1.,-0.585,1.21));
#14845 = DIRECTION('',(-1.,0.,0.));
#14846 = DIRECTION('',(0.,0.,1.));
#14847 = ORIENTED_EDGE('',*,*,#14848,.F.);
#14848 = EDGE_CURVE('',#14750,#14840,#14849,.T.);
#14849 = LINE('',#14850,#14851);
#14850 = CARTESIAN_POINT('',(0.6,-0.585,1.25));
#14851 = VECTOR('',#14852,1.);
#14852 = DIRECTION('',(1.,0.,0.));
#14853 = ORIENTED_EDGE('',*,*,#14757,.F.);
#14854 = CYLINDRICAL_SURFACE('',#14855,4.E-02);
#14855 = AXIS2_PLACEMENT_3D('',#14856,#14857,#14858);
#14856 = CARTESIAN_POINT('',(0.6,-0.585,1.21));
#14857 = DIRECTION('',(1.,0.,0.));
#14858 = DIRECTION('',(0.,-1.,0.));
#14859 = ADVANCED_FACE('',(#14860),#14878,.F.);
#14860 = FACE_BOUND('',#14861,.F.);
#14861 = EDGE_LOOP('',(#14862,#14863,#14864,#14872));
#14862 = ORIENTED_EDGE('',*,*,#14715,.F.);
#14863 = ORIENTED_EDGE('',*,*,#14814,.T.);
#14864 = ORIENTED_EDGE('',*,*,#14865,.T.);
#14865 = EDGE_CURVE('',#14815,#14866,#14868,.T.);
#14866 = VERTEX_POINT('',#14867);
#14867 = CARTESIAN_POINT('',(1.,0.585,0.));
#14868 = LINE('',#14869,#14870);
#14869 = CARTESIAN_POINT('',(1.,-0.625,0.));
#14870 = VECTOR('',#14871,1.);
#14871 = DIRECTION('',(0.,1.,0.));
#14872 = ORIENTED_EDGE('',*,*,#14873,.F.);
#14873 = EDGE_CURVE('',#14716,#14866,#14874,.T.);
#14874 = LINE('',#14875,#14876);
#14875 = CARTESIAN_POINT('',(0.6,0.585,0.));
#14876 = VECTOR('',#14877,1.);
#14877 = DIRECTION('',(1.,0.,0.));
#14878 = PLANE('',#14879);
#14879 = AXIS2_PLACEMENT_3D('',#14880,#14881,#14882);
#14880 = CARTESIAN_POINT('',(0.6,-0.625,0.));
#14881 = DIRECTION('',(0.,0.,1.));
#14882 = DIRECTION('',(1.,0.,-0.));
#14883 = ADVANCED_FACE('',(#14884),#14902,.T.);
#14884 = FACE_BOUND('',#14885,.T.);
#14885 = EDGE_LOOP('',(#14886,#14887,#14888,#14896));
#14886 = ORIENTED_EDGE('',*,*,#14749,.F.);
#14887 = ORIENTED_EDGE('',*,*,#14848,.T.);
#14888 = ORIENTED_EDGE('',*,*,#14889,.T.);
#14889 = EDGE_CURVE('',#14840,#14890,#14892,.T.);
#14890 = VERTEX_POINT('',#14891);
#14891 = CARTESIAN_POINT('',(1.,0.585,1.25));
#14892 = LINE('',#14893,#14894);
#14893 = CARTESIAN_POINT('',(1.,-0.625,1.25));
#14894 = VECTOR('',#14895,1.);
#14895 = DIRECTION('',(0.,1.,0.));
#14896 = ORIENTED_EDGE('',*,*,#14897,.F.);
#14897 = EDGE_CURVE('',#14741,#14890,#14898,.T.);
#14898 = LINE('',#14899,#14900);
#14899 = CARTESIAN_POINT('',(0.6,0.585,1.25));
#14900 = VECTOR('',#14901,1.);
#14901 = DIRECTION('',(1.,0.,0.));
#14902 = PLANE('',#14903);
#14903 = AXIS2_PLACEMENT_3D('',#14904,#14905,#14906);
#14904 = CARTESIAN_POINT('',(0.6,-0.625,1.25));
#14905 = DIRECTION('',(0.,0.,1.));
#14906 = DIRECTION('',(1.,0.,-0.));
#14907 = ADVANCED_FACE('',(#14908),#14927,.T.);
#14908 = FACE_BOUND('',#14909,.T.);
#14909 = EDGE_LOOP('',(#14910,#14918,#14925,#14926));
#14910 = ORIENTED_EDGE('',*,*,#14911,.T.);
#14911 = EDGE_CURVE('',#14724,#14912,#14914,.T.);
#14912 = VERTEX_POINT('',#14913);
#14913 = CARTESIAN_POINT('',(1.,0.625,4.E-02));
#14914 = LINE('',#14915,#14916);
#14915 = CARTESIAN_POINT('',(0.6,0.625,4.E-02));
#14916 = VECTOR('',#14917,1.);
#14917 = DIRECTION('',(1.,0.,0.));
#14918 = ORIENTED_EDGE('',*,*,#14919,.T.);
#14919 = EDGE_CURVE('',#14912,#14866,#14920,.T.);
#14920 = CIRCLE('',#14921,4.E-02);
#14921 = AXIS2_PLACEMENT_3D('',#14922,#14923,#14924);
#14922 = CARTESIAN_POINT('',(1.,0.585,4.E-02));
#14923 = DIRECTION('',(-1.,0.,0.));
#14924 = DIRECTION('',(0.,0.,1.));
#14925 = ORIENTED_EDGE('',*,*,#14873,.F.);
#14926 = ORIENTED_EDGE('',*,*,#14723,.F.);
#14927 = CYLINDRICAL_SURFACE('',#14928,4.E-02);
#14928 = AXIS2_PLACEMENT_3D('',#14929,#14930,#14931);
#14929 = CARTESIAN_POINT('',(0.6,0.585,4.E-02));
#14930 = DIRECTION('',(1.,0.,0.));
#14931 = DIRECTION('',(-0.,1.,0.));
#14932 = ADVANCED_FACE('',(#14933),#14952,.T.);
#14933 = FACE_BOUND('',#14934,.T.);
#14934 = EDGE_LOOP('',(#14935,#14936,#14937,#14946));
#14935 = ORIENTED_EDGE('',*,*,#14740,.T.);
#14936 = ORIENTED_EDGE('',*,*,#14897,.T.);
#14937 = ORIENTED_EDGE('',*,*,#14938,.F.);
#14938 = EDGE_CURVE('',#14939,#14890,#14941,.T.);
#14939 = VERTEX_POINT('',#14940);
#14940 = CARTESIAN_POINT('',(1.,0.625,1.21));
#14941 = CIRCLE('',#14942,4.E-02);
#14942 = AXIS2_PLACEMENT_3D('',#14943,#14944,#14945);
#14943 = CARTESIAN_POINT('',(1.,0.585,1.21));
#14944 = DIRECTION('',(1.,0.,-0.));
#14945 = DIRECTION('',(0.,0.,1.));
#14946 = ORIENTED_EDGE('',*,*,#14947,.F.);
#14947 = EDGE_CURVE('',#14733,#14939,#14948,.T.);
#14948 = LINE('',#14949,#14950);
#14949 = CARTESIAN_POINT('',(0.6,0.625,1.21));
#14950 = VECTOR('',#14951,1.);
#14951 = DIRECTION('',(1.,0.,0.));
#14952 = CYLINDRICAL_SURFACE('',#14953,4.E-02);
#14953 = AXIS2_PLACEMENT_3D('',#14954,#14955,#14956);
#14954 = CARTESIAN_POINT('',(0.6,0.585,1.21));
#14955 = DIRECTION('',(1.,0.,0.));
#14956 = DIRECTION('',(-0.,1.,0.));
#14957 = ADVANCED_FACE('',(#14958),#14969,.T.);
#14958 = FACE_BOUND('',#14959,.T.);
#14959 = EDGE_LOOP('',(#14960,#14966,#14967,#14968));
#14960 = ORIENTED_EDGE('',*,*,#14961,.F.);
#14961 = EDGE_CURVE('',#14912,#14939,#14962,.T.);
#14962 = LINE('',#14963,#14964);
#14963 = CARTESIAN_POINT('',(1.,0.625,0.));
#14964 = VECTOR('',#14965,1.);
#14965 = DIRECTION('',(0.,0.,1.));
#14966 = ORIENTED_EDGE('',*,*,#14911,.F.);
#14967 = ORIENTED_EDGE('',*,*,#14732,.T.);
#14968 = ORIENTED_EDGE('',*,*,#14947,.T.);
#14969 = PLANE('',#14970);
#14970 = AXIS2_PLACEMENT_3D('',#14971,#14972,#14973);
#14971 = CARTESIAN_POINT('',(0.6,0.625,0.));
#14972 = DIRECTION('',(0.,1.,0.));
#14973 = DIRECTION('',(0.,-0.,1.));
#14974 = ADVANCED_FACE('',(#14975),#14985,.T.);
#14975 = FACE_BOUND('',#14976,.T.);
#14976 = EDGE_LOOP('',(#14977,#14978,#14979,#14980,#14981,#14982,#14983,
    #14984));
#14977 = ORIENTED_EDGE('',*,*,#14782,.F.);
#14978 = ORIENTED_EDGE('',*,*,#14822,.T.);
#14979 = ORIENTED_EDGE('',*,*,#14865,.T.);
#14980 = ORIENTED_EDGE('',*,*,#14919,.F.);
#14981 = ORIENTED_EDGE('',*,*,#14961,.T.);
#14982 = ORIENTED_EDGE('',*,*,#14938,.T.);
#14983 = ORIENTED_EDGE('',*,*,#14889,.F.);
#14984 = ORIENTED_EDGE('',*,*,#14839,.F.);
#14985 = PLANE('',#14986);
#14986 = AXIS2_PLACEMENT_3D('',#14987,#14988,#14989);
#14987 = CARTESIAN_POINT('',(1.,-0.625,0.));
#14988 = DIRECTION('',(1.,0.,0.));
#14989 = DIRECTION('',(0.,0.,1.));
#14990 = ( GEOMETRIC_REPRESENTATION_CONTEXT(3) 
GLOBAL_UNCERTAINTY_ASSIGNED_CONTEXT((#14994)) 
GLOBAL_UNIT_ASSIGNED_CONTEXT((#14991,#14992,#14993)) 
REPRESENTATION_CONTEXT('Context #1',
  '3D Context with UNIT and UNCERTAINTY') );
#14991 = ( LENGTH_UNIT() NAMED_UNIT(*) SI_UNIT(.MILLI.,.METRE.) );
#14992 = ( NAMED_UNIT(*) PLANE_ANGLE_UNIT() SI_UNIT($,.RADIAN.) );
#14993 = ( NAMED_UNIT(*) SI_UNIT($,.STERADIAN.) SOLID_ANGLE_UNIT() );
#14994 = UNCERTAINTY_MEASURE_WITH_UNIT(LENGTH_MEASURE(1.E-07),#14991,
  'distance_accuracy_value','confusion accuracy');
#14995 = CONTEXT_DEPENDENT_SHAPE_REPRESENTATION(#14996,#14998);
#14996 = ( REPRESENTATION_RELATIONSHIP('','',#14135,#10) 
REPRESENTATION_RELATIONSHIP_WITH_TRANSFORMATION(#14997) 
SHAPE_REPRESENTATION_RELATIONSHIP() );
#14997 = ITEM_DEFINED_TRANSFORMATION('','',#11,#79);
#14998 = PRODUCT_DEFINITION_SHAPE('Placement','Placement of an item',
  #14999);
#14999 = NEXT_ASSEMBLY_USAGE_OCCURRENCE('17','L10','',#5,#14130,$);
#15000 = PRODUCT_RELATED_PRODUCT_CATEGORY('part',$,(#14132));
#15001 = CONTEXT_DEPENDENT_SHAPE_REPRESENTATION(#15002,#15004);
#15002 = ( REPRESENTATION_RELATIONSHIP('','',#8073,#10) 
REPRESENTATION_RELATIONSHIP_WITH_TRANSFORMATION(#15003) 
SHAPE_REPRESENTATION_RELATIONSHIP() );
#15003 = ITEM_DEFINED_TRANSFORMATION('','',#11,#83);
#15004 = PRODUCT_DEFINITION_SHAPE('Placement','Placement of an item',
  #15005);
#15005 = NEXT_ASSEMBLY_USAGE_OCCURRENCE('18','R56','',#5,#8068,$);
#15006 = SHAPE_DEFINITION_REPRESENTATION(#15007,#15013);
#15007 = PRODUCT_DEFINITION_SHAPE('','',#15008);
#15008 = PRODUCT_DEFINITION('design','',#15009,#15012);
#15009 = PRODUCT_DEFINITION_FORMATION('','',#15010);
#15010 = PRODUCT('LED_1206_3216Metric_Castellated_Green',
  'LED_1206_3216Metric_Castellated_Green','',(#15011));
#15011 = PRODUCT_CONTEXT('',#2,'mechanical');
#15012 = PRODUCT_DEFINITION_CONTEXT('part definition',#2,'design');
#15013 = ADVANCED_BREP_SHAPE_REPRESENTATION('',(#11,#15014),#16059);
#15014 = MANIFOLD_SOLID_BREP('',#15015);
#15015 = CLOSED_SHELL('',(#15016,#15048,#15079,#15103,#15120,#15160,
    #15197,#15270,#15295,#15327,#15351,#15376,#15418,#15442,#15482,
    #15519,#15556,#15617,#15649,#15673,#15715,#15740,#15764,#15791,
    #15824,#15857,#15890,#15923,#15968,#16013,#16030,#16047));
#15016 = ADVANCED_FACE('',(#15017),#15043,.T.);
#15017 = FACE_BOUND('',#15018,.T.);
#15018 = EDGE_LOOP('',(#15019,#15029,#15037));
#15019 = ORIENTED_EDGE('',*,*,#15020,.T.);
#15020 = EDGE_CURVE('',#15021,#15023,#15025,.T.);
#15021 = VERTEX_POINT('',#15022);
#15022 = CARTESIAN_POINT('',(-0.554256258422,0.,3.E-02));
#15023 = VERTEX_POINT('',#15024);
#15024 = CARTESIAN_POINT('',(0.554256258422,0.64,3.E-02));
#15025 = LINE('',#15026,#15027);
#15026 = CARTESIAN_POINT('',(-0.554256258422,0.,3.E-02));
#15027 = VECTOR('',#15028,1.);
#15028 = DIRECTION('',(0.866025403784,0.5,0.));
#15029 = ORIENTED_EDGE('',*,*,#15030,.T.);
#15030 = EDGE_CURVE('',#15023,#15031,#15033,.T.);
#15031 = VERTEX_POINT('',#15032);
#15032 = CARTESIAN_POINT('',(0.554256258422,-0.64,3.E-02));
#15033 = LINE('',#15034,#15035);
#15034 = CARTESIAN_POINT('',(0.554256258422,0.64,3.E-02));
#15035 = VECTOR('',#15036,1.);
#15036 = DIRECTION('',(0.,-1.,0.));
#15037 = ORIENTED_EDGE('',*,*,#15038,.T.);
#15038 = EDGE_CURVE('',#15031,#15021,#15039,.T.);
#15039 = LINE('',#15040,#15041);
#15040 = CARTESIAN_POINT('',(0.554256258422,-0.64,3.E-02));
#15041 = VECTOR('',#15042,1.);
#15042 = DIRECTION('',(-0.866025403784,0.5,0.));
#15043 = PLANE('',#15044);
#15044 = AXIS2_PLACEMENT_3D('',#15045,#15046,#15047);
#15045 = CARTESIAN_POINT('',(0.184752086141,0.,3.E-02));
#15046 = DIRECTION('',(0.,0.,-1.));
#15047 = DIRECTION('',(-1.,0.,0.));
#15048 = ADVANCED_FACE('',(#15049),#15074,.T.);
#15049 = FACE_BOUND('',#15050,.T.);
#15050 = EDGE_LOOP('',(#15051,#15059,#15067,#15073));
#15051 = ORIENTED_EDGE('',*,*,#15052,.T.);
#15052 = EDGE_CURVE('',#15023,#15053,#15055,.T.);
#15053 = VERTEX_POINT('',#15054);
#15054 = CARTESIAN_POINT('',(0.554256258422,0.64,6.E-02));
#15055 = LINE('',#15056,#15057);
#15056 = CARTESIAN_POINT('',(0.554256258422,0.64,3.E-02));
#15057 = VECTOR('',#15058,1.);
#15058 = DIRECTION('',(0.,0.,1.));
#15059 = ORIENTED_EDGE('',*,*,#15060,.T.);
#15060 = EDGE_CURVE('',#15053,#15061,#15063,.T.);
#15061 = VERTEX_POINT('',#15062);
#15062 = CARTESIAN_POINT('',(0.554256258422,-0.64,6.E-02));
#15063 = LINE('',#15064,#15065);
#15064 = CARTESIAN_POINT('',(0.554256258422,0.64,6.E-02));
#15065 = VECTOR('',#15066,1.);
#15066 = DIRECTION('',(0.,-1.,0.));
#15067 = ORIENTED_EDGE('',*,*,#15068,.F.);
#15068 = EDGE_CURVE('',#15031,#15061,#15069,.T.);
#15069 = LINE('',#15070,#15071);
#15070 = CARTESIAN_POINT('',(0.554256258422,-0.64,3.E-02));
#15071 = VECTOR('',#15072,1.);
#15072 = DIRECTION('',(0.,0.,1.));
#15073 = ORIENTED_EDGE('',*,*,#15030,.F.);
#15074 = PLANE('',#15075);
#15075 = AXIS2_PLACEMENT_3D('',#15076,#15077,#15078);
#15076 = CARTESIAN_POINT('',(0.554256258422,0.64,3.E-02));
#15077 = DIRECTION('',(1.,0.,0.));
#15078 = DIRECTION('',(0.,-1.,0.));
#15079 = ADVANCED_FACE('',(#15080),#15098,.T.);
#15080 = FACE_BOUND('',#15081,.T.);
#15081 = EDGE_LOOP('',(#15082,#15083,#15091,#15097));
#15082 = ORIENTED_EDGE('',*,*,#15068,.T.);
#15083 = ORIENTED_EDGE('',*,*,#15084,.T.);
#15084 = EDGE_CURVE('',#15061,#15085,#15087,.T.);
#15085 = VERTEX_POINT('',#15086);
#15086 = CARTESIAN_POINT('',(-0.554256258422,0.,6.E-02));
#15087 = LINE('',#15088,#15089);
#15088 = CARTESIAN_POINT('',(0.554256258422,-0.64,6.E-02));
#15089 = VECTOR('',#15090,1.);
#15090 = DIRECTION('',(-0.866025403784,0.5,0.));
#15091 = ORIENTED_EDGE('',*,*,#15092,.F.);
#15092 = EDGE_CURVE('',#15021,#15085,#15093,.T.);
#15093 = LINE('',#15094,#15095);
#15094 = CARTESIAN_POINT('',(-0.554256258422,0.,3.E-02));
#15095 = VECTOR('',#15096,1.);
#15096 = DIRECTION('',(0.,0.,1.));
#15097 = ORIENTED_EDGE('',*,*,#15038,.F.);
#15098 = PLANE('',#15099);
#15099 = AXIS2_PLACEMENT_3D('',#15100,#15101,#15102);
#15100 = CARTESIAN_POINT('',(0.554256258422,-0.64,3.E-02));
#15101 = DIRECTION('',(-0.5,-0.866025403784,0.));
#15102 = DIRECTION('',(-0.866025403784,0.5,0.));
#15103 = ADVANCED_FACE('',(#15104),#15115,.T.);
#15104 = FACE_BOUND('',#15105,.T.);
#15105 = EDGE_LOOP('',(#15106,#15107,#15113,#15114));
#15106 = ORIENTED_EDGE('',*,*,#15092,.T.);
#15107 = ORIENTED_EDGE('',*,*,#15108,.T.);
#15108 = EDGE_CURVE('',#15085,#15053,#15109,.T.);
#15109 = LINE('',#15110,#15111);
#15110 = CARTESIAN_POINT('',(-0.554256258422,0.,6.E-02));
#15111 = VECTOR('',#15112,1.);
#15112 = DIRECTION('',(0.866025403784,0.5,0.));
#15113 = ORIENTED_EDGE('',*,*,#15052,.F.);
#15114 = ORIENTED_EDGE('',*,*,#15020,.F.);
#15115 = PLANE('',#15116);
#15116 = AXIS2_PLACEMENT_3D('',#15117,#15118,#15119);
#15117 = CARTESIAN_POINT('',(-0.554256258422,0.,3.E-02));
#15118 = DIRECTION('',(-0.5,0.866025403784,0.));
#15119 = DIRECTION('',(0.866025403784,0.5,0.));
#15120 = ADVANCED_FACE('',(#15121),#15155,.T.);
#15121 = FACE_BOUND('',#15122,.T.);
#15122 = EDGE_LOOP('',(#15123,#15133,#15141,#15149));
#15123 = ORIENTED_EDGE('',*,*,#15124,.T.);
#15124 = EDGE_CURVE('',#15125,#15127,#15129,.T.);
#15125 = VERTEX_POINT('',#15126);
#15126 = CARTESIAN_POINT('',(1.6,0.4,0.44));
#15127 = VERTEX_POINT('',#15128);
#15128 = CARTESIAN_POINT('',(1.6,0.4,6.E-02));
#15129 = LINE('',#15130,#15131);
#15130 = CARTESIAN_POINT('',(1.6,0.4,0.75));
#15131 = VECTOR('',#15132,1.);
#15132 = DIRECTION('',(0.,0.,-1.));
#15133 = ORIENTED_EDGE('',*,*,#15134,.T.);
#15134 = EDGE_CURVE('',#15127,#15135,#15137,.T.);
#15135 = VERTEX_POINT('',#15136);
#15136 = CARTESIAN_POINT('',(1.6,0.8,6.E-02));
#15137 = LINE('',#15138,#15139);
#15138 = CARTESIAN_POINT('',(1.6,-0.8,6.E-02));
#15139 = VECTOR('',#15140,1.);
#15140 = DIRECTION('',(0.,1.,0.));
#15141 = ORIENTED_EDGE('',*,*,#15142,.T.);
#15142 = EDGE_CURVE('',#15135,#15143,#15145,.T.);
#15143 = VERTEX_POINT('',#15144);
#15144 = CARTESIAN_POINT('',(1.6,0.8,0.44));
#15145 = LINE('',#15146,#15147);
#15146 = CARTESIAN_POINT('',(1.6,0.8,1.766021042667E-32));
#15147 = VECTOR('',#15148,1.);
#15148 = DIRECTION('',(0.,-1.103763151667E-32,1.));
#15149 = ORIENTED_EDGE('',*,*,#15150,.F.);
#15150 = EDGE_CURVE('',#15125,#15143,#15151,.T.);
#15151 = LINE('',#15152,#15153);
#15152 = CARTESIAN_POINT('',(1.6,-0.8,0.44));
#15153 = VECTOR('',#15154,1.);
#15154 = DIRECTION('',(0.,1.,0.));
#15155 = PLANE('',#15156);
#15156 = AXIS2_PLACEMENT_3D('',#15157,#15158,#15159);
#15157 = CARTESIAN_POINT('',(1.6,-0.8,0.));
#15158 = DIRECTION('',(1.,0.,0.));
#15159 = DIRECTION('',(0.,0.,1.));
#15160 = ADVANCED_FACE('',(#15161),#15192,.T.);
#15161 = FACE_BOUND('',#15162,.T.);
#15162 = EDGE_LOOP('',(#15163,#15164,#15177,#15185));
#15163 = ORIENTED_EDGE('',*,*,#15134,.F.);
#15164 = ORIENTED_EDGE('',*,*,#15165,.T.);
#15165 = EDGE_CURVE('',#15127,#15166,#15168,.T.);
#15166 = VERTEX_POINT('',#15167);
#15167 = CARTESIAN_POINT('',(1.54,0.377359245282,-3.469446951953E-18));
#15168 = B_SPLINE_CURVE_WITH_KNOTS('',7,(#15169,#15170,#15171,#15172,
    #15173,#15174,#15175,#15176),.UNSPECIFIED.,.F.,.F.,(8,8),(0.,1.),
  .PIECEWISE_BEZIER_KNOTS.);
#15169 = CARTESIAN_POINT('',(1.6,0.4,6.000000219001E-02));
#15170 = CARTESIAN_POINT('',(1.600000000523,0.400000000152,
    4.568084573581E-02));
#15171 = CARTESIAN_POINT('',(1.596013040965,0.398837121951,
    3.178568091673E-02));
#15172 = CARTESIAN_POINT('',(1.588464751243,0.396635623457,
    1.950999048036E-02));
#15173 = CARTESIAN_POINT('',(1.578088470683,0.393337328069,
    9.772591837933E-03));
#15174 = CARTESIAN_POINT('',(1.565843152732,0.388840380105,
    3.187190751604E-03));
#15175 = CARTESIAN_POINT('',(1.552801893134,0.383352652931,
    -3.469446951954E-18));
#15176 = CARTESIAN_POINT('',(1.54,0.377359245282,-3.469446951954E-18));
#15177 = ORIENTED_EDGE('',*,*,#15178,.T.);
#15178 = EDGE_CURVE('',#15166,#15179,#15181,.T.);
#15179 = VERTEX_POINT('',#15180);
#15180 = CARTESIAN_POINT('',(1.54,0.8,-2.312964634636E-18));
#15181 = LINE('',#15182,#15183);
#15182 = CARTESIAN_POINT('',(1.54,-0.8,0.));
#15183 = VECTOR('',#15184,1.);
#15184 = DIRECTION('',(0.,1.,0.));
#15185 = ORIENTED_EDGE('',*,*,#15186,.F.);
#15186 = EDGE_CURVE('',#15135,#15179,#15187,.T.);
#15187 = CIRCLE('',#15188,6.E-02);
#15188 = AXIS2_PLACEMENT_3D('',#15189,#15190,#15191);
#15189 = CARTESIAN_POINT('',(1.54,0.8,6.E-02));
#15190 = DIRECTION('',(1.313075150093E-49,1.,1.103763151667E-32));
#15191 = DIRECTION('',(0.,-1.103763151667E-32,1.));
#15192 = CYLINDRICAL_SURFACE('',#15193,6.E-02);
#15193 = AXIS2_PLACEMENT_3D('',#15194,#15195,#15196);
#15194 = CARTESIAN_POINT('',(1.54,-0.8,6.E-02));
#15195 = DIRECTION('',(0.,1.,0.));
#15196 = DIRECTION('',(1.,0.,0.));
#15197 = ADVANCED_FACE('',(#15198),#15265,.F.);
#15198 = FACE_BOUND('',#15199,.F.);
#15199 = EDGE_LOOP('',(#15200,#15211,#15222,#15223,#15224,#15233,#15246,
    #15254));
#15200 = ORIENTED_EDGE('',*,*,#15201,.F.);
#15201 = EDGE_CURVE('',#15202,#15204,#15206,.T.);
#15202 = VERTEX_POINT('',#15203);
#15203 = CARTESIAN_POINT('',(1.54,0.377359245282,0.5));
#15204 = VERTEX_POINT('',#15205);
#15205 = CARTESIAN_POINT('',(1.54,-0.377359245282,0.5));
#15206 = CIRCLE('',#15207,0.416666666667);
#15207 = AXIS2_PLACEMENT_3D('',#15208,#15209,#15210);
#15208 = CARTESIAN_POINT('',(1.716666666667,0.,0.5));
#15209 = DIRECTION('',(0.,0.,1.));
#15210 = DIRECTION('',(1.,0.,-0.));
#15211 = ORIENTED_EDGE('',*,*,#15212,.F.);
#15212 = EDGE_CURVE('',#15125,#15202,#15213,.T.);
#15213 = B_SPLINE_CURVE_WITH_KNOTS('',7,(#15214,#15215,#15216,#15217,
    #15218,#15219,#15220,#15221),.UNSPECIFIED.,.F.,.F.,(8,8),(0.,1.),
  .PIECEWISE_BEZIER_KNOTS.);
#15214 = CARTESIAN_POINT('',(1.6,0.4,0.43999999781));
#15215 = CARTESIAN_POINT('',(1.600000000523,0.400000000152,
    0.454319154264));
#15216 = CARTESIAN_POINT('',(1.596013040965,0.398837121951,
    0.468214319083));
#15217 = CARTESIAN_POINT('',(1.588464751243,0.396635623457,0.48049000952
    ));
#15218 = CARTESIAN_POINT('',(1.578088470683,0.393337328069,
    0.490227408162));
#15219 = CARTESIAN_POINT('',(1.565843152732,0.388840380105,
    0.496812809248));
#15220 = CARTESIAN_POINT('',(1.552801893134,0.383352652931,0.5));
#15221 = CARTESIAN_POINT('',(1.54,0.377359245282,0.5));
#15222 = ORIENTED_EDGE('',*,*,#15124,.T.);
#15223 = ORIENTED_EDGE('',*,*,#15165,.T.);
#15224 = ORIENTED_EDGE('',*,*,#15225,.T.);
#15225 = EDGE_CURVE('',#15166,#15226,#15228,.T.);
#15226 = VERTEX_POINT('',#15227);
#15227 = CARTESIAN_POINT('',(1.54,-0.377359245282,-3.469446951953E-18));
#15228 = CIRCLE('',#15229,0.416666666667);
#15229 = AXIS2_PLACEMENT_3D('',#15230,#15231,#15232);
#15230 = CARTESIAN_POINT('',(1.716666666667,0.,0.));
#15231 = DIRECTION('',(0.,0.,1.));
#15232 = DIRECTION('',(1.,0.,-0.));
#15233 = ORIENTED_EDGE('',*,*,#15234,.F.);
#15234 = EDGE_CURVE('',#15235,#15226,#15237,.T.);
#15235 = VERTEX_POINT('',#15236);
#15236 = CARTESIAN_POINT('',(1.6,-0.4,6.E-02));
#15237 = B_SPLINE_CURVE_WITH_KNOTS('',7,(#15238,#15239,#15240,#15241,
    #15242,#15243,#15244,#15245),.UNSPECIFIED.,.F.,.F.,(8,8),(0.,1.),
  .PIECEWISE_BEZIER_KNOTS.);
#15238 = CARTESIAN_POINT('',(1.6,-0.4,6.000000219001E-02));
#15239 = CARTESIAN_POINT('',(1.600000000523,-0.400000000152,
    4.568084573591E-02));
#15240 = CARTESIAN_POINT('',(1.596013040965,-0.398837121951,
    3.178568091663E-02));
#15241 = CARTESIAN_POINT('',(1.588464751243,-0.396635623457,
    1.950999048031E-02));
#15242 = CARTESIAN_POINT('',(1.578088470683,-0.393337328069,
    9.77259183806E-03));
#15243 = CARTESIAN_POINT('',(1.565843152732,-0.388840380105,
    3.187190751553E-03));
#15244 = CARTESIAN_POINT('',(1.552801893134,-0.383352652931,
    -3.469446951954E-18));
#15245 = CARTESIAN_POINT('',(1.54,-0.377359245282,-3.469446951954E-18));
#15246 = ORIENTED_EDGE('',*,*,#15247,.F.);
#15247 = EDGE_CURVE('',#15248,#15235,#15250,.T.);
#15248 = VERTEX_POINT('',#15249);
#15249 = CARTESIAN_POINT('',(1.6,-0.4,0.44));
#15250 = LINE('',#15251,#15252);
#15251 = CARTESIAN_POINT('',(1.6,-0.4,0.75));
#15252 = VECTOR('',#15253,1.);
#15253 = DIRECTION('',(0.,0.,-1.));
#15254 = ORIENTED_EDGE('',*,*,#15255,.T.);
#15255 = EDGE_CURVE('',#15248,#15204,#15256,.T.);
#15256 = B_SPLINE_CURVE_WITH_KNOTS('',7,(#15257,#15258,#15259,#15260,
    #15261,#15262,#15263,#15264),.UNSPECIFIED.,.F.,.F.,(8,8),(0.,1.),
  .PIECEWISE_BEZIER_KNOTS.);
#15257 = CARTESIAN_POINT('',(1.6,-0.4,0.43999999781));
#15258 = CARTESIAN_POINT('',(1.600000000523,-0.400000000152,
    0.454319154264));
#15259 = CARTESIAN_POINT('',(1.596013040965,-0.398837121951,
    0.468214319083));
#15260 = CARTESIAN_POINT('',(1.588464751243,-0.396635623458,
    0.48049000952));
#15261 = CARTESIAN_POINT('',(1.578088470683,-0.393337328069,
    0.490227408162));
#15262 = CARTESIAN_POINT('',(1.565843152732,-0.388840380105,
    0.496812809248));
#15263 = CARTESIAN_POINT('',(1.552801893134,-0.383352652931,0.5));
#15264 = CARTESIAN_POINT('',(1.54,-0.377359245282,0.5));
#15265 = CYLINDRICAL_SURFACE('',#15266,0.416666666667);
#15266 = AXIS2_PLACEMENT_3D('',#15267,#15268,#15269);
#15267 = CARTESIAN_POINT('',(1.716666666667,0.,0.75));
#15268 = DIRECTION('',(0.,0.,1.));
#15269 = DIRECTION('',(-0.28,-0.96,0.));
#15270 = ADVANCED_FACE('',(#15271),#15290,.T.);
#15271 = FACE_BOUND('',#15272,.T.);
#15272 = EDGE_LOOP('',(#15273,#15282,#15288,#15289));
#15273 = ORIENTED_EDGE('',*,*,#15274,.T.);
#15274 = EDGE_CURVE('',#15143,#15275,#15277,.T.);
#15275 = VERTEX_POINT('',#15276);
#15276 = CARTESIAN_POINT('',(1.54,0.8,0.5));
#15277 = CIRCLE('',#15278,6.E-02);
#15278 = AXIS2_PLACEMENT_3D('',#15279,#15280,#15281);
#15279 = CARTESIAN_POINT('',(1.54,0.8,0.44));
#15280 = DIRECTION('',(-1.313075150093E-49,-1.,-1.103763151667E-32));
#15281 = DIRECTION('',(0.,-1.103763151667E-32,1.));
#15282 = ORIENTED_EDGE('',*,*,#15283,.F.);
#15283 = EDGE_CURVE('',#15202,#15275,#15284,.T.);
#15284 = LINE('',#15285,#15286);
#15285 = CARTESIAN_POINT('',(1.54,-0.8,0.5));
#15286 = VECTOR('',#15287,1.);
#15287 = DIRECTION('',(0.,1.,0.));
#15288 = ORIENTED_EDGE('',*,*,#15212,.F.);
#15289 = ORIENTED_EDGE('',*,*,#15150,.T.);
#15290 = CYLINDRICAL_SURFACE('',#15291,6.E-02);
#15291 = AXIS2_PLACEMENT_3D('',#15292,#15293,#15294);
#15292 = CARTESIAN_POINT('',(1.54,-0.8,0.44));
#15293 = DIRECTION('',(0.,1.,0.));
#15294 = DIRECTION('',(1.,0.,0.));
#15295 = ADVANCED_FACE('',(#15296),#15322,.T.);
#15296 = FACE_BOUND('',#15297,.T.);
#15297 = EDGE_LOOP('',(#15298,#15299,#15307,#15316));
#15298 = ORIENTED_EDGE('',*,*,#15255,.T.);
#15299 = ORIENTED_EDGE('',*,*,#15300,.F.);
#15300 = EDGE_CURVE('',#15301,#15204,#15303,.T.);
#15301 = VERTEX_POINT('',#15302);
#15302 = CARTESIAN_POINT('',(1.54,-0.8,0.5));
#15303 = LINE('',#15304,#15305);
#15304 = CARTESIAN_POINT('',(1.54,-0.8,0.5));
#15305 = VECTOR('',#15306,1.);
#15306 = DIRECTION('',(0.,1.,0.));
#15307 = ORIENTED_EDGE('',*,*,#15308,.F.);
#15308 = EDGE_CURVE('',#15309,#15301,#15311,.T.);
#15309 = VERTEX_POINT('',#15310);
#15310 = CARTESIAN_POINT('',(1.6,-0.8,0.44));
#15311 = CIRCLE('',#15312,6.E-02);
#15312 = AXIS2_PLACEMENT_3D('',#15313,#15314,#15315);
#15313 = CARTESIAN_POINT('',(1.54,-0.8,0.44));
#15314 = DIRECTION('',(-1.313075150093E-49,-1.,-1.103763151667E-32));
#15315 = DIRECTION('',(0.,-1.103763151667E-32,1.));
#15316 = ORIENTED_EDGE('',*,*,#15317,.T.);
#15317 = EDGE_CURVE('',#15309,#15248,#15318,.T.);
#15318 = LINE('',#15319,#15320);
#15319 = CARTESIAN_POINT('',(1.6,-0.8,0.44));
#15320 = VECTOR('',#15321,1.);
#15321 = DIRECTION('',(0.,1.,0.));
#15322 = CYLINDRICAL_SURFACE('',#15323,6.E-02);
#15323 = AXIS2_PLACEMENT_3D('',#15324,#15325,#15326);
#15324 = CARTESIAN_POINT('',(1.54,-0.8,0.44));
#15325 = DIRECTION('',(0.,1.,0.));
#15326 = DIRECTION('',(1.,0.,0.));
#15327 = ADVANCED_FACE('',(#15328),#15346,.T.);
#15328 = FACE_BOUND('',#15329,.T.);
#15329 = EDGE_LOOP('',(#15330,#15338,#15344,#15345));
#15330 = ORIENTED_EDGE('',*,*,#15331,.F.);
#15331 = EDGE_CURVE('',#15332,#15309,#15334,.T.);
#15332 = VERTEX_POINT('',#15333);
#15333 = CARTESIAN_POINT('',(1.6,-0.8,6.E-02));
#15334 = LINE('',#15335,#15336);
#15335 = CARTESIAN_POINT('',(1.6,-0.8,0.757147194234));
#15336 = VECTOR('',#15337,1.);
#15337 = DIRECTION('',(0.,-1.103763151667E-32,1.));
#15338 = ORIENTED_EDGE('',*,*,#15339,.T.);
#15339 = EDGE_CURVE('',#15332,#15235,#15340,.T.);
#15340 = LINE('',#15341,#15342);
#15341 = CARTESIAN_POINT('',(1.6,-0.8,6.E-02));
#15342 = VECTOR('',#15343,1.);
#15343 = DIRECTION('',(0.,1.,0.));
#15344 = ORIENTED_EDGE('',*,*,#15247,.F.);
#15345 = ORIENTED_EDGE('',*,*,#15317,.F.);
#15346 = PLANE('',#15347);
#15347 = AXIS2_PLACEMENT_3D('',#15348,#15349,#15350);
#15348 = CARTESIAN_POINT('',(1.6,-0.8,0.));
#15349 = DIRECTION('',(1.,0.,0.));
#15350 = DIRECTION('',(0.,0.,1.));
#15351 = ADVANCED_FACE('',(#15352),#15371,.T.);
#15352 = FACE_BOUND('',#15353,.T.);
#15353 = EDGE_LOOP('',(#15354,#15355,#15364,#15370));
#15354 = ORIENTED_EDGE('',*,*,#15339,.F.);
#15355 = ORIENTED_EDGE('',*,*,#15356,.T.);
#15356 = EDGE_CURVE('',#15332,#15357,#15359,.T.);
#15357 = VERTEX_POINT('',#15358);
#15358 = CARTESIAN_POINT('',(1.54,-0.8,-2.312964634636E-18));
#15359 = CIRCLE('',#15360,6.E-02);
#15360 = AXIS2_PLACEMENT_3D('',#15361,#15362,#15363);
#15361 = CARTESIAN_POINT('',(1.54,-0.8,6.E-02));
#15362 = DIRECTION('',(1.313075150093E-49,1.,1.103763151667E-32));
#15363 = DIRECTION('',(0.,-1.103763151667E-32,1.));
#15364 = ORIENTED_EDGE('',*,*,#15365,.T.);
#15365 = EDGE_CURVE('',#15357,#15226,#15366,.T.);
#15366 = LINE('',#15367,#15368);
#15367 = CARTESIAN_POINT('',(1.54,-0.8,0.));
#15368 = VECTOR('',#15369,1.);
#15369 = DIRECTION('',(0.,1.,0.));
#15370 = ORIENTED_EDGE('',*,*,#15234,.F.);
#15371 = CYLINDRICAL_SURFACE('',#15372,6.E-02);
#15372 = AXIS2_PLACEMENT_3D('',#15373,#15374,#15375);
#15373 = CARTESIAN_POINT('',(1.54,-0.8,6.E-02));
#15374 = DIRECTION('',(0.,1.,0.));
#15375 = DIRECTION('',(1.,0.,0.));
#15376 = ADVANCED_FACE('',(#15377),#15413,.T.);
#15377 = FACE_BOUND('',#15378,.T.);
#15378 = EDGE_LOOP('',(#15379,#15389,#15398,#15406));
#15379 = ORIENTED_EDGE('',*,*,#15380,.T.);
#15380 = EDGE_CURVE('',#15381,#15383,#15385,.T.);
#15381 = VERTEX_POINT('',#15382);
#15382 = CARTESIAN_POINT('',(1.,-0.8,6.E-02));
#15383 = VERTEX_POINT('',#15384);
#15384 = CARTESIAN_POINT('',(1.,0.8,6.E-02));
#15385 = LINE('',#15386,#15387);
#15386 = CARTESIAN_POINT('',(1.,-0.8,6.E-02));
#15387 = VECTOR('',#15388,1.);
#15388 = DIRECTION('',(0.,1.,0.));
#15389 = ORIENTED_EDGE('',*,*,#15390,.T.);
#15390 = EDGE_CURVE('',#15383,#15391,#15393,.T.);
#15391 = VERTEX_POINT('',#15392);
#15392 = CARTESIAN_POINT('',(1.06,0.8,-2.312964634636E-18));
#15393 = CIRCLE('',#15394,6.E-02);
#15394 = AXIS2_PLACEMENT_3D('',#15395,#15396,#15397);
#15395 = CARTESIAN_POINT('',(1.06,0.8,6.E-02));
#15396 = DIRECTION('',(-1.313075150093E-49,-1.,-1.103763151667E-32));
#15397 = DIRECTION('',(0.,-1.103763151667E-32,1.));
#15398 = ORIENTED_EDGE('',*,*,#15399,.F.);
#15399 = EDGE_CURVE('',#15400,#15391,#15402,.T.);
#15400 = VERTEX_POINT('',#15401);
#15401 = CARTESIAN_POINT('',(1.06,-0.8,-2.312964634636E-18));
#15402 = LINE('',#15403,#15404);
#15403 = CARTESIAN_POINT('',(1.06,-0.8,0.));
#15404 = VECTOR('',#15405,1.);
#15405 = DIRECTION('',(0.,1.,0.));
#15406 = ORIENTED_EDGE('',*,*,#15407,.F.);
#15407 = EDGE_CURVE('',#15381,#15400,#15408,.T.);
#15408 = CIRCLE('',#15409,6.E-02);
#15409 = AXIS2_PLACEMENT_3D('',#15410,#15411,#15412);
#15410 = CARTESIAN_POINT('',(1.06,-0.8,6.E-02));
#15411 = DIRECTION('',(-1.313075150093E-49,-1.,-1.103763151667E-32));
#15412 = DIRECTION('',(0.,-1.103763151667E-32,1.));
#15413 = CYLINDRICAL_SURFACE('',#15414,6.E-02);
#15414 = AXIS2_PLACEMENT_3D('',#15415,#15416,#15417);
#15415 = CARTESIAN_POINT('',(1.06,-0.8,6.E-02));
#15416 = DIRECTION('',(0.,1.,0.));
#15417 = DIRECTION('',(-1.,0.,0.));
#15418 = ADVANCED_FACE('',(#15419),#15437,.F.);
#15419 = FACE_BOUND('',#15420,.T.);
#15420 = EDGE_LOOP('',(#15421,#15422,#15423,#15424,#15430,#15431));
#15421 = ORIENTED_EDGE('',*,*,#15178,.F.);
#15422 = ORIENTED_EDGE('',*,*,#15225,.T.);
#15423 = ORIENTED_EDGE('',*,*,#15365,.F.);
#15424 = ORIENTED_EDGE('',*,*,#15425,.F.);
#15425 = EDGE_CURVE('',#15400,#15357,#15426,.T.);
#15426 = LINE('',#15427,#15428);
#15427 = CARTESIAN_POINT('',(1.097351574425E-81,-0.8,0.));
#15428 = VECTOR('',#15429,1.);
#15429 = DIRECTION('',(1.,-1.313075150093E-49,0.));
#15430 = ORIENTED_EDGE('',*,*,#15399,.T.);
#15431 = ORIENTED_EDGE('',*,*,#15432,.T.);
#15432 = EDGE_CURVE('',#15391,#15179,#15433,.T.);
#15433 = LINE('',#15434,#15435);
#15434 = CARTESIAN_POINT('',(-1.6,0.8,0.));
#15435 = VECTOR('',#15436,1.);
#15436 = DIRECTION('',(1.,-1.313075150093E-49,0.));
#15437 = PLANE('',#15438);
#15438 = AXIS2_PLACEMENT_3D('',#15439,#15440,#15441);
#15439 = CARTESIAN_POINT('',(-1.6,-0.8,0.));
#15440 = DIRECTION('',(0.,0.,1.));
#15441 = DIRECTION('',(1.,0.,-0.));
#15442 = ADVANCED_FACE('',(#15443),#15477,.F.);
#15443 = FACE_BOUND('',#15444,.T.);
#15444 = EDGE_LOOP('',(#15445,#15455,#15463,#15471));
#15445 = ORIENTED_EDGE('',*,*,#15446,.T.);
#15446 = EDGE_CURVE('',#15447,#15449,#15451,.T.);
#15447 = VERTEX_POINT('',#15448);
#15448 = CARTESIAN_POINT('',(-1.6,0.4,0.44));
#15449 = VERTEX_POINT('',#15450);
#15450 = CARTESIAN_POINT('',(-1.6,0.8,0.44));
#15451 = LINE('',#15452,#15453);
#15452 = CARTESIAN_POINT('',(-1.6,-0.8,0.44));
#15453 = VECTOR('',#15454,1.);
#15454 = DIRECTION('',(0.,1.,0.));
#15455 = ORIENTED_EDGE('',*,*,#15456,.F.);
#15456 = EDGE_CURVE('',#15457,#15449,#15459,.T.);
#15457 = VERTEX_POINT('',#15458);
#15458 = CARTESIAN_POINT('',(-1.6,0.8,6.E-02));
#15459 = LINE('',#15460,#15461);
#15460 = CARTESIAN_POINT('',(-1.6,0.8,0.757147194234));
#15461 = VECTOR('',#15462,1.);
#15462 = DIRECTION('',(0.,-1.103763151667E-32,1.));
#15463 = ORIENTED_EDGE('',*,*,#15464,.F.);
#15464 = EDGE_CURVE('',#15465,#15457,#15467,.T.);
#15465 = VERTEX_POINT('',#15466);
#15466 = CARTESIAN_POINT('',(-1.6,0.4,6.E-02));
#15467 = LINE('',#15468,#15469);
#15468 = CARTESIAN_POINT('',(-1.6,-0.8,6.E-02));
#15469 = VECTOR('',#15470,1.);
#15470 = DIRECTION('',(0.,1.,0.));
#15471 = ORIENTED_EDGE('',*,*,#15472,.F.);
#15472 = EDGE_CURVE('',#15447,#15465,#15473,.T.);
#15473 = LINE('',#15474,#15475);
#15474 = CARTESIAN_POINT('',(-1.6,0.4,0.75));
#15475 = VECTOR('',#15476,1.);
#15476 = DIRECTION('',(0.,0.,-1.));
#15477 = PLANE('',#15478);
#15478 = AXIS2_PLACEMENT_3D('',#15479,#15480,#15481);
#15479 = CARTESIAN_POINT('',(-1.6,-0.8,0.));
#15480 = DIRECTION('',(1.,0.,0.));
#15481 = DIRECTION('',(0.,0.,1.));
#15482 = ADVANCED_FACE('',(#15483),#15514,.T.);
#15483 = FACE_BOUND('',#15484,.T.);
#15484 = EDGE_LOOP('',(#15485,#15494,#15502,#15513));
#15485 = ORIENTED_EDGE('',*,*,#15486,.T.);
#15486 = EDGE_CURVE('',#15457,#15487,#15489,.T.);
#15487 = VERTEX_POINT('',#15488);
#15488 = CARTESIAN_POINT('',(-1.54,0.8,-2.312964634636E-18));
#15489 = CIRCLE('',#15490,6.E-02);
#15490 = AXIS2_PLACEMENT_3D('',#15491,#15492,#15493);
#15491 = CARTESIAN_POINT('',(-1.54,0.8,6.E-02));
#15492 = DIRECTION('',(-1.313075150093E-49,-1.,-1.103763151667E-32));
#15493 = DIRECTION('',(0.,-1.103763151667E-32,1.));
#15494 = ORIENTED_EDGE('',*,*,#15495,.F.);
#15495 = EDGE_CURVE('',#15496,#15487,#15498,.T.);
#15496 = VERTEX_POINT('',#15497);
#15497 = CARTESIAN_POINT('',(-1.54,0.377359245282,-6.938893903907E-18));
#15498 = LINE('',#15499,#15500);
#15499 = CARTESIAN_POINT('',(-1.54,-0.8,-6.938893903907E-18));
#15500 = VECTOR('',#15501,1.);
#15501 = DIRECTION('',(0.,1.,0.));
#15502 = ORIENTED_EDGE('',*,*,#15503,.F.);
#15503 = EDGE_CURVE('',#15465,#15496,#15504,.T.);
#15504 = B_SPLINE_CURVE_WITH_KNOTS('',7,(#15505,#15506,#15507,#15508,
    #15509,#15510,#15511,#15512),.UNSPECIFIED.,.F.,.F.,(8,8),(0.,1.),
  .PIECEWISE_BEZIER_KNOTS.);
#15505 = CARTESIAN_POINT('',(-1.6,0.4,6.E-02));
#15506 = CARTESIAN_POINT('',(-1.6,0.4,4.568084388704E-02));
#15507 = CARTESIAN_POINT('',(-1.596013040125,0.398837121706,
    3.17856795413E-02));
#15508 = CARTESIAN_POINT('',(-1.588464750312,0.396635623162,
    1.950998960694E-02));
#15509 = CARTESIAN_POINT('',(-1.578088469862,0.393337327766,
    9.772591401367E-03));
#15510 = CARTESIAN_POINT('',(-1.565843152159,0.388840379863,
    3.187190616976E-03));
#15511 = CARTESIAN_POINT('',(-1.552801892864,0.383352652805,
    -3.469446951954E-18));
#15512 = CARTESIAN_POINT('',(-1.54,0.377359245282,-3.469446951954E-18));
#15513 = ORIENTED_EDGE('',*,*,#15464,.T.);
#15514 = CYLINDRICAL_SURFACE('',#15515,6.E-02);
#15515 = AXIS2_PLACEMENT_3D('',#15516,#15517,#15518);
#15516 = CARTESIAN_POINT('',(-1.54,-0.8,6.E-02));
#15517 = DIRECTION('',(0.,1.,0.));
#15518 = DIRECTION('',(-1.,0.,0.));
#15519 = ADVANCED_FACE('',(#15520),#15551,.T.);
#15520 = FACE_BOUND('',#15521,.T.);
#15521 = EDGE_LOOP('',(#15522,#15523,#15536,#15544));
#15522 = ORIENTED_EDGE('',*,*,#15446,.F.);
#15523 = ORIENTED_EDGE('',*,*,#15524,.T.);
#15524 = EDGE_CURVE('',#15447,#15525,#15527,.T.);
#15525 = VERTEX_POINT('',#15526);
#15526 = CARTESIAN_POINT('',(-1.54,0.377359245282,0.5));
#15527 = B_SPLINE_CURVE_WITH_KNOTS('',7,(#15528,#15529,#15530,#15531,
    #15532,#15533,#15534,#15535),.UNSPECIFIED.,.F.,.F.,(8,8),(0.,1.),
  .PIECEWISE_BEZIER_KNOTS.);
#15528 = CARTESIAN_POINT('',(-1.6,0.4,0.44));
#15529 = CARTESIAN_POINT('',(-1.6,0.4,0.454319156113));
#15530 = CARTESIAN_POINT('',(-1.596013040125,0.398837121706,
    0.468214320459));
#15531 = CARTESIAN_POINT('',(-1.588464750312,0.396635623162,
    0.480490010393));
#15532 = CARTESIAN_POINT('',(-1.578088469862,0.393337327766,
    0.490227408599));
#15533 = CARTESIAN_POINT('',(-1.565843152159,0.388840379863,
    0.496812809383));
#15534 = CARTESIAN_POINT('',(-1.552801892864,0.383352652805,0.5));
#15535 = CARTESIAN_POINT('',(-1.54,0.377359245282,0.5));
#15536 = ORIENTED_EDGE('',*,*,#15537,.T.);
#15537 = EDGE_CURVE('',#15525,#15538,#15540,.T.);
#15538 = VERTEX_POINT('',#15539);
#15539 = CARTESIAN_POINT('',(-1.54,0.8,0.5));
#15540 = LINE('',#15541,#15542);
#15541 = CARTESIAN_POINT('',(-1.54,-0.8,0.5));
#15542 = VECTOR('',#15543,1.);
#15543 = DIRECTION('',(0.,1.,0.));
#15544 = ORIENTED_EDGE('',*,*,#15545,.F.);
#15545 = EDGE_CURVE('',#15449,#15538,#15546,.T.);
#15546 = CIRCLE('',#15547,6.E-02);
#15547 = AXIS2_PLACEMENT_3D('',#15548,#15549,#15550);
#15548 = CARTESIAN_POINT('',(-1.54,0.8,0.44));
#15549 = DIRECTION('',(1.313075150093E-49,1.,1.103763151667E-32));
#15550 = DIRECTION('',(0.,-1.103763151667E-32,1.));
#15551 = CYLINDRICAL_SURFACE('',#15552,6.E-02);
#15552 = AXIS2_PLACEMENT_3D('',#15553,#15554,#15555);
#15553 = CARTESIAN_POINT('',(-1.54,-0.8,0.44));
#15554 = DIRECTION('',(0.,1.,0.));
#15555 = DIRECTION('',(-1.,0.,0.));
#15556 = ADVANCED_FACE('',(#15557),#15612,.F.);
#15557 = FACE_BOUND('',#15558,.F.);
#15558 = EDGE_LOOP('',(#15559,#15574,#15582,#15595,#15602,#15603,#15604,
    #15605));
#15559 = ORIENTED_EDGE('',*,*,#15560,.F.);
#15560 = EDGE_CURVE('',#15561,#15563,#15565,.T.);
#15561 = VERTEX_POINT('',#15562);
#15562 = CARTESIAN_POINT('',(-1.6,-0.4,0.44));
#15563 = VERTEX_POINT('',#15564);
#15564 = CARTESIAN_POINT('',(-1.54,-0.377359245282,0.5));
#15565 = B_SPLINE_CURVE_WITH_KNOTS('',7,(#15566,#15567,#15568,#15569,
    #15570,#15571,#15572,#15573),.UNSPECIFIED.,.F.,.F.,(8,8),(0.,1.),
  .PIECEWISE_BEZIER_KNOTS.);
#15566 = CARTESIAN_POINT('',(-1.6,-0.4,0.44));
#15567 = CARTESIAN_POINT('',(-1.6,-0.4,0.454319156113));
#15568 = CARTESIAN_POINT('',(-1.596013040125,-0.398837121706,
    0.468214320458));
#15569 = CARTESIAN_POINT('',(-1.588464750312,-0.396635623162,
    0.480490010393));
#15570 = CARTESIAN_POINT('',(-1.578088469861,-0.393337327766,
    0.490227408598));
#15571 = CARTESIAN_POINT('',(-1.56584315216,-0.388840379863,
    0.496812809383));
#15572 = CARTESIAN_POINT('',(-1.552801892864,-0.383352652804,0.5));
#15573 = CARTESIAN_POINT('',(-1.54,-0.377359245282,0.5));
#15574 = ORIENTED_EDGE('',*,*,#15575,.T.);
#15575 = EDGE_CURVE('',#15561,#15576,#15578,.T.);
#15576 = VERTEX_POINT('',#15577);
#15577 = CARTESIAN_POINT('',(-1.6,-0.4,6.E-02));
#15578 = LINE('',#15579,#15580);
#15579 = CARTESIAN_POINT('',(-1.6,-0.4,0.75));
#15580 = VECTOR('',#15581,1.);
#15581 = DIRECTION('',(0.,0.,-1.));
#15582 = ORIENTED_EDGE('',*,*,#15583,.T.);
#15583 = EDGE_CURVE('',#15576,#15584,#15586,.T.);
#15584 = VERTEX_POINT('',#15585);
#15585 = CARTESIAN_POINT('',(-1.54,-0.377359245282,-6.938893903907E-18)
  );
#15586 = B_SPLINE_CURVE_WITH_KNOTS('',7,(#15587,#15588,#15589,#15590,
    #15591,#15592,#15593,#15594),.UNSPECIFIED.,.F.,.F.,(8,8),(0.,1.),
  .PIECEWISE_BEZIER_KNOTS.);
#15587 = CARTESIAN_POINT('',(-1.6,-0.4,6.E-02));
#15588 = CARTESIAN_POINT('',(-1.6,-0.4,4.568084388708E-02));
#15589 = CARTESIAN_POINT('',(-1.596013040125,-0.398837121706,
    3.178567954114E-02));
#15590 = CARTESIAN_POINT('',(-1.588464750312,-0.396635623162,
    1.950998960717E-02));
#15591 = CARTESIAN_POINT('',(-1.578088469862,-0.393337327766,
    9.772591401212E-03));
#15592 = CARTESIAN_POINT('',(-1.565843152159,-0.388840379863,
    3.187190617015E-03));
#15593 = CARTESIAN_POINT('',(-1.552801892864,-0.383352652805,
    -3.469446951954E-18));
#15594 = CARTESIAN_POINT('',(-1.54,-0.377359245282,-3.469446951954E-18)
  );
#15595 = ORIENTED_EDGE('',*,*,#15596,.T.);
#15596 = EDGE_CURVE('',#15584,#15496,#15597,.T.);
#15597 = CIRCLE('',#15598,0.416666666667);
#15598 = AXIS2_PLACEMENT_3D('',#15599,#15600,#15601);
#15599 = CARTESIAN_POINT('',(-1.716666666667,0.,0.));
#15600 = DIRECTION('',(0.,0.,1.));
#15601 = DIRECTION('',(0.28,-0.96,0.));
#15602 = ORIENTED_EDGE('',*,*,#15503,.F.);
#15603 = ORIENTED_EDGE('',*,*,#15472,.F.);
#15604 = ORIENTED_EDGE('',*,*,#15524,.T.);
#15605 = ORIENTED_EDGE('',*,*,#15606,.F.);
#15606 = EDGE_CURVE('',#15563,#15525,#15607,.T.);
#15607 = CIRCLE('',#15608,0.416666666667);
#15608 = AXIS2_PLACEMENT_3D('',#15609,#15610,#15611);
#15609 = CARTESIAN_POINT('',(-1.716666666667,0.,0.5));
#15610 = DIRECTION('',(0.,0.,1.));
#15611 = DIRECTION('',(0.28,-0.96,0.));
#15612 = CYLINDRICAL_SURFACE('',#15613,0.416666666667);
#15613 = AXIS2_PLACEMENT_3D('',#15614,#15615,#15616);
#15614 = CARTESIAN_POINT('',(-1.716666666667,0.,0.75));
#15615 = DIRECTION('',(0.,0.,1.));
#15616 = DIRECTION('',(0.28,-0.96,0.));
#15617 = ADVANCED_FACE('',(#15618),#15644,.T.);
#15618 = FACE_BOUND('',#15619,.T.);
#15619 = EDGE_LOOP('',(#15620,#15628,#15637,#15643));
#15620 = ORIENTED_EDGE('',*,*,#15621,.F.);
#15621 = EDGE_CURVE('',#15622,#15561,#15624,.T.);
#15622 = VERTEX_POINT('',#15623);
#15623 = CARTESIAN_POINT('',(-1.6,-0.8,0.44));
#15624 = LINE('',#15625,#15626);
#15625 = CARTESIAN_POINT('',(-1.6,-0.8,0.44));
#15626 = VECTOR('',#15627,1.);
#15627 = DIRECTION('',(0.,1.,0.));
#15628 = ORIENTED_EDGE('',*,*,#15629,.T.);
#15629 = EDGE_CURVE('',#15622,#15630,#15632,.T.);
#15630 = VERTEX_POINT('',#15631);
#15631 = CARTESIAN_POINT('',(-1.54,-0.8,0.5));
#15632 = CIRCLE('',#15633,6.E-02);
#15633 = AXIS2_PLACEMENT_3D('',#15634,#15635,#15636);
#15634 = CARTESIAN_POINT('',(-1.54,-0.8,0.44));
#15635 = DIRECTION('',(1.313075150093E-49,1.,1.103763151667E-32));
#15636 = DIRECTION('',(0.,-1.103763151667E-32,1.));
#15637 = ORIENTED_EDGE('',*,*,#15638,.T.);
#15638 = EDGE_CURVE('',#15630,#15563,#15639,.T.);
#15639 = LINE('',#15640,#15641);
#15640 = CARTESIAN_POINT('',(-1.54,-0.8,0.5));
#15641 = VECTOR('',#15642,1.);
#15642 = DIRECTION('',(0.,1.,0.));
#15643 = ORIENTED_EDGE('',*,*,#15560,.F.);
#15644 = CYLINDRICAL_SURFACE('',#15645,6.E-02);
#15645 = AXIS2_PLACEMENT_3D('',#15646,#15647,#15648);
#15646 = CARTESIAN_POINT('',(-1.54,-0.8,0.44));
#15647 = DIRECTION('',(0.,1.,0.));
#15648 = DIRECTION('',(-1.,0.,0.));
#15649 = ADVANCED_FACE('',(#15650),#15668,.F.);
#15650 = FACE_BOUND('',#15651,.T.);
#15651 = EDGE_LOOP('',(#15652,#15653,#15654,#15662));
#15652 = ORIENTED_EDGE('',*,*,#15621,.T.);
#15653 = ORIENTED_EDGE('',*,*,#15575,.T.);
#15654 = ORIENTED_EDGE('',*,*,#15655,.F.);
#15655 = EDGE_CURVE('',#15656,#15576,#15658,.T.);
#15656 = VERTEX_POINT('',#15657);
#15657 = CARTESIAN_POINT('',(-1.6,-0.8,6.E-02));
#15658 = LINE('',#15659,#15660);
#15659 = CARTESIAN_POINT('',(-1.6,-0.8,6.E-02));
#15660 = VECTOR('',#15661,1.);
#15661 = DIRECTION('',(0.,1.,0.));
#15662 = ORIENTED_EDGE('',*,*,#15663,.T.);
#15663 = EDGE_CURVE('',#15656,#15622,#15664,.T.);
#15664 = LINE('',#15665,#15666);
#15665 = CARTESIAN_POINT('',(-1.6,-0.8,9.224271986171E-65));
#15666 = VECTOR('',#15667,1.);
#15667 = DIRECTION('',(0.,-1.103763151667E-32,1.));
#15668 = PLANE('',#15669);
#15669 = AXIS2_PLACEMENT_3D('',#15670,#15671,#15672);
#15670 = CARTESIAN_POINT('',(-1.6,-0.8,0.));
#15671 = DIRECTION('',(1.,0.,0.));
#15672 = DIRECTION('',(0.,0.,1.));
#15673 = ADVANCED_FACE('',(#15674),#15710,.T.);
#15674 = FACE_BOUND('',#15675,.T.);
#15675 = EDGE_LOOP('',(#15676,#15687,#15695,#15704));
#15676 = ORIENTED_EDGE('',*,*,#15677,.T.);
#15677 = EDGE_CURVE('',#15678,#15680,#15682,.T.);
#15678 = VERTEX_POINT('',#15679);
#15679 = CARTESIAN_POINT('',(-1.,-0.8,6.E-02));
#15680 = VERTEX_POINT('',#15681);
#15681 = CARTESIAN_POINT('',(-1.06,-0.8,-2.312964634636E-18));
#15682 = CIRCLE('',#15683,6.E-02);
#15683 = AXIS2_PLACEMENT_3D('',#15684,#15685,#15686);
#15684 = CARTESIAN_POINT('',(-1.06,-0.8,6.E-02));
#15685 = DIRECTION('',(1.313075150093E-49,1.,1.103763151667E-32));
#15686 = DIRECTION('',(0.,-1.103763151667E-32,1.));
#15687 = ORIENTED_EDGE('',*,*,#15688,.T.);
#15688 = EDGE_CURVE('',#15680,#15689,#15691,.T.);
#15689 = VERTEX_POINT('',#15690);
#15690 = CARTESIAN_POINT('',(-1.06,0.8,-2.312964634636E-18));
#15691 = LINE('',#15692,#15693);
#15692 = CARTESIAN_POINT('',(-1.06,-0.8,-6.938893903907E-18));
#15693 = VECTOR('',#15694,1.);
#15694 = DIRECTION('',(0.,1.,0.));
#15695 = ORIENTED_EDGE('',*,*,#15696,.F.);
#15696 = EDGE_CURVE('',#15697,#15689,#15699,.T.);
#15697 = VERTEX_POINT('',#15698);
#15698 = CARTESIAN_POINT('',(-1.,0.8,6.E-02));
#15699 = CIRCLE('',#15700,6.E-02);
#15700 = AXIS2_PLACEMENT_3D('',#15701,#15702,#15703);
#15701 = CARTESIAN_POINT('',(-1.06,0.8,6.E-02));
#15702 = DIRECTION('',(1.313075150093E-49,1.,1.103763151667E-32));
#15703 = DIRECTION('',(0.,-1.103763151667E-32,1.));
#15704 = ORIENTED_EDGE('',*,*,#15705,.F.);
#15705 = EDGE_CURVE('',#15678,#15697,#15706,.T.);
#15706 = LINE('',#15707,#15708);
#15707 = CARTESIAN_POINT('',(-1.,-0.8,6.E-02));
#15708 = VECTOR('',#15709,1.);
#15709 = DIRECTION('',(0.,1.,0.));
#15710 = CYLINDRICAL_SURFACE('',#15711,6.E-02);
#15711 = AXIS2_PLACEMENT_3D('',#15712,#15713,#15714);
#15712 = CARTESIAN_POINT('',(-1.06,-0.8,6.E-02));
#15713 = DIRECTION('',(0.,1.,0.));
#15714 = DIRECTION('',(1.,0.,0.));
#15715 = ADVANCED_FACE('',(#15716),#15735,.T.);
#15716 = FACE_BOUND('',#15717,.T.);
#15717 = EDGE_LOOP('',(#15718,#15719,#15727,#15734));
#15718 = ORIENTED_EDGE('',*,*,#15583,.T.);
#15719 = ORIENTED_EDGE('',*,*,#15720,.F.);
#15720 = EDGE_CURVE('',#15721,#15584,#15723,.T.);
#15721 = VERTEX_POINT('',#15722);
#15722 = CARTESIAN_POINT('',(-1.54,-0.8,-2.312964634636E-18));
#15723 = LINE('',#15724,#15725);
#15724 = CARTESIAN_POINT('',(-1.54,-0.8,-6.938893903907E-18));
#15725 = VECTOR('',#15726,1.);
#15726 = DIRECTION('',(0.,1.,0.));
#15727 = ORIENTED_EDGE('',*,*,#15728,.F.);
#15728 = EDGE_CURVE('',#15656,#15721,#15729,.T.);
#15729 = CIRCLE('',#15730,6.E-02);
#15730 = AXIS2_PLACEMENT_3D('',#15731,#15732,#15733);
#15731 = CARTESIAN_POINT('',(-1.54,-0.8,6.E-02));
#15732 = DIRECTION('',(-1.313075150093E-49,-1.,-1.103763151667E-32));
#15733 = DIRECTION('',(0.,-1.103763151667E-32,1.));
#15734 = ORIENTED_EDGE('',*,*,#15655,.T.);
#15735 = CYLINDRICAL_SURFACE('',#15736,6.E-02);
#15736 = AXIS2_PLACEMENT_3D('',#15737,#15738,#15739);
#15737 = CARTESIAN_POINT('',(-1.54,-0.8,6.E-02));
#15738 = DIRECTION('',(0.,1.,0.));
#15739 = DIRECTION('',(-1.,0.,0.));
#15740 = ADVANCED_FACE('',(#15741),#15759,.F.);
#15741 = FACE_BOUND('',#15742,.T.);
#15742 = EDGE_LOOP('',(#15743,#15744,#15750,#15751,#15752,#15753));
#15743 = ORIENTED_EDGE('',*,*,#15688,.F.);
#15744 = ORIENTED_EDGE('',*,*,#15745,.F.);
#15745 = EDGE_CURVE('',#15721,#15680,#15746,.T.);
#15746 = LINE('',#15747,#15748);
#15747 = CARTESIAN_POINT('',(1.097351574425E-81,-0.8,0.));
#15748 = VECTOR('',#15749,1.);
#15749 = DIRECTION('',(1.,-1.313075150093E-49,0.));
#15750 = ORIENTED_EDGE('',*,*,#15720,.T.);
#15751 = ORIENTED_EDGE('',*,*,#15596,.T.);
#15752 = ORIENTED_EDGE('',*,*,#15495,.T.);
#15753 = ORIENTED_EDGE('',*,*,#15754,.T.);
#15754 = EDGE_CURVE('',#15487,#15689,#15755,.T.);
#15755 = LINE('',#15756,#15757);
#15756 = CARTESIAN_POINT('',(-1.6,0.8,0.));
#15757 = VECTOR('',#15758,1.);
#15758 = DIRECTION('',(1.,-1.313075150093E-49,0.));
#15759 = PLANE('',#15760);
#15760 = AXIS2_PLACEMENT_3D('',#15761,#15762,#15763);
#15761 = CARTESIAN_POINT('',(-1.6,-0.8,0.));
#15762 = DIRECTION('',(0.,0.,1.));
#15763 = DIRECTION('',(1.,0.,-0.));
#15764 = ADVANCED_FACE('',(#15765,#15770),#15786,.F.);
#15765 = FACE_BOUND('',#15766,.T.);
#15766 = EDGE_LOOP('',(#15767,#15768,#15769));
#15767 = ORIENTED_EDGE('',*,*,#15084,.F.);
#15768 = ORIENTED_EDGE('',*,*,#15060,.F.);
#15769 = ORIENTED_EDGE('',*,*,#15108,.F.);
#15770 = FACE_BOUND('',#15771,.T.);
#15771 = EDGE_LOOP('',(#15772,#15778,#15779,#15785));
#15772 = ORIENTED_EDGE('',*,*,#15773,.T.);
#15773 = EDGE_CURVE('',#15697,#15383,#15774,.T.);
#15774 = LINE('',#15775,#15776);
#15775 = CARTESIAN_POINT('',(-1.54,0.8,6.E-02));
#15776 = VECTOR('',#15777,1.);
#15777 = DIRECTION('',(1.,-1.313075150093E-49,0.));
#15778 = ORIENTED_EDGE('',*,*,#15380,.F.);
#15779 = ORIENTED_EDGE('',*,*,#15780,.F.);
#15780 = EDGE_CURVE('',#15678,#15381,#15781,.T.);
#15781 = LINE('',#15782,#15783);
#15782 = CARTESIAN_POINT('',(1.010392136462E-81,-0.8,6.E-02));
#15783 = VECTOR('',#15784,1.);
#15784 = DIRECTION('',(1.,-1.313075150093E-49,0.));
#15785 = ORIENTED_EDGE('',*,*,#15705,.T.);
#15786 = PLANE('',#15787);
#15787 = AXIS2_PLACEMENT_3D('',#15788,#15789,#15790);
#15788 = CARTESIAN_POINT('',(-1.54,-0.8,6.E-02));
#15789 = DIRECTION('',(0.,0.,1.));
#15790 = DIRECTION('',(1.,0.,-0.));
#15791 = ADVANCED_FACE('',(#15792),#15819,.T.);
#15792 = FACE_BOUND('',#15793,.T.);
#15793 = EDGE_LOOP('',(#15794,#15802,#15810,#15816,#15817,#15818));
#15794 = ORIENTED_EDGE('',*,*,#15795,.F.);
#15795 = EDGE_CURVE('',#15796,#15275,#15798,.T.);
#15796 = VERTEX_POINT('',#15797);
#15797 = CARTESIAN_POINT('',(1.06,0.8,0.5));
#15798 = LINE('',#15799,#15800);
#15799 = CARTESIAN_POINT('',(3.726895914039E-82,0.8,0.5));
#15800 = VECTOR('',#15801,1.);
#15801 = DIRECTION('',(1.,-1.313075150093E-49,0.));
#15802 = ORIENTED_EDGE('',*,*,#15803,.F.);
#15803 = EDGE_CURVE('',#15804,#15796,#15806,.T.);
#15804 = VERTEX_POINT('',#15805);
#15805 = CARTESIAN_POINT('',(1.06,-0.8,0.5));
#15806 = LINE('',#15807,#15808);
#15807 = CARTESIAN_POINT('',(1.06,-0.8,0.5));
#15808 = VECTOR('',#15809,1.);
#15809 = DIRECTION('',(0.,1.,0.));
#15810 = ORIENTED_EDGE('',*,*,#15811,.T.);
#15811 = EDGE_CURVE('',#15804,#15301,#15812,.T.);
#15812 = LINE('',#15813,#15814);
#15813 = CARTESIAN_POINT('',(-1.6,-0.8,0.5));
#15814 = VECTOR('',#15815,1.);
#15815 = DIRECTION('',(1.,-1.313075150093E-49,0.));
#15816 = ORIENTED_EDGE('',*,*,#15300,.T.);
#15817 = ORIENTED_EDGE('',*,*,#15201,.F.);
#15818 = ORIENTED_EDGE('',*,*,#15283,.T.);
#15819 = PLANE('',#15820);
#15820 = AXIS2_PLACEMENT_3D('',#15821,#15822,#15823);
#15821 = CARTESIAN_POINT('',(-1.6,-0.8,0.5));
#15822 = DIRECTION('',(0.,0.,1.));
#15823 = DIRECTION('',(1.,0.,-0.));
#15824 = ADVANCED_FACE('',(#15825),#15852,.T.);
#15825 = FACE_BOUND('',#15826,.T.);
#15826 = EDGE_LOOP('',(#15827,#15835,#15836,#15837,#15838,#15846));
#15827 = ORIENTED_EDGE('',*,*,#15828,.F.);
#15828 = EDGE_CURVE('',#15538,#15829,#15831,.T.);
#15829 = VERTEX_POINT('',#15830);
#15830 = CARTESIAN_POINT('',(-1.06,0.8,0.5));
#15831 = LINE('',#15832,#15833);
#15832 = CARTESIAN_POINT('',(3.726895914039E-82,0.8,0.5));
#15833 = VECTOR('',#15834,1.);
#15834 = DIRECTION('',(1.,-1.313075150093E-49,0.));
#15835 = ORIENTED_EDGE('',*,*,#15537,.F.);
#15836 = ORIENTED_EDGE('',*,*,#15606,.F.);
#15837 = ORIENTED_EDGE('',*,*,#15638,.F.);
#15838 = ORIENTED_EDGE('',*,*,#15839,.T.);
#15839 = EDGE_CURVE('',#15630,#15840,#15842,.T.);
#15840 = VERTEX_POINT('',#15841);
#15841 = CARTESIAN_POINT('',(-1.06,-0.8,0.5));
#15842 = LINE('',#15843,#15844);
#15843 = CARTESIAN_POINT('',(-1.6,-0.8,0.5));
#15844 = VECTOR('',#15845,1.);
#15845 = DIRECTION('',(1.,-1.313075150093E-49,0.));
#15846 = ORIENTED_EDGE('',*,*,#15847,.T.);
#15847 = EDGE_CURVE('',#15840,#15829,#15848,.T.);
#15848 = LINE('',#15849,#15850);
#15849 = CARTESIAN_POINT('',(-1.06,-0.8,0.5));
#15850 = VECTOR('',#15851,1.);
#15851 = DIRECTION('',(0.,1.,0.));
#15852 = PLANE('',#15853);
#15853 = AXIS2_PLACEMENT_3D('',#15854,#15855,#15856);
#15854 = CARTESIAN_POINT('',(-1.6,-0.8,0.5));
#15855 = DIRECTION('',(0.,0.,1.));
#15856 = DIRECTION('',(1.,0.,-0.));
#15857 = ADVANCED_FACE('',(#15858),#15885,.T.);
#15858 = FACE_BOUND('',#15859,.T.);
#15859 = EDGE_LOOP('',(#15860,#15869,#15870,#15879));
#15860 = ORIENTED_EDGE('',*,*,#15861,.T.);
#15861 = EDGE_CURVE('',#15862,#15804,#15864,.T.);
#15862 = VERTEX_POINT('',#15863);
#15863 = CARTESIAN_POINT('',(1.00026262341,-0.8,0.436513588163));
#15864 = CIRCLE('',#15865,6.E-02);
#15865 = AXIS2_PLACEMENT_3D('',#15866,#15867,#15868);
#15866 = CARTESIAN_POINT('',(1.06,-0.8,0.44));
#15867 = DIRECTION('',(1.313075150093E-49,1.,1.103763151667E-32));
#15868 = DIRECTION('',(0.,-1.103763151667E-32,1.));
#15869 = ORIENTED_EDGE('',*,*,#15803,.T.);
#15870 = ORIENTED_EDGE('',*,*,#15871,.F.);
#15871 = EDGE_CURVE('',#15872,#15796,#15874,.T.);
#15872 = VERTEX_POINT('',#15873);
#15873 = CARTESIAN_POINT('',(1.00026262341,0.8,0.436513588163));
#15874 = CIRCLE('',#15875,6.E-02);
#15875 = AXIS2_PLACEMENT_3D('',#15876,#15877,#15878);
#15876 = CARTESIAN_POINT('',(1.06,0.8,0.44));
#15877 = DIRECTION('',(1.313075150093E-49,1.,1.103763151667E-32));
#15878 = DIRECTION('',(0.,-1.103763151667E-32,1.));
#15879 = ORIENTED_EDGE('',*,*,#15880,.F.);
#15880 = EDGE_CURVE('',#15862,#15872,#15881,.T.);
#15881 = LINE('',#15882,#15883);
#15882 = CARTESIAN_POINT('',(1.00026262341,-0.8,0.436513588163));
#15883 = VECTOR('',#15884,1.);
#15884 = DIRECTION('',(0.,1.,0.));
#15885 = CYLINDRICAL_SURFACE('',#15886,6.E-02);
#15886 = AXIS2_PLACEMENT_3D('',#15887,#15888,#15889);
#15887 = CARTESIAN_POINT('',(1.06,-0.8,0.44));
#15888 = DIRECTION('',(0.,1.,0.));
#15889 = DIRECTION('',(-1.,0.,0.));
#15890 = ADVANCED_FACE('',(#15891),#15918,.T.);
#15891 = FACE_BOUND('',#15892,.T.);
#15892 = EDGE_LOOP('',(#15893,#15903,#15910,#15911));
#15893 = ORIENTED_EDGE('',*,*,#15894,.T.);
#15894 = EDGE_CURVE('',#15895,#15897,#15899,.T.);
#15895 = VERTEX_POINT('',#15896);
#15896 = CARTESIAN_POINT('',(-1.00026262341,-0.8,0.436513588163));
#15897 = VERTEX_POINT('',#15898);
#15898 = CARTESIAN_POINT('',(-1.00026262341,0.8,0.436513588163));
#15899 = LINE('',#15900,#15901);
#15900 = CARTESIAN_POINT('',(-1.00026262341,-0.8,0.436513588163));
#15901 = VECTOR('',#15902,1.);
#15902 = DIRECTION('',(0.,1.,0.));
#15903 = ORIENTED_EDGE('',*,*,#15904,.T.);
#15904 = EDGE_CURVE('',#15897,#15829,#15905,.T.);
#15905 = CIRCLE('',#15906,6.E-02);
#15906 = AXIS2_PLACEMENT_3D('',#15907,#15908,#15909);
#15907 = CARTESIAN_POINT('',(-1.06,0.8,0.44));
#15908 = DIRECTION('',(-1.313075150093E-49,-1.,-1.103763151667E-32));
#15909 = DIRECTION('',(0.,-1.103763151667E-32,1.));
#15910 = ORIENTED_EDGE('',*,*,#15847,.F.);
#15911 = ORIENTED_EDGE('',*,*,#15912,.F.);
#15912 = EDGE_CURVE('',#15895,#15840,#15913,.T.);
#15913 = CIRCLE('',#15914,6.E-02);
#15914 = AXIS2_PLACEMENT_3D('',#15915,#15916,#15917);
#15915 = CARTESIAN_POINT('',(-1.06,-0.8,0.44));
#15916 = DIRECTION('',(-1.313075150093E-49,-1.,-1.103763151667E-32));
#15917 = DIRECTION('',(0.,-1.103763151667E-32,1.));
#15918 = CYLINDRICAL_SURFACE('',#15919,6.E-02);
#15919 = AXIS2_PLACEMENT_3D('',#15920,#15921,#15922);
#15920 = CARTESIAN_POINT('',(-1.06,-0.8,0.44));
#15921 = DIRECTION('',(0.,1.,0.));
#15922 = DIRECTION('',(1.,0.,0.));
#15923 = ADVANCED_FACE('',(#15924),#15963,.F.);
#15924 = FACE_BOUND('',#15925,.T.);
#15925 = EDGE_LOOP('',(#15926,#15934,#15935,#15936,#15937,#15938,#15939,
    #15940,#15941,#15942,#15943,#15944,#15945,#15946,#15947,#15948,
    #15949,#15957));
#15926 = ORIENTED_EDGE('',*,*,#15927,.F.);
#15927 = EDGE_CURVE('',#15895,#15928,#15930,.T.);
#15928 = VERTEX_POINT('',#15929);
#15929 = CARTESIAN_POINT('',(-0.899315202661,-0.8,1.1));
#15930 = LINE('',#15931,#15932);
#15931 = CARTESIAN_POINT('',(-0.929914693581,-0.8,0.898043359928));
#15932 = VECTOR('',#15933,1.);
#15933 = DIRECTION('',(0.149805379428,-1.091307741045E-32,0.988715504225
    ));
#15934 = ORIENTED_EDGE('',*,*,#15912,.T.);
#15935 = ORIENTED_EDGE('',*,*,#15839,.F.);
#15936 = ORIENTED_EDGE('',*,*,#15629,.F.);
#15937 = ORIENTED_EDGE('',*,*,#15663,.F.);
#15938 = ORIENTED_EDGE('',*,*,#15728,.T.);
#15939 = ORIENTED_EDGE('',*,*,#15745,.T.);
#15940 = ORIENTED_EDGE('',*,*,#15677,.F.);
#15941 = ORIENTED_EDGE('',*,*,#15780,.T.);
#15942 = ORIENTED_EDGE('',*,*,#15407,.T.);
#15943 = ORIENTED_EDGE('',*,*,#15425,.T.);
#15944 = ORIENTED_EDGE('',*,*,#15356,.F.);
#15945 = ORIENTED_EDGE('',*,*,#15331,.T.);
#15946 = ORIENTED_EDGE('',*,*,#15308,.T.);
#15947 = ORIENTED_EDGE('',*,*,#15811,.F.);
#15948 = ORIENTED_EDGE('',*,*,#15861,.F.);
#15949 = ORIENTED_EDGE('',*,*,#15950,.F.);
#15950 = EDGE_CURVE('',#15951,#15862,#15953,.T.);
#15951 = VERTEX_POINT('',#15952);
#15952 = CARTESIAN_POINT('',(0.899315202661,-0.8,1.1));
#15953 = LINE('',#15954,#15955);
#15954 = CARTESIAN_POINT('',(0.929914693581,-0.8,0.898043359928));
#15955 = VECTOR('',#15956,1.);
#15956 = DIRECTION('',(0.149805379428,1.091307741045E-32,-0.988715504225
    ));
#15957 = ORIENTED_EDGE('',*,*,#15958,.F.);
#15958 = EDGE_CURVE('',#15928,#15951,#15959,.T.);
#15959 = LINE('',#15960,#15961);
#15960 = CARTESIAN_POINT('',(-0.9,-0.8,1.1));
#15961 = VECTOR('',#15962,1.);
#15962 = DIRECTION('',(1.,0.,0.));
#15963 = PLANE('',#15964);
#15964 = AXIS2_PLACEMENT_3D('',#15965,#15966,#15967);
#15965 = CARTESIAN_POINT('',(0.,-0.8,0.757147194234));
#15966 = DIRECTION('',(1.313075150093E-49,1.,1.103763151667E-32));
#15967 = DIRECTION('',(0.,-1.103763151667E-32,1.));
#15968 = ADVANCED_FACE('',(#15969),#16008,.T.);
#15969 = FACE_BOUND('',#15970,.T.);
#15970 = EDGE_LOOP('',(#15971,#15972,#15973,#15974,#15975,#15976,#15977,
    #15978,#15979,#15987,#15995,#16001,#16002,#16003,#16004,#16005,
    #16006,#16007));
#15971 = ORIENTED_EDGE('',*,*,#15773,.F.);
#15972 = ORIENTED_EDGE('',*,*,#15696,.T.);
#15973 = ORIENTED_EDGE('',*,*,#15754,.F.);
#15974 = ORIENTED_EDGE('',*,*,#15486,.F.);
#15975 = ORIENTED_EDGE('',*,*,#15456,.T.);
#15976 = ORIENTED_EDGE('',*,*,#15545,.T.);
#15977 = ORIENTED_EDGE('',*,*,#15828,.T.);
#15978 = ORIENTED_EDGE('',*,*,#15904,.F.);
#15979 = ORIENTED_EDGE('',*,*,#15980,.T.);
#15980 = EDGE_CURVE('',#15897,#15981,#15983,.T.);
#15981 = VERTEX_POINT('',#15982);
#15982 = CARTESIAN_POINT('',(-0.899315202661,0.8,1.1));
#15983 = LINE('',#15984,#15985);
#15984 = CARTESIAN_POINT('',(-0.929914693581,0.8,0.898043359928));
#15985 = VECTOR('',#15986,1.);
#15986 = DIRECTION('',(0.149805379428,-1.091307741045E-32,0.988715504225
    ));
#15987 = ORIENTED_EDGE('',*,*,#15988,.T.);
#15988 = EDGE_CURVE('',#15981,#15989,#15991,.T.);
#15989 = VERTEX_POINT('',#15990);
#15990 = CARTESIAN_POINT('',(0.899315202661,0.8,1.1));
#15991 = LINE('',#15992,#15993);
#15992 = CARTESIAN_POINT('',(-0.9,0.8,1.1));
#15993 = VECTOR('',#15994,1.);
#15994 = DIRECTION('',(1.,0.,0.));
#15995 = ORIENTED_EDGE('',*,*,#15996,.T.);
#15996 = EDGE_CURVE('',#15989,#15872,#15997,.T.);
#15997 = LINE('',#15998,#15999);
#15998 = CARTESIAN_POINT('',(0.929914693581,0.8,0.898043359928));
#15999 = VECTOR('',#16000,1.);
#16000 = DIRECTION('',(0.149805379428,1.091307741045E-32,-0.988715504225
    ));
#16001 = ORIENTED_EDGE('',*,*,#15871,.T.);
#16002 = ORIENTED_EDGE('',*,*,#15795,.T.);
#16003 = ORIENTED_EDGE('',*,*,#15274,.F.);
#16004 = ORIENTED_EDGE('',*,*,#15142,.F.);
#16005 = ORIENTED_EDGE('',*,*,#15186,.T.);
#16006 = ORIENTED_EDGE('',*,*,#15432,.F.);
#16007 = ORIENTED_EDGE('',*,*,#15390,.F.);
#16008 = PLANE('',#16009);
#16009 = AXIS2_PLACEMENT_3D('',#16010,#16011,#16012);
#16010 = CARTESIAN_POINT('',(0.,0.8,0.757147194234));
#16011 = DIRECTION('',(1.313075150093E-49,1.,1.103763151667E-32));
#16012 = DIRECTION('',(0.,-1.103763151667E-32,1.));
#16013 = ADVANCED_FACE('',(#16014),#16025,.T.);
#16014 = FACE_BOUND('',#16015,.T.);
#16015 = EDGE_LOOP('',(#16016,#16022,#16023,#16024));
#16016 = ORIENTED_EDGE('',*,*,#16017,.T.);
#16017 = EDGE_CURVE('',#15989,#15951,#16018,.T.);
#16018 = LINE('',#16019,#16020);
#16019 = CARTESIAN_POINT('',(0.899315202661,0.8,1.1));
#16020 = VECTOR('',#16021,1.);
#16021 = DIRECTION('',(0.,-1.,0.));
#16022 = ORIENTED_EDGE('',*,*,#15950,.T.);
#16023 = ORIENTED_EDGE('',*,*,#15880,.T.);
#16024 = ORIENTED_EDGE('',*,*,#15996,.F.);
#16025 = PLANE('',#16026);
#16026 = AXIS2_PLACEMENT_3D('',#16027,#16028,#16029);
#16027 = CARTESIAN_POINT('',(0.899330570644,0.8,1.09989857131));
#16028 = DIRECTION('',(0.988715504225,0.,0.149805379428));
#16029 = DIRECTION('',(0.149805379428,0.,-0.988715504225));
#16030 = ADVANCED_FACE('',(#16031),#16042,.T.);
#16031 = FACE_BOUND('',#16032,.T.);
#16032 = EDGE_LOOP('',(#16033,#16034,#16035,#16041));
#16033 = ORIENTED_EDGE('',*,*,#15894,.F.);
#16034 = ORIENTED_EDGE('',*,*,#15927,.T.);
#16035 = ORIENTED_EDGE('',*,*,#16036,.F.);
#16036 = EDGE_CURVE('',#15981,#15928,#16037,.T.);
#16037 = LINE('',#16038,#16039);
#16038 = CARTESIAN_POINT('',(-0.899315202661,0.8,1.1));
#16039 = VECTOR('',#16040,1.);
#16040 = DIRECTION('',(0.,-1.,0.));
#16041 = ORIENTED_EDGE('',*,*,#15980,.F.);
#16042 = PLANE('',#16043);
#16043 = AXIS2_PLACEMENT_3D('',#16044,#16045,#16046);
#16044 = CARTESIAN_POINT('',(-0.999330570644,0.8,0.43989857131));
#16045 = DIRECTION('',(-0.988715504225,0.,0.149805379428));
#16046 = DIRECTION('',(0.149805379428,0.,0.988715504225));
#16047 = ADVANCED_FACE('',(#16048),#16054,.T.);
#16048 = FACE_BOUND('',#16049,.T.);
#16049 = EDGE_LOOP('',(#16050,#16051,#16052,#16053));
#16050 = ORIENTED_EDGE('',*,*,#16036,.T.);
#16051 = ORIENTED_EDGE('',*,*,#15958,.T.);
#16052 = ORIENTED_EDGE('',*,*,#16017,.F.);
#16053 = ORIENTED_EDGE('',*,*,#15988,.F.);
#16054 = PLANE('',#16055);
#16055 = AXIS2_PLACEMENT_3D('',#16056,#16057,#16058);
#16056 = CARTESIAN_POINT('',(-0.9,0.8,1.1));
#16057 = DIRECTION('',(0.,0.,1.));
#16058 = DIRECTION('',(1.,0.,-0.));
#16059 = ( GEOMETRIC_REPRESENTATION_CONTEXT(3) 
GLOBAL_UNCERTAINTY_ASSIGNED_CONTEXT((#16063)) 
GLOBAL_UNIT_ASSIGNED_CONTEXT((#16060,#16061,#16062)) 
REPRESENTATION_CONTEXT('Context #1',
  '3D Context with UNIT and UNCERTAINTY') );
#16060 = ( LENGTH_UNIT() NAMED_UNIT(*) SI_UNIT(.MILLI.,.METRE.) );
#16061 = ( NAMED_UNIT(*) PLANE_ANGLE_UNIT() SI_UNIT($,.RADIAN.) );
#16062 = ( NAMED_UNIT(*) SI_UNIT($,.STERADIAN.) SOLID_ANGLE_UNIT() );
#16063 = UNCERTAINTY_MEASURE_WITH_UNIT(LENGTH_MEASURE(2.E-04),#16060,
  'distance_accuracy_value','confusion accuracy');
#16064 = CONTEXT_DEPENDENT_SHAPE_REPRESENTATION(#16065,#16067);
#16065 = ( REPRESENTATION_RELATIONSHIP('','',#15013,#10) 
REPRESENTATION_RELATIONSHIP_WITH_TRANSFORMATION(#16066) 
SHAPE_REPRESENTATION_RELATIONSHIP() );
#16066 = ITEM_DEFINED_TRANSFORMATION('','',#11,#87);
#16067 = PRODUCT_DEFINITION_SHAPE('Placement','Placement of an item',
  #16068);
#16068 = NEXT_ASSEMBLY_USAGE_OCCURRENCE('19','D23','',#5,#15008,$);
#16069 = PRODUCT_RELATED_PRODUCT_CATEGORY('part',$,(#15010));
#16070 = CONTEXT_DEPENDENT_SHAPE_REPRESENTATION(#16071,#16073);
#16071 = ( REPRESENTATION_RELATIONSHIP('','',#5293,#10) 
REPRESENTATION_RELATIONSHIP_WITH_TRANSFORMATION(#16072) 
SHAPE_REPRESENTATION_RELATIONSHIP() );
#16072 = ITEM_DEFINED_TRANSFORMATION('','',#11,#91);
#16073 = PRODUCT_DEFINITION_SHAPE('Placement','Placement of an item',
  #16074);
#16074 = NEXT_ASSEMBLY_USAGE_OCCURRENCE('20','C63','',#5,#5288,$);
#16075 = CONTEXT_DEPENDENT_SHAPE_REPRESENTATION(#16076,#16078);
#16076 = ( REPRESENTATION_RELATIONSHIP('','',#8882,#10) 
REPRESENTATION_RELATIONSHIP_WITH_TRANSFORMATION(#16077) 
SHAPE_REPRESENTATION_RELATIONSHIP() );
#16077 = ITEM_DEFINED_TRANSFORMATION('','',#11,#95);
#16078 = PRODUCT_DEFINITION_SHAPE('Placement','Placement of an item',
  #16079);
#16079 = NEXT_ASSEMBLY_USAGE_OCCURRENCE('21','C42','',#5,#8877,$);
#16080 = CONTEXT_DEPENDENT_SHAPE_REPRESENTATION(#16081,#16083);
#16081 = ( REPRESENTATION_RELATIONSHIP('','',#8073,#10) 
REPRESENTATION_RELATIONSHIP_WITH_TRANSFORMATION(#16082) 
SHAPE_REPRESENTATION_RELATIONSHIP() );
#16082 = ITEM_DEFINED_TRANSFORMATION('','',#11,#99);
#16083 = PRODUCT_DEFINITION_SHAPE('Placement','Placement of an item',
  #16084);
#16084 = NEXT_ASSEMBLY_USAGE_OCCURRENCE('22','R73','',#5,#8068,$);
#16085 = CONTEXT_DEPENDENT_SHAPE_REPRESENTATION(#16086,#16088);
#16086 = ( REPRESENTATION_RELATIONSHIP('','',#8073,#10) 
REPRESENTATION_RELATIONSHIP_WITH_TRANSFORMATION(#16087) 
SHAPE_REPRESENTATION_RELATIONSHIP() );
#16087 = ITEM_DEFINED_TRANSFORMATION('','',#11,#103);
#16088 = PRODUCT_DEFINITION_SHAPE('Placement','Placement of an item',
  #16089);
#16089 = NEXT_ASSEMBLY_USAGE_OCCURRENCE('23','R55','',#5,#8068,$);
#16090 = CONTEXT_DEPENDENT_SHAPE_REPRESENTATION(#16091,#16093);
#16091 = ( REPRESENTATION_RELATIONSHIP('','',#8882,#10) 
REPRESENTATION_RELATIONSHIP_WITH_TRANSFORMATION(#16092) 
SHAPE_REPRESENTATION_RELATIONSHIP() );
#16092 = ITEM_DEFINED_TRANSFORMATION('','',#11,#107);
#16093 = PRODUCT_DEFINITION_SHAPE('Placement','Placement of an item',
  #16094);
#16094 = NEXT_ASSEMBLY_USAGE_OCCURRENCE('24','C48','',#5,#8877,$);
#16095 = SHAPE_DEFINITION_REPRESENTATION(#16096,#16102);
#16096 = PRODUCT_DEFINITION_SHAPE('','',#16097);
#16097 = PRODUCT_DEFINITION('design','',#16098,#16101);
#16098 = PRODUCT_DEFINITION_FORMATION('','',#16099);
#16099 = PRODUCT('stereoBoy_MGB_PCB','stereoBoy_MGB_PCB','',(#16100));
#16100 = PRODUCT_CONTEXT('',#2,'mechanical');
#16101 = PRODUCT_DEFINITION_CONTEXT('part definition',#2,'design');
#16102 = ADVANCED_BREP_SHAPE_REPRESENTATION('',(#11,#16103),#17159);
#16103 = MANIFOLD_SOLID_BREP('',#16104);
#16104 = CLOSED_SHELL('',(#16105,#16145,#16176,#16207,#16473,#16739,
    #16756,#16773,#16790,#16807,#16824,#16836,#16853,#16870,#16887,
    #16904,#16921,#16938,#16955,#16972,#16989,#17006,#17023,#17040,
    #17057,#17074,#17091,#17108,#17125,#17142));
#16105 = ADVANCED_FACE('',(#16106),#16140,.T.);
#16106 = FACE_BOUND('',#16107,.T.);
#16107 = EDGE_LOOP('',(#16108,#16118,#16126,#16134));
#16108 = ORIENTED_EDGE('',*,*,#16109,.T.);
#16109 = EDGE_CURVE('',#16110,#16112,#16114,.T.);
#16110 = VERTEX_POINT('',#16111);
#16111 = CARTESIAN_POINT('',(7.90125,9.19375,0.));
#16112 = VERTEX_POINT('',#16113);
#16113 = CARTESIAN_POINT('',(7.90125,9.19375,0.91));
#16114 = LINE('',#16115,#16116);
#16115 = CARTESIAN_POINT('',(7.90125,9.19375,0.));
#16116 = VECTOR('',#16117,1.);
#16117 = DIRECTION('',(0.,0.,1.));
#16118 = ORIENTED_EDGE('',*,*,#16119,.T.);
#16119 = EDGE_CURVE('',#16112,#16120,#16122,.T.);
#16120 = VERTEX_POINT('',#16121);
#16121 = CARTESIAN_POINT('',(7.90125,6.3625,0.91));
#16122 = LINE('',#16123,#16124);
#16123 = CARTESIAN_POINT('',(7.90125,9.19375,0.91));
#16124 = VECTOR('',#16125,1.);
#16125 = DIRECTION('',(0.,-1.,0.));
#16126 = ORIENTED_EDGE('',*,*,#16127,.F.);
#16127 = EDGE_CURVE('',#16128,#16120,#16130,.T.);
#16128 = VERTEX_POINT('',#16129);
#16129 = CARTESIAN_POINT('',(7.90125,6.3625,0.));
#16130 = LINE('',#16131,#16132);
#16131 = CARTESIAN_POINT('',(7.90125,6.3625,0.));
#16132 = VECTOR('',#16133,1.);
#16133 = DIRECTION('',(0.,0.,1.));
#16134 = ORIENTED_EDGE('',*,*,#16135,.F.);
#16135 = EDGE_CURVE('',#16110,#16128,#16136,.T.);
#16136 = LINE('',#16137,#16138);
#16137 = CARTESIAN_POINT('',(7.90125,9.19375,0.));
#16138 = VECTOR('',#16139,1.);
#16139 = DIRECTION('',(0.,-1.,0.));
#16140 = PLANE('',#16141);
#16141 = AXIS2_PLACEMENT_3D('',#16142,#16143,#16144);
#16142 = CARTESIAN_POINT('',(7.90125,9.19375,0.));
#16143 = DIRECTION('',(1.,0.,-0.));
#16144 = DIRECTION('',(0.,-1.,0.));
#16145 = ADVANCED_FACE('',(#16146),#16171,.T.);
#16146 = FACE_BOUND('',#16147,.T.);
#16147 = EDGE_LOOP('',(#16148,#16158,#16164,#16165));
#16148 = ORIENTED_EDGE('',*,*,#16149,.T.);
#16149 = EDGE_CURVE('',#16150,#16152,#16154,.T.);
#16150 = VERTEX_POINT('',#16151);
#16151 = CARTESIAN_POINT('',(6.40125,10.69375,0.));
#16152 = VERTEX_POINT('',#16153);
#16153 = CARTESIAN_POINT('',(6.40125,10.69375,0.91));
#16154 = LINE('',#16155,#16156);
#16155 = CARTESIAN_POINT('',(6.40125,10.69375,0.));
#16156 = VECTOR('',#16157,1.);
#16157 = DIRECTION('',(0.,0.,1.));
#16158 = ORIENTED_EDGE('',*,*,#16159,.T.);
#16159 = EDGE_CURVE('',#16152,#16112,#16160,.T.);
#16160 = LINE('',#16161,#16162);
#16161 = CARTESIAN_POINT('',(6.40125,10.69375,0.91));
#16162 = VECTOR('',#16163,1.);
#16163 = DIRECTION('',(0.707106781187,-0.707106781187,0.));
#16164 = ORIENTED_EDGE('',*,*,#16109,.F.);
#16165 = ORIENTED_EDGE('',*,*,#16166,.F.);
#16166 = EDGE_CURVE('',#16150,#16110,#16167,.T.);
#16167 = LINE('',#16168,#16169);
#16168 = CARTESIAN_POINT('',(6.40125,10.69375,0.));
#16169 = VECTOR('',#16170,1.);
#16170 = DIRECTION('',(0.707106781187,-0.707106781187,0.));
#16171 = PLANE('',#16172);
#16172 = AXIS2_PLACEMENT_3D('',#16173,#16174,#16175);
#16173 = CARTESIAN_POINT('',(6.40125,10.69375,0.));
#16174 = DIRECTION('',(0.707106781187,0.707106781187,-0.));
#16175 = DIRECTION('',(0.707106781187,-0.707106781187,0.));
#16176 = ADVANCED_FACE('',(#16177),#16202,.T.);
#16177 = FACE_BOUND('',#16178,.T.);
#16178 = EDGE_LOOP('',(#16179,#16180,#16188,#16196));
#16179 = ORIENTED_EDGE('',*,*,#16127,.T.);
#16180 = ORIENTED_EDGE('',*,*,#16181,.T.);
#16181 = EDGE_CURVE('',#16120,#16182,#16184,.T.);
#16182 = VERTEX_POINT('',#16183);
#16183 = CARTESIAN_POINT('',(7.90125,-9.05625,0.91));
#16184 = LINE('',#16185,#16186);
#16185 = CARTESIAN_POINT('',(7.90125,6.3625,0.91));
#16186 = VECTOR('',#16187,1.);
#16187 = DIRECTION('',(0.,-1.,0.));
#16188 = ORIENTED_EDGE('',*,*,#16189,.F.);
#16189 = EDGE_CURVE('',#16190,#16182,#16192,.T.);
#16190 = VERTEX_POINT('',#16191);
#16191 = CARTESIAN_POINT('',(7.90125,-9.05625,0.));
#16192 = LINE('',#16193,#16194);
#16193 = CARTESIAN_POINT('',(7.90125,-9.05625,0.));
#16194 = VECTOR('',#16195,1.);
#16195 = DIRECTION('',(0.,0.,1.));
#16196 = ORIENTED_EDGE('',*,*,#16197,.F.);
#16197 = EDGE_CURVE('',#16128,#16190,#16198,.T.);
#16198 = LINE('',#16199,#16200);
#16199 = CARTESIAN_POINT('',(7.90125,6.3625,0.));
#16200 = VECTOR('',#16201,1.);
#16201 = DIRECTION('',(0.,-1.,0.));
#16202 = PLANE('',#16203);
#16203 = AXIS2_PLACEMENT_3D('',#16204,#16205,#16206);
#16204 = CARTESIAN_POINT('',(7.90125,6.3625,0.));
#16205 = DIRECTION('',(1.,0.,-0.));
#16206 = DIRECTION('',(0.,-1.,0.));
#16207 = ADVANCED_FACE('',(#16208,#16259,#16270,#16281,#16292,#16303,
    #16314,#16325,#16336,#16347,#16358,#16369,#16380,#16391,#16402,
    #16413,#16424,#16435,#16446,#16457),#16468,.F.);
#16208 = FACE_BOUND('',#16209,.F.);
#16209 = EDGE_LOOP('',(#16210,#16211,#16212,#16220,#16228,#16236,#16244,
    #16252,#16258));
#16210 = ORIENTED_EDGE('',*,*,#16135,.F.);
#16211 = ORIENTED_EDGE('',*,*,#16166,.F.);
#16212 = ORIENTED_EDGE('',*,*,#16213,.F.);
#16213 = EDGE_CURVE('',#16214,#16150,#16216,.T.);
#16214 = VERTEX_POINT('',#16215);
#16215 = CARTESIAN_POINT('',(-8.84875,10.69375,0.));
#16216 = LINE('',#16217,#16218);
#16217 = CARTESIAN_POINT('',(-8.84875,10.69375,0.));
#16218 = VECTOR('',#16219,1.);
#16219 = DIRECTION('',(1.,0.,0.));
#16220 = ORIENTED_EDGE('',*,*,#16221,.F.);
#16221 = EDGE_CURVE('',#16222,#16214,#16224,.T.);
#16222 = VERTEX_POINT('',#16223);
#16223 = CARTESIAN_POINT('',(-10.34875,9.19375,0.));
#16224 = LINE('',#16225,#16226);
#16225 = CARTESIAN_POINT('',(-10.34875,9.19375,0.));
#16226 = VECTOR('',#16227,1.);
#16227 = DIRECTION('',(0.707106781187,0.707106781187,0.));
#16228 = ORIENTED_EDGE('',*,*,#16229,.F.);
#16229 = EDGE_CURVE('',#16230,#16222,#16232,.T.);
#16230 = VERTEX_POINT('',#16231);
#16231 = CARTESIAN_POINT('',(-10.34875,-9.05625,0.));
#16232 = LINE('',#16233,#16234);
#16233 = CARTESIAN_POINT('',(-10.34875,-9.05625,0.));
#16234 = VECTOR('',#16235,1.);
#16235 = DIRECTION('',(0.,1.,0.));
#16236 = ORIENTED_EDGE('',*,*,#16237,.F.);
#16237 = EDGE_CURVE('',#16238,#16230,#16240,.T.);
#16238 = VERTEX_POINT('',#16239);
#16239 = CARTESIAN_POINT('',(-9.09875,-10.30625,0.));
#16240 = LINE('',#16241,#16242);
#16241 = CARTESIAN_POINT('',(-9.09875,-10.30625,0.));
#16242 = VECTOR('',#16243,1.);
#16243 = DIRECTION('',(-0.707106781187,0.707106781187,0.));
#16244 = ORIENTED_EDGE('',*,*,#16245,.F.);
#16245 = EDGE_CURVE('',#16246,#16238,#16248,.T.);
#16246 = VERTEX_POINT('',#16247);
#16247 = CARTESIAN_POINT('',(6.65125,-10.30625,0.));
#16248 = LINE('',#16249,#16250);
#16249 = CARTESIAN_POINT('',(6.65125,-10.30625,0.));
#16250 = VECTOR('',#16251,1.);
#16251 = DIRECTION('',(-1.,0.,0.));
#16252 = ORIENTED_EDGE('',*,*,#16253,.F.);
#16253 = EDGE_CURVE('',#16190,#16246,#16254,.T.);
#16254 = LINE('',#16255,#16256);
#16255 = CARTESIAN_POINT('',(7.90125,-9.05625,0.));
#16256 = VECTOR('',#16257,1.);
#16257 = DIRECTION('',(-0.707106781187,-0.707106781187,0.));
#16258 = ORIENTED_EDGE('',*,*,#16197,.F.);
#16259 = FACE_BOUND('',#16260,.F.);
#16260 = EDGE_LOOP('',(#16261));
#16261 = ORIENTED_EDGE('',*,*,#16262,.T.);
#16262 = EDGE_CURVE('',#16263,#16263,#16265,.T.);
#16263 = VERTEX_POINT('',#16264);
#16264 = CARTESIAN_POINT('',(-8.84,-7.00425,0.));
#16265 = CIRCLE('',#16266,0.508);
#16266 = AXIS2_PLACEMENT_3D('',#16267,#16268,#16269);
#16267 = CARTESIAN_POINT('',(-8.84,-6.49625,0.));
#16268 = DIRECTION('',(-0.,0.,-1.));
#16269 = DIRECTION('',(-0.,-1.,0.));
#16270 = FACE_BOUND('',#16271,.F.);
#16271 = EDGE_LOOP('',(#16272));
#16272 = ORIENTED_EDGE('',*,*,#16273,.T.);
#16273 = EDGE_CURVE('',#16274,#16274,#16276,.T.);
#16274 = VERTEX_POINT('',#16275);
#16275 = CARTESIAN_POINT('',(-8.84,-4.46425,0.));
#16276 = CIRCLE('',#16277,0.508);
#16277 = AXIS2_PLACEMENT_3D('',#16278,#16279,#16280);
#16278 = CARTESIAN_POINT('',(-8.84,-3.95625,0.));
#16279 = DIRECTION('',(-0.,0.,-1.));
#16280 = DIRECTION('',(-0.,-1.,0.));
#16281 = FACE_BOUND('',#16282,.F.);
#16282 = EDGE_LOOP('',(#16283));
#16283 = ORIENTED_EDGE('',*,*,#16284,.T.);
#16284 = EDGE_CURVE('',#16285,#16285,#16287,.T.);
#16285 = VERTEX_POINT('',#16286);
#16286 = CARTESIAN_POINT('',(6.4,-7.00425,0.));
#16287 = CIRCLE('',#16288,0.508);
#16288 = AXIS2_PLACEMENT_3D('',#16289,#16290,#16291);
#16289 = CARTESIAN_POINT('',(6.4,-6.49625,0.));
#16290 = DIRECTION('',(-0.,0.,-1.));
#16291 = DIRECTION('',(-0.,-1.,0.));
#16292 = FACE_BOUND('',#16293,.F.);
#16293 = EDGE_LOOP('',(#16294));
#16294 = ORIENTED_EDGE('',*,*,#16295,.T.);
#16295 = EDGE_CURVE('',#16296,#16296,#16298,.T.);
#16296 = VERTEX_POINT('',#16297);
#16297 = CARTESIAN_POINT('',(6.4,-4.46425,0.));
#16298 = CIRCLE('',#16299,0.508);
#16299 = AXIS2_PLACEMENT_3D('',#16300,#16301,#16302);
#16300 = CARTESIAN_POINT('',(6.4,-3.95625,0.));
#16301 = DIRECTION('',(-0.,0.,-1.));
#16302 = DIRECTION('',(-0.,-1.,0.));
#16303 = FACE_BOUND('',#16304,.F.);
#16304 = EDGE_LOOP('',(#16305));
#16305 = ORIENTED_EDGE('',*,*,#16306,.T.);
#16306 = EDGE_CURVE('',#16307,#16307,#16309,.T.);
#16307 = VERTEX_POINT('',#16308);
#16308 = CARTESIAN_POINT('',(-8.84,-1.92425,0.));
#16309 = CIRCLE('',#16310,0.508);
#16310 = AXIS2_PLACEMENT_3D('',#16311,#16312,#16313);
#16311 = CARTESIAN_POINT('',(-8.84,-1.41625,0.));
#16312 = DIRECTION('',(-0.,0.,-1.));
#16313 = DIRECTION('',(-0.,-1.,0.));
#16314 = FACE_BOUND('',#16315,.F.);
#16315 = EDGE_LOOP('',(#16316));
#16316 = ORIENTED_EDGE('',*,*,#16317,.T.);
#16317 = EDGE_CURVE('',#16318,#16318,#16320,.T.);
#16318 = VERTEX_POINT('',#16319);
#16319 = CARTESIAN_POINT('',(-8.84,0.61575,0.));
#16320 = CIRCLE('',#16321,0.508);
#16321 = AXIS2_PLACEMENT_3D('',#16322,#16323,#16324);
#16322 = CARTESIAN_POINT('',(-8.84,1.12375,0.));
#16323 = DIRECTION('',(-0.,0.,-1.));
#16324 = DIRECTION('',(-0.,-1.,0.));
#16325 = FACE_BOUND('',#16326,.F.);
#16326 = EDGE_LOOP('',(#16327));
#16327 = ORIENTED_EDGE('',*,*,#16328,.T.);
#16328 = EDGE_CURVE('',#16329,#16329,#16331,.T.);
#16329 = VERTEX_POINT('',#16330);
#16330 = CARTESIAN_POINT('',(-8.84,3.15575,0.));
#16331 = CIRCLE('',#16332,0.508);
#16332 = AXIS2_PLACEMENT_3D('',#16333,#16334,#16335);
#16333 = CARTESIAN_POINT('',(-8.84,3.66375,0.));
#16334 = DIRECTION('',(-0.,0.,-1.));
#16335 = DIRECTION('',(-0.,-1.,0.));
#16336 = FACE_BOUND('',#16337,.F.);
#16337 = EDGE_LOOP('',(#16338));
#16338 = ORIENTED_EDGE('',*,*,#16339,.T.);
#16339 = EDGE_CURVE('',#16340,#16340,#16342,.T.);
#16340 = VERTEX_POINT('',#16341);
#16341 = CARTESIAN_POINT('',(-0.16375,-1.45,0.));
#16342 = CIRCLE('',#16343,0.1);
#16343 = AXIS2_PLACEMENT_3D('',#16344,#16345,#16346);
#16344 = CARTESIAN_POINT('',(-0.16375,-1.35,0.));
#16345 = DIRECTION('',(-0.,0.,-1.));
#16346 = DIRECTION('',(-0.,-1.,0.));
#16347 = FACE_BOUND('',#16348,.F.);
#16348 = EDGE_LOOP('',(#16349));
#16349 = ORIENTED_EDGE('',*,*,#16350,.T.);
#16350 = EDGE_CURVE('',#16351,#16351,#16353,.T.);
#16351 = VERTEX_POINT('',#16352);
#16352 = CARTESIAN_POINT('',(-0.163749,-0.35,0.));
#16353 = CIRCLE('',#16354,0.1);
#16354 = AXIS2_PLACEMENT_3D('',#16355,#16356,#16357);
#16355 = CARTESIAN_POINT('',(-0.163749,-0.25,0.));
#16356 = DIRECTION('',(-0.,0.,-1.));
#16357 = DIRECTION('',(2.775557561563E-16,-1.,-0.));
#16358 = FACE_BOUND('',#16359,.F.);
#16359 = EDGE_LOOP('',(#16360));
#16360 = ORIENTED_EDGE('',*,*,#16361,.T.);
#16361 = EDGE_CURVE('',#16362,#16362,#16364,.T.);
#16362 = VERTEX_POINT('',#16363);
#16363 = CARTESIAN_POINT('',(0.93625,-1.449999,0.));
#16364 = CIRCLE('',#16365,1.E-01);
#16365 = AXIS2_PLACEMENT_3D('',#16366,#16367,#16368);
#16366 = CARTESIAN_POINT('',(0.93625,-1.349999,0.));
#16367 = DIRECTION('',(-0.,0.,-1.));
#16368 = DIRECTION('',(-0.,-1.,0.));
#16369 = FACE_BOUND('',#16370,.F.);
#16370 = EDGE_LOOP('',(#16371));
#16371 = ORIENTED_EDGE('',*,*,#16372,.T.);
#16372 = EDGE_CURVE('',#16373,#16373,#16375,.T.);
#16373 = VERTEX_POINT('',#16374);
#16374 = CARTESIAN_POINT('',(2.03625,-1.45,0.));
#16375 = CIRCLE('',#16376,0.1);
#16376 = AXIS2_PLACEMENT_3D('',#16377,#16378,#16379);
#16377 = CARTESIAN_POINT('',(2.03625,-1.35,0.));
#16378 = DIRECTION('',(-0.,0.,-1.));
#16379 = DIRECTION('',(-0.,-1.,0.));
#16380 = FACE_BOUND('',#16381,.F.);
#16381 = EDGE_LOOP('',(#16382));
#16382 = ORIENTED_EDGE('',*,*,#16383,.T.);
#16383 = EDGE_CURVE('',#16384,#16384,#16386,.T.);
#16384 = VERTEX_POINT('',#16385);
#16385 = CARTESIAN_POINT('',(0.93625,-0.35,0.));
#16386 = CIRCLE('',#16387,1.E-01);
#16387 = AXIS2_PLACEMENT_3D('',#16388,#16389,#16390);
#16388 = CARTESIAN_POINT('',(0.93625,-0.25,0.));
#16389 = DIRECTION('',(-0.,0.,-1.));
#16390 = DIRECTION('',(-0.,-1.,0.));
#16391 = FACE_BOUND('',#16392,.F.);
#16392 = EDGE_LOOP('',(#16393));
#16393 = ORIENTED_EDGE('',*,*,#16394,.T.);
#16394 = EDGE_CURVE('',#16395,#16395,#16397,.T.);
#16395 = VERTEX_POINT('',#16396);
#16396 = CARTESIAN_POINT('',(2.036249,-0.35,0.));
#16397 = CIRCLE('',#16398,1.E-01);
#16398 = AXIS2_PLACEMENT_3D('',#16399,#16400,#16401);
#16399 = CARTESIAN_POINT('',(2.036249,-0.25,0.));
#16400 = DIRECTION('',(-0.,0.,-1.));
#16401 = DIRECTION('',(4.440892098501E-15,-1.,-0.));
#16402 = FACE_BOUND('',#16403,.F.);
#16403 = EDGE_LOOP('',(#16404));
#16404 = ORIENTED_EDGE('',*,*,#16405,.T.);
#16405 = EDGE_CURVE('',#16406,#16406,#16408,.T.);
#16406 = VERTEX_POINT('',#16407);
#16407 = CARTESIAN_POINT('',(-0.16375,0.75,0.));
#16408 = CIRCLE('',#16409,0.1);
#16409 = AXIS2_PLACEMENT_3D('',#16410,#16411,#16412);
#16410 = CARTESIAN_POINT('',(-0.16375,0.85,0.));
#16411 = DIRECTION('',(-0.,0.,-1.));
#16412 = DIRECTION('',(-0.,-1.,0.));
#16413 = FACE_BOUND('',#16414,.F.);
#16414 = EDGE_LOOP('',(#16415));
#16415 = ORIENTED_EDGE('',*,*,#16416,.T.);
#16416 = EDGE_CURVE('',#16417,#16417,#16419,.T.);
#16417 = VERTEX_POINT('',#16418);
#16418 = CARTESIAN_POINT('',(0.93625,0.749999,0.));
#16419 = CIRCLE('',#16420,1.E-01);
#16420 = AXIS2_PLACEMENT_3D('',#16421,#16422,#16423);
#16421 = CARTESIAN_POINT('',(0.93625,0.849999,0.));
#16422 = DIRECTION('',(-0.,0.,-1.));
#16423 = DIRECTION('',(-0.,-1.,0.));
#16424 = FACE_BOUND('',#16425,.F.);
#16425 = EDGE_LOOP('',(#16426));
#16426 = ORIENTED_EDGE('',*,*,#16427,.T.);
#16427 = EDGE_CURVE('',#16428,#16428,#16430,.T.);
#16428 = VERTEX_POINT('',#16429);
#16429 = CARTESIAN_POINT('',(2.03625,0.75,0.));
#16430 = CIRCLE('',#16431,1.E-01);
#16431 = AXIS2_PLACEMENT_3D('',#16432,#16433,#16434);
#16432 = CARTESIAN_POINT('',(2.03625,0.85,0.));
#16433 = DIRECTION('',(-0.,0.,-1.));
#16434 = DIRECTION('',(-0.,-1.,0.));
#16435 = FACE_BOUND('',#16436,.F.);
#16436 = EDGE_LOOP('',(#16437));
#16437 = ORIENTED_EDGE('',*,*,#16438,.T.);
#16438 = EDGE_CURVE('',#16439,#16439,#16441,.T.);
#16439 = VERTEX_POINT('',#16440);
#16440 = CARTESIAN_POINT('',(6.4,-1.92425,0.));
#16441 = CIRCLE('',#16442,0.508);
#16442 = AXIS2_PLACEMENT_3D('',#16443,#16444,#16445);
#16443 = CARTESIAN_POINT('',(6.4,-1.41625,0.));
#16444 = DIRECTION('',(-0.,0.,-1.));
#16445 = DIRECTION('',(-0.,-1.,0.));
#16446 = FACE_BOUND('',#16447,.F.);
#16447 = EDGE_LOOP('',(#16448));
#16448 = ORIENTED_EDGE('',*,*,#16449,.T.);
#16449 = EDGE_CURVE('',#16450,#16450,#16452,.T.);
#16450 = VERTEX_POINT('',#16451);
#16451 = CARTESIAN_POINT('',(6.4,0.61575,0.));
#16452 = CIRCLE('',#16453,0.508);
#16453 = AXIS2_PLACEMENT_3D('',#16454,#16455,#16456);
#16454 = CARTESIAN_POINT('',(6.4,1.12375,0.));
#16455 = DIRECTION('',(-0.,0.,-1.));
#16456 = DIRECTION('',(-0.,-1.,0.));
#16457 = FACE_BOUND('',#16458,.F.);
#16458 = EDGE_LOOP('',(#16459));
#16459 = ORIENTED_EDGE('',*,*,#16460,.T.);
#16460 = EDGE_CURVE('',#16461,#16461,#16463,.T.);
#16461 = VERTEX_POINT('',#16462);
#16462 = CARTESIAN_POINT('',(6.4,3.15575,0.));
#16463 = CIRCLE('',#16464,0.508);
#16464 = AXIS2_PLACEMENT_3D('',#16465,#16466,#16467);
#16465 = CARTESIAN_POINT('',(6.4,3.66375,0.));
#16466 = DIRECTION('',(-0.,0.,-1.));
#16467 = DIRECTION('',(-0.,-1.,0.));
#16468 = PLANE('',#16469);
#16469 = AXIS2_PLACEMENT_3D('',#16470,#16471,#16472);
#16470 = CARTESIAN_POINT('',(0.,0.,0.));
#16471 = DIRECTION('',(0.,0.,1.));
#16472 = DIRECTION('',(1.,0.,-0.));
#16473 = ADVANCED_FACE('',(#16474,#16525,#16536,#16547,#16558,#16569,
    #16580,#16591,#16602,#16613,#16624,#16635,#16646,#16657,#16668,
    #16679,#16690,#16701,#16712,#16723),#16734,.T.);
#16474 = FACE_BOUND('',#16475,.T.);
#16475 = EDGE_LOOP('',(#16476,#16477,#16478,#16486,#16494,#16502,#16510,
    #16518,#16524));
#16476 = ORIENTED_EDGE('',*,*,#16119,.F.);
#16477 = ORIENTED_EDGE('',*,*,#16159,.F.);
#16478 = ORIENTED_EDGE('',*,*,#16479,.F.);
#16479 = EDGE_CURVE('',#16480,#16152,#16482,.T.);
#16480 = VERTEX_POINT('',#16481);
#16481 = CARTESIAN_POINT('',(-8.84875,10.69375,0.91));
#16482 = LINE('',#16483,#16484);
#16483 = CARTESIAN_POINT('',(-8.84875,10.69375,0.91));
#16484 = VECTOR('',#16485,1.);
#16485 = DIRECTION('',(1.,0.,0.));
#16486 = ORIENTED_EDGE('',*,*,#16487,.F.);
#16487 = EDGE_CURVE('',#16488,#16480,#16490,.T.);
#16488 = VERTEX_POINT('',#16489);
#16489 = CARTESIAN_POINT('',(-10.34875,9.19375,0.91));
#16490 = LINE('',#16491,#16492);
#16491 = CARTESIAN_POINT('',(-10.34875,9.19375,0.91));
#16492 = VECTOR('',#16493,1.);
#16493 = DIRECTION('',(0.707106781187,0.707106781187,0.));
#16494 = ORIENTED_EDGE('',*,*,#16495,.F.);
#16495 = EDGE_CURVE('',#16496,#16488,#16498,.T.);
#16496 = VERTEX_POINT('',#16497);
#16497 = CARTESIAN_POINT('',(-10.34875,-9.05625,0.91));
#16498 = LINE('',#16499,#16500);
#16499 = CARTESIAN_POINT('',(-10.34875,-9.05625,0.91));
#16500 = VECTOR('',#16501,1.);
#16501 = DIRECTION('',(0.,1.,0.));
#16502 = ORIENTED_EDGE('',*,*,#16503,.F.);
#16503 = EDGE_CURVE('',#16504,#16496,#16506,.T.);
#16504 = VERTEX_POINT('',#16505);
#16505 = CARTESIAN_POINT('',(-9.09875,-10.30625,0.91));
#16506 = LINE('',#16507,#16508);
#16507 = CARTESIAN_POINT('',(-9.09875,-10.30625,0.91));
#16508 = VECTOR('',#16509,1.);
#16509 = DIRECTION('',(-0.707106781187,0.707106781187,0.));
#16510 = ORIENTED_EDGE('',*,*,#16511,.F.);
#16511 = EDGE_CURVE('',#16512,#16504,#16514,.T.);
#16512 = VERTEX_POINT('',#16513);
#16513 = CARTESIAN_POINT('',(6.65125,-10.30625,0.91));
#16514 = LINE('',#16515,#16516);
#16515 = CARTESIAN_POINT('',(6.65125,-10.30625,0.91));
#16516 = VECTOR('',#16517,1.);
#16517 = DIRECTION('',(-1.,0.,0.));
#16518 = ORIENTED_EDGE('',*,*,#16519,.F.);
#16519 = EDGE_CURVE('',#16182,#16512,#16520,.T.);
#16520 = LINE('',#16521,#16522);
#16521 = CARTESIAN_POINT('',(7.90125,-9.05625,0.91));
#16522 = VECTOR('',#16523,1.);
#16523 = DIRECTION('',(-0.707106781187,-0.707106781187,0.));
#16524 = ORIENTED_EDGE('',*,*,#16181,.F.);
#16525 = FACE_BOUND('',#16526,.T.);
#16526 = EDGE_LOOP('',(#16527));
#16527 = ORIENTED_EDGE('',*,*,#16528,.T.);
#16528 = EDGE_CURVE('',#16529,#16529,#16531,.T.);
#16529 = VERTEX_POINT('',#16530);
#16530 = CARTESIAN_POINT('',(-8.84,-7.00425,0.91));
#16531 = CIRCLE('',#16532,0.508);
#16532 = AXIS2_PLACEMENT_3D('',#16533,#16534,#16535);
#16533 = CARTESIAN_POINT('',(-8.84,-6.49625,0.91));
#16534 = DIRECTION('',(-0.,0.,-1.));
#16535 = DIRECTION('',(-0.,-1.,0.));
#16536 = FACE_BOUND('',#16537,.T.);
#16537 = EDGE_LOOP('',(#16538));
#16538 = ORIENTED_EDGE('',*,*,#16539,.T.);
#16539 = EDGE_CURVE('',#16540,#16540,#16542,.T.);
#16540 = VERTEX_POINT('',#16541);
#16541 = CARTESIAN_POINT('',(-8.84,-4.46425,0.91));
#16542 = CIRCLE('',#16543,0.508);
#16543 = AXIS2_PLACEMENT_3D('',#16544,#16545,#16546);
#16544 = CARTESIAN_POINT('',(-8.84,-3.95625,0.91));
#16545 = DIRECTION('',(-0.,0.,-1.));
#16546 = DIRECTION('',(-0.,-1.,0.));
#16547 = FACE_BOUND('',#16548,.T.);
#16548 = EDGE_LOOP('',(#16549));
#16549 = ORIENTED_EDGE('',*,*,#16550,.T.);
#16550 = EDGE_CURVE('',#16551,#16551,#16553,.T.);
#16551 = VERTEX_POINT('',#16552);
#16552 = CARTESIAN_POINT('',(6.4,-7.00425,0.91));
#16553 = CIRCLE('',#16554,0.508);
#16554 = AXIS2_PLACEMENT_3D('',#16555,#16556,#16557);
#16555 = CARTESIAN_POINT('',(6.4,-6.49625,0.91));
#16556 = DIRECTION('',(-0.,0.,-1.));
#16557 = DIRECTION('',(-0.,-1.,0.));
#16558 = FACE_BOUND('',#16559,.T.);
#16559 = EDGE_LOOP('',(#16560));
#16560 = ORIENTED_EDGE('',*,*,#16561,.T.);
#16561 = EDGE_CURVE('',#16562,#16562,#16564,.T.);
#16562 = VERTEX_POINT('',#16563);
#16563 = CARTESIAN_POINT('',(6.4,-4.46425,0.91));
#16564 = CIRCLE('',#16565,0.508);
#16565 = AXIS2_PLACEMENT_3D('',#16566,#16567,#16568);
#16566 = CARTESIAN_POINT('',(6.4,-3.95625,0.91));
#16567 = DIRECTION('',(-0.,0.,-1.));
#16568 = DIRECTION('',(-0.,-1.,0.));
#16569 = FACE_BOUND('',#16570,.T.);
#16570 = EDGE_LOOP('',(#16571));
#16571 = ORIENTED_EDGE('',*,*,#16572,.T.);
#16572 = EDGE_CURVE('',#16573,#16573,#16575,.T.);
#16573 = VERTEX_POINT('',#16574);
#16574 = CARTESIAN_POINT('',(-8.84,-1.92425,0.91));
#16575 = CIRCLE('',#16576,0.508);
#16576 = AXIS2_PLACEMENT_3D('',#16577,#16578,#16579);
#16577 = CARTESIAN_POINT('',(-8.84,-1.41625,0.91));
#16578 = DIRECTION('',(-0.,0.,-1.));
#16579 = DIRECTION('',(-0.,-1.,0.));
#16580 = FACE_BOUND('',#16581,.T.);
#16581 = EDGE_LOOP('',(#16582));
#16582 = ORIENTED_EDGE('',*,*,#16583,.T.);
#16583 = EDGE_CURVE('',#16584,#16584,#16586,.T.);
#16584 = VERTEX_POINT('',#16585);
#16585 = CARTESIAN_POINT('',(-8.84,0.61575,0.91));
#16586 = CIRCLE('',#16587,0.508);
#16587 = AXIS2_PLACEMENT_3D('',#16588,#16589,#16590);
#16588 = CARTESIAN_POINT('',(-8.84,1.12375,0.91));
#16589 = DIRECTION('',(-0.,0.,-1.));
#16590 = DIRECTION('',(-0.,-1.,0.));
#16591 = FACE_BOUND('',#16592,.T.);
#16592 = EDGE_LOOP('',(#16593));
#16593 = ORIENTED_EDGE('',*,*,#16594,.T.);
#16594 = EDGE_CURVE('',#16595,#16595,#16597,.T.);
#16595 = VERTEX_POINT('',#16596);
#16596 = CARTESIAN_POINT('',(-8.84,3.15575,0.91));
#16597 = CIRCLE('',#16598,0.508);
#16598 = AXIS2_PLACEMENT_3D('',#16599,#16600,#16601);
#16599 = CARTESIAN_POINT('',(-8.84,3.66375,0.91));
#16600 = DIRECTION('',(-0.,0.,-1.));
#16601 = DIRECTION('',(-0.,-1.,0.));
#16602 = FACE_BOUND('',#16603,.T.);
#16603 = EDGE_LOOP('',(#16604));
#16604 = ORIENTED_EDGE('',*,*,#16605,.T.);
#16605 = EDGE_CURVE('',#16606,#16606,#16608,.T.);
#16606 = VERTEX_POINT('',#16607);
#16607 = CARTESIAN_POINT('',(-0.16375,-1.45,0.91));
#16608 = CIRCLE('',#16609,0.1);
#16609 = AXIS2_PLACEMENT_3D('',#16610,#16611,#16612);
#16610 = CARTESIAN_POINT('',(-0.16375,-1.35,0.91));
#16611 = DIRECTION('',(-0.,0.,-1.));
#16612 = DIRECTION('',(-0.,-1.,0.));
#16613 = FACE_BOUND('',#16614,.T.);
#16614 = EDGE_LOOP('',(#16615));
#16615 = ORIENTED_EDGE('',*,*,#16616,.T.);
#16616 = EDGE_CURVE('',#16617,#16617,#16619,.T.);
#16617 = VERTEX_POINT('',#16618);
#16618 = CARTESIAN_POINT('',(-0.163749,-0.35,0.91));
#16619 = CIRCLE('',#16620,0.1);
#16620 = AXIS2_PLACEMENT_3D('',#16621,#16622,#16623);
#16621 = CARTESIAN_POINT('',(-0.163749,-0.25,0.91));
#16622 = DIRECTION('',(-0.,0.,-1.));
#16623 = DIRECTION('',(2.775557561563E-16,-1.,-0.));
#16624 = FACE_BOUND('',#16625,.T.);
#16625 = EDGE_LOOP('',(#16626));
#16626 = ORIENTED_EDGE('',*,*,#16627,.T.);
#16627 = EDGE_CURVE('',#16628,#16628,#16630,.T.);
#16628 = VERTEX_POINT('',#16629);
#16629 = CARTESIAN_POINT('',(0.93625,-1.449999,0.91));
#16630 = CIRCLE('',#16631,1.E-01);
#16631 = AXIS2_PLACEMENT_3D('',#16632,#16633,#16634);
#16632 = CARTESIAN_POINT('',(0.93625,-1.349999,0.91));
#16633 = DIRECTION('',(-0.,0.,-1.));
#16634 = DIRECTION('',(-0.,-1.,0.));
#16635 = FACE_BOUND('',#16636,.T.);
#16636 = EDGE_LOOP('',(#16637));
#16637 = ORIENTED_EDGE('',*,*,#16638,.T.);
#16638 = EDGE_CURVE('',#16639,#16639,#16641,.T.);
#16639 = VERTEX_POINT('',#16640);
#16640 = CARTESIAN_POINT('',(2.03625,-1.45,0.91));
#16641 = CIRCLE('',#16642,0.1);
#16642 = AXIS2_PLACEMENT_3D('',#16643,#16644,#16645);
#16643 = CARTESIAN_POINT('',(2.03625,-1.35,0.91));
#16644 = DIRECTION('',(-0.,0.,-1.));
#16645 = DIRECTION('',(-0.,-1.,0.));
#16646 = FACE_BOUND('',#16647,.T.);
#16647 = EDGE_LOOP('',(#16648));
#16648 = ORIENTED_EDGE('',*,*,#16649,.T.);
#16649 = EDGE_CURVE('',#16650,#16650,#16652,.T.);
#16650 = VERTEX_POINT('',#16651);
#16651 = CARTESIAN_POINT('',(0.93625,-0.35,0.91));
#16652 = CIRCLE('',#16653,1.E-01);
#16653 = AXIS2_PLACEMENT_3D('',#16654,#16655,#16656);
#16654 = CARTESIAN_POINT('',(0.93625,-0.25,0.91));
#16655 = DIRECTION('',(-0.,0.,-1.));
#16656 = DIRECTION('',(-0.,-1.,0.));
#16657 = FACE_BOUND('',#16658,.T.);
#16658 = EDGE_LOOP('',(#16659));
#16659 = ORIENTED_EDGE('',*,*,#16660,.T.);
#16660 = EDGE_CURVE('',#16661,#16661,#16663,.T.);
#16661 = VERTEX_POINT('',#16662);
#16662 = CARTESIAN_POINT('',(2.036249,-0.35,0.91));
#16663 = CIRCLE('',#16664,1.E-01);
#16664 = AXIS2_PLACEMENT_3D('',#16665,#16666,#16667);
#16665 = CARTESIAN_POINT('',(2.036249,-0.25,0.91));
#16666 = DIRECTION('',(-0.,0.,-1.));
#16667 = DIRECTION('',(4.440892098501E-15,-1.,-0.));
#16668 = FACE_BOUND('',#16669,.T.);
#16669 = EDGE_LOOP('',(#16670));
#16670 = ORIENTED_EDGE('',*,*,#16671,.T.);
#16671 = EDGE_CURVE('',#16672,#16672,#16674,.T.);
#16672 = VERTEX_POINT('',#16673);
#16673 = CARTESIAN_POINT('',(-0.16375,0.75,0.91));
#16674 = CIRCLE('',#16675,0.1);
#16675 = AXIS2_PLACEMENT_3D('',#16676,#16677,#16678);
#16676 = CARTESIAN_POINT('',(-0.16375,0.85,0.91));
#16677 = DIRECTION('',(-0.,0.,-1.));
#16678 = DIRECTION('',(-0.,-1.,0.));
#16679 = FACE_BOUND('',#16680,.T.);
#16680 = EDGE_LOOP('',(#16681));
#16681 = ORIENTED_EDGE('',*,*,#16682,.T.);
#16682 = EDGE_CURVE('',#16683,#16683,#16685,.T.);
#16683 = VERTEX_POINT('',#16684);
#16684 = CARTESIAN_POINT('',(0.93625,0.749999,0.91));
#16685 = CIRCLE('',#16686,1.E-01);
#16686 = AXIS2_PLACEMENT_3D('',#16687,#16688,#16689);
#16687 = CARTESIAN_POINT('',(0.93625,0.849999,0.91));
#16688 = DIRECTION('',(-0.,0.,-1.));
#16689 = DIRECTION('',(-0.,-1.,0.));
#16690 = FACE_BOUND('',#16691,.T.);
#16691 = EDGE_LOOP('',(#16692));
#16692 = ORIENTED_EDGE('',*,*,#16693,.T.);
#16693 = EDGE_CURVE('',#16694,#16694,#16696,.T.);
#16694 = VERTEX_POINT('',#16695);
#16695 = CARTESIAN_POINT('',(2.03625,0.75,0.91));
#16696 = CIRCLE('',#16697,1.E-01);
#16697 = AXIS2_PLACEMENT_3D('',#16698,#16699,#16700);
#16698 = CARTESIAN_POINT('',(2.03625,0.85,0.91));
#16699 = DIRECTION('',(-0.,0.,-1.));
#16700 = DIRECTION('',(-0.,-1.,0.));
#16701 = FACE_BOUND('',#16702,.T.);
#16702 = EDGE_LOOP('',(#16703));
#16703 = ORIENTED_EDGE('',*,*,#16704,.T.);
#16704 = EDGE_CURVE('',#16705,#16705,#16707,.T.);
#16705 = VERTEX_POINT('',#16706);
#16706 = CARTESIAN_POINT('',(6.4,-1.92425,0.91));
#16707 = CIRCLE('',#16708,0.508);
#16708 = AXIS2_PLACEMENT_3D('',#16709,#16710,#16711);
#16709 = CARTESIAN_POINT('',(6.4,-1.41625,0.91));
#16710 = DIRECTION('',(-0.,0.,-1.));
#16711 = DIRECTION('',(-0.,-1.,0.));
#16712 = FACE_BOUND('',#16713,.T.);
#16713 = EDGE_LOOP('',(#16714));
#16714 = ORIENTED_EDGE('',*,*,#16715,.T.);
#16715 = EDGE_CURVE('',#16716,#16716,#16718,.T.);
#16716 = VERTEX_POINT('',#16717);
#16717 = CARTESIAN_POINT('',(6.4,0.61575,0.91));
#16718 = CIRCLE('',#16719,0.508);
#16719 = AXIS2_PLACEMENT_3D('',#16720,#16721,#16722);
#16720 = CARTESIAN_POINT('',(6.4,1.12375,0.91));
#16721 = DIRECTION('',(-0.,0.,-1.));
#16722 = DIRECTION('',(-0.,-1.,0.));
#16723 = FACE_BOUND('',#16724,.T.);
#16724 = EDGE_LOOP('',(#16725));
#16725 = ORIENTED_EDGE('',*,*,#16726,.T.);
#16726 = EDGE_CURVE('',#16727,#16727,#16729,.T.);
#16727 = VERTEX_POINT('',#16728);
#16728 = CARTESIAN_POINT('',(6.4,3.15575,0.91));
#16729 = CIRCLE('',#16730,0.508);
#16730 = AXIS2_PLACEMENT_3D('',#16731,#16732,#16733);
#16731 = CARTESIAN_POINT('',(6.4,3.66375,0.91));
#16732 = DIRECTION('',(-0.,0.,-1.));
#16733 = DIRECTION('',(-0.,-1.,0.));
#16734 = PLANE('',#16735);
#16735 = AXIS2_PLACEMENT_3D('',#16736,#16737,#16738);
#16736 = CARTESIAN_POINT('',(0.,0.,0.91));
#16737 = DIRECTION('',(0.,0.,1.));
#16738 = DIRECTION('',(1.,0.,-0.));
#16739 = ADVANCED_FACE('',(#16740),#16751,.T.);
#16740 = FACE_BOUND('',#16741,.T.);
#16741 = EDGE_LOOP('',(#16742,#16748,#16749,#16750));
#16742 = ORIENTED_EDGE('',*,*,#16743,.T.);
#16743 = EDGE_CURVE('',#16214,#16480,#16744,.T.);
#16744 = LINE('',#16745,#16746);
#16745 = CARTESIAN_POINT('',(-8.84875,10.69375,0.));
#16746 = VECTOR('',#16747,1.);
#16747 = DIRECTION('',(0.,0.,1.));
#16748 = ORIENTED_EDGE('',*,*,#16479,.T.);
#16749 = ORIENTED_EDGE('',*,*,#16149,.F.);
#16750 = ORIENTED_EDGE('',*,*,#16213,.F.);
#16751 = PLANE('',#16752);
#16752 = AXIS2_PLACEMENT_3D('',#16753,#16754,#16755);
#16753 = CARTESIAN_POINT('',(-8.84875,10.69375,0.));
#16754 = DIRECTION('',(0.,1.,0.));
#16755 = DIRECTION('',(1.,0.,0.));
#16756 = ADVANCED_FACE('',(#16757),#16768,.T.);
#16757 = FACE_BOUND('',#16758,.T.);
#16758 = EDGE_LOOP('',(#16759,#16760,#16761,#16767));
#16759 = ORIENTED_EDGE('',*,*,#16189,.T.);
#16760 = ORIENTED_EDGE('',*,*,#16519,.T.);
#16761 = ORIENTED_EDGE('',*,*,#16762,.F.);
#16762 = EDGE_CURVE('',#16246,#16512,#16763,.T.);
#16763 = LINE('',#16764,#16765);
#16764 = CARTESIAN_POINT('',(6.65125,-10.30625,0.));
#16765 = VECTOR('',#16766,1.);
#16766 = DIRECTION('',(0.,0.,1.));
#16767 = ORIENTED_EDGE('',*,*,#16253,.F.);
#16768 = PLANE('',#16769);
#16769 = AXIS2_PLACEMENT_3D('',#16770,#16771,#16772);
#16770 = CARTESIAN_POINT('',(7.90125,-9.05625,0.));
#16771 = DIRECTION('',(0.707106781187,-0.707106781187,0.));
#16772 = DIRECTION('',(-0.707106781187,-0.707106781187,0.));
#16773 = ADVANCED_FACE('',(#16774),#16785,.T.);
#16774 = FACE_BOUND('',#16775,.T.);
#16775 = EDGE_LOOP('',(#16776,#16782,#16783,#16784));
#16776 = ORIENTED_EDGE('',*,*,#16777,.T.);
#16777 = EDGE_CURVE('',#16222,#16488,#16778,.T.);
#16778 = LINE('',#16779,#16780);
#16779 = CARTESIAN_POINT('',(-10.34875,9.19375,0.));
#16780 = VECTOR('',#16781,1.);
#16781 = DIRECTION('',(0.,0.,1.));
#16782 = ORIENTED_EDGE('',*,*,#16487,.T.);
#16783 = ORIENTED_EDGE('',*,*,#16743,.F.);
#16784 = ORIENTED_EDGE('',*,*,#16221,.F.);
#16785 = PLANE('',#16786);
#16786 = AXIS2_PLACEMENT_3D('',#16787,#16788,#16789);
#16787 = CARTESIAN_POINT('',(-10.34875,9.19375,0.));
#16788 = DIRECTION('',(-0.707106781187,0.707106781187,0.));
#16789 = DIRECTION('',(0.707106781187,0.707106781187,0.));
#16790 = ADVANCED_FACE('',(#16791),#16802,.T.);
#16791 = FACE_BOUND('',#16792,.T.);
#16792 = EDGE_LOOP('',(#16793,#16794,#16795,#16801));
#16793 = ORIENTED_EDGE('',*,*,#16762,.T.);
#16794 = ORIENTED_EDGE('',*,*,#16511,.T.);
#16795 = ORIENTED_EDGE('',*,*,#16796,.F.);
#16796 = EDGE_CURVE('',#16238,#16504,#16797,.T.);
#16797 = LINE('',#16798,#16799);
#16798 = CARTESIAN_POINT('',(-9.09875,-10.30625,0.));
#16799 = VECTOR('',#16800,1.);
#16800 = DIRECTION('',(0.,0.,1.));
#16801 = ORIENTED_EDGE('',*,*,#16245,.F.);
#16802 = PLANE('',#16803);
#16803 = AXIS2_PLACEMENT_3D('',#16804,#16805,#16806);
#16804 = CARTESIAN_POINT('',(6.65125,-10.30625,0.));
#16805 = DIRECTION('',(0.,-1.,0.));
#16806 = DIRECTION('',(-1.,0.,0.));
#16807 = ADVANCED_FACE('',(#16808),#16819,.T.);
#16808 = FACE_BOUND('',#16809,.T.);
#16809 = EDGE_LOOP('',(#16810,#16816,#16817,#16818));
#16810 = ORIENTED_EDGE('',*,*,#16811,.T.);
#16811 = EDGE_CURVE('',#16230,#16496,#16812,.T.);
#16812 = LINE('',#16813,#16814);
#16813 = CARTESIAN_POINT('',(-10.34875,-9.05625,0.));
#16814 = VECTOR('',#16815,1.);
#16815 = DIRECTION('',(0.,0.,1.));
#16816 = ORIENTED_EDGE('',*,*,#16495,.T.);
#16817 = ORIENTED_EDGE('',*,*,#16777,.F.);
#16818 = ORIENTED_EDGE('',*,*,#16229,.F.);
#16819 = PLANE('',#16820);
#16820 = AXIS2_PLACEMENT_3D('',#16821,#16822,#16823);
#16821 = CARTESIAN_POINT('',(-10.34875,-9.05625,0.));
#16822 = DIRECTION('',(-1.,0.,0.));
#16823 = DIRECTION('',(0.,1.,0.));
#16824 = ADVANCED_FACE('',(#16825),#16831,.T.);
#16825 = FACE_BOUND('',#16826,.T.);
#16826 = EDGE_LOOP('',(#16827,#16828,#16829,#16830));
#16827 = ORIENTED_EDGE('',*,*,#16796,.T.);
#16828 = ORIENTED_EDGE('',*,*,#16503,.T.);
#16829 = ORIENTED_EDGE('',*,*,#16811,.F.);
#16830 = ORIENTED_EDGE('',*,*,#16237,.F.);
#16831 = PLANE('',#16832);
#16832 = AXIS2_PLACEMENT_3D('',#16833,#16834,#16835);
#16833 = CARTESIAN_POINT('',(-9.09875,-10.30625,0.));
#16834 = DIRECTION('',(-0.707106781187,-0.707106781187,0.));
#16835 = DIRECTION('',(-0.707106781187,0.707106781187,0.));
#16836 = ADVANCED_FACE('',(#16837),#16848,.F.);
#16837 = FACE_BOUND('',#16838,.T.);
#16838 = EDGE_LOOP('',(#16839,#16840,#16846,#16847));
#16839 = ORIENTED_EDGE('',*,*,#16262,.T.);
#16840 = ORIENTED_EDGE('',*,*,#16841,.T.);
#16841 = EDGE_CURVE('',#16263,#16529,#16842,.T.);
#16842 = LINE('',#16843,#16844);
#16843 = CARTESIAN_POINT('',(-8.84,-7.00425,-4.6E-02));
#16844 = VECTOR('',#16845,1.);
#16845 = DIRECTION('',(0.,0.,1.));
#16846 = ORIENTED_EDGE('',*,*,#16528,.F.);
#16847 = ORIENTED_EDGE('',*,*,#16841,.F.);
#16848 = CYLINDRICAL_SURFACE('',#16849,0.508);
#16849 = AXIS2_PLACEMENT_3D('',#16850,#16851,#16852);
#16850 = CARTESIAN_POINT('',(-8.84,-6.49625,-4.6E-02));
#16851 = DIRECTION('',(-0.,-0.,-1.));
#16852 = DIRECTION('',(-0.,-1.,0.));
#16853 = ADVANCED_FACE('',(#16854),#16865,.F.);
#16854 = FACE_BOUND('',#16855,.T.);
#16855 = EDGE_LOOP('',(#16856,#16857,#16863,#16864));
#16856 = ORIENTED_EDGE('',*,*,#16273,.T.);
#16857 = ORIENTED_EDGE('',*,*,#16858,.T.);
#16858 = EDGE_CURVE('',#16274,#16540,#16859,.T.);
#16859 = LINE('',#16860,#16861);
#16860 = CARTESIAN_POINT('',(-8.84,-4.46425,-4.6E-02));
#16861 = VECTOR('',#16862,1.);
#16862 = DIRECTION('',(0.,0.,1.));
#16863 = ORIENTED_EDGE('',*,*,#16539,.F.);
#16864 = ORIENTED_EDGE('',*,*,#16858,.F.);
#16865 = CYLINDRICAL_SURFACE('',#16866,0.508);
#16866 = AXIS2_PLACEMENT_3D('',#16867,#16868,#16869);
#16867 = CARTESIAN_POINT('',(-8.84,-3.95625,-4.6E-02));
#16868 = DIRECTION('',(-0.,-0.,-1.));
#16869 = DIRECTION('',(-0.,-1.,0.));
#16870 = ADVANCED_FACE('',(#16871),#16882,.F.);
#16871 = FACE_BOUND('',#16872,.T.);
#16872 = EDGE_LOOP('',(#16873,#16874,#16880,#16881));
#16873 = ORIENTED_EDGE('',*,*,#16284,.T.);
#16874 = ORIENTED_EDGE('',*,*,#16875,.T.);
#16875 = EDGE_CURVE('',#16285,#16551,#16876,.T.);
#16876 = LINE('',#16877,#16878);
#16877 = CARTESIAN_POINT('',(6.4,-7.00425,-4.6E-02));
#16878 = VECTOR('',#16879,1.);
#16879 = DIRECTION('',(0.,0.,1.));
#16880 = ORIENTED_EDGE('',*,*,#16550,.F.);
#16881 = ORIENTED_EDGE('',*,*,#16875,.F.);
#16882 = CYLINDRICAL_SURFACE('',#16883,0.508);
#16883 = AXIS2_PLACEMENT_3D('',#16884,#16885,#16886);
#16884 = CARTESIAN_POINT('',(6.4,-6.49625,-4.6E-02));
#16885 = DIRECTION('',(-0.,-0.,-1.));
#16886 = DIRECTION('',(-0.,-1.,0.));
#16887 = ADVANCED_FACE('',(#16888),#16899,.F.);
#16888 = FACE_BOUND('',#16889,.T.);
#16889 = EDGE_LOOP('',(#16890,#16891,#16897,#16898));
#16890 = ORIENTED_EDGE('',*,*,#16295,.T.);
#16891 = ORIENTED_EDGE('',*,*,#16892,.T.);
#16892 = EDGE_CURVE('',#16296,#16562,#16893,.T.);
#16893 = LINE('',#16894,#16895);
#16894 = CARTESIAN_POINT('',(6.4,-4.46425,-4.6E-02));
#16895 = VECTOR('',#16896,1.);
#16896 = DIRECTION('',(0.,0.,1.));
#16897 = ORIENTED_EDGE('',*,*,#16561,.F.);
#16898 = ORIENTED_EDGE('',*,*,#16892,.F.);
#16899 = CYLINDRICAL_SURFACE('',#16900,0.508);
#16900 = AXIS2_PLACEMENT_3D('',#16901,#16902,#16903);
#16901 = CARTESIAN_POINT('',(6.4,-3.95625,-4.6E-02));
#16902 = DIRECTION('',(-0.,-0.,-1.));
#16903 = DIRECTION('',(-0.,-1.,0.));
#16904 = ADVANCED_FACE('',(#16905),#16916,.F.);
#16905 = FACE_BOUND('',#16906,.T.);
#16906 = EDGE_LOOP('',(#16907,#16908,#16914,#16915));
#16907 = ORIENTED_EDGE('',*,*,#16306,.T.);
#16908 = ORIENTED_EDGE('',*,*,#16909,.T.);
#16909 = EDGE_CURVE('',#16307,#16573,#16910,.T.);
#16910 = LINE('',#16911,#16912);
#16911 = CARTESIAN_POINT('',(-8.84,-1.92425,-4.6E-02));
#16912 = VECTOR('',#16913,1.);
#16913 = DIRECTION('',(0.,0.,1.));
#16914 = ORIENTED_EDGE('',*,*,#16572,.F.);
#16915 = ORIENTED_EDGE('',*,*,#16909,.F.);
#16916 = CYLINDRICAL_SURFACE('',#16917,0.508);
#16917 = AXIS2_PLACEMENT_3D('',#16918,#16919,#16920);
#16918 = CARTESIAN_POINT('',(-8.84,-1.41625,-4.6E-02));
#16919 = DIRECTION('',(-0.,-0.,-1.));
#16920 = DIRECTION('',(-0.,-1.,0.));
#16921 = ADVANCED_FACE('',(#16922),#16933,.F.);
#16922 = FACE_BOUND('',#16923,.T.);
#16923 = EDGE_LOOP('',(#16924,#16925,#16931,#16932));
#16924 = ORIENTED_EDGE('',*,*,#16317,.T.);
#16925 = ORIENTED_EDGE('',*,*,#16926,.T.);
#16926 = EDGE_CURVE('',#16318,#16584,#16927,.T.);
#16927 = LINE('',#16928,#16929);
#16928 = CARTESIAN_POINT('',(-8.84,0.61575,-4.6E-02));
#16929 = VECTOR('',#16930,1.);
#16930 = DIRECTION('',(0.,0.,1.));
#16931 = ORIENTED_EDGE('',*,*,#16583,.F.);
#16932 = ORIENTED_EDGE('',*,*,#16926,.F.);
#16933 = CYLINDRICAL_SURFACE('',#16934,0.508);
#16934 = AXIS2_PLACEMENT_3D('',#16935,#16936,#16937);
#16935 = CARTESIAN_POINT('',(-8.84,1.12375,-4.6E-02));
#16936 = DIRECTION('',(-0.,-0.,-1.));
#16937 = DIRECTION('',(-0.,-1.,0.));
#16938 = ADVANCED_FACE('',(#16939),#16950,.F.);
#16939 = FACE_BOUND('',#16940,.T.);
#16940 = EDGE_LOOP('',(#16941,#16942,#16948,#16949));
#16941 = ORIENTED_EDGE('',*,*,#16328,.T.);
#16942 = ORIENTED_EDGE('',*,*,#16943,.T.);
#16943 = EDGE_CURVE('',#16329,#16595,#16944,.T.);
#16944 = LINE('',#16945,#16946);
#16945 = CARTESIAN_POINT('',(-8.84,3.15575,-4.6E-02));
#16946 = VECTOR('',#16947,1.);
#16947 = DIRECTION('',(0.,0.,1.));
#16948 = ORIENTED_EDGE('',*,*,#16594,.F.);
#16949 = ORIENTED_EDGE('',*,*,#16943,.F.);
#16950 = CYLINDRICAL_SURFACE('',#16951,0.508);
#16951 = AXIS2_PLACEMENT_3D('',#16952,#16953,#16954);
#16952 = CARTESIAN_POINT('',(-8.84,3.66375,-4.6E-02));
#16953 = DIRECTION('',(-0.,-0.,-1.));
#16954 = DIRECTION('',(-0.,-1.,0.));
#16955 = ADVANCED_FACE('',(#16956),#16967,.F.);
#16956 = FACE_BOUND('',#16957,.T.);
#16957 = EDGE_LOOP('',(#16958,#16959,#16965,#16966));
#16958 = ORIENTED_EDGE('',*,*,#16339,.T.);
#16959 = ORIENTED_EDGE('',*,*,#16960,.T.);
#16960 = EDGE_CURVE('',#16340,#16606,#16961,.T.);
#16961 = LINE('',#16962,#16963);
#16962 = CARTESIAN_POINT('',(-0.16375,-1.45,-4.6E-02));
#16963 = VECTOR('',#16964,1.);
#16964 = DIRECTION('',(0.,0.,1.));
#16965 = ORIENTED_EDGE('',*,*,#16605,.F.);
#16966 = ORIENTED_EDGE('',*,*,#16960,.F.);
#16967 = CYLINDRICAL_SURFACE('',#16968,0.1);
#16968 = AXIS2_PLACEMENT_3D('',#16969,#16970,#16971);
#16969 = CARTESIAN_POINT('',(-0.16375,-1.35,-4.6E-02));
#16970 = DIRECTION('',(-0.,-0.,-1.));
#16971 = DIRECTION('',(-0.,-1.,0.));
#16972 = ADVANCED_FACE('',(#16973),#16984,.F.);
#16973 = FACE_BOUND('',#16974,.T.);
#16974 = EDGE_LOOP('',(#16975,#16976,#16982,#16983));
#16975 = ORIENTED_EDGE('',*,*,#16350,.T.);
#16976 = ORIENTED_EDGE('',*,*,#16977,.T.);
#16977 = EDGE_CURVE('',#16351,#16617,#16978,.T.);
#16978 = LINE('',#16979,#16980);
#16979 = CARTESIAN_POINT('',(-0.163749,-0.35,-4.6E-02));
#16980 = VECTOR('',#16981,1.);
#16981 = DIRECTION('',(0.,0.,1.));
#16982 = ORIENTED_EDGE('',*,*,#16616,.F.);
#16983 = ORIENTED_EDGE('',*,*,#16977,.F.);
#16984 = CYLINDRICAL_SURFACE('',#16985,0.1);
#16985 = AXIS2_PLACEMENT_3D('',#16986,#16987,#16988);
#16986 = CARTESIAN_POINT('',(-0.163749,-0.25,-4.6E-02));
#16987 = DIRECTION('',(-0.,0.,-1.));
#16988 = DIRECTION('',(2.775557561563E-16,-1.,-0.));
#16989 = ADVANCED_FACE('',(#16990),#17001,.F.);
#16990 = FACE_BOUND('',#16991,.T.);
#16991 = EDGE_LOOP('',(#16992,#16993,#16999,#17000));
#16992 = ORIENTED_EDGE('',*,*,#16361,.T.);
#16993 = ORIENTED_EDGE('',*,*,#16994,.T.);
#16994 = EDGE_CURVE('',#16362,#16628,#16995,.T.);
#16995 = LINE('',#16996,#16997);
#16996 = CARTESIAN_POINT('',(0.93625,-1.449999,-4.6E-02));
#16997 = VECTOR('',#16998,1.);
#16998 = DIRECTION('',(0.,0.,1.));
#16999 = ORIENTED_EDGE('',*,*,#16627,.F.);
#17000 = ORIENTED_EDGE('',*,*,#16994,.F.);
#17001 = CYLINDRICAL_SURFACE('',#17002,1.E-01);
#17002 = AXIS2_PLACEMENT_3D('',#17003,#17004,#17005);
#17003 = CARTESIAN_POINT('',(0.93625,-1.349999,-4.6E-02));
#17004 = DIRECTION('',(-0.,-0.,-1.));
#17005 = DIRECTION('',(-0.,-1.,0.));
#17006 = ADVANCED_FACE('',(#17007),#17018,.F.);
#17007 = FACE_BOUND('',#17008,.T.);
#17008 = EDGE_LOOP('',(#17009,#17010,#17016,#17017));
#17009 = ORIENTED_EDGE('',*,*,#16372,.T.);
#17010 = ORIENTED_EDGE('',*,*,#17011,.T.);
#17011 = EDGE_CURVE('',#16373,#16639,#17012,.T.);
#17012 = LINE('',#17013,#17014);
#17013 = CARTESIAN_POINT('',(2.03625,-1.45,-4.6E-02));
#17014 = VECTOR('',#17015,1.);
#17015 = DIRECTION('',(0.,0.,1.));
#17016 = ORIENTED_EDGE('',*,*,#16638,.F.);
#17017 = ORIENTED_EDGE('',*,*,#17011,.F.);
#17018 = CYLINDRICAL_SURFACE('',#17019,0.1);
#17019 = AXIS2_PLACEMENT_3D('',#17020,#17021,#17022);
#17020 = CARTESIAN_POINT('',(2.03625,-1.35,-4.6E-02));
#17021 = DIRECTION('',(-0.,-0.,-1.));
#17022 = DIRECTION('',(-0.,-1.,0.));
#17023 = ADVANCED_FACE('',(#17024),#17035,.F.);
#17024 = FACE_BOUND('',#17025,.T.);
#17025 = EDGE_LOOP('',(#17026,#17027,#17033,#17034));
#17026 = ORIENTED_EDGE('',*,*,#16383,.T.);
#17027 = ORIENTED_EDGE('',*,*,#17028,.T.);
#17028 = EDGE_CURVE('',#16384,#16650,#17029,.T.);
#17029 = LINE('',#17030,#17031);
#17030 = CARTESIAN_POINT('',(0.93625,-0.35,-4.6E-02));
#17031 = VECTOR('',#17032,1.);
#17032 = DIRECTION('',(0.,0.,1.));
#17033 = ORIENTED_EDGE('',*,*,#16649,.F.);
#17034 = ORIENTED_EDGE('',*,*,#17028,.F.);
#17035 = CYLINDRICAL_SURFACE('',#17036,1.E-01);
#17036 = AXIS2_PLACEMENT_3D('',#17037,#17038,#17039);
#17037 = CARTESIAN_POINT('',(0.93625,-0.25,-4.6E-02));
#17038 = DIRECTION('',(-0.,-0.,-1.));
#17039 = DIRECTION('',(-0.,-1.,0.));
#17040 = ADVANCED_FACE('',(#17041),#17052,.F.);
#17041 = FACE_BOUND('',#17042,.T.);
#17042 = EDGE_LOOP('',(#17043,#17044,#17050,#17051));
#17043 = ORIENTED_EDGE('',*,*,#16394,.T.);
#17044 = ORIENTED_EDGE('',*,*,#17045,.T.);
#17045 = EDGE_CURVE('',#16395,#16661,#17046,.T.);
#17046 = LINE('',#17047,#17048);
#17047 = CARTESIAN_POINT('',(2.036249,-0.35,-4.6E-02));
#17048 = VECTOR('',#17049,1.);
#17049 = DIRECTION('',(0.,0.,1.));
#17050 = ORIENTED_EDGE('',*,*,#16660,.F.);
#17051 = ORIENTED_EDGE('',*,*,#17045,.F.);
#17052 = CYLINDRICAL_SURFACE('',#17053,1.E-01);
#17053 = AXIS2_PLACEMENT_3D('',#17054,#17055,#17056);
#17054 = CARTESIAN_POINT('',(2.036249,-0.25,-4.6E-02));
#17055 = DIRECTION('',(-0.,0.,-1.));
#17056 = DIRECTION('',(4.440892098501E-15,-1.,-0.));
#17057 = ADVANCED_FACE('',(#17058),#17069,.F.);
#17058 = FACE_BOUND('',#17059,.T.);
#17059 = EDGE_LOOP('',(#17060,#17061,#17067,#17068));
#17060 = ORIENTED_EDGE('',*,*,#16405,.T.);
#17061 = ORIENTED_EDGE('',*,*,#17062,.T.);
#17062 = EDGE_CURVE('',#16406,#16672,#17063,.T.);
#17063 = LINE('',#17064,#17065);
#17064 = CARTESIAN_POINT('',(-0.16375,0.75,-4.6E-02));
#17065 = VECTOR('',#17066,1.);
#17066 = DIRECTION('',(0.,0.,1.));
#17067 = ORIENTED_EDGE('',*,*,#16671,.F.);
#17068 = ORIENTED_EDGE('',*,*,#17062,.F.);
#17069 = CYLINDRICAL_SURFACE('',#17070,0.1);
#17070 = AXIS2_PLACEMENT_3D('',#17071,#17072,#17073);
#17071 = CARTESIAN_POINT('',(-0.16375,0.85,-4.6E-02));
#17072 = DIRECTION('',(-0.,-0.,-1.));
#17073 = DIRECTION('',(-0.,-1.,0.));
#17074 = ADVANCED_FACE('',(#17075),#17086,.F.);
#17075 = FACE_BOUND('',#17076,.T.);
#17076 = EDGE_LOOP('',(#17077,#17078,#17084,#17085));
#17077 = ORIENTED_EDGE('',*,*,#16416,.T.);
#17078 = ORIENTED_EDGE('',*,*,#17079,.T.);
#17079 = EDGE_CURVE('',#16417,#16683,#17080,.T.);
#17080 = LINE('',#17081,#17082);
#17081 = CARTESIAN_POINT('',(0.93625,0.749999,-4.6E-02));
#17082 = VECTOR('',#17083,1.);
#17083 = DIRECTION('',(0.,0.,1.));
#17084 = ORIENTED_EDGE('',*,*,#16682,.F.);
#17085 = ORIENTED_EDGE('',*,*,#17079,.F.);
#17086 = CYLINDRICAL_SURFACE('',#17087,1.E-01);
#17087 = AXIS2_PLACEMENT_3D('',#17088,#17089,#17090);
#17088 = CARTESIAN_POINT('',(0.93625,0.849999,-4.6E-02));
#17089 = DIRECTION('',(-0.,-0.,-1.));
#17090 = DIRECTION('',(-0.,-1.,0.));
#17091 = ADVANCED_FACE('',(#17092),#17103,.F.);
#17092 = FACE_BOUND('',#17093,.T.);
#17093 = EDGE_LOOP('',(#17094,#17095,#17101,#17102));
#17094 = ORIENTED_EDGE('',*,*,#16427,.T.);
#17095 = ORIENTED_EDGE('',*,*,#17096,.T.);
#17096 = EDGE_CURVE('',#16428,#16694,#17097,.T.);
#17097 = LINE('',#17098,#17099);
#17098 = CARTESIAN_POINT('',(2.03625,0.75,-4.6E-02));
#17099 = VECTOR('',#17100,1.);
#17100 = DIRECTION('',(0.,0.,1.));
#17101 = ORIENTED_EDGE('',*,*,#16693,.F.);
#17102 = ORIENTED_EDGE('',*,*,#17096,.F.);
#17103 = CYLINDRICAL_SURFACE('',#17104,1.E-01);
#17104 = AXIS2_PLACEMENT_3D('',#17105,#17106,#17107);
#17105 = CARTESIAN_POINT('',(2.03625,0.85,-4.6E-02));
#17106 = DIRECTION('',(-0.,-0.,-1.));
#17107 = DIRECTION('',(-0.,-1.,0.));
#17108 = ADVANCED_FACE('',(#17109),#17120,.F.);
#17109 = FACE_BOUND('',#17110,.T.);
#17110 = EDGE_LOOP('',(#17111,#17112,#17118,#17119));
#17111 = ORIENTED_EDGE('',*,*,#16438,.T.);
#17112 = ORIENTED_EDGE('',*,*,#17113,.T.);
#17113 = EDGE_CURVE('',#16439,#16705,#17114,.T.);
#17114 = LINE('',#17115,#17116);
#17115 = CARTESIAN_POINT('',(6.4,-1.92425,-4.6E-02));
#17116 = VECTOR('',#17117,1.);
#17117 = DIRECTION('',(0.,0.,1.));
#17118 = ORIENTED_EDGE('',*,*,#16704,.F.);
#17119 = ORIENTED_EDGE('',*,*,#17113,.F.);
#17120 = CYLINDRICAL_SURFACE('',#17121,0.508);
#17121 = AXIS2_PLACEMENT_3D('',#17122,#17123,#17124);
#17122 = CARTESIAN_POINT('',(6.4,-1.41625,-4.6E-02));
#17123 = DIRECTION('',(-0.,-0.,-1.));
#17124 = DIRECTION('',(-0.,-1.,0.));
#17125 = ADVANCED_FACE('',(#17126),#17137,.F.);
#17126 = FACE_BOUND('',#17127,.T.);
#17127 = EDGE_LOOP('',(#17128,#17129,#17135,#17136));
#17128 = ORIENTED_EDGE('',*,*,#16449,.T.);
#17129 = ORIENTED_EDGE('',*,*,#17130,.T.);
#17130 = EDGE_CURVE('',#16450,#16716,#17131,.T.);
#17131 = LINE('',#17132,#17133);
#17132 = CARTESIAN_POINT('',(6.4,0.61575,-4.6E-02));
#17133 = VECTOR('',#17134,1.);
#17134 = DIRECTION('',(0.,0.,1.));
#17135 = ORIENTED_EDGE('',*,*,#16715,.F.);
#17136 = ORIENTED_EDGE('',*,*,#17130,.F.);
#17137 = CYLINDRICAL_SURFACE('',#17138,0.508);
#17138 = AXIS2_PLACEMENT_3D('',#17139,#17140,#17141);
#17139 = CARTESIAN_POINT('',(6.4,1.12375,-4.6E-02));
#17140 = DIRECTION('',(-0.,-0.,-1.));
#17141 = DIRECTION('',(-0.,-1.,0.));
#17142 = ADVANCED_FACE('',(#17143),#17154,.F.);
#17143 = FACE_BOUND('',#17144,.T.);
#17144 = EDGE_LOOP('',(#17145,#17146,#17152,#17153));
#17145 = ORIENTED_EDGE('',*,*,#16460,.T.);
#17146 = ORIENTED_EDGE('',*,*,#17147,.T.);
#17147 = EDGE_CURVE('',#16461,#16727,#17148,.T.);
#17148 = LINE('',#17149,#17150);
#17149 = CARTESIAN_POINT('',(6.4,3.15575,-4.6E-02));
#17150 = VECTOR('',#17151,1.);
#17151 = DIRECTION('',(0.,0.,1.));
#17152 = ORIENTED_EDGE('',*,*,#16726,.F.);
#17153 = ORIENTED_EDGE('',*,*,#17147,.F.);
#17154 = CYLINDRICAL_SURFACE('',#17155,0.508);
#17155 = AXIS2_PLACEMENT_3D('',#17156,#17157,#17158);
#17156 = CARTESIAN_POINT('',(6.4,3.66375,-4.6E-02));
#17157 = DIRECTION('',(-0.,-0.,-1.));
#17158 = DIRECTION('',(-0.,-1.,0.));
#17159 = ( GEOMETRIC_REPRESENTATION_CONTEXT(3) 
GLOBAL_UNCERTAINTY_ASSIGNED_CONTEXT((#17163)) 
GLOBAL_UNIT_ASSIGNED_CONTEXT((#17160,#17161,#17162)) 
REPRESENTATION_CONTEXT('Context #1',
  '3D Context with UNIT and UNCERTAINTY') );
#17160 = ( LENGTH_UNIT() NAMED_UNIT(*) SI_UNIT(.MILLI.,.METRE.) );
#17161 = ( NAMED_UNIT(*) PLANE_ANGLE_UNIT() SI_UNIT($,.RADIAN.) );
#17162 = ( NAMED_UNIT(*) SI_UNIT($,.STERADIAN.) SOLID_ANGLE_UNIT() );
#17163 = UNCERTAINTY_MEASURE_WITH_UNIT(LENGTH_MEASURE(1.E-07),#17160,
  'distance_accuracy_value','confusion accuracy');
#17164 = CONTEXT_DEPENDENT_SHAPE_REPRESENTATION(#17165,#17167);
#17165 = ( REPRESENTATION_RELATIONSHIP('','',#16102,#10) 
REPRESENTATION_RELATIONSHIP_WITH_TRANSFORMATION(#17166) 
SHAPE_REPRESENTATION_RELATIONSHIP() );
#17166 = ITEM_DEFINED_TRANSFORMATION('','',#11,#111);
#17167 = PRODUCT_DEFINITION_SHAPE('Placement','Placement of an item',
  #17168);
#17168 = NEXT_ASSEMBLY_USAGE_OCCURRENCE('25','=>[0:1:1:13]','',#5,#16097
  ,$);
#17169 = PRODUCT_RELATED_PRODUCT_CATEGORY('part',$,(#16099));
#17170 = REPRESENTATION('material name',(#17171),#5270);
#17171 = DESCRIPTIVE_REPRESENTATION_ITEM('Steel','Steel');
#17172 = DERIVED_UNIT((#17173,#17175));
#17173 = DERIVED_UNIT_ELEMENT(#17174,3.);
#17174 = ( MASS_UNIT() NAMED_UNIT(*) SI_UNIT($,.GRAM.) );
#17175 = DERIVED_UNIT_ELEMENT(#17176,2.);
#17176 = ( LENGTH_UNIT() NAMED_UNIT(*) SI_UNIT(.CENTI.,.METRE.) );
#17177 = REPRESENTATION('density',(#17178),#5270);
#17178 = MEASURE_REPRESENTATION_ITEM('density measure',
  POSITIVE_RATIO_MEASURE(7.85E-03),#17172);
#17179 = PROPERTY_DEFINITION('material property','material name',#1810);
#17180 = PROPERTY_DEFINITION_REPRESENTATION(#17179,#17170);
#17181 = PROPERTY_DEFINITION('material property','density',#1810);
#17182 = PROPERTY_DEFINITION_REPRESENTATION(#17181,#17177);
#17183 = MECHANICAL_DESIGN_GEOMETRIC_PRESENTATION_REPRESENTATION('',(
    #17184,#17194,#17203,#17212,#17222,#17231,#17240,#17249,#17258,
    #17267,#17276,#17285,#17294,#17303,#17312,#17321,#17330,#17339,
    #17348,#17357,#17366,#17375,#17384,#17393,#17402,#17411,#17420,
    #17429,#17438,#17447,#17456,#17465,#17474,#17483,#17492,#17501,
    #17510,#17519,#17528,#17537,#17546,#17555,#17564,#17573,#17582,
    #17592,#17601,#17610,#17619,#17628,#17637,#17646,#17655,#17664,
    #17673,#17682,#17691,#17700,#17709,#17718,#17727,#17736,#17745,
    #17754,#17763,#17772,#17781,#17790),#8055);
#17184 = STYLED_ITEM('color',(#17185),#6174);
#17185 = PRESENTATION_STYLE_ASSIGNMENT((#17186,#17192));
#17186 = SURFACE_STYLE_USAGE(.BOTH.,#17187);
#17187 = SURFACE_SIDE_STYLE('',(#17188));
#17188 = SURFACE_STYLE_FILL_AREA(#17189);
#17189 = FILL_AREA_STYLE('',(#17190));
#17190 = FILL_AREA_STYLE_COLOUR('',#17191);
#17191 = COLOUR_RGB('',0.147999998088,0.145000001626,0.145000001626);
#17192 = CURVE_STYLE('',#17193,POSITIVE_LENGTH_MEASURE(0.1),#17191);
#17193 = DRAUGHTING_PRE_DEFINED_CURVE_FONT('continuous');
#17194 = STYLED_ITEM('color',(#17195),#6215);
#17195 = PRESENTATION_STYLE_ASSIGNMENT((#17196,#17201));
#17196 = SURFACE_STYLE_USAGE(.BOTH.,#17197);
#17197 = SURFACE_SIDE_STYLE('',(#17198));
#17198 = SURFACE_STYLE_FILL_AREA(#17199);
#17199 = FILL_AREA_STYLE('',(#17200));
#17200 = FILL_AREA_STYLE_COLOUR('',#17191);
#17201 = CURVE_STYLE('',#17202,POSITIVE_LENGTH_MEASURE(0.1),#17191);
#17202 = DRAUGHTING_PRE_DEFINED_CURVE_FONT('continuous');
#17203 = STYLED_ITEM('color',(#17204),#6245);
#17204 = PRESENTATION_STYLE_ASSIGNMENT((#17205,#17210));
#17205 = SURFACE_STYLE_USAGE(.BOTH.,#17206);
#17206 = SURFACE_SIDE_STYLE('',(#17207));
#17207 = SURFACE_STYLE_FILL_AREA(#17208);
#17208 = FILL_AREA_STYLE('',(#17209));
#17209 = FILL_AREA_STYLE_COLOUR('',#17191);
#17210 = CURVE_STYLE('',#17211,POSITIVE_LENGTH_MEASURE(0.1),#17191);
#17211 = DRAUGHTING_PRE_DEFINED_CURVE_FONT('continuous');
#17212 = STYLED_ITEM('color',(#17213),#6338);
#17213 = PRESENTATION_STYLE_ASSIGNMENT((#17214,#17220));
#17214 = SURFACE_STYLE_USAGE(.BOTH.,#17215);
#17215 = SURFACE_SIDE_STYLE('',(#17216));
#17216 = SURFACE_STYLE_FILL_AREA(#17217);
#17217 = FILL_AREA_STYLE('',(#17218));
#17218 = FILL_AREA_STYLE_COLOUR('',#17219);
#17219 = COLOUR_RGB('',0.823999987314,0.819999987296,0.781000009244);
#17220 = CURVE_STYLE('',#17221,POSITIVE_LENGTH_MEASURE(0.1),#17219);
#17221 = DRAUGHTING_PRE_DEFINED_CURVE_FONT('continuous');
#17222 = STYLED_ITEM('color',(#17223),#6377);
#17223 = PRESENTATION_STYLE_ASSIGNMENT((#17224,#17229));
#17224 = SURFACE_STYLE_USAGE(.BOTH.,#17225);
#17225 = SURFACE_SIDE_STYLE('',(#17226));
#17226 = SURFACE_STYLE_FILL_AREA(#17227);
#17227 = FILL_AREA_STYLE('',(#17228));
#17228 = FILL_AREA_STYLE_COLOUR('',#17191);
#17229 = CURVE_STYLE('',#17230,POSITIVE_LENGTH_MEASURE(0.1),#17191);
#17230 = DRAUGHTING_PRE_DEFINED_CURVE_FONT('continuous');
#17231 = STYLED_ITEM('color',(#17232),#6529);
#17232 = PRESENTATION_STYLE_ASSIGNMENT((#17233,#17238));
#17233 = SURFACE_STYLE_USAGE(.BOTH.,#17234);
#17234 = SURFACE_SIDE_STYLE('',(#17235));
#17235 = SURFACE_STYLE_FILL_AREA(#17236);
#17236 = FILL_AREA_STYLE('',(#17237));
#17237 = FILL_AREA_STYLE_COLOUR('',#17191);
#17238 = CURVE_STYLE('',#17239,POSITIVE_LENGTH_MEASURE(0.1),#17191);
#17239 = DRAUGHTING_PRE_DEFINED_CURVE_FONT('continuous');
#17240 = STYLED_ITEM('color',(#17241),#6552);
#17241 = PRESENTATION_STYLE_ASSIGNMENT((#17242,#17247));
#17242 = SURFACE_STYLE_USAGE(.BOTH.,#17243);
#17243 = SURFACE_SIDE_STYLE('',(#17244));
#17244 = SURFACE_STYLE_FILL_AREA(#17245);
#17245 = FILL_AREA_STYLE('',(#17246));
#17246 = FILL_AREA_STYLE_COLOUR('',#17191);
#17247 = CURVE_STYLE('',#17248,POSITIVE_LENGTH_MEASURE(0.1),#17191);
#17248 = DRAUGHTING_PRE_DEFINED_CURVE_FONT('continuous');
#17249 = STYLED_ITEM('color',(#17250),#6578);
#17250 = PRESENTATION_STYLE_ASSIGNMENT((#17251,#17256));
#17251 = SURFACE_STYLE_USAGE(.BOTH.,#17252);
#17252 = SURFACE_SIDE_STYLE('',(#17253));
#17253 = SURFACE_STYLE_FILL_AREA(#17254);
#17254 = FILL_AREA_STYLE('',(#17255));
#17255 = FILL_AREA_STYLE_COLOUR('',#17219);
#17256 = CURVE_STYLE('',#17257,POSITIVE_LENGTH_MEASURE(0.1),#17219);
#17257 = DRAUGHTING_PRE_DEFINED_CURVE_FONT('continuous');
#17258 = STYLED_ITEM('color',(#17259),#6602);
#17259 = PRESENTATION_STYLE_ASSIGNMENT((#17260,#17265));
#17260 = SURFACE_STYLE_USAGE(.BOTH.,#17261);
#17261 = SURFACE_SIDE_STYLE('',(#17262));
#17262 = SURFACE_STYLE_FILL_AREA(#17263);
#17263 = FILL_AREA_STYLE('',(#17264));
#17264 = FILL_AREA_STYLE_COLOUR('',#17191);
#17265 = CURVE_STYLE('',#17266,POSITIVE_LENGTH_MEASURE(0.1),#17191);
#17266 = DRAUGHTING_PRE_DEFINED_CURVE_FONT('continuous');
#17267 = STYLED_ITEM('color',(#17268),#6628);
#17268 = PRESENTATION_STYLE_ASSIGNMENT((#17269,#17274));
#17269 = SURFACE_STYLE_USAGE(.BOTH.,#17270);
#17270 = SURFACE_SIDE_STYLE('',(#17271));
#17271 = SURFACE_STYLE_FILL_AREA(#17272);
#17272 = FILL_AREA_STYLE('',(#17273));
#17273 = FILL_AREA_STYLE_COLOUR('',#17219);
#17274 = CURVE_STYLE('',#17275,POSITIVE_LENGTH_MEASURE(0.1),#17219);
#17275 = DRAUGHTING_PRE_DEFINED_CURVE_FONT('continuous');
#17276 = STYLED_ITEM('color',(#17277),#6659);
#17277 = PRESENTATION_STYLE_ASSIGNMENT((#17278,#17283));
#17278 = SURFACE_STYLE_USAGE(.BOTH.,#17279);
#17279 = SURFACE_SIDE_STYLE('',(#17280));
#17280 = SURFACE_STYLE_FILL_AREA(#17281);
#17281 = FILL_AREA_STYLE('',(#17282));
#17282 = FILL_AREA_STYLE_COLOUR('',#17191);
#17283 = CURVE_STYLE('',#17284,POSITIVE_LENGTH_MEASURE(0.1),#17191);
#17284 = DRAUGHTING_PRE_DEFINED_CURVE_FONT('continuous');
#17285 = STYLED_ITEM('color',(#17286),#6689);
#17286 = PRESENTATION_STYLE_ASSIGNMENT((#17287,#17292));
#17287 = SURFACE_STYLE_USAGE(.BOTH.,#17288);
#17288 = SURFACE_SIDE_STYLE('',(#17289));
#17289 = SURFACE_STYLE_FILL_AREA(#17290);
#17290 = FILL_AREA_STYLE('',(#17291));
#17291 = FILL_AREA_STYLE_COLOUR('',#17219);
#17292 = CURVE_STYLE('',#17293,POSITIVE_LENGTH_MEASURE(0.1),#17219);
#17293 = DRAUGHTING_PRE_DEFINED_CURVE_FONT('continuous');
#17294 = STYLED_ITEM('color',(#17295),#6720);
#17295 = PRESENTATION_STYLE_ASSIGNMENT((#17296,#17301));
#17296 = SURFACE_STYLE_USAGE(.BOTH.,#17297);
#17297 = SURFACE_SIDE_STYLE('',(#17298));
#17298 = SURFACE_STYLE_FILL_AREA(#17299);
#17299 = FILL_AREA_STYLE('',(#17300));
#17300 = FILL_AREA_STYLE_COLOUR('',#17191);
#17301 = CURVE_STYLE('',#17302,POSITIVE_LENGTH_MEASURE(0.1),#17191);
#17302 = DRAUGHTING_PRE_DEFINED_CURVE_FONT('continuous');
#17303 = STYLED_ITEM('color',(#17304),#6746);
#17304 = PRESENTATION_STYLE_ASSIGNMENT((#17305,#17310));
#17305 = SURFACE_STYLE_USAGE(.BOTH.,#17306);
#17306 = SURFACE_SIDE_STYLE('',(#17307));
#17307 = SURFACE_STYLE_FILL_AREA(#17308);
#17308 = FILL_AREA_STYLE('',(#17309));
#17309 = FILL_AREA_STYLE_COLOUR('',#17219);
#17310 = CURVE_STYLE('',#17311,POSITIVE_LENGTH_MEASURE(0.1),#17219);
#17311 = DRAUGHTING_PRE_DEFINED_CURVE_FONT('continuous');
#17312 = STYLED_ITEM('color',(#17313),#6777);
#17313 = PRESENTATION_STYLE_ASSIGNMENT((#17314,#17319));
#17314 = SURFACE_STYLE_USAGE(.BOTH.,#17315);
#17315 = SURFACE_SIDE_STYLE('',(#17316));
#17316 = SURFACE_STYLE_FILL_AREA(#17317);
#17317 = FILL_AREA_STYLE('',(#17318));
#17318 = FILL_AREA_STYLE_COLOUR('',#17191);
#17319 = CURVE_STYLE('',#17320,POSITIVE_LENGTH_MEASURE(0.1),#17191);
#17320 = DRAUGHTING_PRE_DEFINED_CURVE_FONT('continuous');
#17321 = STYLED_ITEM('color',(#17322),#6800);
#17322 = PRESENTATION_STYLE_ASSIGNMENT((#17323,#17328));
#17323 = SURFACE_STYLE_USAGE(.BOTH.,#17324);
#17324 = SURFACE_SIDE_STYLE('',(#17325));
#17325 = SURFACE_STYLE_FILL_AREA(#17326);
#17326 = FILL_AREA_STYLE('',(#17327));
#17327 = FILL_AREA_STYLE_COLOUR('',#17191);
#17328 = CURVE_STYLE('',#17329,POSITIVE_LENGTH_MEASURE(0.1),#17191);
#17329 = DRAUGHTING_PRE_DEFINED_CURVE_FONT('continuous');
#17330 = STYLED_ITEM('color',(#17331),#6830);
#17331 = PRESENTATION_STYLE_ASSIGNMENT((#17332,#17337));
#17332 = SURFACE_STYLE_USAGE(.BOTH.,#17333);
#17333 = SURFACE_SIDE_STYLE('',(#17334));
#17334 = SURFACE_STYLE_FILL_AREA(#17335);
#17335 = FILL_AREA_STYLE('',(#17336));
#17336 = FILL_AREA_STYLE_COLOUR('',#17191);
#17337 = CURVE_STYLE('',#17338,POSITIVE_LENGTH_MEASURE(0.1),#17191);
#17338 = DRAUGHTING_PRE_DEFINED_CURVE_FONT('continuous');
#17339 = STYLED_ITEM('color',(#17340),#6858);
#17340 = PRESENTATION_STYLE_ASSIGNMENT((#17341,#17346));
#17341 = SURFACE_STYLE_USAGE(.BOTH.,#17342);
#17342 = SURFACE_SIDE_STYLE('',(#17343));
#17343 = SURFACE_STYLE_FILL_AREA(#17344);
#17344 = FILL_AREA_STYLE('',(#17345));
#17345 = FILL_AREA_STYLE_COLOUR('',#17219);
#17346 = CURVE_STYLE('',#17347,POSITIVE_LENGTH_MEASURE(0.1),#17219);
#17347 = DRAUGHTING_PRE_DEFINED_CURVE_FONT('continuous');
#17348 = STYLED_ITEM('color',(#17349),#6882);
#17349 = PRESENTATION_STYLE_ASSIGNMENT((#17350,#17355));
#17350 = SURFACE_STYLE_USAGE(.BOTH.,#17351);
#17351 = SURFACE_SIDE_STYLE('',(#17352));
#17352 = SURFACE_STYLE_FILL_AREA(#17353);
#17353 = FILL_AREA_STYLE('',(#17354));
#17354 = FILL_AREA_STYLE_COLOUR('',#17219);
#17355 = CURVE_STYLE('',#17356,POSITIVE_LENGTH_MEASURE(0.1),#17219);
#17356 = DRAUGHTING_PRE_DEFINED_CURVE_FONT('continuous');
#17357 = STYLED_ITEM('color',(#17358),#6906);
#17358 = PRESENTATION_STYLE_ASSIGNMENT((#17359,#17364));
#17359 = SURFACE_STYLE_USAGE(.BOTH.,#17360);
#17360 = SURFACE_SIDE_STYLE('',(#17361));
#17361 = SURFACE_STYLE_FILL_AREA(#17362);
#17362 = FILL_AREA_STYLE('',(#17363));
#17363 = FILL_AREA_STYLE_COLOUR('',#17219);
#17364 = CURVE_STYLE('',#17365,POSITIVE_LENGTH_MEASURE(0.1),#17219);
#17365 = DRAUGHTING_PRE_DEFINED_CURVE_FONT('continuous');
#17366 = STYLED_ITEM('color',(#17367),#6923);
#17367 = PRESENTATION_STYLE_ASSIGNMENT((#17368,#17373));
#17368 = SURFACE_STYLE_USAGE(.BOTH.,#17369);
#17369 = SURFACE_SIDE_STYLE('',(#17370));
#17370 = SURFACE_STYLE_FILL_AREA(#17371);
#17371 = FILL_AREA_STYLE('',(#17372));
#17372 = FILL_AREA_STYLE_COLOUR('',#17219);
#17373 = CURVE_STYLE('',#17374,POSITIVE_LENGTH_MEASURE(0.1),#17219);
#17374 = DRAUGHTING_PRE_DEFINED_CURVE_FONT('continuous');
#17375 = STYLED_ITEM('color',(#17376),#6954);
#17376 = PRESENTATION_STYLE_ASSIGNMENT((#17377,#17382));
#17377 = SURFACE_STYLE_USAGE(.BOTH.,#17378);
#17378 = SURFACE_SIDE_STYLE('',(#17379));
#17379 = SURFACE_STYLE_FILL_AREA(#17380);
#17380 = FILL_AREA_STYLE('',(#17381));
#17381 = FILL_AREA_STYLE_COLOUR('',#17219);
#17382 = CURVE_STYLE('',#17383,POSITIVE_LENGTH_MEASURE(0.1),#17219);
#17383 = DRAUGHTING_PRE_DEFINED_CURVE_FONT('continuous');
#17384 = STYLED_ITEM('color',(#17385),#6985);
#17385 = PRESENTATION_STYLE_ASSIGNMENT((#17386,#17391));
#17386 = SURFACE_STYLE_USAGE(.BOTH.,#17387);
#17387 = SURFACE_SIDE_STYLE('',(#17388));
#17388 = SURFACE_STYLE_FILL_AREA(#17389);
#17389 = FILL_AREA_STYLE('',(#17390));
#17390 = FILL_AREA_STYLE_COLOUR('',#17219);
#17391 = CURVE_STYLE('',#17392,POSITIVE_LENGTH_MEASURE(0.1),#17219);
#17392 = DRAUGHTING_PRE_DEFINED_CURVE_FONT('continuous');
#17393 = STYLED_ITEM('color',(#17394),#7016);
#17394 = PRESENTATION_STYLE_ASSIGNMENT((#17395,#17400));
#17395 = SURFACE_STYLE_USAGE(.BOTH.,#17396);
#17396 = SURFACE_SIDE_STYLE('',(#17397));
#17397 = SURFACE_STYLE_FILL_AREA(#17398);
#17398 = FILL_AREA_STYLE('',(#17399));
#17399 = FILL_AREA_STYLE_COLOUR('',#17191);
#17400 = CURVE_STYLE('',#17401,POSITIVE_LENGTH_MEASURE(0.1),#17191);
#17401 = DRAUGHTING_PRE_DEFINED_CURVE_FONT('continuous');
#17402 = STYLED_ITEM('color',(#17403),#7032);
#17403 = PRESENTATION_STYLE_ASSIGNMENT((#17404,#17409));
#17404 = SURFACE_STYLE_USAGE(.BOTH.,#17405);
#17405 = SURFACE_SIDE_STYLE('',(#17406));
#17406 = SURFACE_STYLE_FILL_AREA(#17407);
#17407 = FILL_AREA_STYLE('',(#17408));
#17408 = FILL_AREA_STYLE_COLOUR('',#17191);
#17409 = CURVE_STYLE('',#17410,POSITIVE_LENGTH_MEASURE(0.1),#17191);
#17410 = DRAUGHTING_PRE_DEFINED_CURVE_FONT('continuous');
#17411 = STYLED_ITEM('color',(#17412),#7058);
#17412 = PRESENTATION_STYLE_ASSIGNMENT((#17413,#17418));
#17413 = SURFACE_STYLE_USAGE(.BOTH.,#17414);
#17414 = SURFACE_SIDE_STYLE('',(#17415));
#17415 = SURFACE_STYLE_FILL_AREA(#17416);
#17416 = FILL_AREA_STYLE('',(#17417));
#17417 = FILL_AREA_STYLE_COLOUR('',#17219);
#17418 = CURVE_STYLE('',#17419,POSITIVE_LENGTH_MEASURE(0.1),#17219);
#17419 = DRAUGHTING_PRE_DEFINED_CURVE_FONT('continuous');
#17420 = STYLED_ITEM('color',(#17421),#7089);
#17421 = PRESENTATION_STYLE_ASSIGNMENT((#17422,#17427));
#17422 = SURFACE_STYLE_USAGE(.BOTH.,#17423);
#17423 = SURFACE_SIDE_STYLE('',(#17424));
#17424 = SURFACE_STYLE_FILL_AREA(#17425);
#17425 = FILL_AREA_STYLE('',(#17426));
#17426 = FILL_AREA_STYLE_COLOUR('',#17191);
#17427 = CURVE_STYLE('',#17428,POSITIVE_LENGTH_MEASURE(0.1),#17191);
#17428 = DRAUGHTING_PRE_DEFINED_CURVE_FONT('continuous');
#17429 = STYLED_ITEM('color',(#17430),#7124);
#17430 = PRESENTATION_STYLE_ASSIGNMENT((#17431,#17436));
#17431 = SURFACE_STYLE_USAGE(.BOTH.,#17432);
#17432 = SURFACE_SIDE_STYLE('',(#17433));
#17433 = SURFACE_STYLE_FILL_AREA(#17434);
#17434 = FILL_AREA_STYLE('',(#17435));
#17435 = FILL_AREA_STYLE_COLOUR('',#17219);
#17436 = CURVE_STYLE('',#17437,POSITIVE_LENGTH_MEASURE(0.1),#17219);
#17437 = DRAUGHTING_PRE_DEFINED_CURVE_FONT('continuous');
#17438 = STYLED_ITEM('color',(#17439),#7155);
#17439 = PRESENTATION_STYLE_ASSIGNMENT((#17440,#17445));
#17440 = SURFACE_STYLE_USAGE(.BOTH.,#17441);
#17441 = SURFACE_SIDE_STYLE('',(#17442));
#17442 = SURFACE_STYLE_FILL_AREA(#17443);
#17443 = FILL_AREA_STYLE('',(#17444));
#17444 = FILL_AREA_STYLE_COLOUR('',#17191);
#17445 = CURVE_STYLE('',#17446,POSITIVE_LENGTH_MEASURE(0.1),#17191);
#17446 = DRAUGHTING_PRE_DEFINED_CURVE_FONT('continuous');
#17447 = STYLED_ITEM('color',(#17448),#7194);
#17448 = PRESENTATION_STYLE_ASSIGNMENT((#17449,#17454));
#17449 = SURFACE_STYLE_USAGE(.BOTH.,#17450);
#17450 = SURFACE_SIDE_STYLE('',(#17451));
#17451 = SURFACE_STYLE_FILL_AREA(#17452);
#17452 = FILL_AREA_STYLE('',(#17453));
#17453 = FILL_AREA_STYLE_COLOUR('',#17219);
#17454 = CURVE_STYLE('',#17455,POSITIVE_LENGTH_MEASURE(0.1),#17219);
#17455 = DRAUGHTING_PRE_DEFINED_CURVE_FONT('continuous');
#17456 = STYLED_ITEM('color',(#17457),#7225);
#17457 = PRESENTATION_STYLE_ASSIGNMENT((#17458,#17463));
#17458 = SURFACE_STYLE_USAGE(.BOTH.,#17459);
#17459 = SURFACE_SIDE_STYLE('',(#17460));
#17460 = SURFACE_STYLE_FILL_AREA(#17461);
#17461 = FILL_AREA_STYLE('',(#17462));
#17462 = FILL_AREA_STYLE_COLOUR('',#17191);
#17463 = CURVE_STYLE('',#17464,POSITIVE_LENGTH_MEASURE(0.1),#17191);
#17464 = DRAUGHTING_PRE_DEFINED_CURVE_FONT('continuous');
#17465 = STYLED_ITEM('color',(#17466),#7260);
#17466 = PRESENTATION_STYLE_ASSIGNMENT((#17467,#17472));
#17467 = SURFACE_STYLE_USAGE(.BOTH.,#17468);
#17468 = SURFACE_SIDE_STYLE('',(#17469));
#17469 = SURFACE_STYLE_FILL_AREA(#17470);
#17470 = FILL_AREA_STYLE('',(#17471));
#17471 = FILL_AREA_STYLE_COLOUR('',#17219);
#17472 = CURVE_STYLE('',#17473,POSITIVE_LENGTH_MEASURE(0.1),#17219);
#17473 = DRAUGHTING_PRE_DEFINED_CURVE_FONT('continuous');
#17474 = STYLED_ITEM('color',(#17475),#7291);
#17475 = PRESENTATION_STYLE_ASSIGNMENT((#17476,#17481));
#17476 = SURFACE_STYLE_USAGE(.BOTH.,#17477);
#17477 = SURFACE_SIDE_STYLE('',(#17478));
#17478 = SURFACE_STYLE_FILL_AREA(#17479);
#17479 = FILL_AREA_STYLE('',(#17480));
#17480 = FILL_AREA_STYLE_COLOUR('',#17191);
#17481 = CURVE_STYLE('',#17482,POSITIVE_LENGTH_MEASURE(0.1),#17191);
#17482 = DRAUGHTING_PRE_DEFINED_CURVE_FONT('continuous');
#17483 = STYLED_ITEM('color',(#17484),#7331);
#17484 = PRESENTATION_STYLE_ASSIGNMENT((#17485,#17490));
#17485 = SURFACE_STYLE_USAGE(.BOTH.,#17486);
#17486 = SURFACE_SIDE_STYLE('',(#17487));
#17487 = SURFACE_STYLE_FILL_AREA(#17488);
#17488 = FILL_AREA_STYLE('',(#17489));
#17489 = FILL_AREA_STYLE_COLOUR('',#17219);
#17490 = CURVE_STYLE('',#17491,POSITIVE_LENGTH_MEASURE(0.1),#17219);
#17491 = DRAUGHTING_PRE_DEFINED_CURVE_FONT('continuous');
#17492 = STYLED_ITEM('color',(#17493),#7363);
#17493 = PRESENTATION_STYLE_ASSIGNMENT((#17494,#17499));
#17494 = SURFACE_STYLE_USAGE(.BOTH.,#17495);
#17495 = SURFACE_SIDE_STYLE('',(#17496));
#17496 = SURFACE_STYLE_FILL_AREA(#17497);
#17497 = FILL_AREA_STYLE('',(#17498));
#17498 = FILL_AREA_STYLE_COLOUR('',#17219);
#17499 = CURVE_STYLE('',#17500,POSITIVE_LENGTH_MEASURE(0.1),#17219);
#17500 = DRAUGHTING_PRE_DEFINED_CURVE_FONT('continuous');
#17501 = STYLED_ITEM('color',(#17502),#7376);
#17502 = PRESENTATION_STYLE_ASSIGNMENT((#17503,#17508));
#17503 = SURFACE_STYLE_USAGE(.BOTH.,#17504);
#17504 = SURFACE_SIDE_STYLE('',(#17505));
#17505 = SURFACE_STYLE_FILL_AREA(#17506);
#17506 = FILL_AREA_STYLE('',(#17507));
#17507 = FILL_AREA_STYLE_COLOUR('',#17219);
#17508 = CURVE_STYLE('',#17509,POSITIVE_LENGTH_MEASURE(0.1),#17219);
#17509 = DRAUGHTING_PRE_DEFINED_CURVE_FONT('continuous');
#17510 = STYLED_ITEM('color',(#17511),#7401);
#17511 = PRESENTATION_STYLE_ASSIGNMENT((#17512,#17517));
#17512 = SURFACE_STYLE_USAGE(.BOTH.,#17513);
#17513 = SURFACE_SIDE_STYLE('',(#17514));
#17514 = SURFACE_STYLE_FILL_AREA(#17515);
#17515 = FILL_AREA_STYLE('',(#17516));
#17516 = FILL_AREA_STYLE_COLOUR('',#17219);
#17517 = CURVE_STYLE('',#17518,POSITIVE_LENGTH_MEASURE(0.1),#17219);
#17518 = DRAUGHTING_PRE_DEFINED_CURVE_FONT('continuous');
#17519 = STYLED_ITEM('color',(#17520),#7426);
#17520 = PRESENTATION_STYLE_ASSIGNMENT((#17521,#17526));
#17521 = SURFACE_STYLE_USAGE(.BOTH.,#17522);
#17522 = SURFACE_SIDE_STYLE('',(#17523));
#17523 = SURFACE_STYLE_FILL_AREA(#17524);
#17524 = FILL_AREA_STYLE('',(#17525));
#17525 = FILL_AREA_STYLE_COLOUR('',#17219);
#17526 = CURVE_STYLE('',#17527,POSITIVE_LENGTH_MEASURE(0.1),#17219);
#17527 = DRAUGHTING_PRE_DEFINED_CURVE_FONT('continuous');
#17528 = STYLED_ITEM('color',(#17529),#7443);
#17529 = PRESENTATION_STYLE_ASSIGNMENT((#17530,#17535));
#17530 = SURFACE_STYLE_USAGE(.BOTH.,#17531);
#17531 = SURFACE_SIDE_STYLE('',(#17532));
#17532 = SURFACE_STYLE_FILL_AREA(#17533);
#17533 = FILL_AREA_STYLE('',(#17534));
#17534 = FILL_AREA_STYLE_COLOUR('',#17219);
#17535 = CURVE_STYLE('',#17536,POSITIVE_LENGTH_MEASURE(0.1),#17219);
#17536 = DRAUGHTING_PRE_DEFINED_CURVE_FONT('continuous');
#17537 = STYLED_ITEM('color',(#17538),#7468);
#17538 = PRESENTATION_STYLE_ASSIGNMENT((#17539,#17544));
#17539 = SURFACE_STYLE_USAGE(.BOTH.,#17540);
#17540 = SURFACE_SIDE_STYLE('',(#17541));
#17541 = SURFACE_STYLE_FILL_AREA(#17542);
#17542 = FILL_AREA_STYLE('',(#17543));
#17543 = FILL_AREA_STYLE_COLOUR('',#17219);
#17544 = CURVE_STYLE('',#17545,POSITIVE_LENGTH_MEASURE(0.1),#17219);
#17545 = DRAUGHTING_PRE_DEFINED_CURVE_FONT('continuous');
#17546 = STYLED_ITEM('color',(#17547),#7493);
#17547 = PRESENTATION_STYLE_ASSIGNMENT((#17548,#17553));
#17548 = SURFACE_STYLE_USAGE(.BOTH.,#17549);
#17549 = SURFACE_SIDE_STYLE('',(#17550));
#17550 = SURFACE_STYLE_FILL_AREA(#17551);
#17551 = FILL_AREA_STYLE('',(#17552));
#17552 = FILL_AREA_STYLE_COLOUR('',#17219);
#17553 = CURVE_STYLE('',#17554,POSITIVE_LENGTH_MEASURE(0.1),#17219);
#17554 = DRAUGHTING_PRE_DEFINED_CURVE_FONT('continuous');
#17555 = STYLED_ITEM('color',(#17556),#7510);
#17556 = PRESENTATION_STYLE_ASSIGNMENT((#17557,#17562));
#17557 = SURFACE_STYLE_USAGE(.BOTH.,#17558);
#17558 = SURFACE_SIDE_STYLE('',(#17559));
#17559 = SURFACE_STYLE_FILL_AREA(#17560);
#17560 = FILL_AREA_STYLE('',(#17561));
#17561 = FILL_AREA_STYLE_COLOUR('',#17219);
#17562 = CURVE_STYLE('',#17563,POSITIVE_LENGTH_MEASURE(0.1),#17219);
#17563 = DRAUGHTING_PRE_DEFINED_CURVE_FONT('continuous');
#17564 = STYLED_ITEM('color',(#17565),#7535);
#17565 = PRESENTATION_STYLE_ASSIGNMENT((#17566,#17571));
#17566 = SURFACE_STYLE_USAGE(.BOTH.,#17567);
#17567 = SURFACE_SIDE_STYLE('',(#17568));
#17568 = SURFACE_STYLE_FILL_AREA(#17569);
#17569 = FILL_AREA_STYLE('',(#17570));
#17570 = FILL_AREA_STYLE_COLOUR('',#17219);
#17571 = CURVE_STYLE('',#17572,POSITIVE_LENGTH_MEASURE(0.1),#17219);
#17572 = DRAUGHTING_PRE_DEFINED_CURVE_FONT('continuous');
#17573 = STYLED_ITEM('color',(#17574),#7560);
#17574 = PRESENTATION_STYLE_ASSIGNMENT((#17575,#17580));
#17575 = SURFACE_STYLE_USAGE(.BOTH.,#17576);
#17576 = SURFACE_SIDE_STYLE('',(#17577));
#17577 = SURFACE_STYLE_FILL_AREA(#17578);
#17578 = FILL_AREA_STYLE('',(#17579));
#17579 = FILL_AREA_STYLE_COLOUR('',#17219);
#17580 = CURVE_STYLE('',#17581,POSITIVE_LENGTH_MEASURE(0.1),#17219);
#17581 = DRAUGHTING_PRE_DEFINED_CURVE_FONT('continuous');
#17582 = STYLED_ITEM('color',(#17583),#7577);
#17583 = PRESENTATION_STYLE_ASSIGNMENT((#17584,#17590));
#17584 = SURFACE_STYLE_USAGE(.BOTH.,#17585);
#17585 = SURFACE_SIDE_STYLE('',(#17586));
#17586 = SURFACE_STYLE_FILL_AREA(#17587);
#17587 = FILL_AREA_STYLE('',(#17588));
#17588 = FILL_AREA_STYLE_COLOUR('',#17589);
#17589 = COLOUR_RGB('',0.690999998585,0.664000007176,0.597999987832);
#17590 = CURVE_STYLE('',#17591,POSITIVE_LENGTH_MEASURE(0.1),#17589);
#17591 = DRAUGHTING_PRE_DEFINED_CURVE_FONT('continuous');
#17592 = STYLED_ITEM('color',(#17593),#7602);
#17593 = PRESENTATION_STYLE_ASSIGNMENT((#17594,#17599));
#17594 = SURFACE_STYLE_USAGE(.BOTH.,#17595);
#17595 = SURFACE_SIDE_STYLE('',(#17596));
#17596 = SURFACE_STYLE_FILL_AREA(#17597);
#17597 = FILL_AREA_STYLE('',(#17598));
#17598 = FILL_AREA_STYLE_COLOUR('',#17219);
#17599 = CURVE_STYLE('',#17600,POSITIVE_LENGTH_MEASURE(0.1),#17219);
#17600 = DRAUGHTING_PRE_DEFINED_CURVE_FONT('continuous');
#17601 = STYLED_ITEM('color',(#17602),#7614);
#17602 = PRESENTATION_STYLE_ASSIGNMENT((#17603,#17608));
#17603 = SURFACE_STYLE_USAGE(.BOTH.,#17604);
#17604 = SURFACE_SIDE_STYLE('',(#17605));
#17605 = SURFACE_STYLE_FILL_AREA(#17606);
#17606 = FILL_AREA_STYLE('',(#17607));
#17607 = FILL_AREA_STYLE_COLOUR('',#17219);
#17608 = CURVE_STYLE('',#17609,POSITIVE_LENGTH_MEASURE(0.1),#17219);
#17609 = DRAUGHTING_PRE_DEFINED_CURVE_FONT('continuous');
#17610 = STYLED_ITEM('color',(#17611),#7626);
#17611 = PRESENTATION_STYLE_ASSIGNMENT((#17612,#17617));
#17612 = SURFACE_STYLE_USAGE(.BOTH.,#17613);
#17613 = SURFACE_SIDE_STYLE('',(#17614));
#17614 = SURFACE_STYLE_FILL_AREA(#17615);
#17615 = FILL_AREA_STYLE('',(#17616));
#17616 = FILL_AREA_STYLE_COLOUR('',#17219);
#17617 = CURVE_STYLE('',#17618,POSITIVE_LENGTH_MEASURE(0.1),#17219);
#17618 = DRAUGHTING_PRE_DEFINED_CURVE_FONT('continuous');
#17619 = STYLED_ITEM('color',(#17620),#7638);
#17620 = PRESENTATION_STYLE_ASSIGNMENT((#17621,#17626));
#17621 = SURFACE_STYLE_USAGE(.BOTH.,#17622);
#17622 = SURFACE_SIDE_STYLE('',(#17623));
#17623 = SURFACE_STYLE_FILL_AREA(#17624);
#17624 = FILL_AREA_STYLE('',(#17625));
#17625 = FILL_AREA_STYLE_COLOUR('',#17219);
#17626 = CURVE_STYLE('',#17627,POSITIVE_LENGTH_MEASURE(0.1),#17219);
#17627 = DRAUGHTING_PRE_DEFINED_CURVE_FONT('continuous');
#17628 = STYLED_ITEM('color',(#17629),#7670);
#17629 = PRESENTATION_STYLE_ASSIGNMENT((#17630,#17635));
#17630 = SURFACE_STYLE_USAGE(.BOTH.,#17631);
#17631 = SURFACE_SIDE_STYLE('',(#17632));
#17632 = SURFACE_STYLE_FILL_AREA(#17633);
#17633 = FILL_AREA_STYLE('',(#17634));
#17634 = FILL_AREA_STYLE_COLOUR('',#17219);
#17635 = CURVE_STYLE('',#17636,POSITIVE_LENGTH_MEASURE(0.1),#17219);
#17636 = DRAUGHTING_PRE_DEFINED_CURVE_FONT('continuous');
#17637 = STYLED_ITEM('color',(#17638),#7702);
#17638 = PRESENTATION_STYLE_ASSIGNMENT((#17639,#17644));
#17639 = SURFACE_STYLE_USAGE(.BOTH.,#17640);
#17640 = SURFACE_SIDE_STYLE('',(#17641));
#17641 = SURFACE_STYLE_FILL_AREA(#17642);
#17642 = FILL_AREA_STYLE('',(#17643));
#17643 = FILL_AREA_STYLE_COLOUR('',#17219);
#17644 = CURVE_STYLE('',#17645,POSITIVE_LENGTH_MEASURE(0.1),#17219);
#17645 = DRAUGHTING_PRE_DEFINED_CURVE_FONT('continuous');
#17646 = STYLED_ITEM('color',(#17647),#7719);
#17647 = PRESENTATION_STYLE_ASSIGNMENT((#17648,#17653));
#17648 = SURFACE_STYLE_USAGE(.BOTH.,#17649);
#17649 = SURFACE_SIDE_STYLE('',(#17650));
#17650 = SURFACE_STYLE_FILL_AREA(#17651);
#17651 = FILL_AREA_STYLE('',(#17652));
#17652 = FILL_AREA_STYLE_COLOUR('',#17219);
#17653 = CURVE_STYLE('',#17654,POSITIVE_LENGTH_MEASURE(0.1),#17219);
#17654 = DRAUGHTING_PRE_DEFINED_CURVE_FONT('continuous');
#17655 = STYLED_ITEM('color',(#17656),#7751);
#17656 = PRESENTATION_STYLE_ASSIGNMENT((#17657,#17662));
#17657 = SURFACE_STYLE_USAGE(.BOTH.,#17658);
#17658 = SURFACE_SIDE_STYLE('',(#17659));
#17659 = SURFACE_STYLE_FILL_AREA(#17660);
#17660 = FILL_AREA_STYLE('',(#17661));
#17661 = FILL_AREA_STYLE_COLOUR('',#17219);
#17662 = CURVE_STYLE('',#17663,POSITIVE_LENGTH_MEASURE(0.1),#17219);
#17663 = DRAUGHTING_PRE_DEFINED_CURVE_FONT('continuous');
#17664 = STYLED_ITEM('color',(#17665),#7783);
#17665 = PRESENTATION_STYLE_ASSIGNMENT((#17666,#17671));
#17666 = SURFACE_STYLE_USAGE(.BOTH.,#17667);
#17667 = SURFACE_SIDE_STYLE('',(#17668));
#17668 = SURFACE_STYLE_FILL_AREA(#17669);
#17669 = FILL_AREA_STYLE('',(#17670));
#17670 = FILL_AREA_STYLE_COLOUR('',#17219);
#17671 = CURVE_STYLE('',#17672,POSITIVE_LENGTH_MEASURE(0.1),#17219);
#17672 = DRAUGHTING_PRE_DEFINED_CURVE_FONT('continuous');
#17673 = STYLED_ITEM('color',(#17674),#7800);
#17674 = PRESENTATION_STYLE_ASSIGNMENT((#17675,#17680));
#17675 = SURFACE_STYLE_USAGE(.BOTH.,#17676);
#17676 = SURFACE_SIDE_STYLE('',(#17677));
#17677 = SURFACE_STYLE_FILL_AREA(#17678);
#17678 = FILL_AREA_STYLE('',(#17679));
#17679 = FILL_AREA_STYLE_COLOUR('',#17219);
#17680 = CURVE_STYLE('',#17681,POSITIVE_LENGTH_MEASURE(0.1),#17219);
#17681 = DRAUGHTING_PRE_DEFINED_CURVE_FONT('continuous');
#17682 = STYLED_ITEM('color',(#17683),#7832);
#17683 = PRESENTATION_STYLE_ASSIGNMENT((#17684,#17689));
#17684 = SURFACE_STYLE_USAGE(.BOTH.,#17685);
#17685 = SURFACE_SIDE_STYLE('',(#17686));
#17686 = SURFACE_STYLE_FILL_AREA(#17687);
#17687 = FILL_AREA_STYLE('',(#17688));
#17688 = FILL_AREA_STYLE_COLOUR('',#17219);
#17689 = CURVE_STYLE('',#17690,POSITIVE_LENGTH_MEASURE(0.1),#17219);
#17690 = DRAUGHTING_PRE_DEFINED_CURVE_FONT('continuous');
#17691 = STYLED_ITEM('color',(#17692),#7864);
#17692 = PRESENTATION_STYLE_ASSIGNMENT((#17693,#17698));
#17693 = SURFACE_STYLE_USAGE(.BOTH.,#17694);
#17694 = SURFACE_SIDE_STYLE('',(#17695));
#17695 = SURFACE_STYLE_FILL_AREA(#17696);
#17696 = FILL_AREA_STYLE('',(#17697));
#17697 = FILL_AREA_STYLE_COLOUR('',#17219);
#17698 = CURVE_STYLE('',#17699,POSITIVE_LENGTH_MEASURE(0.1),#17219);
#17699 = DRAUGHTING_PRE_DEFINED_CURVE_FONT('continuous');
#17700 = STYLED_ITEM('color',(#17701),#7881);
#17701 = PRESENTATION_STYLE_ASSIGNMENT((#17702,#17707));
#17702 = SURFACE_STYLE_USAGE(.BOTH.,#17703);
#17703 = SURFACE_SIDE_STYLE('',(#17704));
#17704 = SURFACE_STYLE_FILL_AREA(#17705);
#17705 = FILL_AREA_STYLE('',(#17706));
#17706 = FILL_AREA_STYLE_COLOUR('',#17219);
#17707 = CURVE_STYLE('',#17708,POSITIVE_LENGTH_MEASURE(0.1),#17219);
#17708 = DRAUGHTING_PRE_DEFINED_CURVE_FONT('continuous');
#17709 = STYLED_ITEM('color',(#17710),#7913);
#17710 = PRESENTATION_STYLE_ASSIGNMENT((#17711,#17716));
#17711 = SURFACE_STYLE_USAGE(.BOTH.,#17712);
#17712 = SURFACE_SIDE_STYLE('',(#17713));
#17713 = SURFACE_STYLE_FILL_AREA(#17714);
#17714 = FILL_AREA_STYLE('',(#17715));
#17715 = FILL_AREA_STYLE_COLOUR('',#17219);
#17716 = CURVE_STYLE('',#17717,POSITIVE_LENGTH_MEASURE(0.1),#17219);
#17717 = DRAUGHTING_PRE_DEFINED_CURVE_FONT('continuous');
#17718 = STYLED_ITEM('color',(#17719),#7930);
#17719 = PRESENTATION_STYLE_ASSIGNMENT((#17720,#17725));
#17720 = SURFACE_STYLE_USAGE(.BOTH.,#17721);
#17721 = SURFACE_SIDE_STYLE('',(#17722));
#17722 = SURFACE_STYLE_FILL_AREA(#17723);
#17723 = FILL_AREA_STYLE('',(#17724));
#17724 = FILL_AREA_STYLE_COLOUR('',#17219);
#17725 = CURVE_STYLE('',#17726,POSITIVE_LENGTH_MEASURE(0.1),#17219);
#17726 = DRAUGHTING_PRE_DEFINED_CURVE_FONT('continuous');
#17727 = STYLED_ITEM('color',(#17728),#7947);
#17728 = PRESENTATION_STYLE_ASSIGNMENT((#17729,#17734));
#17729 = SURFACE_STYLE_USAGE(.BOTH.,#17730);
#17730 = SURFACE_SIDE_STYLE('',(#17731));
#17731 = SURFACE_STYLE_FILL_AREA(#17732);
#17732 = FILL_AREA_STYLE('',(#17733));
#17733 = FILL_AREA_STYLE_COLOUR('',#17219);
#17734 = CURVE_STYLE('',#17735,POSITIVE_LENGTH_MEASURE(0.1),#17219);
#17735 = DRAUGHTING_PRE_DEFINED_CURVE_FONT('continuous');
#17736 = STYLED_ITEM('color',(#17737),#7964);
#17737 = PRESENTATION_STYLE_ASSIGNMENT((#17738,#17743));
#17738 = SURFACE_STYLE_USAGE(.BOTH.,#17739);
#17739 = SURFACE_SIDE_STYLE('',(#17740));
#17740 = SURFACE_STYLE_FILL_AREA(#17741);
#17741 = FILL_AREA_STYLE('',(#17742));
#17742 = FILL_AREA_STYLE_COLOUR('',#17219);
#17743 = CURVE_STYLE('',#17744,POSITIVE_LENGTH_MEASURE(0.1),#17219);
#17744 = DRAUGHTING_PRE_DEFINED_CURVE_FONT('continuous');
#17745 = STYLED_ITEM('color',(#17746),#7981);
#17746 = PRESENTATION_STYLE_ASSIGNMENT((#17747,#17752));
#17747 = SURFACE_STYLE_USAGE(.BOTH.,#17748);
#17748 = SURFACE_SIDE_STYLE('',(#17749));
#17749 = SURFACE_STYLE_FILL_AREA(#17750);
#17750 = FILL_AREA_STYLE('',(#17751));
#17751 = FILL_AREA_STYLE_COLOUR('',#17219);
#17752 = CURVE_STYLE('',#17753,POSITIVE_LENGTH_MEASURE(0.1),#17219);
#17753 = DRAUGHTING_PRE_DEFINED_CURVE_FONT('continuous');
#17754 = STYLED_ITEM('color',(#17755),#7998);
#17755 = PRESENTATION_STYLE_ASSIGNMENT((#17756,#17761));
#17756 = SURFACE_STYLE_USAGE(.BOTH.,#17757);
#17757 = SURFACE_SIDE_STYLE('',(#17758));
#17758 = SURFACE_STYLE_FILL_AREA(#17759);
#17759 = FILL_AREA_STYLE('',(#17760));
#17760 = FILL_AREA_STYLE_COLOUR('',#17219);
#17761 = CURVE_STYLE('',#17762,POSITIVE_LENGTH_MEASURE(0.1),#17219);
#17762 = DRAUGHTING_PRE_DEFINED_CURVE_FONT('continuous');
#17763 = STYLED_ITEM('color',(#17764),#8010);
#17764 = PRESENTATION_STYLE_ASSIGNMENT((#17765,#17770));
#17765 = SURFACE_STYLE_USAGE(.BOTH.,#17766);
#17766 = SURFACE_SIDE_STYLE('',(#17767));
#17767 = SURFACE_STYLE_FILL_AREA(#17768);
#17768 = FILL_AREA_STYLE('',(#17769));
#17769 = FILL_AREA_STYLE_COLOUR('',#17589);
#17770 = CURVE_STYLE('',#17771,POSITIVE_LENGTH_MEASURE(0.1),#17589);
#17771 = DRAUGHTING_PRE_DEFINED_CURVE_FONT('continuous');
#17772 = STYLED_ITEM('color',(#17773),#8019);
#17773 = PRESENTATION_STYLE_ASSIGNMENT((#17774,#17779));
#17774 = SURFACE_STYLE_USAGE(.BOTH.,#17775);
#17775 = SURFACE_SIDE_STYLE('',(#17776));
#17776 = SURFACE_STYLE_FILL_AREA(#17777);
#17777 = FILL_AREA_STYLE('',(#17778));
#17778 = FILL_AREA_STYLE_COLOUR('',#17219);
#17779 = CURVE_STYLE('',#17780,POSITIVE_LENGTH_MEASURE(0.1),#17219);
#17780 = DRAUGHTING_PRE_DEFINED_CURVE_FONT('continuous');
#17781 = STYLED_ITEM('color',(#17782),#8031);
#17782 = PRESENTATION_STYLE_ASSIGNMENT((#17783,#17788));
#17783 = SURFACE_STYLE_USAGE(.BOTH.,#17784);
#17784 = SURFACE_SIDE_STYLE('',(#17785));
#17785 = SURFACE_STYLE_FILL_AREA(#17786);
#17786 = FILL_AREA_STYLE('',(#17787));
#17787 = FILL_AREA_STYLE_COLOUR('',#17219);
#17788 = CURVE_STYLE('',#17789,POSITIVE_LENGTH_MEASURE(0.1),#17219);
#17789 = DRAUGHTING_PRE_DEFINED_CURVE_FONT('continuous');
#17790 = STYLED_ITEM('color',(#17791),#8043);
#17791 = PRESENTATION_STYLE_ASSIGNMENT((#17792,#17797));
#17792 = SURFACE_STYLE_USAGE(.BOTH.,#17793);
#17793 = SURFACE_SIDE_STYLE('',(#17794));
#17794 = SURFACE_STYLE_FILL_AREA(#17795);
#17795 = FILL_AREA_STYLE('',(#17796));
#17796 = FILL_AREA_STYLE_COLOUR('',#17219);
#17797 = CURVE_STYLE('',#17798,POSITIVE_LENGTH_MEASURE(0.1),#17219);
#17798 = DRAUGHTING_PRE_DEFINED_CURVE_FONT('continuous');
#17799 = MECHANICAL_DESIGN_GEOMETRIC_PRESENTATION_REPRESENTATION('',(
    #17800,#17809,#17818,#17827,#17836,#17845,#17854,#17863,#17872,
    #17881,#17890,#17899,#17908,#17917,#17926,#17935,#17944,#17953,
    #17962,#17971,#17980,#17989,#17998,#18007,#18016,#18025,#18034,
    #18043,#18052,#18061,#18070,#18079,#18088,#18097,#18106,#18115,
    #18124,#18133,#18142,#18151,#18160,#18169,#18178,#18187,#18196,
    #18205,#18214,#18223,#18232,#18241,#18250,#18259,#18268,#18277,
    #18286,#18295,#18304,#18313,#18322,#18331,#18340,#18349,#18358,
    #18367,#18376,#18385,#18394,#18403,#18412,#18421,#18430,#18439,
    #18448,#18457,#18466,#18475,#18484,#18493,#18502,#18511,#18520,
    #18529,#18538,#18547,#18556,#18565,#18574,#18583,#18592,#18601,
    #18610,#18619,#18628,#18637,#18646,#18655,#18664,#18673,#18682,
    #18691,#18700,#18709,#18718,#18727,#18736,#18745,#18754,#18763,
    #18772,#18781,#18790),#13304);
#17800 = STYLED_ITEM('color',(#17801),#9768);
#17801 = PRESENTATION_STYLE_ASSIGNMENT((#17802,#17807));
#17802 = SURFACE_STYLE_USAGE(.BOTH.,#17803);
#17803 = SURFACE_SIDE_STYLE('',(#17804));
#17804 = SURFACE_STYLE_FILL_AREA(#17805);
#17805 = FILL_AREA_STYLE('',(#17806));
#17806 = FILL_AREA_STYLE_COLOUR('',#17589);
#17807 = CURVE_STYLE('',#17808,POSITIVE_LENGTH_MEASURE(0.1),#17589);
#17808 = DRAUGHTING_PRE_DEFINED_CURVE_FONT('continuous');
#17809 = STYLED_ITEM('color',(#17810),#9785);
#17810 = PRESENTATION_STYLE_ASSIGNMENT((#17811,#17816));
#17811 = SURFACE_STYLE_USAGE(.BOTH.,#17812);
#17812 = SURFACE_SIDE_STYLE('',(#17813));
#17813 = SURFACE_STYLE_FILL_AREA(#17814);
#17814 = FILL_AREA_STYLE('',(#17815));
#17815 = FILL_AREA_STYLE_COLOUR('',#17589);
#17816 = CURVE_STYLE('',#17817,POSITIVE_LENGTH_MEASURE(0.1),#17589);
#17817 = DRAUGHTING_PRE_DEFINED_CURVE_FONT('continuous');
#17818 = OVER_RIDING_STYLED_ITEM('overriding color',(#17819),#9799,
  #17809);
#17819 = PRESENTATION_STYLE_ASSIGNMENT((#17820,#17825));
#17820 = SURFACE_STYLE_USAGE(.BOTH.,#17821);
#17821 = SURFACE_SIDE_STYLE('',(#17822));
#17822 = SURFACE_STYLE_FILL_AREA(#17823);
#17823 = FILL_AREA_STYLE('',(#17824));
#17824 = FILL_AREA_STYLE_COLOUR('',#17589);
#17825 = CURVE_STYLE('',#17826,POSITIVE_LENGTH_MEASURE(0.1),#17589);
#17826 = DRAUGHTING_PRE_DEFINED_CURVE_FONT('continuous');
#17827 = STYLED_ITEM('color',(#17828),#9810);
#17828 = PRESENTATION_STYLE_ASSIGNMENT((#17829,#17834));
#17829 = SURFACE_STYLE_USAGE(.BOTH.,#17830);
#17830 = SURFACE_SIDE_STYLE('',(#17831));
#17831 = SURFACE_STYLE_FILL_AREA(#17832);
#17832 = FILL_AREA_STYLE('',(#17833));
#17833 = FILL_AREA_STYLE_COLOUR('',#17191);
#17834 = CURVE_STYLE('',#17835,POSITIVE_LENGTH_MEASURE(0.1),#17191);
#17835 = DRAUGHTING_PRE_DEFINED_CURVE_FONT('continuous');
#17836 = STYLED_ITEM('color',(#17837),#9853);
#17837 = PRESENTATION_STYLE_ASSIGNMENT((#17838,#17843));
#17838 = SURFACE_STYLE_USAGE(.BOTH.,#17839);
#17839 = SURFACE_SIDE_STYLE('',(#17840));
#17840 = SURFACE_STYLE_FILL_AREA(#17841);
#17841 = FILL_AREA_STYLE('',(#17842));
#17842 = FILL_AREA_STYLE_COLOUR('',#17191);
#17843 = CURVE_STYLE('',#17844,POSITIVE_LENGTH_MEASURE(0.1),#17191);
#17844 = DRAUGHTING_PRE_DEFINED_CURVE_FONT('continuous');
#17845 = STYLED_ITEM('color',(#17846),#10012);
#17846 = PRESENTATION_STYLE_ASSIGNMENT((#17847,#17852));
#17847 = SURFACE_STYLE_USAGE(.BOTH.,#17848);
#17848 = SURFACE_SIDE_STYLE('',(#17849));
#17849 = SURFACE_STYLE_FILL_AREA(#17850);
#17850 = FILL_AREA_STYLE('',(#17851));
#17851 = FILL_AREA_STYLE_COLOUR('',#17191);
#17852 = CURVE_STYLE('',#17853,POSITIVE_LENGTH_MEASURE(0.1),#17191);
#17853 = DRAUGHTING_PRE_DEFINED_CURVE_FONT('continuous');
#17854 = STYLED_ITEM('color',(#17855),#10164);
#17855 = PRESENTATION_STYLE_ASSIGNMENT((#17856,#17861));
#17856 = SURFACE_STYLE_USAGE(.BOTH.,#17857);
#17857 = SURFACE_SIDE_STYLE('',(#17858));
#17858 = SURFACE_STYLE_FILL_AREA(#17859);
#17859 = FILL_AREA_STYLE('',(#17860));
#17860 = FILL_AREA_STYLE_COLOUR('',#17191);
#17861 = CURVE_STYLE('',#17862,POSITIVE_LENGTH_MEASURE(0.1),#17191);
#17862 = DRAUGHTING_PRE_DEFINED_CURVE_FONT('continuous');
#17863 = STYLED_ITEM('color',(#17864),#10316);
#17864 = PRESENTATION_STYLE_ASSIGNMENT((#17865,#17870));
#17865 = SURFACE_STYLE_USAGE(.BOTH.,#17866);
#17866 = SURFACE_SIDE_STYLE('',(#17867));
#17867 = SURFACE_STYLE_FILL_AREA(#17868);
#17868 = FILL_AREA_STYLE('',(#17869));
#17869 = FILL_AREA_STYLE_COLOUR('',#17191);
#17870 = CURVE_STYLE('',#17871,POSITIVE_LENGTH_MEASURE(0.1),#17191);
#17871 = DRAUGHTING_PRE_DEFINED_CURVE_FONT('continuous');
#17872 = STYLED_ITEM('color',(#17873),#10461);
#17873 = PRESENTATION_STYLE_ASSIGNMENT((#17874,#17879));
#17874 = SURFACE_STYLE_USAGE(.BOTH.,#17875);
#17875 = SURFACE_SIDE_STYLE('',(#17876));
#17876 = SURFACE_STYLE_FILL_AREA(#17877);
#17877 = FILL_AREA_STYLE('',(#17878));
#17878 = FILL_AREA_STYLE_COLOUR('',#17191);
#17879 = CURVE_STYLE('',#17880,POSITIVE_LENGTH_MEASURE(0.1),#17191);
#17880 = DRAUGHTING_PRE_DEFINED_CURVE_FONT('continuous');
#17881 = STYLED_ITEM('color',(#17882),#10883);
#17882 = PRESENTATION_STYLE_ASSIGNMENT((#17883,#17888));
#17883 = SURFACE_STYLE_USAGE(.BOTH.,#17884);
#17884 = SURFACE_SIDE_STYLE('',(#17885));
#17885 = SURFACE_STYLE_FILL_AREA(#17886);
#17886 = FILL_AREA_STYLE('',(#17887));
#17887 = FILL_AREA_STYLE_COLOUR('',#17219);
#17888 = CURVE_STYLE('',#17889,POSITIVE_LENGTH_MEASURE(0.1),#17219);
#17889 = DRAUGHTING_PRE_DEFINED_CURVE_FONT('continuous');
#17890 = STYLED_ITEM('color',(#17891),#10923);
#17891 = PRESENTATION_STYLE_ASSIGNMENT((#17892,#17897));
#17892 = SURFACE_STYLE_USAGE(.BOTH.,#17893);
#17893 = SURFACE_SIDE_STYLE('',(#17894));
#17894 = SURFACE_STYLE_FILL_AREA(#17895);
#17895 = FILL_AREA_STYLE('',(#17896));
#17896 = FILL_AREA_STYLE_COLOUR('',#17219);
#17897 = CURVE_STYLE('',#17898,POSITIVE_LENGTH_MEASURE(0.1),#17219);
#17898 = DRAUGHTING_PRE_DEFINED_CURVE_FONT('continuous');
#17899 = STYLED_ITEM('color',(#17900),#10947);
#17900 = PRESENTATION_STYLE_ASSIGNMENT((#17901,#17906));
#17901 = SURFACE_STYLE_USAGE(.BOTH.,#17902);
#17902 = SURFACE_SIDE_STYLE('',(#17903));
#17903 = SURFACE_STYLE_FILL_AREA(#17904);
#17904 = FILL_AREA_STYLE('',(#17905));
#17905 = FILL_AREA_STYLE_COLOUR('',#17219);
#17906 = CURVE_STYLE('',#17907,POSITIVE_LENGTH_MEASURE(0.1),#17219);
#17907 = DRAUGHTING_PRE_DEFINED_CURVE_FONT('continuous');
#17908 = STYLED_ITEM('color',(#17909),#10980);
#17909 = PRESENTATION_STYLE_ASSIGNMENT((#17910,#17915));
#17910 = SURFACE_STYLE_USAGE(.BOTH.,#17911);
#17911 = SURFACE_SIDE_STYLE('',(#17912));
#17912 = SURFACE_STYLE_FILL_AREA(#17913);
#17913 = FILL_AREA_STYLE('',(#17914));
#17914 = FILL_AREA_STYLE_COLOUR('',#17219);
#17915 = CURVE_STYLE('',#17916,POSITIVE_LENGTH_MEASURE(0.1),#17219);
#17916 = DRAUGHTING_PRE_DEFINED_CURVE_FONT('continuous');
#17917 = STYLED_ITEM('color',(#17918),#11020);
#17918 = PRESENTATION_STYLE_ASSIGNMENT((#17919,#17924));
#17919 = SURFACE_STYLE_USAGE(.BOTH.,#17920);
#17920 = SURFACE_SIDE_STYLE('',(#17921));
#17921 = SURFACE_STYLE_FILL_AREA(#17922);
#17922 = FILL_AREA_STYLE('',(#17923));
#17923 = FILL_AREA_STYLE_COLOUR('',#17219);
#17924 = CURVE_STYLE('',#17925,POSITIVE_LENGTH_MEASURE(0.1),#17219);
#17925 = DRAUGHTING_PRE_DEFINED_CURVE_FONT('continuous');
#17926 = STYLED_ITEM('color',(#17927),#11044);
#17927 = PRESENTATION_STYLE_ASSIGNMENT((#17928,#17933));
#17928 = SURFACE_STYLE_USAGE(.BOTH.,#17929);
#17929 = SURFACE_SIDE_STYLE('',(#17930));
#17930 = SURFACE_STYLE_FILL_AREA(#17931);
#17931 = FILL_AREA_STYLE('',(#17932));
#17932 = FILL_AREA_STYLE_COLOUR('',#17219);
#17933 = CURVE_STYLE('',#17934,POSITIVE_LENGTH_MEASURE(0.1),#17219);
#17934 = DRAUGHTING_PRE_DEFINED_CURVE_FONT('continuous');
#17935 = STYLED_ITEM('color',(#17936),#11077);
#17936 = PRESENTATION_STYLE_ASSIGNMENT((#17937,#17942));
#17937 = SURFACE_STYLE_USAGE(.BOTH.,#17938);
#17938 = SURFACE_SIDE_STYLE('',(#17939));
#17939 = SURFACE_STYLE_FILL_AREA(#17940);
#17940 = FILL_AREA_STYLE('',(#17941));
#17941 = FILL_AREA_STYLE_COLOUR('',#17219);
#17942 = CURVE_STYLE('',#17943,POSITIVE_LENGTH_MEASURE(0.1),#17219);
#17943 = DRAUGHTING_PRE_DEFINED_CURVE_FONT('continuous');
#17944 = STYLED_ITEM('color',(#17945),#11117);
#17945 = PRESENTATION_STYLE_ASSIGNMENT((#17946,#17951));
#17946 = SURFACE_STYLE_USAGE(.BOTH.,#17947);
#17947 = SURFACE_SIDE_STYLE('',(#17948));
#17948 = SURFACE_STYLE_FILL_AREA(#17949);
#17949 = FILL_AREA_STYLE('',(#17950));
#17950 = FILL_AREA_STYLE_COLOUR('',#17219);
#17951 = CURVE_STYLE('',#17952,POSITIVE_LENGTH_MEASURE(0.1),#17219);
#17952 = DRAUGHTING_PRE_DEFINED_CURVE_FONT('continuous');
#17953 = STYLED_ITEM('color',(#17954),#11141);
#17954 = PRESENTATION_STYLE_ASSIGNMENT((#17955,#17960));
#17955 = SURFACE_STYLE_USAGE(.BOTH.,#17956);
#17956 = SURFACE_SIDE_STYLE('',(#17957));
#17957 = SURFACE_STYLE_FILL_AREA(#17958);
#17958 = FILL_AREA_STYLE('',(#17959));
#17959 = FILL_AREA_STYLE_COLOUR('',#17219);
#17960 = CURVE_STYLE('',#17961,POSITIVE_LENGTH_MEASURE(0.1),#17219);
#17961 = DRAUGHTING_PRE_DEFINED_CURVE_FONT('continuous');
#17962 = STYLED_ITEM('color',(#17963),#11174);
#17963 = PRESENTATION_STYLE_ASSIGNMENT((#17964,#17969));
#17964 = SURFACE_STYLE_USAGE(.BOTH.,#17965);
#17965 = SURFACE_SIDE_STYLE('',(#17966));
#17966 = SURFACE_STYLE_FILL_AREA(#17967);
#17967 = FILL_AREA_STYLE('',(#17968));
#17968 = FILL_AREA_STYLE_COLOUR('',#17219);
#17969 = CURVE_STYLE('',#17970,POSITIVE_LENGTH_MEASURE(0.1),#17219);
#17970 = DRAUGHTING_PRE_DEFINED_CURVE_FONT('continuous');
#17971 = STYLED_ITEM('color',(#17972),#11214);
#17972 = PRESENTATION_STYLE_ASSIGNMENT((#17973,#17978));
#17973 = SURFACE_STYLE_USAGE(.BOTH.,#17974);
#17974 = SURFACE_SIDE_STYLE('',(#17975));
#17975 = SURFACE_STYLE_FILL_AREA(#17976);
#17976 = FILL_AREA_STYLE('',(#17977));
#17977 = FILL_AREA_STYLE_COLOUR('',#17219);
#17978 = CURVE_STYLE('',#17979,POSITIVE_LENGTH_MEASURE(0.1),#17219);
#17979 = DRAUGHTING_PRE_DEFINED_CURVE_FONT('continuous');
#17980 = STYLED_ITEM('color',(#17981),#11238);
#17981 = PRESENTATION_STYLE_ASSIGNMENT((#17982,#17987));
#17982 = SURFACE_STYLE_USAGE(.BOTH.,#17983);
#17983 = SURFACE_SIDE_STYLE('',(#17984));
#17984 = SURFACE_STYLE_FILL_AREA(#17985);
#17985 = FILL_AREA_STYLE('',(#17986));
#17986 = FILL_AREA_STYLE_COLOUR('',#17219);
#17987 = CURVE_STYLE('',#17988,POSITIVE_LENGTH_MEASURE(0.1),#17219);
#17988 = DRAUGHTING_PRE_DEFINED_CURVE_FONT('continuous');
#17989 = STYLED_ITEM('color',(#17990),#11271);
#17990 = PRESENTATION_STYLE_ASSIGNMENT((#17991,#17996));
#17991 = SURFACE_STYLE_USAGE(.BOTH.,#17992);
#17992 = SURFACE_SIDE_STYLE('',(#17993));
#17993 = SURFACE_STYLE_FILL_AREA(#17994);
#17994 = FILL_AREA_STYLE('',(#17995));
#17995 = FILL_AREA_STYLE_COLOUR('',#17219);
#17996 = CURVE_STYLE('',#17997,POSITIVE_LENGTH_MEASURE(0.1),#17219);
#17997 = DRAUGHTING_PRE_DEFINED_CURVE_FONT('continuous');
#17998 = STYLED_ITEM('color',(#17999),#11311);
#17999 = PRESENTATION_STYLE_ASSIGNMENT((#18000,#18005));
#18000 = SURFACE_STYLE_USAGE(.BOTH.,#18001);
#18001 = SURFACE_SIDE_STYLE('',(#18002));
#18002 = SURFACE_STYLE_FILL_AREA(#18003);
#18003 = FILL_AREA_STYLE('',(#18004));
#18004 = FILL_AREA_STYLE_COLOUR('',#17219);
#18005 = CURVE_STYLE('',#18006,POSITIVE_LENGTH_MEASURE(0.1),#17219);
#18006 = DRAUGHTING_PRE_DEFINED_CURVE_FONT('continuous');
#18007 = STYLED_ITEM('color',(#18008),#11335);
#18008 = PRESENTATION_STYLE_ASSIGNMENT((#18009,#18014));
#18009 = SURFACE_STYLE_USAGE(.BOTH.,#18010);
#18010 = SURFACE_SIDE_STYLE('',(#18011));
#18011 = SURFACE_STYLE_FILL_AREA(#18012);
#18012 = FILL_AREA_STYLE('',(#18013));
#18013 = FILL_AREA_STYLE_COLOUR('',#17219);
#18014 = CURVE_STYLE('',#18015,POSITIVE_LENGTH_MEASURE(0.1),#17219);
#18015 = DRAUGHTING_PRE_DEFINED_CURVE_FONT('continuous');
#18016 = STYLED_ITEM('color',(#18017),#11368);
#18017 = PRESENTATION_STYLE_ASSIGNMENT((#18018,#18023));
#18018 = SURFACE_STYLE_USAGE(.BOTH.,#18019);
#18019 = SURFACE_SIDE_STYLE('',(#18020));
#18020 = SURFACE_STYLE_FILL_AREA(#18021);
#18021 = FILL_AREA_STYLE('',(#18022));
#18022 = FILL_AREA_STYLE_COLOUR('',#17219);
#18023 = CURVE_STYLE('',#18024,POSITIVE_LENGTH_MEASURE(0.1),#17219);
#18024 = DRAUGHTING_PRE_DEFINED_CURVE_FONT('continuous');
#18025 = STYLED_ITEM('color',(#18026),#11408);
#18026 = PRESENTATION_STYLE_ASSIGNMENT((#18027,#18032));
#18027 = SURFACE_STYLE_USAGE(.BOTH.,#18028);
#18028 = SURFACE_SIDE_STYLE('',(#18029));
#18029 = SURFACE_STYLE_FILL_AREA(#18030);
#18030 = FILL_AREA_STYLE('',(#18031));
#18031 = FILL_AREA_STYLE_COLOUR('',#17219);
#18032 = CURVE_STYLE('',#18033,POSITIVE_LENGTH_MEASURE(0.1),#17219);
#18033 = DRAUGHTING_PRE_DEFINED_CURVE_FONT('continuous');
#18034 = STYLED_ITEM('color',(#18035),#11432);
#18035 = PRESENTATION_STYLE_ASSIGNMENT((#18036,#18041));
#18036 = SURFACE_STYLE_USAGE(.BOTH.,#18037);
#18037 = SURFACE_SIDE_STYLE('',(#18038));
#18038 = SURFACE_STYLE_FILL_AREA(#18039);
#18039 = FILL_AREA_STYLE('',(#18040));
#18040 = FILL_AREA_STYLE_COLOUR('',#17219);
#18041 = CURVE_STYLE('',#18042,POSITIVE_LENGTH_MEASURE(0.1),#17219);
#18042 = DRAUGHTING_PRE_DEFINED_CURVE_FONT('continuous');
#18043 = STYLED_ITEM('color',(#18044),#11465);
#18044 = PRESENTATION_STYLE_ASSIGNMENT((#18045,#18050));
#18045 = SURFACE_STYLE_USAGE(.BOTH.,#18046);
#18046 = SURFACE_SIDE_STYLE('',(#18047));
#18047 = SURFACE_STYLE_FILL_AREA(#18048);
#18048 = FILL_AREA_STYLE('',(#18049));
#18049 = FILL_AREA_STYLE_COLOUR('',#17219);
#18050 = CURVE_STYLE('',#18051,POSITIVE_LENGTH_MEASURE(0.1),#17219);
#18051 = DRAUGHTING_PRE_DEFINED_CURVE_FONT('continuous');
#18052 = STYLED_ITEM('color',(#18053),#11505);
#18053 = PRESENTATION_STYLE_ASSIGNMENT((#18054,#18059));
#18054 = SURFACE_STYLE_USAGE(.BOTH.,#18055);
#18055 = SURFACE_SIDE_STYLE('',(#18056));
#18056 = SURFACE_STYLE_FILL_AREA(#18057);
#18057 = FILL_AREA_STYLE('',(#18058));
#18058 = FILL_AREA_STYLE_COLOUR('',#17219);
#18059 = CURVE_STYLE('',#18060,POSITIVE_LENGTH_MEASURE(0.1),#17219);
#18060 = DRAUGHTING_PRE_DEFINED_CURVE_FONT('continuous');
#18061 = STYLED_ITEM('color',(#18062),#11529);
#18062 = PRESENTATION_STYLE_ASSIGNMENT((#18063,#18068));
#18063 = SURFACE_STYLE_USAGE(.BOTH.,#18064);
#18064 = SURFACE_SIDE_STYLE('',(#18065));
#18065 = SURFACE_STYLE_FILL_AREA(#18066);
#18066 = FILL_AREA_STYLE('',(#18067));
#18067 = FILL_AREA_STYLE_COLOUR('',#17219);
#18068 = CURVE_STYLE('',#18069,POSITIVE_LENGTH_MEASURE(0.1),#17219);
#18069 = DRAUGHTING_PRE_DEFINED_CURVE_FONT('continuous');
#18070 = STYLED_ITEM('color',(#18071),#11562);
#18071 = PRESENTATION_STYLE_ASSIGNMENT((#18072,#18077));
#18072 = SURFACE_STYLE_USAGE(.BOTH.,#18073);
#18073 = SURFACE_SIDE_STYLE('',(#18074));
#18074 = SURFACE_STYLE_FILL_AREA(#18075);
#18075 = FILL_AREA_STYLE('',(#18076));
#18076 = FILL_AREA_STYLE_COLOUR('',#17219);
#18077 = CURVE_STYLE('',#18078,POSITIVE_LENGTH_MEASURE(0.1),#17219);
#18078 = DRAUGHTING_PRE_DEFINED_CURVE_FONT('continuous');
#18079 = STYLED_ITEM('color',(#18080),#11602);
#18080 = PRESENTATION_STYLE_ASSIGNMENT((#18081,#18086));
#18081 = SURFACE_STYLE_USAGE(.BOTH.,#18082);
#18082 = SURFACE_SIDE_STYLE('',(#18083));
#18083 = SURFACE_STYLE_FILL_AREA(#18084);
#18084 = FILL_AREA_STYLE('',(#18085));
#18085 = FILL_AREA_STYLE_COLOUR('',#17219);
#18086 = CURVE_STYLE('',#18087,POSITIVE_LENGTH_MEASURE(0.1),#17219);
#18087 = DRAUGHTING_PRE_DEFINED_CURVE_FONT('continuous');
#18088 = STYLED_ITEM('color',(#18089),#11626);
#18089 = PRESENTATION_STYLE_ASSIGNMENT((#18090,#18095));
#18090 = SURFACE_STYLE_USAGE(.BOTH.,#18091);
#18091 = SURFACE_SIDE_STYLE('',(#18092));
#18092 = SURFACE_STYLE_FILL_AREA(#18093);
#18093 = FILL_AREA_STYLE('',(#18094));
#18094 = FILL_AREA_STYLE_COLOUR('',#17219);
#18095 = CURVE_STYLE('',#18096,POSITIVE_LENGTH_MEASURE(0.1),#17219);
#18096 = DRAUGHTING_PRE_DEFINED_CURVE_FONT('continuous');
#18097 = STYLED_ITEM('color',(#18098),#11659);
#18098 = PRESENTATION_STYLE_ASSIGNMENT((#18099,#18104));
#18099 = SURFACE_STYLE_USAGE(.BOTH.,#18100);
#18100 = SURFACE_SIDE_STYLE('',(#18101));
#18101 = SURFACE_STYLE_FILL_AREA(#18102);
#18102 = FILL_AREA_STYLE('',(#18103));
#18103 = FILL_AREA_STYLE_COLOUR('',#17219);
#18104 = CURVE_STYLE('',#18105,POSITIVE_LENGTH_MEASURE(0.1),#17219);
#18105 = DRAUGHTING_PRE_DEFINED_CURVE_FONT('continuous');
#18106 = STYLED_ITEM('color',(#18107),#11699);
#18107 = PRESENTATION_STYLE_ASSIGNMENT((#18108,#18113));
#18108 = SURFACE_STYLE_USAGE(.BOTH.,#18109);
#18109 = SURFACE_SIDE_STYLE('',(#18110));
#18110 = SURFACE_STYLE_FILL_AREA(#18111);
#18111 = FILL_AREA_STYLE('',(#18112));
#18112 = FILL_AREA_STYLE_COLOUR('',#17219);
#18113 = CURVE_STYLE('',#18114,POSITIVE_LENGTH_MEASURE(0.1),#17219);
#18114 = DRAUGHTING_PRE_DEFINED_CURVE_FONT('continuous');
#18115 = STYLED_ITEM('color',(#18116),#11723);
#18116 = PRESENTATION_STYLE_ASSIGNMENT((#18117,#18122));
#18117 = SURFACE_STYLE_USAGE(.BOTH.,#18118);
#18118 = SURFACE_SIDE_STYLE('',(#18119));
#18119 = SURFACE_STYLE_FILL_AREA(#18120);
#18120 = FILL_AREA_STYLE('',(#18121));
#18121 = FILL_AREA_STYLE_COLOUR('',#17219);
#18122 = CURVE_STYLE('',#18123,POSITIVE_LENGTH_MEASURE(0.1),#17219);
#18123 = DRAUGHTING_PRE_DEFINED_CURVE_FONT('continuous');
#18124 = STYLED_ITEM('color',(#18125),#11756);
#18125 = PRESENTATION_STYLE_ASSIGNMENT((#18126,#18131));
#18126 = SURFACE_STYLE_USAGE(.BOTH.,#18127);
#18127 = SURFACE_SIDE_STYLE('',(#18128));
#18128 = SURFACE_STYLE_FILL_AREA(#18129);
#18129 = FILL_AREA_STYLE('',(#18130));
#18130 = FILL_AREA_STYLE_COLOUR('',#17219);
#18131 = CURVE_STYLE('',#18132,POSITIVE_LENGTH_MEASURE(0.1),#17219);
#18132 = DRAUGHTING_PRE_DEFINED_CURVE_FONT('continuous');
#18133 = STYLED_ITEM('color',(#18134),#11796);
#18134 = PRESENTATION_STYLE_ASSIGNMENT((#18135,#18140));
#18135 = SURFACE_STYLE_USAGE(.BOTH.,#18136);
#18136 = SURFACE_SIDE_STYLE('',(#18137));
#18137 = SURFACE_STYLE_FILL_AREA(#18138);
#18138 = FILL_AREA_STYLE('',(#18139));
#18139 = FILL_AREA_STYLE_COLOUR('',#17219);
#18140 = CURVE_STYLE('',#18141,POSITIVE_LENGTH_MEASURE(0.1),#17219);
#18141 = DRAUGHTING_PRE_DEFINED_CURVE_FONT('continuous');
#18142 = STYLED_ITEM('color',(#18143),#11820);
#18143 = PRESENTATION_STYLE_ASSIGNMENT((#18144,#18149));
#18144 = SURFACE_STYLE_USAGE(.BOTH.,#18145);
#18145 = SURFACE_SIDE_STYLE('',(#18146));
#18146 = SURFACE_STYLE_FILL_AREA(#18147);
#18147 = FILL_AREA_STYLE('',(#18148));
#18148 = FILL_AREA_STYLE_COLOUR('',#17219);
#18149 = CURVE_STYLE('',#18150,POSITIVE_LENGTH_MEASURE(0.1),#17219);
#18150 = DRAUGHTING_PRE_DEFINED_CURVE_FONT('continuous');
#18151 = STYLED_ITEM('color',(#18152),#11853);
#18152 = PRESENTATION_STYLE_ASSIGNMENT((#18153,#18158));
#18153 = SURFACE_STYLE_USAGE(.BOTH.,#18154);
#18154 = SURFACE_SIDE_STYLE('',(#18155));
#18155 = SURFACE_STYLE_FILL_AREA(#18156);
#18156 = FILL_AREA_STYLE('',(#18157));
#18157 = FILL_AREA_STYLE_COLOUR('',#17219);
#18158 = CURVE_STYLE('',#18159,POSITIVE_LENGTH_MEASURE(0.1),#17219);
#18159 = DRAUGHTING_PRE_DEFINED_CURVE_FONT('continuous');
#18160 = STYLED_ITEM('color',(#18161),#11893);
#18161 = PRESENTATION_STYLE_ASSIGNMENT((#18162,#18167));
#18162 = SURFACE_STYLE_USAGE(.BOTH.,#18163);
#18163 = SURFACE_SIDE_STYLE('',(#18164));
#18164 = SURFACE_STYLE_FILL_AREA(#18165);
#18165 = FILL_AREA_STYLE('',(#18166));
#18166 = FILL_AREA_STYLE_COLOUR('',#17219);
#18167 = CURVE_STYLE('',#18168,POSITIVE_LENGTH_MEASURE(0.1),#17219);
#18168 = DRAUGHTING_PRE_DEFINED_CURVE_FONT('continuous');
#18169 = STYLED_ITEM('color',(#18170),#11917);
#18170 = PRESENTATION_STYLE_ASSIGNMENT((#18171,#18176));
#18171 = SURFACE_STYLE_USAGE(.BOTH.,#18172);
#18172 = SURFACE_SIDE_STYLE('',(#18173));
#18173 = SURFACE_STYLE_FILL_AREA(#18174);
#18174 = FILL_AREA_STYLE('',(#18175));
#18175 = FILL_AREA_STYLE_COLOUR('',#17219);
#18176 = CURVE_STYLE('',#18177,POSITIVE_LENGTH_MEASURE(0.1),#17219);
#18177 = DRAUGHTING_PRE_DEFINED_CURVE_FONT('continuous');
#18178 = STYLED_ITEM('color',(#18179),#11950);
#18179 = PRESENTATION_STYLE_ASSIGNMENT((#18180,#18185));
#18180 = SURFACE_STYLE_USAGE(.BOTH.,#18181);
#18181 = SURFACE_SIDE_STYLE('',(#18182));
#18182 = SURFACE_STYLE_FILL_AREA(#18183);
#18183 = FILL_AREA_STYLE('',(#18184));
#18184 = FILL_AREA_STYLE_COLOUR('',#17219);
#18185 = CURVE_STYLE('',#18186,POSITIVE_LENGTH_MEASURE(0.1),#17219);
#18186 = DRAUGHTING_PRE_DEFINED_CURVE_FONT('continuous');
#18187 = STYLED_ITEM('color',(#18188),#11990);
#18188 = PRESENTATION_STYLE_ASSIGNMENT((#18189,#18194));
#18189 = SURFACE_STYLE_USAGE(.BOTH.,#18190);
#18190 = SURFACE_SIDE_STYLE('',(#18191));
#18191 = SURFACE_STYLE_FILL_AREA(#18192);
#18192 = FILL_AREA_STYLE('',(#18193));
#18193 = FILL_AREA_STYLE_COLOUR('',#17219);
#18194 = CURVE_STYLE('',#18195,POSITIVE_LENGTH_MEASURE(0.1),#17219);
#18195 = DRAUGHTING_PRE_DEFINED_CURVE_FONT('continuous');
#18196 = STYLED_ITEM('color',(#18197),#12014);
#18197 = PRESENTATION_STYLE_ASSIGNMENT((#18198,#18203));
#18198 = SURFACE_STYLE_USAGE(.BOTH.,#18199);
#18199 = SURFACE_SIDE_STYLE('',(#18200));
#18200 = SURFACE_STYLE_FILL_AREA(#18201);
#18201 = FILL_AREA_STYLE('',(#18202));
#18202 = FILL_AREA_STYLE_COLOUR('',#17219);
#18203 = CURVE_STYLE('',#18204,POSITIVE_LENGTH_MEASURE(0.1),#17219);
#18204 = DRAUGHTING_PRE_DEFINED_CURVE_FONT('continuous');
#18205 = STYLED_ITEM('color',(#18206),#12047);
#18206 = PRESENTATION_STYLE_ASSIGNMENT((#18207,#18212));
#18207 = SURFACE_STYLE_USAGE(.BOTH.,#18208);
#18208 = SURFACE_SIDE_STYLE('',(#18209));
#18209 = SURFACE_STYLE_FILL_AREA(#18210);
#18210 = FILL_AREA_STYLE('',(#18211));
#18211 = FILL_AREA_STYLE_COLOUR('',#17219);
#18212 = CURVE_STYLE('',#18213,POSITIVE_LENGTH_MEASURE(0.1),#17219);
#18213 = DRAUGHTING_PRE_DEFINED_CURVE_FONT('continuous');
#18214 = STYLED_ITEM('color',(#18215),#12087);
#18215 = PRESENTATION_STYLE_ASSIGNMENT((#18216,#18221));
#18216 = SURFACE_STYLE_USAGE(.BOTH.,#18217);
#18217 = SURFACE_SIDE_STYLE('',(#18218));
#18218 = SURFACE_STYLE_FILL_AREA(#18219);
#18219 = FILL_AREA_STYLE('',(#18220));
#18220 = FILL_AREA_STYLE_COLOUR('',#17219);
#18221 = CURVE_STYLE('',#18222,POSITIVE_LENGTH_MEASURE(0.1),#17219);
#18222 = DRAUGHTING_PRE_DEFINED_CURVE_FONT('continuous');
#18223 = STYLED_ITEM('color',(#18224),#12111);
#18224 = PRESENTATION_STYLE_ASSIGNMENT((#18225,#18230));
#18225 = SURFACE_STYLE_USAGE(.BOTH.,#18226);
#18226 = SURFACE_SIDE_STYLE('',(#18227));
#18227 = SURFACE_STYLE_FILL_AREA(#18228);
#18228 = FILL_AREA_STYLE('',(#18229));
#18229 = FILL_AREA_STYLE_COLOUR('',#17219);
#18230 = CURVE_STYLE('',#18231,POSITIVE_LENGTH_MEASURE(0.1),#17219);
#18231 = DRAUGHTING_PRE_DEFINED_CURVE_FONT('continuous');
#18232 = STYLED_ITEM('color',(#18233),#12144);
#18233 = PRESENTATION_STYLE_ASSIGNMENT((#18234,#18239));
#18234 = SURFACE_STYLE_USAGE(.BOTH.,#18235);
#18235 = SURFACE_SIDE_STYLE('',(#18236));
#18236 = SURFACE_STYLE_FILL_AREA(#18237);
#18237 = FILL_AREA_STYLE('',(#18238));
#18238 = FILL_AREA_STYLE_COLOUR('',#17219);
#18239 = CURVE_STYLE('',#18240,POSITIVE_LENGTH_MEASURE(0.1),#17219);
#18240 = DRAUGHTING_PRE_DEFINED_CURVE_FONT('continuous');
#18241 = STYLED_ITEM('color',(#18242),#12184);
#18242 = PRESENTATION_STYLE_ASSIGNMENT((#18243,#18248));
#18243 = SURFACE_STYLE_USAGE(.BOTH.,#18244);
#18244 = SURFACE_SIDE_STYLE('',(#18245));
#18245 = SURFACE_STYLE_FILL_AREA(#18246);
#18246 = FILL_AREA_STYLE('',(#18247));
#18247 = FILL_AREA_STYLE_COLOUR('',#17219);
#18248 = CURVE_STYLE('',#18249,POSITIVE_LENGTH_MEASURE(0.1),#17219);
#18249 = DRAUGHTING_PRE_DEFINED_CURVE_FONT('continuous');
#18250 = STYLED_ITEM('color',(#18251),#12208);
#18251 = PRESENTATION_STYLE_ASSIGNMENT((#18252,#18257));
#18252 = SURFACE_STYLE_USAGE(.BOTH.,#18253);
#18253 = SURFACE_SIDE_STYLE('',(#18254));
#18254 = SURFACE_STYLE_FILL_AREA(#18255);
#18255 = FILL_AREA_STYLE('',(#18256));
#18256 = FILL_AREA_STYLE_COLOUR('',#17219);
#18257 = CURVE_STYLE('',#18258,POSITIVE_LENGTH_MEASURE(0.1),#17219);
#18258 = DRAUGHTING_PRE_DEFINED_CURVE_FONT('continuous');
#18259 = STYLED_ITEM('color',(#18260),#12241);
#18260 = PRESENTATION_STYLE_ASSIGNMENT((#18261,#18266));
#18261 = SURFACE_STYLE_USAGE(.BOTH.,#18262);
#18262 = SURFACE_SIDE_STYLE('',(#18263));
#18263 = SURFACE_STYLE_FILL_AREA(#18264);
#18264 = FILL_AREA_STYLE('',(#18265));
#18265 = FILL_AREA_STYLE_COLOUR('',#17219);
#18266 = CURVE_STYLE('',#18267,POSITIVE_LENGTH_MEASURE(0.1),#17219);
#18267 = DRAUGHTING_PRE_DEFINED_CURVE_FONT('continuous');
#18268 = STYLED_ITEM('color',(#18269),#12281);
#18269 = PRESENTATION_STYLE_ASSIGNMENT((#18270,#18275));
#18270 = SURFACE_STYLE_USAGE(.BOTH.,#18271);
#18271 = SURFACE_SIDE_STYLE('',(#18272));
#18272 = SURFACE_STYLE_FILL_AREA(#18273);
#18273 = FILL_AREA_STYLE('',(#18274));
#18274 = FILL_AREA_STYLE_COLOUR('',#17219);
#18275 = CURVE_STYLE('',#18276,POSITIVE_LENGTH_MEASURE(0.1),#17219);
#18276 = DRAUGHTING_PRE_DEFINED_CURVE_FONT('continuous');
#18277 = STYLED_ITEM('color',(#18278),#12305);
#18278 = PRESENTATION_STYLE_ASSIGNMENT((#18279,#18284));
#18279 = SURFACE_STYLE_USAGE(.BOTH.,#18280);
#18280 = SURFACE_SIDE_STYLE('',(#18281));
#18281 = SURFACE_STYLE_FILL_AREA(#18282);
#18282 = FILL_AREA_STYLE('',(#18283));
#18283 = FILL_AREA_STYLE_COLOUR('',#17219);
#18284 = CURVE_STYLE('',#18285,POSITIVE_LENGTH_MEASURE(0.1),#17219);
#18285 = DRAUGHTING_PRE_DEFINED_CURVE_FONT('continuous');
#18286 = STYLED_ITEM('color',(#18287),#12338);
#18287 = PRESENTATION_STYLE_ASSIGNMENT((#18288,#18293));
#18288 = SURFACE_STYLE_USAGE(.BOTH.,#18289);
#18289 = SURFACE_SIDE_STYLE('',(#18290));
#18290 = SURFACE_STYLE_FILL_AREA(#18291);
#18291 = FILL_AREA_STYLE('',(#18292));
#18292 = FILL_AREA_STYLE_COLOUR('',#17219);
#18293 = CURVE_STYLE('',#18294,POSITIVE_LENGTH_MEASURE(0.1),#17219);
#18294 = DRAUGHTING_PRE_DEFINED_CURVE_FONT('continuous');
#18295 = STYLED_ITEM('color',(#18296),#12378);
#18296 = PRESENTATION_STYLE_ASSIGNMENT((#18297,#18302));
#18297 = SURFACE_STYLE_USAGE(.BOTH.,#18298);
#18298 = SURFACE_SIDE_STYLE('',(#18299));
#18299 = SURFACE_STYLE_FILL_AREA(#18300);
#18300 = FILL_AREA_STYLE('',(#18301));
#18301 = FILL_AREA_STYLE_COLOUR('',#17219);
#18302 = CURVE_STYLE('',#18303,POSITIVE_LENGTH_MEASURE(0.1),#17219);
#18303 = DRAUGHTING_PRE_DEFINED_CURVE_FONT('continuous');
#18304 = STYLED_ITEM('color',(#18305),#12402);
#18305 = PRESENTATION_STYLE_ASSIGNMENT((#18306,#18311));
#18306 = SURFACE_STYLE_USAGE(.BOTH.,#18307);
#18307 = SURFACE_SIDE_STYLE('',(#18308));
#18308 = SURFACE_STYLE_FILL_AREA(#18309);
#18309 = FILL_AREA_STYLE('',(#18310));
#18310 = FILL_AREA_STYLE_COLOUR('',#17219);
#18311 = CURVE_STYLE('',#18312,POSITIVE_LENGTH_MEASURE(0.1),#17219);
#18312 = DRAUGHTING_PRE_DEFINED_CURVE_FONT('continuous');
#18313 = STYLED_ITEM('color',(#18314),#12435);
#18314 = PRESENTATION_STYLE_ASSIGNMENT((#18315,#18320));
#18315 = SURFACE_STYLE_USAGE(.BOTH.,#18316);
#18316 = SURFACE_SIDE_STYLE('',(#18317));
#18317 = SURFACE_STYLE_FILL_AREA(#18318);
#18318 = FILL_AREA_STYLE('',(#18319));
#18319 = FILL_AREA_STYLE_COLOUR('',#17219);
#18320 = CURVE_STYLE('',#18321,POSITIVE_LENGTH_MEASURE(0.1),#17219);
#18321 = DRAUGHTING_PRE_DEFINED_CURVE_FONT('continuous');
#18322 = STYLED_ITEM('color',(#18323),#12452);
#18323 = PRESENTATION_STYLE_ASSIGNMENT((#18324,#18329));
#18324 = SURFACE_STYLE_USAGE(.BOTH.,#18325);
#18325 = SURFACE_SIDE_STYLE('',(#18326));
#18326 = SURFACE_STYLE_FILL_AREA(#18327);
#18327 = FILL_AREA_STYLE('',(#18328));
#18328 = FILL_AREA_STYLE_COLOUR('',#17219);
#18329 = CURVE_STYLE('',#18330,POSITIVE_LENGTH_MEASURE(0.1),#17219);
#18330 = DRAUGHTING_PRE_DEFINED_CURVE_FONT('continuous');
#18331 = STYLED_ITEM('color',(#18332),#12469);
#18332 = PRESENTATION_STYLE_ASSIGNMENT((#18333,#18338));
#18333 = SURFACE_STYLE_USAGE(.BOTH.,#18334);
#18334 = SURFACE_SIDE_STYLE('',(#18335));
#18335 = SURFACE_STYLE_FILL_AREA(#18336);
#18336 = FILL_AREA_STYLE('',(#18337));
#18337 = FILL_AREA_STYLE_COLOUR('',#17219);
#18338 = CURVE_STYLE('',#18339,POSITIVE_LENGTH_MEASURE(0.1),#17219);
#18339 = DRAUGHTING_PRE_DEFINED_CURVE_FONT('continuous');
#18340 = STYLED_ITEM('color',(#18341),#12486);
#18341 = PRESENTATION_STYLE_ASSIGNMENT((#18342,#18347));
#18342 = SURFACE_STYLE_USAGE(.BOTH.,#18343);
#18343 = SURFACE_SIDE_STYLE('',(#18344));
#18344 = SURFACE_STYLE_FILL_AREA(#18345);
#18345 = FILL_AREA_STYLE('',(#18346));
#18346 = FILL_AREA_STYLE_COLOUR('',#17219);
#18347 = CURVE_STYLE('',#18348,POSITIVE_LENGTH_MEASURE(0.1),#17219);
#18348 = DRAUGHTING_PRE_DEFINED_CURVE_FONT('continuous');
#18349 = STYLED_ITEM('color',(#18350),#12503);
#18350 = PRESENTATION_STYLE_ASSIGNMENT((#18351,#18356));
#18351 = SURFACE_STYLE_USAGE(.BOTH.,#18352);
#18352 = SURFACE_SIDE_STYLE('',(#18353));
#18353 = SURFACE_STYLE_FILL_AREA(#18354);
#18354 = FILL_AREA_STYLE('',(#18355));
#18355 = FILL_AREA_STYLE_COLOUR('',#17219);
#18356 = CURVE_STYLE('',#18357,POSITIVE_LENGTH_MEASURE(0.1),#17219);
#18357 = DRAUGHTING_PRE_DEFINED_CURVE_FONT('continuous');
#18358 = STYLED_ITEM('color',(#18359),#12520);
#18359 = PRESENTATION_STYLE_ASSIGNMENT((#18360,#18365));
#18360 = SURFACE_STYLE_USAGE(.BOTH.,#18361);
#18361 = SURFACE_SIDE_STYLE('',(#18362));
#18362 = SURFACE_STYLE_FILL_AREA(#18363);
#18363 = FILL_AREA_STYLE('',(#18364));
#18364 = FILL_AREA_STYLE_COLOUR('',#17219);
#18365 = CURVE_STYLE('',#18366,POSITIVE_LENGTH_MEASURE(0.1),#17219);
#18366 = DRAUGHTING_PRE_DEFINED_CURVE_FONT('continuous');
#18367 = STYLED_ITEM('color',(#18368),#12537);
#18368 = PRESENTATION_STYLE_ASSIGNMENT((#18369,#18374));
#18369 = SURFACE_STYLE_USAGE(.BOTH.,#18370);
#18370 = SURFACE_SIDE_STYLE('',(#18371));
#18371 = SURFACE_STYLE_FILL_AREA(#18372);
#18372 = FILL_AREA_STYLE('',(#18373));
#18373 = FILL_AREA_STYLE_COLOUR('',#17219);
#18374 = CURVE_STYLE('',#18375,POSITIVE_LENGTH_MEASURE(0.1),#17219);
#18375 = DRAUGHTING_PRE_DEFINED_CURVE_FONT('continuous');
#18376 = STYLED_ITEM('color',(#18377),#12554);
#18377 = PRESENTATION_STYLE_ASSIGNMENT((#18378,#18383));
#18378 = SURFACE_STYLE_USAGE(.BOTH.,#18379);
#18379 = SURFACE_SIDE_STYLE('',(#18380));
#18380 = SURFACE_STYLE_FILL_AREA(#18381);
#18381 = FILL_AREA_STYLE('',(#18382));
#18382 = FILL_AREA_STYLE_COLOUR('',#17219);
#18383 = CURVE_STYLE('',#18384,POSITIVE_LENGTH_MEASURE(0.1),#17219);
#18384 = DRAUGHTING_PRE_DEFINED_CURVE_FONT('continuous');
#18385 = STYLED_ITEM('color',(#18386),#12571);
#18386 = PRESENTATION_STYLE_ASSIGNMENT((#18387,#18392));
#18387 = SURFACE_STYLE_USAGE(.BOTH.,#18388);
#18388 = SURFACE_SIDE_STYLE('',(#18389));
#18389 = SURFACE_STYLE_FILL_AREA(#18390);
#18390 = FILL_AREA_STYLE('',(#18391));
#18391 = FILL_AREA_STYLE_COLOUR('',#17219);
#18392 = CURVE_STYLE('',#18393,POSITIVE_LENGTH_MEASURE(0.1),#17219);
#18393 = DRAUGHTING_PRE_DEFINED_CURVE_FONT('continuous');
#18394 = STYLED_ITEM('color',(#18395),#12588);
#18395 = PRESENTATION_STYLE_ASSIGNMENT((#18396,#18401));
#18396 = SURFACE_STYLE_USAGE(.BOTH.,#18397);
#18397 = SURFACE_SIDE_STYLE('',(#18398));
#18398 = SURFACE_STYLE_FILL_AREA(#18399);
#18399 = FILL_AREA_STYLE('',(#18400));
#18400 = FILL_AREA_STYLE_COLOUR('',#17219);
#18401 = CURVE_STYLE('',#18402,POSITIVE_LENGTH_MEASURE(0.1),#17219);
#18402 = DRAUGHTING_PRE_DEFINED_CURVE_FONT('continuous');
#18403 = STYLED_ITEM('color',(#18404),#12605);
#18404 = PRESENTATION_STYLE_ASSIGNMENT((#18405,#18410));
#18405 = SURFACE_STYLE_USAGE(.BOTH.,#18406);
#18406 = SURFACE_SIDE_STYLE('',(#18407));
#18407 = SURFACE_STYLE_FILL_AREA(#18408);
#18408 = FILL_AREA_STYLE('',(#18409));
#18409 = FILL_AREA_STYLE_COLOUR('',#17219);
#18410 = CURVE_STYLE('',#18411,POSITIVE_LENGTH_MEASURE(0.1),#17219);
#18411 = DRAUGHTING_PRE_DEFINED_CURVE_FONT('continuous');
#18412 = STYLED_ITEM('color',(#18413),#12622);
#18413 = PRESENTATION_STYLE_ASSIGNMENT((#18414,#18419));
#18414 = SURFACE_STYLE_USAGE(.BOTH.,#18415);
#18415 = SURFACE_SIDE_STYLE('',(#18416));
#18416 = SURFACE_STYLE_FILL_AREA(#18417);
#18417 = FILL_AREA_STYLE('',(#18418));
#18418 = FILL_AREA_STYLE_COLOUR('',#17219);
#18419 = CURVE_STYLE('',#18420,POSITIVE_LENGTH_MEASURE(0.1),#17219);
#18420 = DRAUGHTING_PRE_DEFINED_CURVE_FONT('continuous');
#18421 = STYLED_ITEM('color',(#18422),#12639);
#18422 = PRESENTATION_STYLE_ASSIGNMENT((#18423,#18428));
#18423 = SURFACE_STYLE_USAGE(.BOTH.,#18424);
#18424 = SURFACE_SIDE_STYLE('',(#18425));
#18425 = SURFACE_STYLE_FILL_AREA(#18426);
#18426 = FILL_AREA_STYLE('',(#18427));
#18427 = FILL_AREA_STYLE_COLOUR('',#17219);
#18428 = CURVE_STYLE('',#18429,POSITIVE_LENGTH_MEASURE(0.1),#17219);
#18429 = DRAUGHTING_PRE_DEFINED_CURVE_FONT('continuous');
#18430 = STYLED_ITEM('color',(#18431),#12656);
#18431 = PRESENTATION_STYLE_ASSIGNMENT((#18432,#18437));
#18432 = SURFACE_STYLE_USAGE(.BOTH.,#18433);
#18433 = SURFACE_SIDE_STYLE('',(#18434));
#18434 = SURFACE_STYLE_FILL_AREA(#18435);
#18435 = FILL_AREA_STYLE('',(#18436));
#18436 = FILL_AREA_STYLE_COLOUR('',#17219);
#18437 = CURVE_STYLE('',#18438,POSITIVE_LENGTH_MEASURE(0.1),#17219);
#18438 = DRAUGHTING_PRE_DEFINED_CURVE_FONT('continuous');
#18439 = STYLED_ITEM('color',(#18440),#12673);
#18440 = PRESENTATION_STYLE_ASSIGNMENT((#18441,#18446));
#18441 = SURFACE_STYLE_USAGE(.BOTH.,#18442);
#18442 = SURFACE_SIDE_STYLE('',(#18443));
#18443 = SURFACE_STYLE_FILL_AREA(#18444);
#18444 = FILL_AREA_STYLE('',(#18445));
#18445 = FILL_AREA_STYLE_COLOUR('',#17219);
#18446 = CURVE_STYLE('',#18447,POSITIVE_LENGTH_MEASURE(0.1),#17219);
#18447 = DRAUGHTING_PRE_DEFINED_CURVE_FONT('continuous');
#18448 = STYLED_ITEM('color',(#18449),#12690);
#18449 = PRESENTATION_STYLE_ASSIGNMENT((#18450,#18455));
#18450 = SURFACE_STYLE_USAGE(.BOTH.,#18451);
#18451 = SURFACE_SIDE_STYLE('',(#18452));
#18452 = SURFACE_STYLE_FILL_AREA(#18453);
#18453 = FILL_AREA_STYLE('',(#18454));
#18454 = FILL_AREA_STYLE_COLOUR('',#17219);
#18455 = CURVE_STYLE('',#18456,POSITIVE_LENGTH_MEASURE(0.1),#17219);
#18456 = DRAUGHTING_PRE_DEFINED_CURVE_FONT('continuous');
#18457 = STYLED_ITEM('color',(#18458),#12707);
#18458 = PRESENTATION_STYLE_ASSIGNMENT((#18459,#18464));
#18459 = SURFACE_STYLE_USAGE(.BOTH.,#18460);
#18460 = SURFACE_SIDE_STYLE('',(#18461));
#18461 = SURFACE_STYLE_FILL_AREA(#18462);
#18462 = FILL_AREA_STYLE('',(#18463));
#18463 = FILL_AREA_STYLE_COLOUR('',#17219);
#18464 = CURVE_STYLE('',#18465,POSITIVE_LENGTH_MEASURE(0.1),#17219);
#18465 = DRAUGHTING_PRE_DEFINED_CURVE_FONT('continuous');
#18466 = STYLED_ITEM('color',(#18467),#12738);
#18467 = PRESENTATION_STYLE_ASSIGNMENT((#18468,#18473));
#18468 = SURFACE_STYLE_USAGE(.BOTH.,#18469);
#18469 = SURFACE_SIDE_STYLE('',(#18470));
#18470 = SURFACE_STYLE_FILL_AREA(#18471);
#18471 = FILL_AREA_STYLE('',(#18472));
#18472 = FILL_AREA_STYLE_COLOUR('',#17219);
#18473 = CURVE_STYLE('',#18474,POSITIVE_LENGTH_MEASURE(0.1),#17219);
#18474 = DRAUGHTING_PRE_DEFINED_CURVE_FONT('continuous');
#18475 = STYLED_ITEM('color',(#18476),#12762);
#18476 = PRESENTATION_STYLE_ASSIGNMENT((#18477,#18482));
#18477 = SURFACE_STYLE_USAGE(.BOTH.,#18478);
#18478 = SURFACE_SIDE_STYLE('',(#18479));
#18479 = SURFACE_STYLE_FILL_AREA(#18480);
#18480 = FILL_AREA_STYLE('',(#18481));
#18481 = FILL_AREA_STYLE_COLOUR('',#17219);
#18482 = CURVE_STYLE('',#18483,POSITIVE_LENGTH_MEASURE(0.1),#17219);
#18483 = DRAUGHTING_PRE_DEFINED_CURVE_FONT('continuous');
#18484 = STYLED_ITEM('color',(#18485),#12786);
#18485 = PRESENTATION_STYLE_ASSIGNMENT((#18486,#18491));
#18486 = SURFACE_STYLE_USAGE(.BOTH.,#18487);
#18487 = SURFACE_SIDE_STYLE('',(#18488));
#18488 = SURFACE_STYLE_FILL_AREA(#18489);
#18489 = FILL_AREA_STYLE('',(#18490));
#18490 = FILL_AREA_STYLE_COLOUR('',#17219);
#18491 = CURVE_STYLE('',#18492,POSITIVE_LENGTH_MEASURE(0.1),#17219);
#18492 = DRAUGHTING_PRE_DEFINED_CURVE_FONT('continuous');
#18493 = STYLED_ITEM('color',(#18494),#12810);
#18494 = PRESENTATION_STYLE_ASSIGNMENT((#18495,#18500));
#18495 = SURFACE_STYLE_USAGE(.BOTH.,#18496);
#18496 = SURFACE_SIDE_STYLE('',(#18497));
#18497 = SURFACE_STYLE_FILL_AREA(#18498);
#18498 = FILL_AREA_STYLE('',(#18499));
#18499 = FILL_AREA_STYLE_COLOUR('',#17219);
#18500 = CURVE_STYLE('',#18501,POSITIVE_LENGTH_MEASURE(0.1),#17219);
#18501 = DRAUGHTING_PRE_DEFINED_CURVE_FONT('continuous');
#18502 = STYLED_ITEM('color',(#18503),#12827);
#18503 = PRESENTATION_STYLE_ASSIGNMENT((#18504,#18509));
#18504 = SURFACE_STYLE_USAGE(.BOTH.,#18505);
#18505 = SURFACE_SIDE_STYLE('',(#18506));
#18506 = SURFACE_STYLE_FILL_AREA(#18507);
#18507 = FILL_AREA_STYLE('',(#18508));
#18508 = FILL_AREA_STYLE_COLOUR('',#17219);
#18509 = CURVE_STYLE('',#18510,POSITIVE_LENGTH_MEASURE(0.1),#17219);
#18510 = DRAUGHTING_PRE_DEFINED_CURVE_FONT('continuous');
#18511 = STYLED_ITEM('color',(#18512),#12844);
#18512 = PRESENTATION_STYLE_ASSIGNMENT((#18513,#18518));
#18513 = SURFACE_STYLE_USAGE(.BOTH.,#18514);
#18514 = SURFACE_SIDE_STYLE('',(#18515));
#18515 = SURFACE_STYLE_FILL_AREA(#18516);
#18516 = FILL_AREA_STYLE('',(#18517));
#18517 = FILL_AREA_STYLE_COLOUR('',#17219);
#18518 = CURVE_STYLE('',#18519,POSITIVE_LENGTH_MEASURE(0.1),#17219);
#18519 = DRAUGHTING_PRE_DEFINED_CURVE_FONT('continuous');
#18520 = STYLED_ITEM('color',(#18521),#12856);
#18521 = PRESENTATION_STYLE_ASSIGNMENT((#18522,#18527));
#18522 = SURFACE_STYLE_USAGE(.BOTH.,#18523);
#18523 = SURFACE_SIDE_STYLE('',(#18524));
#18524 = SURFACE_STYLE_FILL_AREA(#18525);
#18525 = FILL_AREA_STYLE('',(#18526));
#18526 = FILL_AREA_STYLE_COLOUR('',#17219);
#18527 = CURVE_STYLE('',#18528,POSITIVE_LENGTH_MEASURE(0.1),#17219);
#18528 = DRAUGHTING_PRE_DEFINED_CURVE_FONT('continuous');
#18529 = STYLED_ITEM('color',(#18530),#12873);
#18530 = PRESENTATION_STYLE_ASSIGNMENT((#18531,#18536));
#18531 = SURFACE_STYLE_USAGE(.BOTH.,#18532);
#18532 = SURFACE_SIDE_STYLE('',(#18533));
#18533 = SURFACE_STYLE_FILL_AREA(#18534);
#18534 = FILL_AREA_STYLE('',(#18535));
#18535 = FILL_AREA_STYLE_COLOUR('',#17219);
#18536 = CURVE_STYLE('',#18537,POSITIVE_LENGTH_MEASURE(0.1),#17219);
#18537 = DRAUGHTING_PRE_DEFINED_CURVE_FONT('continuous');
#18538 = STYLED_ITEM('color',(#18539),#12885);
#18539 = PRESENTATION_STYLE_ASSIGNMENT((#18540,#18545));
#18540 = SURFACE_STYLE_USAGE(.BOTH.,#18541);
#18541 = SURFACE_SIDE_STYLE('',(#18542));
#18542 = SURFACE_STYLE_FILL_AREA(#18543);
#18543 = FILL_AREA_STYLE('',(#18544));
#18544 = FILL_AREA_STYLE_COLOUR('',#17219);
#18545 = CURVE_STYLE('',#18546,POSITIVE_LENGTH_MEASURE(0.1),#17219);
#18546 = DRAUGHTING_PRE_DEFINED_CURVE_FONT('continuous');
#18547 = STYLED_ITEM('color',(#18548),#12902);
#18548 = PRESENTATION_STYLE_ASSIGNMENT((#18549,#18554));
#18549 = SURFACE_STYLE_USAGE(.BOTH.,#18550);
#18550 = SURFACE_SIDE_STYLE('',(#18551));
#18551 = SURFACE_STYLE_FILL_AREA(#18552);
#18552 = FILL_AREA_STYLE('',(#18553));
#18553 = FILL_AREA_STYLE_COLOUR('',#17219);
#18554 = CURVE_STYLE('',#18555,POSITIVE_LENGTH_MEASURE(0.1),#17219);
#18555 = DRAUGHTING_PRE_DEFINED_CURVE_FONT('continuous');
#18556 = STYLED_ITEM('color',(#18557),#12914);
#18557 = PRESENTATION_STYLE_ASSIGNMENT((#18558,#18563));
#18558 = SURFACE_STYLE_USAGE(.BOTH.,#18559);
#18559 = SURFACE_SIDE_STYLE('',(#18560));
#18560 = SURFACE_STYLE_FILL_AREA(#18561);
#18561 = FILL_AREA_STYLE('',(#18562));
#18562 = FILL_AREA_STYLE_COLOUR('',#17219);
#18563 = CURVE_STYLE('',#18564,POSITIVE_LENGTH_MEASURE(0.1),#17219);
#18564 = DRAUGHTING_PRE_DEFINED_CURVE_FONT('continuous');
#18565 = STYLED_ITEM('color',(#18566),#12931);
#18566 = PRESENTATION_STYLE_ASSIGNMENT((#18567,#18572));
#18567 = SURFACE_STYLE_USAGE(.BOTH.,#18568);
#18568 = SURFACE_SIDE_STYLE('',(#18569));
#18569 = SURFACE_STYLE_FILL_AREA(#18570);
#18570 = FILL_AREA_STYLE('',(#18571));
#18571 = FILL_AREA_STYLE_COLOUR('',#17219);
#18572 = CURVE_STYLE('',#18573,POSITIVE_LENGTH_MEASURE(0.1),#17219);
#18573 = DRAUGHTING_PRE_DEFINED_CURVE_FONT('continuous');
#18574 = STYLED_ITEM('color',(#18575),#12943);
#18575 = PRESENTATION_STYLE_ASSIGNMENT((#18576,#18581));
#18576 = SURFACE_STYLE_USAGE(.BOTH.,#18577);
#18577 = SURFACE_SIDE_STYLE('',(#18578));
#18578 = SURFACE_STYLE_FILL_AREA(#18579);
#18579 = FILL_AREA_STYLE('',(#18580));
#18580 = FILL_AREA_STYLE_COLOUR('',#17219);
#18581 = CURVE_STYLE('',#18582,POSITIVE_LENGTH_MEASURE(0.1),#17219);
#18582 = DRAUGHTING_PRE_DEFINED_CURVE_FONT('continuous');
#18583 = STYLED_ITEM('color',(#18584),#12960);
#18584 = PRESENTATION_STYLE_ASSIGNMENT((#18585,#18590));
#18585 = SURFACE_STYLE_USAGE(.BOTH.,#18586);
#18586 = SURFACE_SIDE_STYLE('',(#18587));
#18587 = SURFACE_STYLE_FILL_AREA(#18588);
#18588 = FILL_AREA_STYLE('',(#18589));
#18589 = FILL_AREA_STYLE_COLOUR('',#17219);
#18590 = CURVE_STYLE('',#18591,POSITIVE_LENGTH_MEASURE(0.1),#17219);
#18591 = DRAUGHTING_PRE_DEFINED_CURVE_FONT('continuous');
#18592 = STYLED_ITEM('color',(#18593),#12972);
#18593 = PRESENTATION_STYLE_ASSIGNMENT((#18594,#18599));
#18594 = SURFACE_STYLE_USAGE(.BOTH.,#18595);
#18595 = SURFACE_SIDE_STYLE('',(#18596));
#18596 = SURFACE_STYLE_FILL_AREA(#18597);
#18597 = FILL_AREA_STYLE('',(#18598));
#18598 = FILL_AREA_STYLE_COLOUR('',#17219);
#18599 = CURVE_STYLE('',#18600,POSITIVE_LENGTH_MEASURE(0.1),#17219);
#18600 = DRAUGHTING_PRE_DEFINED_CURVE_FONT('continuous');
#18601 = STYLED_ITEM('color',(#18602),#12989);
#18602 = PRESENTATION_STYLE_ASSIGNMENT((#18603,#18608));
#18603 = SURFACE_STYLE_USAGE(.BOTH.,#18604);
#18604 = SURFACE_SIDE_STYLE('',(#18605));
#18605 = SURFACE_STYLE_FILL_AREA(#18606);
#18606 = FILL_AREA_STYLE('',(#18607));
#18607 = FILL_AREA_STYLE_COLOUR('',#17219);
#18608 = CURVE_STYLE('',#18609,POSITIVE_LENGTH_MEASURE(0.1),#17219);
#18609 = DRAUGHTING_PRE_DEFINED_CURVE_FONT('continuous');
#18610 = STYLED_ITEM('color',(#18611),#13001);
#18611 = PRESENTATION_STYLE_ASSIGNMENT((#18612,#18617));
#18612 = SURFACE_STYLE_USAGE(.BOTH.,#18613);
#18613 = SURFACE_SIDE_STYLE('',(#18614));
#18614 = SURFACE_STYLE_FILL_AREA(#18615);
#18615 = FILL_AREA_STYLE('',(#18616));
#18616 = FILL_AREA_STYLE_COLOUR('',#17219);
#18617 = CURVE_STYLE('',#18618,POSITIVE_LENGTH_MEASURE(0.1),#17219);
#18618 = DRAUGHTING_PRE_DEFINED_CURVE_FONT('continuous');
#18619 = STYLED_ITEM('color',(#18620),#13018);
#18620 = PRESENTATION_STYLE_ASSIGNMENT((#18621,#18626));
#18621 = SURFACE_STYLE_USAGE(.BOTH.,#18622);
#18622 = SURFACE_SIDE_STYLE('',(#18623));
#18623 = SURFACE_STYLE_FILL_AREA(#18624);
#18624 = FILL_AREA_STYLE('',(#18625));
#18625 = FILL_AREA_STYLE_COLOUR('',#17219);
#18626 = CURVE_STYLE('',#18627,POSITIVE_LENGTH_MEASURE(0.1),#17219);
#18627 = DRAUGHTING_PRE_DEFINED_CURVE_FONT('continuous');
#18628 = STYLED_ITEM('color',(#18629),#13030);
#18629 = PRESENTATION_STYLE_ASSIGNMENT((#18630,#18635));
#18630 = SURFACE_STYLE_USAGE(.BOTH.,#18631);
#18631 = SURFACE_SIDE_STYLE('',(#18632));
#18632 = SURFACE_STYLE_FILL_AREA(#18633);
#18633 = FILL_AREA_STYLE('',(#18634));
#18634 = FILL_AREA_STYLE_COLOUR('',#17219);
#18635 = CURVE_STYLE('',#18636,POSITIVE_LENGTH_MEASURE(0.1),#17219);
#18636 = DRAUGHTING_PRE_DEFINED_CURVE_FONT('continuous');
#18637 = STYLED_ITEM('color',(#18638),#13047);
#18638 = PRESENTATION_STYLE_ASSIGNMENT((#18639,#18644));
#18639 = SURFACE_STYLE_USAGE(.BOTH.,#18640);
#18640 = SURFACE_SIDE_STYLE('',(#18641));
#18641 = SURFACE_STYLE_FILL_AREA(#18642);
#18642 = FILL_AREA_STYLE('',(#18643));
#18643 = FILL_AREA_STYLE_COLOUR('',#17219);
#18644 = CURVE_STYLE('',#18645,POSITIVE_LENGTH_MEASURE(0.1),#17219);
#18645 = DRAUGHTING_PRE_DEFINED_CURVE_FONT('continuous');
#18646 = STYLED_ITEM('color',(#18647),#13059);
#18647 = PRESENTATION_STYLE_ASSIGNMENT((#18648,#18653));
#18648 = SURFACE_STYLE_USAGE(.BOTH.,#18649);
#18649 = SURFACE_SIDE_STYLE('',(#18650));
#18650 = SURFACE_STYLE_FILL_AREA(#18651);
#18651 = FILL_AREA_STYLE('',(#18652));
#18652 = FILL_AREA_STYLE_COLOUR('',#17219);
#18653 = CURVE_STYLE('',#18654,POSITIVE_LENGTH_MEASURE(0.1),#17219);
#18654 = DRAUGHTING_PRE_DEFINED_CURVE_FONT('continuous');
#18655 = STYLED_ITEM('color',(#18656),#13076);
#18656 = PRESENTATION_STYLE_ASSIGNMENT((#18657,#18662));
#18657 = SURFACE_STYLE_USAGE(.BOTH.,#18658);
#18658 = SURFACE_SIDE_STYLE('',(#18659));
#18659 = SURFACE_STYLE_FILL_AREA(#18660);
#18660 = FILL_AREA_STYLE('',(#18661));
#18661 = FILL_AREA_STYLE_COLOUR('',#17219);
#18662 = CURVE_STYLE('',#18663,POSITIVE_LENGTH_MEASURE(0.1),#17219);
#18663 = DRAUGHTING_PRE_DEFINED_CURVE_FONT('continuous');
#18664 = STYLED_ITEM('color',(#18665),#13088);
#18665 = PRESENTATION_STYLE_ASSIGNMENT((#18666,#18671));
#18666 = SURFACE_STYLE_USAGE(.BOTH.,#18667);
#18667 = SURFACE_SIDE_STYLE('',(#18668));
#18668 = SURFACE_STYLE_FILL_AREA(#18669);
#18669 = FILL_AREA_STYLE('',(#18670));
#18670 = FILL_AREA_STYLE_COLOUR('',#17219);
#18671 = CURVE_STYLE('',#18672,POSITIVE_LENGTH_MEASURE(0.1),#17219);
#18672 = DRAUGHTING_PRE_DEFINED_CURVE_FONT('continuous');
#18673 = STYLED_ITEM('color',(#18674),#13105);
#18674 = PRESENTATION_STYLE_ASSIGNMENT((#18675,#18680));
#18675 = SURFACE_STYLE_USAGE(.BOTH.,#18676);
#18676 = SURFACE_SIDE_STYLE('',(#18677));
#18677 = SURFACE_STYLE_FILL_AREA(#18678);
#18678 = FILL_AREA_STYLE('',(#18679));
#18679 = FILL_AREA_STYLE_COLOUR('',#17219);
#18680 = CURVE_STYLE('',#18681,POSITIVE_LENGTH_MEASURE(0.1),#17219);
#18681 = DRAUGHTING_PRE_DEFINED_CURVE_FONT('continuous');
#18682 = STYLED_ITEM('color',(#18683),#13117);
#18683 = PRESENTATION_STYLE_ASSIGNMENT((#18684,#18689));
#18684 = SURFACE_STYLE_USAGE(.BOTH.,#18685);
#18685 = SURFACE_SIDE_STYLE('',(#18686));
#18686 = SURFACE_STYLE_FILL_AREA(#18687);
#18687 = FILL_AREA_STYLE('',(#18688));
#18688 = FILL_AREA_STYLE_COLOUR('',#17219);
#18689 = CURVE_STYLE('',#18690,POSITIVE_LENGTH_MEASURE(0.1),#17219);
#18690 = DRAUGHTING_PRE_DEFINED_CURVE_FONT('continuous');
#18691 = STYLED_ITEM('color',(#18692),#13134);
#18692 = PRESENTATION_STYLE_ASSIGNMENT((#18693,#18698));
#18693 = SURFACE_STYLE_USAGE(.BOTH.,#18694);
#18694 = SURFACE_SIDE_STYLE('',(#18695));
#18695 = SURFACE_STYLE_FILL_AREA(#18696);
#18696 = FILL_AREA_STYLE('',(#18697));
#18697 = FILL_AREA_STYLE_COLOUR('',#17219);
#18698 = CURVE_STYLE('',#18699,POSITIVE_LENGTH_MEASURE(0.1),#17219);
#18699 = DRAUGHTING_PRE_DEFINED_CURVE_FONT('continuous');
#18700 = STYLED_ITEM('color',(#18701),#13146);
#18701 = PRESENTATION_STYLE_ASSIGNMENT((#18702,#18707));
#18702 = SURFACE_STYLE_USAGE(.BOTH.,#18703);
#18703 = SURFACE_SIDE_STYLE('',(#18704));
#18704 = SURFACE_STYLE_FILL_AREA(#18705);
#18705 = FILL_AREA_STYLE('',(#18706));
#18706 = FILL_AREA_STYLE_COLOUR('',#17219);
#18707 = CURVE_STYLE('',#18708,POSITIVE_LENGTH_MEASURE(0.1),#17219);
#18708 = DRAUGHTING_PRE_DEFINED_CURVE_FONT('continuous');
#18709 = STYLED_ITEM('color',(#18710),#13163);
#18710 = PRESENTATION_STYLE_ASSIGNMENT((#18711,#18716));
#18711 = SURFACE_STYLE_USAGE(.BOTH.,#18712);
#18712 = SURFACE_SIDE_STYLE('',(#18713));
#18713 = SURFACE_STYLE_FILL_AREA(#18714);
#18714 = FILL_AREA_STYLE('',(#18715));
#18715 = FILL_AREA_STYLE_COLOUR('',#17219);
#18716 = CURVE_STYLE('',#18717,POSITIVE_LENGTH_MEASURE(0.1),#17219);
#18717 = DRAUGHTING_PRE_DEFINED_CURVE_FONT('continuous');
#18718 = STYLED_ITEM('color',(#18719),#13175);
#18719 = PRESENTATION_STYLE_ASSIGNMENT((#18720,#18725));
#18720 = SURFACE_STYLE_USAGE(.BOTH.,#18721);
#18721 = SURFACE_SIDE_STYLE('',(#18722));
#18722 = SURFACE_STYLE_FILL_AREA(#18723);
#18723 = FILL_AREA_STYLE('',(#18724));
#18724 = FILL_AREA_STYLE_COLOUR('',#17219);
#18725 = CURVE_STYLE('',#18726,POSITIVE_LENGTH_MEASURE(0.1),#17219);
#18726 = DRAUGHTING_PRE_DEFINED_CURVE_FONT('continuous');
#18727 = STYLED_ITEM('color',(#18728),#13192);
#18728 = PRESENTATION_STYLE_ASSIGNMENT((#18729,#18734));
#18729 = SURFACE_STYLE_USAGE(.BOTH.,#18730);
#18730 = SURFACE_SIDE_STYLE('',(#18731));
#18731 = SURFACE_STYLE_FILL_AREA(#18732);
#18732 = FILL_AREA_STYLE('',(#18733));
#18733 = FILL_AREA_STYLE_COLOUR('',#17219);
#18734 = CURVE_STYLE('',#18735,POSITIVE_LENGTH_MEASURE(0.1),#17219);
#18735 = DRAUGHTING_PRE_DEFINED_CURVE_FONT('continuous');
#18736 = STYLED_ITEM('color',(#18737),#13204);
#18737 = PRESENTATION_STYLE_ASSIGNMENT((#18738,#18743));
#18738 = SURFACE_STYLE_USAGE(.BOTH.,#18739);
#18739 = SURFACE_SIDE_STYLE('',(#18740));
#18740 = SURFACE_STYLE_FILL_AREA(#18741);
#18741 = FILL_AREA_STYLE('',(#18742));
#18742 = FILL_AREA_STYLE_COLOUR('',#17219);
#18743 = CURVE_STYLE('',#18744,POSITIVE_LENGTH_MEASURE(0.1),#17219);
#18744 = DRAUGHTING_PRE_DEFINED_CURVE_FONT('continuous');
#18745 = STYLED_ITEM('color',(#18746),#13221);
#18746 = PRESENTATION_STYLE_ASSIGNMENT((#18747,#18752));
#18747 = SURFACE_STYLE_USAGE(.BOTH.,#18748);
#18748 = SURFACE_SIDE_STYLE('',(#18749));
#18749 = SURFACE_STYLE_FILL_AREA(#18750);
#18750 = FILL_AREA_STYLE('',(#18751));
#18751 = FILL_AREA_STYLE_COLOUR('',#17219);
#18752 = CURVE_STYLE('',#18753,POSITIVE_LENGTH_MEASURE(0.1),#17219);
#18753 = DRAUGHTING_PRE_DEFINED_CURVE_FONT('continuous');
#18754 = STYLED_ITEM('color',(#18755),#13233);
#18755 = PRESENTATION_STYLE_ASSIGNMENT((#18756,#18761));
#18756 = SURFACE_STYLE_USAGE(.BOTH.,#18757);
#18757 = SURFACE_SIDE_STYLE('',(#18758));
#18758 = SURFACE_STYLE_FILL_AREA(#18759);
#18759 = FILL_AREA_STYLE('',(#18760));
#18760 = FILL_AREA_STYLE_COLOUR('',#17219);
#18761 = CURVE_STYLE('',#18762,POSITIVE_LENGTH_MEASURE(0.1),#17219);
#18762 = DRAUGHTING_PRE_DEFINED_CURVE_FONT('continuous');
#18763 = STYLED_ITEM('color',(#18764),#13250);
#18764 = PRESENTATION_STYLE_ASSIGNMENT((#18765,#18770));
#18765 = SURFACE_STYLE_USAGE(.BOTH.,#18766);
#18766 = SURFACE_SIDE_STYLE('',(#18767));
#18767 = SURFACE_STYLE_FILL_AREA(#18768);
#18768 = FILL_AREA_STYLE('',(#18769));
#18769 = FILL_AREA_STYLE_COLOUR('',#17219);
#18770 = CURVE_STYLE('',#18771,POSITIVE_LENGTH_MEASURE(0.1),#17219);
#18771 = DRAUGHTING_PRE_DEFINED_CURVE_FONT('continuous');
#18772 = STYLED_ITEM('color',(#18773),#13262);
#18773 = PRESENTATION_STYLE_ASSIGNMENT((#18774,#18779));
#18774 = SURFACE_STYLE_USAGE(.BOTH.,#18775);
#18775 = SURFACE_SIDE_STYLE('',(#18776));
#18776 = SURFACE_STYLE_FILL_AREA(#18777);
#18777 = FILL_AREA_STYLE('',(#18778));
#18778 = FILL_AREA_STYLE_COLOUR('',#17219);
#18779 = CURVE_STYLE('',#18780,POSITIVE_LENGTH_MEASURE(0.1),#17219);
#18780 = DRAUGHTING_PRE_DEFINED_CURVE_FONT('continuous');
#18781 = STYLED_ITEM('color',(#18782),#13279);
#18782 = PRESENTATION_STYLE_ASSIGNMENT((#18783,#18788));
#18783 = SURFACE_STYLE_USAGE(.BOTH.,#18784);
#18784 = SURFACE_SIDE_STYLE('',(#18785));
#18785 = SURFACE_STYLE_FILL_AREA(#18786);
#18786 = FILL_AREA_STYLE('',(#18787));
#18787 = FILL_AREA_STYLE_COLOUR('',#17219);
#18788 = CURVE_STYLE('',#18789,POSITIVE_LENGTH_MEASURE(0.1),#17219);
#18789 = DRAUGHTING_PRE_DEFINED_CURVE_FONT('continuous');
#18790 = STYLED_ITEM('color',(#18791),#13291);
#18791 = PRESENTATION_STYLE_ASSIGNMENT((#18792,#18797));
#18792 = SURFACE_STYLE_USAGE(.BOTH.,#18793);
#18793 = SURFACE_SIDE_STYLE('',(#18794));
#18794 = SURFACE_STYLE_FILL_AREA(#18795);
#18795 = FILL_AREA_STYLE('',(#18796));
#18796 = FILL_AREA_STYLE_COLOUR('',#17219);
#18797 = CURVE_STYLE('',#18798,POSITIVE_LENGTH_MEASURE(0.1),#17219);
#18798 = DRAUGHTING_PRE_DEFINED_CURVE_FONT('continuous');
#18799 = MECHANICAL_DESIGN_GEOMETRIC_PRESENTATION_REPRESENTATION('',(
    #18800,#18807,#18814,#18821,#18828,#18835,#18842,#18849,#18857,
    #18864,#18871,#18878,#18885,#18892,#18900,#18907,#18914,#18921,
    #18928,#18935,#18942,#18949,#18956,#18963,#18970,#18977),#919);
#18800 = STYLED_ITEM('color',(#18801),#131);
#18801 = PRESENTATION_STYLE_ASSIGNMENT((#18802));
#18802 = SURFACE_STYLE_USAGE(.BOTH.,#18803);
#18803 = SURFACE_SIDE_STYLE('',(#18804));
#18804 = SURFACE_STYLE_FILL_AREA(#18805);
#18805 = FILL_AREA_STYLE('',(#18806));
#18806 = FILL_AREA_STYLE_COLOUR('',#17219);
#18807 = STYLED_ITEM('color',(#18808),#171);
#18808 = PRESENTATION_STYLE_ASSIGNMENT((#18809));
#18809 = SURFACE_STYLE_USAGE(.BOTH.,#18810);
#18810 = SURFACE_SIDE_STYLE('',(#18811));
#18811 = SURFACE_STYLE_FILL_AREA(#18812);
#18812 = FILL_AREA_STYLE('',(#18813));
#18813 = FILL_AREA_STYLE_COLOUR('',#17219);
#18814 = STYLED_ITEM('color',(#18815),#254);
#18815 = PRESENTATION_STYLE_ASSIGNMENT((#18816));
#18816 = SURFACE_STYLE_USAGE(.BOTH.,#18817);
#18817 = SURFACE_SIDE_STYLE('',(#18818));
#18818 = SURFACE_STYLE_FILL_AREA(#18819);
#18819 = FILL_AREA_STYLE('',(#18820));
#18820 = FILL_AREA_STYLE_COLOUR('',#17219);
#18821 = STYLED_ITEM('color',(#18822),#279);
#18822 = PRESENTATION_STYLE_ASSIGNMENT((#18823));
#18823 = SURFACE_STYLE_USAGE(.BOTH.,#18824);
#18824 = SURFACE_SIDE_STYLE('',(#18825));
#18825 = SURFACE_STYLE_FILL_AREA(#18826);
#18826 = FILL_AREA_STYLE('',(#18827));
#18827 = FILL_AREA_STYLE_COLOUR('',#17219);
#18828 = STYLED_ITEM('color',(#18829),#304);
#18829 = PRESENTATION_STYLE_ASSIGNMENT((#18830));
#18830 = SURFACE_STYLE_USAGE(.BOTH.,#18831);
#18831 = SURFACE_SIDE_STYLE('',(#18832));
#18832 = SURFACE_STYLE_FILL_AREA(#18833);
#18833 = FILL_AREA_STYLE('',(#18834));
#18834 = FILL_AREA_STYLE_COLOUR('',#17219);
#18835 = STYLED_ITEM('color',(#18836),#371);
#18836 = PRESENTATION_STYLE_ASSIGNMENT((#18837));
#18837 = SURFACE_STYLE_USAGE(.BOTH.,#18838);
#18838 = SURFACE_SIDE_STYLE('',(#18839));
#18839 = SURFACE_STYLE_FILL_AREA(#18840);
#18840 = FILL_AREA_STYLE('',(#18841));
#18841 = FILL_AREA_STYLE_COLOUR('',#17219);
#18842 = STYLED_ITEM('color',(#18843),#388);
#18843 = PRESENTATION_STYLE_ASSIGNMENT((#18844));
#18844 = SURFACE_STYLE_USAGE(.BOTH.,#18845);
#18845 = SURFACE_SIDE_STYLE('',(#18846));
#18846 = SURFACE_STYLE_FILL_AREA(#18847);
#18847 = FILL_AREA_STYLE('',(#18848));
#18848 = FILL_AREA_STYLE_COLOUR('',#17219);
#18849 = STYLED_ITEM('color',(#18850),#405);
#18850 = PRESENTATION_STYLE_ASSIGNMENT((#18851));
#18851 = SURFACE_STYLE_USAGE(.BOTH.,#18852);
#18852 = SURFACE_SIDE_STYLE('',(#18853));
#18853 = SURFACE_STYLE_FILL_AREA(#18854);
#18854 = FILL_AREA_STYLE('',(#18855));
#18855 = FILL_AREA_STYLE_COLOUR('',#18856);
#18856 = COLOUR_RGB('',0.894999966383,0.890999961016,0.813000030345);
#18857 = STYLED_ITEM('color',(#18858),#454);
#18858 = PRESENTATION_STYLE_ASSIGNMENT((#18859));
#18859 = SURFACE_STYLE_USAGE(.BOTH.,#18860);
#18860 = SURFACE_SIDE_STYLE('',(#18861));
#18861 = SURFACE_STYLE_FILL_AREA(#18862);
#18862 = FILL_AREA_STYLE('',(#18863));
#18863 = FILL_AREA_STYLE_COLOUR('',#17219);
#18864 = STYLED_ITEM('color',(#18865),#471);
#18865 = PRESENTATION_STYLE_ASSIGNMENT((#18866));
#18866 = SURFACE_STYLE_USAGE(.BOTH.,#18867);
#18867 = SURFACE_SIDE_STYLE('',(#18868));
#18868 = SURFACE_STYLE_FILL_AREA(#18869);
#18869 = FILL_AREA_STYLE('',(#18870));
#18870 = FILL_AREA_STYLE_COLOUR('',#17219);
#18871 = STYLED_ITEM('color',(#18872),#488);
#18872 = PRESENTATION_STYLE_ASSIGNMENT((#18873));
#18873 = SURFACE_STYLE_USAGE(.BOTH.,#18874);
#18874 = SURFACE_SIDE_STYLE('',(#18875));
#18875 = SURFACE_STYLE_FILL_AREA(#18876);
#18876 = FILL_AREA_STYLE('',(#18877));
#18877 = FILL_AREA_STYLE_COLOUR('',#18856);
#18878 = STYLED_ITEM('color',(#18879),#537);
#18879 = PRESENTATION_STYLE_ASSIGNMENT((#18880));
#18880 = SURFACE_STYLE_USAGE(.BOTH.,#18881);
#18881 = SURFACE_SIDE_STYLE('',(#18882));
#18882 = SURFACE_STYLE_FILL_AREA(#18883);
#18883 = FILL_AREA_STYLE('',(#18884));
#18884 = FILL_AREA_STYLE_COLOUR('',#18856);
#18885 = STYLED_ITEM('color',(#18886),#554);
#18886 = PRESENTATION_STYLE_ASSIGNMENT((#18887));
#18887 = SURFACE_STYLE_USAGE(.BOTH.,#18888);
#18888 = SURFACE_SIDE_STYLE('',(#18889));
#18889 = SURFACE_STYLE_FILL_AREA(#18890);
#18890 = FILL_AREA_STYLE('',(#18891));
#18891 = FILL_AREA_STYLE_COLOUR('',#17219);
#18892 = STYLED_ITEM('color',(#18893),#623);
#18893 = PRESENTATION_STYLE_ASSIGNMENT((#18894));
#18894 = SURFACE_STYLE_USAGE(.BOTH.,#18895);
#18895 = SURFACE_SIDE_STYLE('',(#18896));
#18896 = SURFACE_STYLE_FILL_AREA(#18897);
#18897 = FILL_AREA_STYLE('',(#18898));
#18898 = FILL_AREA_STYLE_COLOUR('',#18899);
#18899 = COLOUR_RGB('',8.200000279077E-02,8.600000121357E-02,
  9.399999706163E-02);
#18900 = STYLED_ITEM('color',(#18901),#654);
#18901 = PRESENTATION_STYLE_ASSIGNMENT((#18902));
#18902 = SURFACE_STYLE_USAGE(.BOTH.,#18903);
#18903 = SURFACE_SIDE_STYLE('',(#18904));
#18904 = SURFACE_STYLE_FILL_AREA(#18905);
#18905 = FILL_AREA_STYLE('',(#18906));
#18906 = FILL_AREA_STYLE_COLOUR('',#18899);
#18907 = STYLED_ITEM('color',(#18908),#678);
#18908 = PRESENTATION_STYLE_ASSIGNMENT((#18909));
#18909 = SURFACE_STYLE_USAGE(.BOTH.,#18910);
#18910 = SURFACE_SIDE_STYLE('',(#18911));
#18911 = SURFACE_STYLE_FILL_AREA(#18912);
#18912 = FILL_AREA_STYLE('',(#18913));
#18913 = FILL_AREA_STYLE_COLOUR('',#17219);
#18914 = STYLED_ITEM('color',(#18915),#747);
#18915 = PRESENTATION_STYLE_ASSIGNMENT((#18916));
#18916 = SURFACE_STYLE_USAGE(.BOTH.,#18917);
#18917 = SURFACE_SIDE_STYLE('',(#18918));
#18918 = SURFACE_STYLE_FILL_AREA(#18919);
#18919 = FILL_AREA_STYLE('',(#18920));
#18920 = FILL_AREA_STYLE_COLOUR('',#18899);
#18921 = STYLED_ITEM('color',(#18922),#771);
#18922 = PRESENTATION_STYLE_ASSIGNMENT((#18923));
#18923 = SURFACE_STYLE_USAGE(.BOTH.,#18924);
#18924 = SURFACE_SIDE_STYLE('',(#18925));
#18925 = SURFACE_STYLE_FILL_AREA(#18926);
#18926 = FILL_AREA_STYLE('',(#18927));
#18927 = FILL_AREA_STYLE_COLOUR('',#17219);
#18928 = STYLED_ITEM('color',(#18929),#788);
#18929 = PRESENTATION_STYLE_ASSIGNMENT((#18930));
#18930 = SURFACE_STYLE_USAGE(.BOTH.,#18931);
#18931 = SURFACE_SIDE_STYLE('',(#18932));
#18932 = SURFACE_STYLE_FILL_AREA(#18933);
#18933 = FILL_AREA_STYLE('',(#18934));
#18934 = FILL_AREA_STYLE_COLOUR('',#17219);
#18935 = STYLED_ITEM('color',(#18936),#805);
#18936 = PRESENTATION_STYLE_ASSIGNMENT((#18937));
#18937 = SURFACE_STYLE_USAGE(.BOTH.,#18938);
#18938 = SURFACE_SIDE_STYLE('',(#18939));
#18939 = SURFACE_STYLE_FILL_AREA(#18940);
#18940 = FILL_AREA_STYLE('',(#18941));
#18941 = FILL_AREA_STYLE_COLOUR('',#17219);
#18942 = STYLED_ITEM('color',(#18943),#822);
#18943 = PRESENTATION_STYLE_ASSIGNMENT((#18944));
#18944 = SURFACE_STYLE_USAGE(.BOTH.,#18945);
#18945 = SURFACE_SIDE_STYLE('',(#18946));
#18946 = SURFACE_STYLE_FILL_AREA(#18947);
#18947 = FILL_AREA_STYLE('',(#18948));
#18948 = FILL_AREA_STYLE_COLOUR('',#17219);
#18949 = STYLED_ITEM('color',(#18950),#839);
#18950 = PRESENTATION_STYLE_ASSIGNMENT((#18951));
#18951 = SURFACE_STYLE_USAGE(.BOTH.,#18952);
#18952 = SURFACE_SIDE_STYLE('',(#18953));
#18953 = SURFACE_STYLE_FILL_AREA(#18954);
#18954 = FILL_AREA_STYLE('',(#18955));
#18955 = FILL_AREA_STYLE_COLOUR('',#17219);
#18956 = STYLED_ITEM('color',(#18957),#856);
#18957 = PRESENTATION_STYLE_ASSIGNMENT((#18958));
#18958 = SURFACE_STYLE_USAGE(.BOTH.,#18959);
#18959 = SURFACE_SIDE_STYLE('',(#18960));
#18960 = SURFACE_STYLE_FILL_AREA(#18961);
#18961 = FILL_AREA_STYLE('',(#18962));
#18962 = FILL_AREA_STYLE_COLOUR('',#17219);
#18963 = STYLED_ITEM('color',(#18964),#873);
#18964 = PRESENTATION_STYLE_ASSIGNMENT((#18965));
#18965 = SURFACE_STYLE_USAGE(.BOTH.,#18966);
#18966 = SURFACE_SIDE_STYLE('',(#18967));
#18967 = SURFACE_STYLE_FILL_AREA(#18968);
#18968 = FILL_AREA_STYLE('',(#18969));
#18969 = FILL_AREA_STYLE_COLOUR('',#17219);
#18970 = STYLED_ITEM('color',(#18971),#890);
#18971 = PRESENTATION_STYLE_ASSIGNMENT((#18972));
#18972 = SURFACE_STYLE_USAGE(.BOTH.,#18973);
#18973 = SURFACE_SIDE_STYLE('',(#18974));
#18974 = SURFACE_STYLE_FILL_AREA(#18975);
#18975 = FILL_AREA_STYLE('',(#18976));
#18976 = FILL_AREA_STYLE_COLOUR('',#18899);
#18977 = STYLED_ITEM('color',(#18978),#907);
#18978 = PRESENTATION_STYLE_ASSIGNMENT((#18979));
#18979 = SURFACE_STYLE_USAGE(.BOTH.,#18980);
#18980 = SURFACE_SIDE_STYLE('',(#18981));
#18981 = SURFACE_STYLE_FILL_AREA(#18982);
#18982 = FILL_AREA_STYLE('',(#18983));
#18983 = FILL_AREA_STYLE_COLOUR('',#18899);
#18984 = MECHANICAL_DESIGN_GEOMETRIC_PRESENTATION_REPRESENTATION('',(
    #18985,#18994,#19003,#19012,#19021,#19030,#19039,#19048,#19057,
    #19066,#19075,#19084,#19093,#19102,#19111,#19120,#19129,#19138,
    #19147,#19156,#19165,#19174,#19183,#19192,#19201,#19210,#19219,
    #19228),#14107);
#18985 = STYLED_ITEM('color',(#18986),#13325);
#18986 = PRESENTATION_STYLE_ASSIGNMENT((#18987,#18992));
#18987 = SURFACE_STYLE_USAGE(.BOTH.,#18988);
#18988 = SURFACE_SIDE_STYLE('',(#18989));
#18989 = SURFACE_STYLE_FILL_AREA(#18990);
#18990 = FILL_AREA_STYLE('',(#18991));
#18991 = FILL_AREA_STYLE_COLOUR('',#17191);
#18992 = CURVE_STYLE('',#18993,POSITIVE_LENGTH_MEASURE(0.1),#17191);
#18993 = DRAUGHTING_PRE_DEFINED_CURVE_FONT('continuous');
#18994 = STYLED_ITEM('color',(#18995),#13397);
#18995 = PRESENTATION_STYLE_ASSIGNMENT((#18996,#19001));
#18996 = SURFACE_STYLE_USAGE(.BOTH.,#18997);
#18997 = SURFACE_SIDE_STYLE('',(#18998));
#18998 = SURFACE_STYLE_FILL_AREA(#18999);
#18999 = FILL_AREA_STYLE('',(#19000));
#19000 = FILL_AREA_STYLE_COLOUR('',#17191);
#19001 = CURVE_STYLE('',#19002,POSITIVE_LENGTH_MEASURE(0.1),#17191);
#19002 = DRAUGHTING_PRE_DEFINED_CURVE_FONT('continuous');
#19003 = STYLED_ITEM('color',(#19004),#13430);
#19004 = PRESENTATION_STYLE_ASSIGNMENT((#19005,#19010));
#19005 = SURFACE_STYLE_USAGE(.BOTH.,#19006);
#19006 = SURFACE_SIDE_STYLE('',(#19007));
#19007 = SURFACE_STYLE_FILL_AREA(#19008);
#19008 = FILL_AREA_STYLE('',(#19009));
#19009 = FILL_AREA_STYLE_COLOUR('',#17191);
#19010 = CURVE_STYLE('',#19011,POSITIVE_LENGTH_MEASURE(0.1),#17191);
#19011 = DRAUGHTING_PRE_DEFINED_CURVE_FONT('continuous');
#19012 = STYLED_ITEM('color',(#19013),#13463);
#19013 = PRESENTATION_STYLE_ASSIGNMENT((#19014,#19019));
#19014 = SURFACE_STYLE_USAGE(.BOTH.,#19015);
#19015 = SURFACE_SIDE_STYLE('',(#19016));
#19016 = SURFACE_STYLE_FILL_AREA(#19017);
#19017 = FILL_AREA_STYLE('',(#19018));
#19018 = FILL_AREA_STYLE_COLOUR('',#17191);
#19019 = CURVE_STYLE('',#19020,POSITIVE_LENGTH_MEASURE(0.1),#17191);
#19020 = DRAUGHTING_PRE_DEFINED_CURVE_FONT('continuous');
#19021 = STYLED_ITEM('color',(#19022),#13577);
#19022 = PRESENTATION_STYLE_ASSIGNMENT((#19023,#19028));
#19023 = SURFACE_STYLE_USAGE(.BOTH.,#19024);
#19024 = SURFACE_SIDE_STYLE('',(#19025));
#19025 = SURFACE_STYLE_FILL_AREA(#19026);
#19026 = FILL_AREA_STYLE('',(#19027));
#19027 = FILL_AREA_STYLE_COLOUR('',#17219);
#19028 = CURVE_STYLE('',#19029,POSITIVE_LENGTH_MEASURE(0.1),#17219);
#19029 = DRAUGHTING_PRE_DEFINED_CURVE_FONT('continuous');
#19030 = STYLED_ITEM('color',(#19031),#13608);
#19031 = PRESENTATION_STYLE_ASSIGNMENT((#19032,#19037));
#19032 = SURFACE_STYLE_USAGE(.BOTH.,#19033);
#19033 = SURFACE_SIDE_STYLE('',(#19034));
#19034 = SURFACE_STYLE_FILL_AREA(#19035);
#19035 = FILL_AREA_STYLE('',(#19036));
#19036 = FILL_AREA_STYLE_COLOUR('',#17219);
#19037 = CURVE_STYLE('',#19038,POSITIVE_LENGTH_MEASURE(0.1),#17219);
#19038 = DRAUGHTING_PRE_DEFINED_CURVE_FONT('continuous');
#19039 = STYLED_ITEM('color',(#19040),#13632);
#19040 = PRESENTATION_STYLE_ASSIGNMENT((#19041,#19046));
#19041 = SURFACE_STYLE_USAGE(.BOTH.,#19042);
#19042 = SURFACE_SIDE_STYLE('',(#19043));
#19043 = SURFACE_STYLE_FILL_AREA(#19044);
#19044 = FILL_AREA_STYLE('',(#19045));
#19045 = FILL_AREA_STYLE_COLOUR('',#17219);
#19046 = CURVE_STYLE('',#19047,POSITIVE_LENGTH_MEASURE(0.1),#17219);
#19047 = DRAUGHTING_PRE_DEFINED_CURVE_FONT('continuous');
#19048 = STYLED_ITEM('color',(#19049),#13656);
#19049 = PRESENTATION_STYLE_ASSIGNMENT((#19050,#19055));
#19050 = SURFACE_STYLE_USAGE(.BOTH.,#19051);
#19051 = SURFACE_SIDE_STYLE('',(#19052));
#19052 = SURFACE_STYLE_FILL_AREA(#19053);
#19053 = FILL_AREA_STYLE('',(#19054));
#19054 = FILL_AREA_STYLE_COLOUR('',#17191);
#19055 = CURVE_STYLE('',#19056,POSITIVE_LENGTH_MEASURE(0.1),#17191);
#19056 = DRAUGHTING_PRE_DEFINED_CURVE_FONT('continuous');
#19057 = STYLED_ITEM('color',(#19058),#13681);
#19058 = PRESENTATION_STYLE_ASSIGNMENT((#19059,#19064));
#19059 = SURFACE_STYLE_USAGE(.BOTH.,#19060);
#19060 = SURFACE_SIDE_STYLE('',(#19061));
#19061 = SURFACE_STYLE_FILL_AREA(#19062);
#19062 = FILL_AREA_STYLE('',(#19063));
#19063 = FILL_AREA_STYLE_COLOUR('',#17191);
#19064 = CURVE_STYLE('',#19065,POSITIVE_LENGTH_MEASURE(0.1),#17191);
#19065 = DRAUGHTING_PRE_DEFINED_CURVE_FONT('continuous');
#19066 = STYLED_ITEM('color',(#19067),#13698);
#19067 = PRESENTATION_STYLE_ASSIGNMENT((#19068,#19073));
#19068 = SURFACE_STYLE_USAGE(.BOTH.,#19069);
#19069 = SURFACE_SIDE_STYLE('',(#19070));
#19070 = SURFACE_STYLE_FILL_AREA(#19071);
#19071 = FILL_AREA_STYLE('',(#19072));
#19072 = FILL_AREA_STYLE_COLOUR('',#17191);
#19073 = CURVE_STYLE('',#19074,POSITIVE_LENGTH_MEASURE(0.1),#17191);
#19074 = DRAUGHTING_PRE_DEFINED_CURVE_FONT('continuous');
#19075 = STYLED_ITEM('color',(#19076),#13729);
#19076 = PRESENTATION_STYLE_ASSIGNMENT((#19077,#19082));
#19077 = SURFACE_STYLE_USAGE(.BOTH.,#19078);
#19078 = SURFACE_SIDE_STYLE('',(#19079));
#19079 = SURFACE_STYLE_FILL_AREA(#19080);
#19080 = FILL_AREA_STYLE('',(#19081));
#19081 = FILL_AREA_STYLE_COLOUR('',#17191);
#19082 = CURVE_STYLE('',#19083,POSITIVE_LENGTH_MEASURE(0.1),#17191);
#19083 = DRAUGHTING_PRE_DEFINED_CURVE_FONT('continuous');
#19084 = STYLED_ITEM('color',(#19085),#13746);
#19085 = PRESENTATION_STYLE_ASSIGNMENT((#19086,#19091));
#19086 = SURFACE_STYLE_USAGE(.BOTH.,#19087);
#19087 = SURFACE_SIDE_STYLE('',(#19088));
#19088 = SURFACE_STYLE_FILL_AREA(#19089);
#19089 = FILL_AREA_STYLE('',(#19090));
#19090 = FILL_AREA_STYLE_COLOUR('',#17191);
#19091 = CURVE_STYLE('',#19092,POSITIVE_LENGTH_MEASURE(0.1),#17191);
#19092 = DRAUGHTING_PRE_DEFINED_CURVE_FONT('continuous');
#19093 = STYLED_ITEM('color',(#19094),#13770);
#19094 = PRESENTATION_STYLE_ASSIGNMENT((#19095,#19100));
#19095 = SURFACE_STYLE_USAGE(.BOTH.,#19096);
#19096 = SURFACE_SIDE_STYLE('',(#19097));
#19097 = SURFACE_STYLE_FILL_AREA(#19098);
#19098 = FILL_AREA_STYLE('',(#19099));
#19099 = FILL_AREA_STYLE_COLOUR('',#17219);
#19100 = CURVE_STYLE('',#19101,POSITIVE_LENGTH_MEASURE(0.1),#17219);
#19101 = DRAUGHTING_PRE_DEFINED_CURVE_FONT('continuous');
#19102 = STYLED_ITEM('color',(#19103),#13789);
#19103 = PRESENTATION_STYLE_ASSIGNMENT((#19104,#19109));
#19104 = SURFACE_STYLE_USAGE(.BOTH.,#19105);
#19105 = SURFACE_SIDE_STYLE('',(#19106));
#19106 = SURFACE_STYLE_FILL_AREA(#19107);
#19107 = FILL_AREA_STYLE('',(#19108));
#19108 = FILL_AREA_STYLE_COLOUR('',#17191);
#19109 = CURVE_STYLE('',#19110,POSITIVE_LENGTH_MEASURE(0.1),#17191);
#19110 = DRAUGHTING_PRE_DEFINED_CURVE_FONT('continuous');
#19111 = STYLED_ITEM('color',(#19112),#13814);
#19112 = PRESENTATION_STYLE_ASSIGNMENT((#19113,#19118));
#19113 = SURFACE_STYLE_USAGE(.BOTH.,#19114);
#19114 = SURFACE_SIDE_STYLE('',(#19115));
#19115 = SURFACE_STYLE_FILL_AREA(#19116);
#19116 = FILL_AREA_STYLE('',(#19117));
#19117 = FILL_AREA_STYLE_COLOUR('',#17191);
#19118 = CURVE_STYLE('',#19119,POSITIVE_LENGTH_MEASURE(0.1),#17191);
#19119 = DRAUGHTING_PRE_DEFINED_CURVE_FONT('continuous');
#19120 = STYLED_ITEM('color',(#19121),#13861);
#19121 = PRESENTATION_STYLE_ASSIGNMENT((#19122,#19127));
#19122 = SURFACE_STYLE_USAGE(.BOTH.,#19123);
#19123 = SURFACE_SIDE_STYLE('',(#19124));
#19124 = SURFACE_STYLE_FILL_AREA(#19125);
#19125 = FILL_AREA_STYLE('',(#19126));
#19126 = FILL_AREA_STYLE_COLOUR('',#17219);
#19127 = CURVE_STYLE('',#19128,POSITIVE_LENGTH_MEASURE(0.1),#17219);
#19128 = DRAUGHTING_PRE_DEFINED_CURVE_FONT('continuous');
#19129 = STYLED_ITEM('color',(#19130),#13894);
#19130 = PRESENTATION_STYLE_ASSIGNMENT((#19131,#19136));
#19131 = SURFACE_STYLE_USAGE(.BOTH.,#19132);
#19132 = SURFACE_SIDE_STYLE('',(#19133));
#19133 = SURFACE_STYLE_FILL_AREA(#19134);
#19134 = FILL_AREA_STYLE('',(#19135));
#19135 = FILL_AREA_STYLE_COLOUR('',#17191);
#19136 = CURVE_STYLE('',#19137,POSITIVE_LENGTH_MEASURE(0.1),#17191);
#19137 = DRAUGHTING_PRE_DEFINED_CURVE_FONT('continuous');
#19138 = STYLED_ITEM('color',(#19139),#13919);
#19139 = PRESENTATION_STYLE_ASSIGNMENT((#19140,#19145));
#19140 = SURFACE_STYLE_USAGE(.BOTH.,#19141);
#19141 = SURFACE_SIDE_STYLE('',(#19142));
#19142 = SURFACE_STYLE_FILL_AREA(#19143);
#19143 = FILL_AREA_STYLE('',(#19144));
#19144 = FILL_AREA_STYLE_COLOUR('',#17191);
#19145 = CURVE_STYLE('',#19146,POSITIVE_LENGTH_MEASURE(0.1),#17191);
#19146 = DRAUGHTING_PRE_DEFINED_CURVE_FONT('continuous');
#19147 = STYLED_ITEM('color',(#19148),#13936);
#19148 = PRESENTATION_STYLE_ASSIGNMENT((#19149,#19154));
#19149 = SURFACE_STYLE_USAGE(.BOTH.,#19150);
#19150 = SURFACE_SIDE_STYLE('',(#19151));
#19151 = SURFACE_STYLE_FILL_AREA(#19152);
#19152 = FILL_AREA_STYLE('',(#19153));
#19153 = FILL_AREA_STYLE_COLOUR('',#17219);
#19154 = CURVE_STYLE('',#19155,POSITIVE_LENGTH_MEASURE(0.1),#17219);
#19155 = DRAUGHTING_PRE_DEFINED_CURVE_FONT('continuous');
#19156 = STYLED_ITEM('color',(#19157),#13948);
#19157 = PRESENTATION_STYLE_ASSIGNMENT((#19158,#19163));
#19158 = SURFACE_STYLE_USAGE(.BOTH.,#19159);
#19159 = SURFACE_SIDE_STYLE('',(#19160));
#19160 = SURFACE_STYLE_FILL_AREA(#19161);
#19161 = FILL_AREA_STYLE('',(#19162));
#19162 = FILL_AREA_STYLE_COLOUR('',#17191);
#19163 = CURVE_STYLE('',#19164,POSITIVE_LENGTH_MEASURE(0.1),#17191);
#19164 = DRAUGHTING_PRE_DEFINED_CURVE_FONT('continuous');
#19165 = STYLED_ITEM('color',(#19166),#13966);
#19166 = PRESENTATION_STYLE_ASSIGNMENT((#19167,#19172));
#19167 = SURFACE_STYLE_USAGE(.BOTH.,#19168);
#19168 = SURFACE_SIDE_STYLE('',(#19169));
#19169 = SURFACE_STYLE_FILL_AREA(#19170);
#19170 = FILL_AREA_STYLE('',(#19171));
#19171 = FILL_AREA_STYLE_COLOUR('',#17191);
#19172 = CURVE_STYLE('',#19173,POSITIVE_LENGTH_MEASURE(0.1),#17191);
#19173 = DRAUGHTING_PRE_DEFINED_CURVE_FONT('continuous');
#19174 = STYLED_ITEM('color',(#19175),#13984);
#19175 = PRESENTATION_STYLE_ASSIGNMENT((#19176,#19181));
#19176 = SURFACE_STYLE_USAGE(.BOTH.,#19177);
#19177 = SURFACE_SIDE_STYLE('',(#19178));
#19178 = SURFACE_STYLE_FILL_AREA(#19179);
#19179 = FILL_AREA_STYLE('',(#19180));
#19180 = FILL_AREA_STYLE_COLOUR('',#17191);
#19181 = CURVE_STYLE('',#19182,POSITIVE_LENGTH_MEASURE(0.1),#17191);
#19182 = DRAUGHTING_PRE_DEFINED_CURVE_FONT('continuous');
#19183 = STYLED_ITEM('color',(#19184),#14008);
#19184 = PRESENTATION_STYLE_ASSIGNMENT((#19185,#19190));
#19185 = SURFACE_STYLE_USAGE(.BOTH.,#19186);
#19186 = SURFACE_SIDE_STYLE('',(#19187));
#19187 = SURFACE_STYLE_FILL_AREA(#19188);
#19188 = FILL_AREA_STYLE('',(#19189));
#19189 = FILL_AREA_STYLE_COLOUR('',#17191);
#19190 = CURVE_STYLE('',#19191,POSITIVE_LENGTH_MEASURE(0.1),#17191);
#19191 = DRAUGHTING_PRE_DEFINED_CURVE_FONT('continuous');
#19192 = STYLED_ITEM('color',(#19193),#14019);
#19193 = PRESENTATION_STYLE_ASSIGNMENT((#19194,#19199));
#19194 = SURFACE_STYLE_USAGE(.BOTH.,#19195);
#19195 = SURFACE_SIDE_STYLE('',(#19196));
#19196 = SURFACE_STYLE_FILL_AREA(#19197);
#19197 = FILL_AREA_STYLE('',(#19198));
#19198 = FILL_AREA_STYLE_COLOUR('',#17219);
#19199 = CURVE_STYLE('',#19200,POSITIVE_LENGTH_MEASURE(0.1),#17219);
#19200 = DRAUGHTING_PRE_DEFINED_CURVE_FONT('continuous');
#19201 = STYLED_ITEM('color',(#19202),#14043);
#19202 = PRESENTATION_STYLE_ASSIGNMENT((#19203,#19208));
#19203 = SURFACE_STYLE_USAGE(.BOTH.,#19204);
#19204 = SURFACE_SIDE_STYLE('',(#19205));
#19205 = SURFACE_STYLE_FILL_AREA(#19206);
#19206 = FILL_AREA_STYLE('',(#19207));
#19207 = FILL_AREA_STYLE_COLOUR('',#17219);
#19208 = CURVE_STYLE('',#19209,POSITIVE_LENGTH_MEASURE(0.1),#17219);
#19209 = DRAUGHTING_PRE_DEFINED_CURVE_FONT('continuous');
#19210 = STYLED_ITEM('color',(#19211),#14067);
#19211 = PRESENTATION_STYLE_ASSIGNMENT((#19212,#19217));
#19212 = SURFACE_STYLE_USAGE(.BOTH.,#19213);
#19213 = SURFACE_SIDE_STYLE('',(#19214));
#19214 = SURFACE_STYLE_FILL_AREA(#19215);
#19215 = FILL_AREA_STYLE('',(#19216));
#19216 = FILL_AREA_STYLE_COLOUR('',#17219);
#19217 = CURVE_STYLE('',#19218,POSITIVE_LENGTH_MEASURE(0.1),#17219);
#19218 = DRAUGHTING_PRE_DEFINED_CURVE_FONT('continuous');
#19219 = STYLED_ITEM('color',(#19220),#14084);
#19220 = PRESENTATION_STYLE_ASSIGNMENT((#19221,#19226));
#19221 = SURFACE_STYLE_USAGE(.BOTH.,#19222);
#19222 = SURFACE_SIDE_STYLE('',(#19223));
#19223 = SURFACE_STYLE_FILL_AREA(#19224);
#19224 = FILL_AREA_STYLE('',(#19225));
#19225 = FILL_AREA_STYLE_COLOUR('',#17219);
#19226 = CURVE_STYLE('',#19227,POSITIVE_LENGTH_MEASURE(0.1),#17219);
#19227 = DRAUGHTING_PRE_DEFINED_CURVE_FONT('continuous');
#19228 = STYLED_ITEM('color',(#19229),#14096);
#19229 = PRESENTATION_STYLE_ASSIGNMENT((#19230,#19235));
#19230 = SURFACE_STYLE_USAGE(.BOTH.,#19231);
#19231 = SURFACE_SIDE_STYLE('',(#19232));
#19232 = SURFACE_STYLE_FILL_AREA(#19233);
#19233 = FILL_AREA_STYLE('',(#19234));
#19234 = FILL_AREA_STYLE_COLOUR('',#17191);
#19235 = CURVE_STYLE('',#19236,POSITIVE_LENGTH_MEASURE(0.1),#17191);
#19236 = DRAUGHTING_PRE_DEFINED_CURVE_FONT('continuous');
#19237 = MECHANICAL_DESIGN_GEOMETRIC_PRESENTATION_REPRESENTATION('',(
    #19238,#19245,#19252,#19259,#19266,#19273,#19280,#19287,#19294,
    #19301,#19308,#19316,#19323,#19330,#19337,#19344,#19351,#19358,
    #19365,#19372,#19379,#19386,#19393,#19400,#19407,#19414,#19421,
    #19428),#9737);
#19238 = STYLED_ITEM('color',(#19239),#8885);
#19239 = PRESENTATION_STYLE_ASSIGNMENT((#19240));
#19240 = SURFACE_STYLE_USAGE(.BOTH.,#19241);
#19241 = SURFACE_SIDE_STYLE('',(#19242));
#19242 = SURFACE_STYLE_FILL_AREA(#19243);
#19243 = FILL_AREA_STYLE('',(#19244));
#19244 = FILL_AREA_STYLE_COLOUR('',#17219);
#19245 = STYLED_ITEM('color',(#19246),#8961);
#19246 = PRESENTATION_STYLE_ASSIGNMENT((#19247));
#19247 = SURFACE_STYLE_USAGE(.BOTH.,#19248);
#19248 = SURFACE_SIDE_STYLE('',(#19249));
#19249 = SURFACE_STYLE_FILL_AREA(#19250);
#19250 = FILL_AREA_STYLE('',(#19251));
#19251 = FILL_AREA_STYLE_COLOUR('',#17219);
#19252 = STYLED_ITEM('color',(#19253),#8992);
#19253 = PRESENTATION_STYLE_ASSIGNMENT((#19254));
#19254 = SURFACE_STYLE_USAGE(.BOTH.,#19255);
#19255 = SURFACE_SIDE_STYLE('',(#19256));
#19256 = SURFACE_STYLE_FILL_AREA(#19257);
#19257 = FILL_AREA_STYLE('',(#19258));
#19258 = FILL_AREA_STYLE_COLOUR('',#17219);
#19259 = STYLED_ITEM('color',(#19260),#9017);
#19260 = PRESENTATION_STYLE_ASSIGNMENT((#19261));
#19261 = SURFACE_STYLE_USAGE(.BOTH.,#19262);
#19262 = SURFACE_SIDE_STYLE('',(#19263));
#19263 = SURFACE_STYLE_FILL_AREA(#19264);
#19264 = FILL_AREA_STYLE('',(#19265));
#19265 = FILL_AREA_STYLE_COLOUR('',#17219);
#19266 = STYLED_ITEM('color',(#19267),#9042);
#19267 = PRESENTATION_STYLE_ASSIGNMENT((#19268));
#19268 = SURFACE_STYLE_USAGE(.BOTH.,#19269);
#19269 = SURFACE_SIDE_STYLE('',(#19270));
#19270 = SURFACE_STYLE_FILL_AREA(#19271);
#19271 = FILL_AREA_STYLE('',(#19272));
#19272 = FILL_AREA_STYLE_COLOUR('',#17219);
#19273 = STYLED_ITEM('color',(#19274),#9066);
#19274 = PRESENTATION_STYLE_ASSIGNMENT((#19275));
#19275 = SURFACE_STYLE_USAGE(.BOTH.,#19276);
#19276 = SURFACE_SIDE_STYLE('',(#19277));
#19277 = SURFACE_STYLE_FILL_AREA(#19278);
#19278 = FILL_AREA_STYLE('',(#19279));
#19279 = FILL_AREA_STYLE_COLOUR('',#17219);
#19280 = STYLED_ITEM('color',(#19281),#9090);
#19281 = PRESENTATION_STYLE_ASSIGNMENT((#19282));
#19282 = SURFACE_STYLE_USAGE(.BOTH.,#19283);
#19283 = SURFACE_SIDE_STYLE('',(#19284));
#19284 = SURFACE_STYLE_FILL_AREA(#19285);
#19285 = FILL_AREA_STYLE('',(#19286));
#19286 = FILL_AREA_STYLE_COLOUR('',#17219);
#19287 = STYLED_ITEM('color',(#19288),#9115);
#19288 = PRESENTATION_STYLE_ASSIGNMENT((#19289));
#19289 = SURFACE_STYLE_USAGE(.BOTH.,#19290);
#19290 = SURFACE_SIDE_STYLE('',(#19291));
#19291 = SURFACE_STYLE_FILL_AREA(#19292);
#19292 = FILL_AREA_STYLE('',(#19293));
#19293 = FILL_AREA_STYLE_COLOUR('',#17219);
#19294 = STYLED_ITEM('color',(#19295),#9140);
#19295 = PRESENTATION_STYLE_ASSIGNMENT((#19296));
#19296 = SURFACE_STYLE_USAGE(.BOTH.,#19297);
#19297 = SURFACE_SIDE_STYLE('',(#19298));
#19298 = SURFACE_STYLE_FILL_AREA(#19299);
#19299 = FILL_AREA_STYLE('',(#19300));
#19300 = FILL_AREA_STYLE_COLOUR('',#17219);
#19301 = STYLED_ITEM('color',(#19302),#9157);
#19302 = PRESENTATION_STYLE_ASSIGNMENT((#19303));
#19303 = SURFACE_STYLE_USAGE(.BOTH.,#19304);
#19304 = SURFACE_SIDE_STYLE('',(#19305));
#19305 = SURFACE_STYLE_FILL_AREA(#19306);
#19306 = FILL_AREA_STYLE('',(#19307));
#19307 = FILL_AREA_STYLE_COLOUR('',#17219);
#19308 = STYLED_ITEM('color',(#19309),#9243);
#19309 = PRESENTATION_STYLE_ASSIGNMENT((#19310));
#19310 = SURFACE_STYLE_USAGE(.BOTH.,#19311);
#19311 = SURFACE_SIDE_STYLE('',(#19312));
#19312 = SURFACE_STYLE_FILL_AREA(#19313);
#19313 = FILL_AREA_STYLE('',(#19314));
#19314 = FILL_AREA_STYLE_COLOUR('',#19315);
#19315 = COLOUR_RGB('',0.379000005575,0.270000008848,0.214999999939);
#19316 = STYLED_ITEM('color',(#19317),#9275);
#19317 = PRESENTATION_STYLE_ASSIGNMENT((#19318));
#19318 = SURFACE_STYLE_USAGE(.BOTH.,#19319);
#19319 = SURFACE_SIDE_STYLE('',(#19320));
#19320 = SURFACE_STYLE_FILL_AREA(#19321);
#19321 = FILL_AREA_STYLE('',(#19322));
#19322 = FILL_AREA_STYLE_COLOUR('',#19315);
#19323 = STYLED_ITEM('color',(#19324),#9299);
#19324 = PRESENTATION_STYLE_ASSIGNMENT((#19325));
#19325 = SURFACE_STYLE_USAGE(.BOTH.,#19326);
#19326 = SURFACE_SIDE_STYLE('',(#19327));
#19327 = SURFACE_STYLE_FILL_AREA(#19328);
#19328 = FILL_AREA_STYLE('',(#19329));
#19329 = FILL_AREA_STYLE_COLOUR('',#19315);
#19330 = STYLED_ITEM('color',(#19331),#9324);
#19331 = PRESENTATION_STYLE_ASSIGNMENT((#19332));
#19332 = SURFACE_STYLE_USAGE(.BOTH.,#19333);
#19333 = SURFACE_SIDE_STYLE('',(#19334));
#19334 = SURFACE_STYLE_FILL_AREA(#19335);
#19335 = FILL_AREA_STYLE('',(#19336));
#19336 = FILL_AREA_STYLE_COLOUR('',#19315);
#19337 = STYLED_ITEM('color',(#19338),#9348);
#19338 = PRESENTATION_STYLE_ASSIGNMENT((#19339));
#19339 = SURFACE_STYLE_USAGE(.BOTH.,#19340);
#19340 = SURFACE_SIDE_STYLE('',(#19341));
#19341 = SURFACE_STYLE_FILL_AREA(#19342);
#19342 = FILL_AREA_STYLE('',(#19343));
#19343 = FILL_AREA_STYLE_COLOUR('',#19315);
#19344 = STYLED_ITEM('color',(#19345),#9373);
#19345 = PRESENTATION_STYLE_ASSIGNMENT((#19346));
#19346 = SURFACE_STYLE_USAGE(.BOTH.,#19347);
#19347 = SURFACE_SIDE_STYLE('',(#19348));
#19348 = SURFACE_STYLE_FILL_AREA(#19349);
#19349 = FILL_AREA_STYLE('',(#19350));
#19350 = FILL_AREA_STYLE_COLOUR('',#19315);
#19351 = STYLED_ITEM('color',(#19352),#9397);
#19352 = PRESENTATION_STYLE_ASSIGNMENT((#19353));
#19353 = SURFACE_STYLE_USAGE(.BOTH.,#19354);
#19354 = SURFACE_SIDE_STYLE('',(#19355));
#19355 = SURFACE_STYLE_FILL_AREA(#19356);
#19356 = FILL_AREA_STYLE('',(#19357));
#19357 = FILL_AREA_STYLE_COLOUR('',#19315);
#19358 = STYLED_ITEM('color',(#19359),#9422);
#19359 = PRESENTATION_STYLE_ASSIGNMENT((#19360));
#19360 = SURFACE_STYLE_USAGE(.BOTH.,#19361);
#19361 = SURFACE_SIDE_STYLE('',(#19362));
#19362 = SURFACE_STYLE_FILL_AREA(#19363);
#19363 = FILL_AREA_STYLE('',(#19364));
#19364 = FILL_AREA_STYLE_COLOUR('',#19315);
#19365 = STYLED_ITEM('color',(#19366),#9439);
#19366 = PRESENTATION_STYLE_ASSIGNMENT((#19367));
#19367 = SURFACE_STYLE_USAGE(.BOTH.,#19368);
#19368 = SURFACE_SIDE_STYLE('',(#19369));
#19369 = SURFACE_STYLE_FILL_AREA(#19370);
#19370 = FILL_AREA_STYLE('',(#19371));
#19371 = FILL_AREA_STYLE_COLOUR('',#17219);
#19372 = STYLED_ITEM('color',(#19373),#9525);
#19373 = PRESENTATION_STYLE_ASSIGNMENT((#19374));
#19374 = SURFACE_STYLE_USAGE(.BOTH.,#19375);
#19375 = SURFACE_SIDE_STYLE('',(#19376));
#19376 = SURFACE_STYLE_FILL_AREA(#19377);
#19377 = FILL_AREA_STYLE('',(#19378));
#19378 = FILL_AREA_STYLE_COLOUR('',#17219);
#19379 = STYLED_ITEM('color',(#19380),#9556);
#19380 = PRESENTATION_STYLE_ASSIGNMENT((#19381));
#19381 = SURFACE_STYLE_USAGE(.BOTH.,#19382);
#19382 = SURFACE_SIDE_STYLE('',(#19383));
#19383 = SURFACE_STYLE_FILL_AREA(#19384);
#19384 = FILL_AREA_STYLE('',(#19385));
#19385 = FILL_AREA_STYLE_COLOUR('',#17219);
#19386 = STYLED_ITEM('color',(#19387),#9581);
#19387 = PRESENTATION_STYLE_ASSIGNMENT((#19388));
#19388 = SURFACE_STYLE_USAGE(.BOTH.,#19389);
#19389 = SURFACE_SIDE_STYLE('',(#19390));
#19390 = SURFACE_STYLE_FILL_AREA(#19391);
#19391 = FILL_AREA_STYLE('',(#19392));
#19392 = FILL_AREA_STYLE_COLOUR('',#17219);
#19393 = STYLED_ITEM('color',(#19394),#9606);
#19394 = PRESENTATION_STYLE_ASSIGNMENT((#19395));
#19395 = SURFACE_STYLE_USAGE(.BOTH.,#19396);
#19396 = SURFACE_SIDE_STYLE('',(#19397));
#19397 = SURFACE_STYLE_FILL_AREA(#19398);
#19398 = FILL_AREA_STYLE('',(#19399));
#19399 = FILL_AREA_STYLE_COLOUR('',#17219);
#19400 = STYLED_ITEM('color',(#19401),#9630);
#19401 = PRESENTATION_STYLE_ASSIGNMENT((#19402));
#19402 = SURFACE_STYLE_USAGE(.BOTH.,#19403);
#19403 = SURFACE_SIDE_STYLE('',(#19404));
#19404 = SURFACE_STYLE_FILL_AREA(#19405);
#19405 = FILL_AREA_STYLE('',(#19406));
#19406 = FILL_AREA_STYLE_COLOUR('',#17219);
#19407 = STYLED_ITEM('color',(#19408),#9654);
#19408 = PRESENTATION_STYLE_ASSIGNMENT((#19409));
#19409 = SURFACE_STYLE_USAGE(.BOTH.,#19410);
#19410 = SURFACE_SIDE_STYLE('',(#19411));
#19411 = SURFACE_STYLE_FILL_AREA(#19412);
#19412 = FILL_AREA_STYLE('',(#19413));
#19413 = FILL_AREA_STYLE_COLOUR('',#17219);
#19414 = STYLED_ITEM('color',(#19415),#9679);
#19415 = PRESENTATION_STYLE_ASSIGNMENT((#19416));
#19416 = SURFACE_STYLE_USAGE(.BOTH.,#19417);
#19417 = SURFACE_SIDE_STYLE('',(#19418));
#19418 = SURFACE_STYLE_FILL_AREA(#19419);
#19419 = FILL_AREA_STYLE('',(#19420));
#19420 = FILL_AREA_STYLE_COLOUR('',#17219);
#19421 = STYLED_ITEM('color',(#19422),#9704);
#19422 = PRESENTATION_STYLE_ASSIGNMENT((#19423));
#19423 = SURFACE_STYLE_USAGE(.BOTH.,#19424);
#19424 = SURFACE_SIDE_STYLE('',(#19425));
#19425 = SURFACE_STYLE_FILL_AREA(#19426);
#19426 = FILL_AREA_STYLE('',(#19427));
#19427 = FILL_AREA_STYLE_COLOUR('',#17219);
#19428 = STYLED_ITEM('color',(#19429),#9721);
#19429 = PRESENTATION_STYLE_ASSIGNMENT((#19430));
#19430 = SURFACE_STYLE_USAGE(.BOTH.,#19431);
#19431 = SURFACE_SIDE_STYLE('',(#19432));
#19432 = SURFACE_STYLE_FILL_AREA(#19433);
#19433 = FILL_AREA_STYLE('',(#19434));
#19434 = FILL_AREA_STYLE_COLOUR('',#17219);
#19435 = MECHANICAL_DESIGN_GEOMETRIC_PRESENTATION_REPRESENTATION('',(
    #19436,#19443,#19450,#19457,#19464,#19471,#19478,#19485,#19492,
    #19499,#19506,#19514,#19521,#19528,#19535,#19542,#19549,#19556,
    #19563,#19570,#19577,#19584,#19591,#19598,#19605,#19612,#19619,
    #19626),#14990);
#19436 = STYLED_ITEM('color',(#19437),#14138);
#19437 = PRESENTATION_STYLE_ASSIGNMENT((#19438));
#19438 = SURFACE_STYLE_USAGE(.BOTH.,#19439);
#19439 = SURFACE_SIDE_STYLE('',(#19440));
#19440 = SURFACE_STYLE_FILL_AREA(#19441);
#19441 = FILL_AREA_STYLE('',(#19442));
#19442 = FILL_AREA_STYLE_COLOUR('',#17219);
#19443 = STYLED_ITEM('color',(#19444),#14214);
#19444 = PRESENTATION_STYLE_ASSIGNMENT((#19445));
#19445 = SURFACE_STYLE_USAGE(.BOTH.,#19446);
#19446 = SURFACE_SIDE_STYLE('',(#19447));
#19447 = SURFACE_STYLE_FILL_AREA(#19448);
#19448 = FILL_AREA_STYLE('',(#19449));
#19449 = FILL_AREA_STYLE_COLOUR('',#17219);
#19450 = STYLED_ITEM('color',(#19451),#14245);
#19451 = PRESENTATION_STYLE_ASSIGNMENT((#19452));
#19452 = SURFACE_STYLE_USAGE(.BOTH.,#19453);
#19453 = SURFACE_SIDE_STYLE('',(#19454));
#19454 = SURFACE_STYLE_FILL_AREA(#19455);
#19455 = FILL_AREA_STYLE('',(#19456));
#19456 = FILL_AREA_STYLE_COLOUR('',#17219);
#19457 = STYLED_ITEM('color',(#19458),#14270);
#19458 = PRESENTATION_STYLE_ASSIGNMENT((#19459));
#19459 = SURFACE_STYLE_USAGE(.BOTH.,#19460);
#19460 = SURFACE_SIDE_STYLE('',(#19461));
#19461 = SURFACE_STYLE_FILL_AREA(#19462);
#19462 = FILL_AREA_STYLE('',(#19463));
#19463 = FILL_AREA_STYLE_COLOUR('',#17219);
#19464 = STYLED_ITEM('color',(#19465),#14295);
#19465 = PRESENTATION_STYLE_ASSIGNMENT((#19466));
#19466 = SURFACE_STYLE_USAGE(.BOTH.,#19467);
#19467 = SURFACE_SIDE_STYLE('',(#19468));
#19468 = SURFACE_STYLE_FILL_AREA(#19469);
#19469 = FILL_AREA_STYLE('',(#19470));
#19470 = FILL_AREA_STYLE_COLOUR('',#17219);
#19471 = STYLED_ITEM('color',(#19472),#14319);
#19472 = PRESENTATION_STYLE_ASSIGNMENT((#19473));
#19473 = SURFACE_STYLE_USAGE(.BOTH.,#19474);
#19474 = SURFACE_SIDE_STYLE('',(#19475));
#19475 = SURFACE_STYLE_FILL_AREA(#19476);
#19476 = FILL_AREA_STYLE('',(#19477));
#19477 = FILL_AREA_STYLE_COLOUR('',#17219);
#19478 = STYLED_ITEM('color',(#19479),#14343);
#19479 = PRESENTATION_STYLE_ASSIGNMENT((#19480));
#19480 = SURFACE_STYLE_USAGE(.BOTH.,#19481);
#19481 = SURFACE_SIDE_STYLE('',(#19482));
#19482 = SURFACE_STYLE_FILL_AREA(#19483);
#19483 = FILL_AREA_STYLE('',(#19484));
#19484 = FILL_AREA_STYLE_COLOUR('',#17219);
#19485 = STYLED_ITEM('color',(#19486),#14368);
#19486 = PRESENTATION_STYLE_ASSIGNMENT((#19487));
#19487 = SURFACE_STYLE_USAGE(.BOTH.,#19488);
#19488 = SURFACE_SIDE_STYLE('',(#19489));
#19489 = SURFACE_STYLE_FILL_AREA(#19490);
#19490 = FILL_AREA_STYLE('',(#19491));
#19491 = FILL_AREA_STYLE_COLOUR('',#17219);
#19492 = STYLED_ITEM('color',(#19493),#14393);
#19493 = PRESENTATION_STYLE_ASSIGNMENT((#19494));
#19494 = SURFACE_STYLE_USAGE(.BOTH.,#19495);
#19495 = SURFACE_SIDE_STYLE('',(#19496));
#19496 = SURFACE_STYLE_FILL_AREA(#19497);
#19497 = FILL_AREA_STYLE('',(#19498));
#19498 = FILL_AREA_STYLE_COLOUR('',#17219);
#19499 = STYLED_ITEM('color',(#19500),#14410);
#19500 = PRESENTATION_STYLE_ASSIGNMENT((#19501));
#19501 = SURFACE_STYLE_USAGE(.BOTH.,#19502);
#19502 = SURFACE_SIDE_STYLE('',(#19503));
#19503 = SURFACE_STYLE_FILL_AREA(#19504);
#19504 = FILL_AREA_STYLE('',(#19505));
#19505 = FILL_AREA_STYLE_COLOUR('',#17219);
#19506 = STYLED_ITEM('color',(#19507),#14496);
#19507 = PRESENTATION_STYLE_ASSIGNMENT((#19508));
#19508 = SURFACE_STYLE_USAGE(.BOTH.,#19509);
#19509 = SURFACE_SIDE_STYLE('',(#19510));
#19510 = SURFACE_STYLE_FILL_AREA(#19511);
#19511 = FILL_AREA_STYLE('',(#19512));
#19512 = FILL_AREA_STYLE_COLOUR('',#19513);
#19513 = COLOUR_RGB('',0.272999999305,0.272999999305,0.272999999305);
#19514 = STYLED_ITEM('color',(#19515),#14528);
#19515 = PRESENTATION_STYLE_ASSIGNMENT((#19516));
#19516 = SURFACE_STYLE_USAGE(.BOTH.,#19517);
#19517 = SURFACE_SIDE_STYLE('',(#19518));
#19518 = SURFACE_STYLE_FILL_AREA(#19519);
#19519 = FILL_AREA_STYLE('',(#19520));
#19520 = FILL_AREA_STYLE_COLOUR('',#19513);
#19521 = STYLED_ITEM('color',(#19522),#14552);
#19522 = PRESENTATION_STYLE_ASSIGNMENT((#19523));
#19523 = SURFACE_STYLE_USAGE(.BOTH.,#19524);
#19524 = SURFACE_SIDE_STYLE('',(#19525));
#19525 = SURFACE_STYLE_FILL_AREA(#19526);
#19526 = FILL_AREA_STYLE('',(#19527));
#19527 = FILL_AREA_STYLE_COLOUR('',#19513);
#19528 = STYLED_ITEM('color',(#19529),#14577);
#19529 = PRESENTATION_STYLE_ASSIGNMENT((#19530));
#19530 = SURFACE_STYLE_USAGE(.BOTH.,#19531);
#19531 = SURFACE_SIDE_STYLE('',(#19532));
#19532 = SURFACE_STYLE_FILL_AREA(#19533);
#19533 = FILL_AREA_STYLE('',(#19534));
#19534 = FILL_AREA_STYLE_COLOUR('',#19513);
#19535 = STYLED_ITEM('color',(#19536),#14601);
#19536 = PRESENTATION_STYLE_ASSIGNMENT((#19537));
#19537 = SURFACE_STYLE_USAGE(.BOTH.,#19538);
#19538 = SURFACE_SIDE_STYLE('',(#19539));
#19539 = SURFACE_STYLE_FILL_AREA(#19540);
#19540 = FILL_AREA_STYLE('',(#19541));
#19541 = FILL_AREA_STYLE_COLOUR('',#19513);
#19542 = STYLED_ITEM('color',(#19543),#14626);
#19543 = PRESENTATION_STYLE_ASSIGNMENT((#19544));
#19544 = SURFACE_STYLE_USAGE(.BOTH.,#19545);
#19545 = SURFACE_SIDE_STYLE('',(#19546));
#19546 = SURFACE_STYLE_FILL_AREA(#19547);
#19547 = FILL_AREA_STYLE('',(#19548));
#19548 = FILL_AREA_STYLE_COLOUR('',#19513);
#19549 = STYLED_ITEM('color',(#19550),#14650);
#19550 = PRESENTATION_STYLE_ASSIGNMENT((#19551));
#19551 = SURFACE_STYLE_USAGE(.BOTH.,#19552);
#19552 = SURFACE_SIDE_STYLE('',(#19553));
#19553 = SURFACE_STYLE_FILL_AREA(#19554);
#19554 = FILL_AREA_STYLE('',(#19555));
#19555 = FILL_AREA_STYLE_COLOUR('',#19513);
#19556 = STYLED_ITEM('color',(#19557),#14675);
#19557 = PRESENTATION_STYLE_ASSIGNMENT((#19558));
#19558 = SURFACE_STYLE_USAGE(.BOTH.,#19559);
#19559 = SURFACE_SIDE_STYLE('',(#19560));
#19560 = SURFACE_STYLE_FILL_AREA(#19561);
#19561 = FILL_AREA_STYLE('',(#19562));
#19562 = FILL_AREA_STYLE_COLOUR('',#19513);
#19563 = STYLED_ITEM('color',(#19564),#14692);
#19564 = PRESENTATION_STYLE_ASSIGNMENT((#19565));
#19565 = SURFACE_STYLE_USAGE(.BOTH.,#19566);
#19566 = SURFACE_SIDE_STYLE('',(#19567));
#19567 = SURFACE_STYLE_FILL_AREA(#19568);
#19568 = FILL_AREA_STYLE('',(#19569));
#19569 = FILL_AREA_STYLE_COLOUR('',#17219);
#19570 = STYLED_ITEM('color',(#19571),#14778);
#19571 = PRESENTATION_STYLE_ASSIGNMENT((#19572));
#19572 = SURFACE_STYLE_USAGE(.BOTH.,#19573);
#19573 = SURFACE_SIDE_STYLE('',(#19574));
#19574 = SURFACE_STYLE_FILL_AREA(#19575);
#19575 = FILL_AREA_STYLE('',(#19576));
#19576 = FILL_AREA_STYLE_COLOUR('',#17219);
#19577 = STYLED_ITEM('color',(#19578),#14809);
#19578 = PRESENTATION_STYLE_ASSIGNMENT((#19579));
#19579 = SURFACE_STYLE_USAGE(.BOTH.,#19580);
#19580 = SURFACE_SIDE_STYLE('',(#19581));
#19581 = SURFACE_STYLE_FILL_AREA(#19582);
#19582 = FILL_AREA_STYLE('',(#19583));
#19583 = FILL_AREA_STYLE_COLOUR('',#17219);
#19584 = STYLED_ITEM('color',(#19585),#14834);
#19585 = PRESENTATION_STYLE_ASSIGNMENT((#19586));
#19586 = SURFACE_STYLE_USAGE(.BOTH.,#19587);
#19587 = SURFACE_SIDE_STYLE('',(#19588));
#19588 = SURFACE_STYLE_FILL_AREA(#19589);
#19589 = FILL_AREA_STYLE('',(#19590));
#19590 = FILL_AREA_STYLE_COLOUR('',#17219);
#19591 = STYLED_ITEM('color',(#19592),#14859);
#19592 = PRESENTATION_STYLE_ASSIGNMENT((#19593));
#19593 = SURFACE_STYLE_USAGE(.BOTH.,#19594);
#19594 = SURFACE_SIDE_STYLE('',(#19595));
#19595 = SURFACE_STYLE_FILL_AREA(#19596);
#19596 = FILL_AREA_STYLE('',(#19597));
#19597 = FILL_AREA_STYLE_COLOUR('',#17219);
#19598 = STYLED_ITEM('color',(#19599),#14883);
#19599 = PRESENTATION_STYLE_ASSIGNMENT((#19600));
#19600 = SURFACE_STYLE_USAGE(.BOTH.,#19601);
#19601 = SURFACE_SIDE_STYLE('',(#19602));
#19602 = SURFACE_STYLE_FILL_AREA(#19603);
#19603 = FILL_AREA_STYLE('',(#19604));
#19604 = FILL_AREA_STYLE_COLOUR('',#17219);
#19605 = STYLED_ITEM('color',(#19606),#14907);
#19606 = PRESENTATION_STYLE_ASSIGNMENT((#19607));
#19607 = SURFACE_STYLE_USAGE(.BOTH.,#19608);
#19608 = SURFACE_SIDE_STYLE('',(#19609));
#19609 = SURFACE_STYLE_FILL_AREA(#19610);
#19610 = FILL_AREA_STYLE('',(#19611));
#19611 = FILL_AREA_STYLE_COLOUR('',#17219);
#19612 = STYLED_ITEM('color',(#19613),#14932);
#19613 = PRESENTATION_STYLE_ASSIGNMENT((#19614));
#19614 = SURFACE_STYLE_USAGE(.BOTH.,#19615);
#19615 = SURFACE_SIDE_STYLE('',(#19616));
#19616 = SURFACE_STYLE_FILL_AREA(#19617);
#19617 = FILL_AREA_STYLE('',(#19618));
#19618 = FILL_AREA_STYLE_COLOUR('',#17219);
#19619 = STYLED_ITEM('color',(#19620),#14957);
#19620 = PRESENTATION_STYLE_ASSIGNMENT((#19621));
#19621 = SURFACE_STYLE_USAGE(.BOTH.,#19622);
#19622 = SURFACE_SIDE_STYLE('',(#19623));
#19623 = SURFACE_STYLE_FILL_AREA(#19624);
#19624 = FILL_AREA_STYLE('',(#19625));
#19625 = FILL_AREA_STYLE_COLOUR('',#17219);
#19626 = STYLED_ITEM('color',(#19627),#14974);
#19627 = PRESENTATION_STYLE_ASSIGNMENT((#19628));
#19628 = SURFACE_STYLE_USAGE(.BOTH.,#19629);
#19629 = SURFACE_SIDE_STYLE('',(#19630));
#19630 = SURFACE_STYLE_FILL_AREA(#19631);
#19631 = FILL_AREA_STYLE('',(#19632));
#19632 = FILL_AREA_STYLE_COLOUR('',#17219);
#19633 = MECHANICAL_DESIGN_GEOMETRIC_PRESENTATION_REPRESENTATION('',(
    #19634,#19642,#19650,#19658,#19665,#19672,#19679,#19686,#19693,
    #19700,#19707,#19714,#19721,#19728,#19735,#19742,#19749,#19756,
    #19763,#19770,#19777,#19784,#19791,#19798,#19805,#19812,#19819,
    #19826,#19833,#19840,#19847,#19854,#19861,#19868,#19875,#19882,
    #19889,#19896,#19903,#19910,#19917,#19924,#19931,#19938,#19945,
    #19952,#19959,#19966,#19973,#19980,#19987,#19994,#20001,#20008,
    #20015,#20022,#20029,#20036,#20043,#20050,#20057,#20064,#20071,
    #20078,#20085,#20092,#20099,#20106,#20113,#20120,#20127,#20134,
    #20141,#20148,#20155,#20162,#20169,#20176,#20183,#20190,#20197,
    #20204,#20211,#20218,#20225,#20232,#20239,#20246,#20253,#20260,
    #20267,#20274,#20281,#20288,#20295,#20302,#20309,#20316,#20323,
    #20330,#20337,#20344,#20351,#20358,#20365,#20372,#20379,#20386,
    #20393,#20400,#20407,#20414,#20421,#20428,#20435,#20442,#20449,
    #20456,#20463,#20470,#20477,#20484,#20491,#20498,#20505),#5270);
#19634 = STYLED_ITEM('color',(#19635),#1816);
#19635 = PRESENTATION_STYLE_ASSIGNMENT((#19636));
#19636 = SURFACE_STYLE_USAGE(.BOTH.,#19637);
#19637 = SURFACE_SIDE_STYLE('',(#19638));
#19638 = SURFACE_STYLE_FILL_AREA(#19639);
#19639 = FILL_AREA_STYLE('',(#19640));
#19640 = FILL_AREA_STYLE_COLOUR('',#19641);
#19641 = COLOUR_RGB('',0.627450987486,0.627450987486,0.627450987486);
#19642 = OVER_RIDING_STYLED_ITEM('overriding color',(#19643),#1818,
  #19634);
#19643 = PRESENTATION_STYLE_ASSIGNMENT((#19644));
#19644 = SURFACE_STYLE_USAGE(.BOTH.,#19645);
#19645 = SURFACE_SIDE_STYLE('',(#19646));
#19646 = SURFACE_STYLE_FILL_AREA(#19647);
#19647 = FILL_AREA_STYLE('',(#19648));
#19648 = FILL_AREA_STYLE_COLOUR('',#19649);
#19649 = COLOUR_RGB('',0.149019609447,0.145098038775,0.145098038775);
#19650 = OVER_RIDING_STYLED_ITEM('overriding color',(#19651),#1858,
  #19634);
#19651 = PRESENTATION_STYLE_ASSIGNMENT((#19652));
#19652 = SURFACE_STYLE_USAGE(.BOTH.,#19653);
#19653 = SURFACE_SIDE_STYLE('',(#19654));
#19654 = SURFACE_STYLE_FILL_AREA(#19655);
#19655 = FILL_AREA_STYLE('',(#19656));
#19656 = FILL_AREA_STYLE_COLOUR('',#19657);
#19657 = COLOUR_RGB('',0.858823514405,0.737254912529,0.494117641438);
#19658 = OVER_RIDING_STYLED_ITEM('overriding color',(#19659),#1898,
  #19634);
#19659 = PRESENTATION_STYLE_ASSIGNMENT((#19660));
#19660 = SURFACE_STYLE_USAGE(.BOTH.,#19661);
#19661 = SURFACE_SIDE_STYLE('',(#19662));
#19662 = SURFACE_STYLE_FILL_AREA(#19663);
#19663 = FILL_AREA_STYLE('',(#19664));
#19664 = FILL_AREA_STYLE_COLOUR('',#19657);
#19665 = OVER_RIDING_STYLED_ITEM('overriding color',(#19666),#1938,
  #19634);
#19666 = PRESENTATION_STYLE_ASSIGNMENT((#19667));
#19667 = SURFACE_STYLE_USAGE(.BOTH.,#19668);
#19668 = SURFACE_SIDE_STYLE('',(#19669));
#19669 = SURFACE_STYLE_FILL_AREA(#19670);
#19670 = FILL_AREA_STYLE('',(#19671));
#19671 = FILL_AREA_STYLE_COLOUR('',#19657);
#19672 = OVER_RIDING_STYLED_ITEM('overriding color',(#19673),#1969,
  #19634);
#19673 = PRESENTATION_STYLE_ASSIGNMENT((#19674));
#19674 = SURFACE_STYLE_USAGE(.BOTH.,#19675);
#19675 = SURFACE_SIDE_STYLE('',(#19676));
#19676 = SURFACE_STYLE_FILL_AREA(#19677);
#19677 = FILL_AREA_STYLE('',(#19678));
#19678 = FILL_AREA_STYLE_COLOUR('',#19657);
#19679 = OVER_RIDING_STYLED_ITEM('overriding color',(#19680),#1993,
  #19634);
#19680 = PRESENTATION_STYLE_ASSIGNMENT((#19681));
#19681 = SURFACE_STYLE_USAGE(.BOTH.,#19682);
#19682 = SURFACE_SIDE_STYLE('',(#19683));
#19683 = SURFACE_STYLE_FILL_AREA(#19684);
#19684 = FILL_AREA_STYLE('',(#19685));
#19685 = FILL_AREA_STYLE_COLOUR('',#19657);
#19686 = OVER_RIDING_STYLED_ITEM('overriding color',(#19687),#2017,
  #19634);
#19687 = PRESENTATION_STYLE_ASSIGNMENT((#19688));
#19688 = SURFACE_STYLE_USAGE(.BOTH.,#19689);
#19689 = SURFACE_SIDE_STYLE('',(#19690));
#19690 = SURFACE_STYLE_FILL_AREA(#19691);
#19691 = FILL_AREA_STYLE('',(#19692));
#19692 = FILL_AREA_STYLE_COLOUR('',#19657);
#19693 = OVER_RIDING_STYLED_ITEM('overriding color',(#19694),#2034,
  #19634);
#19694 = PRESENTATION_STYLE_ASSIGNMENT((#19695));
#19695 = SURFACE_STYLE_USAGE(.BOTH.,#19696);
#19696 = SURFACE_SIDE_STYLE('',(#19697));
#19697 = SURFACE_STYLE_FILL_AREA(#19698);
#19698 = FILL_AREA_STYLE('',(#19699));
#19699 = FILL_AREA_STYLE_COLOUR('',#19657);
#19700 = OVER_RIDING_STYLED_ITEM('overriding color',(#19701),#2065,
  #19634);
#19701 = PRESENTATION_STYLE_ASSIGNMENT((#19702));
#19702 = SURFACE_STYLE_USAGE(.BOTH.,#19703);
#19703 = SURFACE_SIDE_STYLE('',(#19704));
#19704 = SURFACE_STYLE_FILL_AREA(#19705);
#19705 = FILL_AREA_STYLE('',(#19706));
#19706 = FILL_AREA_STYLE_COLOUR('',#19657);
#19707 = OVER_RIDING_STYLED_ITEM('overriding color',(#19708),#2089,
  #19634);
#19708 = PRESENTATION_STYLE_ASSIGNMENT((#19709));
#19709 = SURFACE_STYLE_USAGE(.BOTH.,#19710);
#19710 = SURFACE_SIDE_STYLE('',(#19711));
#19711 = SURFACE_STYLE_FILL_AREA(#19712);
#19712 = FILL_AREA_STYLE('',(#19713));
#19713 = FILL_AREA_STYLE_COLOUR('',#19657);
#19714 = OVER_RIDING_STYLED_ITEM('overriding color',(#19715),#2113,
  #19634);
#19715 = PRESENTATION_STYLE_ASSIGNMENT((#19716));
#19716 = SURFACE_STYLE_USAGE(.BOTH.,#19717);
#19717 = SURFACE_SIDE_STYLE('',(#19718));
#19718 = SURFACE_STYLE_FILL_AREA(#19719);
#19719 = FILL_AREA_STYLE('',(#19720));
#19720 = FILL_AREA_STYLE_COLOUR('',#19657);
#19721 = OVER_RIDING_STYLED_ITEM('overriding color',(#19722),#2130,
  #19634);
#19722 = PRESENTATION_STYLE_ASSIGNMENT((#19723));
#19723 = SURFACE_STYLE_USAGE(.BOTH.,#19724);
#19724 = SURFACE_SIDE_STYLE('',(#19725));
#19725 = SURFACE_STYLE_FILL_AREA(#19726);
#19726 = FILL_AREA_STYLE('',(#19727));
#19727 = FILL_AREA_STYLE_COLOUR('',#19657);
#19728 = OVER_RIDING_STYLED_ITEM('overriding color',(#19729),#2161,
  #19634);
#19729 = PRESENTATION_STYLE_ASSIGNMENT((#19730));
#19730 = SURFACE_STYLE_USAGE(.BOTH.,#19731);
#19731 = SURFACE_SIDE_STYLE('',(#19732));
#19732 = SURFACE_STYLE_FILL_AREA(#19733);
#19733 = FILL_AREA_STYLE('',(#19734));
#19734 = FILL_AREA_STYLE_COLOUR('',#19657);
#19735 = OVER_RIDING_STYLED_ITEM('overriding color',(#19736),#2185,
  #19634);
#19736 = PRESENTATION_STYLE_ASSIGNMENT((#19737));
#19737 = SURFACE_STYLE_USAGE(.BOTH.,#19738);
#19738 = SURFACE_SIDE_STYLE('',(#19739));
#19739 = SURFACE_STYLE_FILL_AREA(#19740);
#19740 = FILL_AREA_STYLE('',(#19741));
#19741 = FILL_AREA_STYLE_COLOUR('',#19657);
#19742 = OVER_RIDING_STYLED_ITEM('overriding color',(#19743),#2209,
  #19634);
#19743 = PRESENTATION_STYLE_ASSIGNMENT((#19744));
#19744 = SURFACE_STYLE_USAGE(.BOTH.,#19745);
#19745 = SURFACE_SIDE_STYLE('',(#19746));
#19746 = SURFACE_STYLE_FILL_AREA(#19747);
#19747 = FILL_AREA_STYLE('',(#19748));
#19748 = FILL_AREA_STYLE_COLOUR('',#19657);
#19749 = OVER_RIDING_STYLED_ITEM('overriding color',(#19750),#2226,
  #19634);
#19750 = PRESENTATION_STYLE_ASSIGNMENT((#19751));
#19751 = SURFACE_STYLE_USAGE(.BOTH.,#19752);
#19752 = SURFACE_SIDE_STYLE('',(#19753));
#19753 = SURFACE_STYLE_FILL_AREA(#19754);
#19754 = FILL_AREA_STYLE('',(#19755));
#19755 = FILL_AREA_STYLE_COLOUR('',#19657);
#19756 = OVER_RIDING_STYLED_ITEM('overriding color',(#19757),#2257,
  #19634);
#19757 = PRESENTATION_STYLE_ASSIGNMENT((#19758));
#19758 = SURFACE_STYLE_USAGE(.BOTH.,#19759);
#19759 = SURFACE_SIDE_STYLE('',(#19760));
#19760 = SURFACE_STYLE_FILL_AREA(#19761);
#19761 = FILL_AREA_STYLE('',(#19762));
#19762 = FILL_AREA_STYLE_COLOUR('',#19657);
#19763 = OVER_RIDING_STYLED_ITEM('overriding color',(#19764),#2281,
  #19634);
#19764 = PRESENTATION_STYLE_ASSIGNMENT((#19765));
#19765 = SURFACE_STYLE_USAGE(.BOTH.,#19766);
#19766 = SURFACE_SIDE_STYLE('',(#19767));
#19767 = SURFACE_STYLE_FILL_AREA(#19768);
#19768 = FILL_AREA_STYLE('',(#19769));
#19769 = FILL_AREA_STYLE_COLOUR('',#19657);
#19770 = OVER_RIDING_STYLED_ITEM('overriding color',(#19771),#2305,
  #19634);
#19771 = PRESENTATION_STYLE_ASSIGNMENT((#19772));
#19772 = SURFACE_STYLE_USAGE(.BOTH.,#19773);
#19773 = SURFACE_SIDE_STYLE('',(#19774));
#19774 = SURFACE_STYLE_FILL_AREA(#19775);
#19775 = FILL_AREA_STYLE('',(#19776));
#19776 = FILL_AREA_STYLE_COLOUR('',#19657);
#19777 = OVER_RIDING_STYLED_ITEM('overriding color',(#19778),#2322,
  #19634);
#19778 = PRESENTATION_STYLE_ASSIGNMENT((#19779));
#19779 = SURFACE_STYLE_USAGE(.BOTH.,#19780);
#19780 = SURFACE_SIDE_STYLE('',(#19781));
#19781 = SURFACE_STYLE_FILL_AREA(#19782);
#19782 = FILL_AREA_STYLE('',(#19783));
#19783 = FILL_AREA_STYLE_COLOUR('',#19649);
#19784 = OVER_RIDING_STYLED_ITEM('overriding color',(#19785),#2353,
  #19634);
#19785 = PRESENTATION_STYLE_ASSIGNMENT((#19786));
#19786 = SURFACE_STYLE_USAGE(.BOTH.,#19787);
#19787 = SURFACE_SIDE_STYLE('',(#19788));
#19788 = SURFACE_STYLE_FILL_AREA(#19789);
#19789 = FILL_AREA_STYLE('',(#19790));
#19790 = FILL_AREA_STYLE_COLOUR('',#19649);
#19791 = OVER_RIDING_STYLED_ITEM('overriding color',(#19792),#2384,
  #19634);
#19792 = PRESENTATION_STYLE_ASSIGNMENT((#19793));
#19793 = SURFACE_STYLE_USAGE(.BOTH.,#19794);
#19794 = SURFACE_SIDE_STYLE('',(#19795));
#19795 = SURFACE_STYLE_FILL_AREA(#19796);
#19796 = FILL_AREA_STYLE('',(#19797));
#19797 = FILL_AREA_STYLE_COLOUR('',#19649);
#19798 = OVER_RIDING_STYLED_ITEM('overriding color',(#19799),#2415,
  #19634);
#19799 = PRESENTATION_STYLE_ASSIGNMENT((#19800));
#19800 = SURFACE_STYLE_USAGE(.BOTH.,#19801);
#19801 = SURFACE_SIDE_STYLE('',(#19802));
#19802 = SURFACE_STYLE_FILL_AREA(#19803);
#19803 = FILL_AREA_STYLE('',(#19804));
#19804 = FILL_AREA_STYLE_COLOUR('',#19649);
#19805 = OVER_RIDING_STYLED_ITEM('overriding color',(#19806),#2446,
  #19634);
#19806 = PRESENTATION_STYLE_ASSIGNMENT((#19807));
#19807 = SURFACE_STYLE_USAGE(.BOTH.,#19808);
#19808 = SURFACE_SIDE_STYLE('',(#19809));
#19809 = SURFACE_STYLE_FILL_AREA(#19810);
#19810 = FILL_AREA_STYLE('',(#19811));
#19811 = FILL_AREA_STYLE_COLOUR('',#19649);
#19812 = OVER_RIDING_STYLED_ITEM('overriding color',(#19813),#2477,
  #19634);
#19813 = PRESENTATION_STYLE_ASSIGNMENT((#19814));
#19814 = SURFACE_STYLE_USAGE(.BOTH.,#19815);
#19815 = SURFACE_SIDE_STYLE('',(#19816));
#19816 = SURFACE_STYLE_FILL_AREA(#19817);
#19817 = FILL_AREA_STYLE('',(#19818));
#19818 = FILL_AREA_STYLE_COLOUR('',#19649);
#19819 = OVER_RIDING_STYLED_ITEM('overriding color',(#19820),#2508,
  #19634);
#19820 = PRESENTATION_STYLE_ASSIGNMENT((#19821));
#19821 = SURFACE_STYLE_USAGE(.BOTH.,#19822);
#19822 = SURFACE_SIDE_STYLE('',(#19823));
#19823 = SURFACE_STYLE_FILL_AREA(#19824);
#19824 = FILL_AREA_STYLE('',(#19825));
#19825 = FILL_AREA_STYLE_COLOUR('',#19657);
#19826 = OVER_RIDING_STYLED_ITEM('overriding color',(#19827),#2548,
  #19634);
#19827 = PRESENTATION_STYLE_ASSIGNMENT((#19828));
#19828 = SURFACE_STYLE_USAGE(.BOTH.,#19829);
#19829 = SURFACE_SIDE_STYLE('',(#19830));
#19830 = SURFACE_STYLE_FILL_AREA(#19831);
#19831 = FILL_AREA_STYLE('',(#19832));
#19832 = FILL_AREA_STYLE_COLOUR('',#19657);
#19833 = OVER_RIDING_STYLED_ITEM('overriding color',(#19834),#2588,
  #19634);
#19834 = PRESENTATION_STYLE_ASSIGNMENT((#19835));
#19835 = SURFACE_STYLE_USAGE(.BOTH.,#19836);
#19836 = SURFACE_SIDE_STYLE('',(#19837));
#19837 = SURFACE_STYLE_FILL_AREA(#19838);
#19838 = FILL_AREA_STYLE('',(#19839));
#19839 = FILL_AREA_STYLE_COLOUR('',#19657);
#19840 = OVER_RIDING_STYLED_ITEM('overriding color',(#19841),#2619,
  #19634);
#19841 = PRESENTATION_STYLE_ASSIGNMENT((#19842));
#19842 = SURFACE_STYLE_USAGE(.BOTH.,#19843);
#19843 = SURFACE_SIDE_STYLE('',(#19844));
#19844 = SURFACE_STYLE_FILL_AREA(#19845);
#19845 = FILL_AREA_STYLE('',(#19846));
#19846 = FILL_AREA_STYLE_COLOUR('',#19657);
#19847 = OVER_RIDING_STYLED_ITEM('overriding color',(#19848),#2643,
  #19634);
#19848 = PRESENTATION_STYLE_ASSIGNMENT((#19849));
#19849 = SURFACE_STYLE_USAGE(.BOTH.,#19850);
#19850 = SURFACE_SIDE_STYLE('',(#19851));
#19851 = SURFACE_STYLE_FILL_AREA(#19852);
#19852 = FILL_AREA_STYLE('',(#19853));
#19853 = FILL_AREA_STYLE_COLOUR('',#19657);
#19854 = OVER_RIDING_STYLED_ITEM('overriding color',(#19855),#2667,
  #19634);
#19855 = PRESENTATION_STYLE_ASSIGNMENT((#19856));
#19856 = SURFACE_STYLE_USAGE(.BOTH.,#19857);
#19857 = SURFACE_SIDE_STYLE('',(#19858));
#19858 = SURFACE_STYLE_FILL_AREA(#19859);
#19859 = FILL_AREA_STYLE('',(#19860));
#19860 = FILL_AREA_STYLE_COLOUR('',#19657);
#19861 = OVER_RIDING_STYLED_ITEM('overriding color',(#19862),#2684,
  #19634);
#19862 = PRESENTATION_STYLE_ASSIGNMENT((#19863));
#19863 = SURFACE_STYLE_USAGE(.BOTH.,#19864);
#19864 = SURFACE_SIDE_STYLE('',(#19865));
#19865 = SURFACE_STYLE_FILL_AREA(#19866);
#19866 = FILL_AREA_STYLE('',(#19867));
#19867 = FILL_AREA_STYLE_COLOUR('',#19657);
#19868 = OVER_RIDING_STYLED_ITEM('overriding color',(#19869),#2715,
  #19634);
#19869 = PRESENTATION_STYLE_ASSIGNMENT((#19870));
#19870 = SURFACE_STYLE_USAGE(.BOTH.,#19871);
#19871 = SURFACE_SIDE_STYLE('',(#19872));
#19872 = SURFACE_STYLE_FILL_AREA(#19873);
#19873 = FILL_AREA_STYLE('',(#19874));
#19874 = FILL_AREA_STYLE_COLOUR('',#19657);
#19875 = OVER_RIDING_STYLED_ITEM('overriding color',(#19876),#2739,
  #19634);
#19876 = PRESENTATION_STYLE_ASSIGNMENT((#19877));
#19877 = SURFACE_STYLE_USAGE(.BOTH.,#19878);
#19878 = SURFACE_SIDE_STYLE('',(#19879));
#19879 = SURFACE_STYLE_FILL_AREA(#19880);
#19880 = FILL_AREA_STYLE('',(#19881));
#19881 = FILL_AREA_STYLE_COLOUR('',#19657);
#19882 = OVER_RIDING_STYLED_ITEM('overriding color',(#19883),#2763,
  #19634);
#19883 = PRESENTATION_STYLE_ASSIGNMENT((#19884));
#19884 = SURFACE_STYLE_USAGE(.BOTH.,#19885);
#19885 = SURFACE_SIDE_STYLE('',(#19886));
#19886 = SURFACE_STYLE_FILL_AREA(#19887);
#19887 = FILL_AREA_STYLE('',(#19888));
#19888 = FILL_AREA_STYLE_COLOUR('',#19657);
#19889 = OVER_RIDING_STYLED_ITEM('overriding color',(#19890),#2780,
  #19634);
#19890 = PRESENTATION_STYLE_ASSIGNMENT((#19891));
#19891 = SURFACE_STYLE_USAGE(.BOTH.,#19892);
#19892 = SURFACE_SIDE_STYLE('',(#19893));
#19893 = SURFACE_STYLE_FILL_AREA(#19894);
#19894 = FILL_AREA_STYLE('',(#19895));
#19895 = FILL_AREA_STYLE_COLOUR('',#19657);
#19896 = OVER_RIDING_STYLED_ITEM('overriding color',(#19897),#2811,
  #19634);
#19897 = PRESENTATION_STYLE_ASSIGNMENT((#19898));
#19898 = SURFACE_STYLE_USAGE(.BOTH.,#19899);
#19899 = SURFACE_SIDE_STYLE('',(#19900));
#19900 = SURFACE_STYLE_FILL_AREA(#19901);
#19901 = FILL_AREA_STYLE('',(#19902));
#19902 = FILL_AREA_STYLE_COLOUR('',#19657);
#19903 = OVER_RIDING_STYLED_ITEM('overriding color',(#19904),#2835,
  #19634);
#19904 = PRESENTATION_STYLE_ASSIGNMENT((#19905));
#19905 = SURFACE_STYLE_USAGE(.BOTH.,#19906);
#19906 = SURFACE_SIDE_STYLE('',(#19907));
#19907 = SURFACE_STYLE_FILL_AREA(#19908);
#19908 = FILL_AREA_STYLE('',(#19909));
#19909 = FILL_AREA_STYLE_COLOUR('',#19657);
#19910 = OVER_RIDING_STYLED_ITEM('overriding color',(#19911),#2859,
  #19634);
#19911 = PRESENTATION_STYLE_ASSIGNMENT((#19912));
#19912 = SURFACE_STYLE_USAGE(.BOTH.,#19913);
#19913 = SURFACE_SIDE_STYLE('',(#19914));
#19914 = SURFACE_STYLE_FILL_AREA(#19915);
#19915 = FILL_AREA_STYLE('',(#19916));
#19916 = FILL_AREA_STYLE_COLOUR('',#19657);
#19917 = OVER_RIDING_STYLED_ITEM('overriding color',(#19918),#2876,
  #19634);
#19918 = PRESENTATION_STYLE_ASSIGNMENT((#19919));
#19919 = SURFACE_STYLE_USAGE(.BOTH.,#19920);
#19920 = SURFACE_SIDE_STYLE('',(#19921));
#19921 = SURFACE_STYLE_FILL_AREA(#19922);
#19922 = FILL_AREA_STYLE('',(#19923));
#19923 = FILL_AREA_STYLE_COLOUR('',#19657);
#19924 = OVER_RIDING_STYLED_ITEM('overriding color',(#19925),#2907,
  #19634);
#19925 = PRESENTATION_STYLE_ASSIGNMENT((#19926));
#19926 = SURFACE_STYLE_USAGE(.BOTH.,#19927);
#19927 = SURFACE_SIDE_STYLE('',(#19928));
#19928 = SURFACE_STYLE_FILL_AREA(#19929);
#19929 = FILL_AREA_STYLE('',(#19930));
#19930 = FILL_AREA_STYLE_COLOUR('',#19657);
#19931 = OVER_RIDING_STYLED_ITEM('overriding color',(#19932),#2931,
  #19634);
#19932 = PRESENTATION_STYLE_ASSIGNMENT((#19933));
#19933 = SURFACE_STYLE_USAGE(.BOTH.,#19934);
#19934 = SURFACE_SIDE_STYLE('',(#19935));
#19935 = SURFACE_STYLE_FILL_AREA(#19936);
#19936 = FILL_AREA_STYLE('',(#19937));
#19937 = FILL_AREA_STYLE_COLOUR('',#19657);
#19938 = OVER_RIDING_STYLED_ITEM('overriding color',(#19939),#2955,
  #19634);
#19939 = PRESENTATION_STYLE_ASSIGNMENT((#19940));
#19940 = SURFACE_STYLE_USAGE(.BOTH.,#19941);
#19941 = SURFACE_SIDE_STYLE('',(#19942));
#19942 = SURFACE_STYLE_FILL_AREA(#19943);
#19943 = FILL_AREA_STYLE('',(#19944));
#19944 = FILL_AREA_STYLE_COLOUR('',#19657);
#19945 = OVER_RIDING_STYLED_ITEM('overriding color',(#19946),#2972,
  #19634);
#19946 = PRESENTATION_STYLE_ASSIGNMENT((#19947));
#19947 = SURFACE_STYLE_USAGE(.BOTH.,#19948);
#19948 = SURFACE_SIDE_STYLE('',(#19949));
#19949 = SURFACE_STYLE_FILL_AREA(#19950);
#19950 = FILL_AREA_STYLE('',(#19951));
#19951 = FILL_AREA_STYLE_COLOUR('',#19649);
#19952 = OVER_RIDING_STYLED_ITEM('overriding color',(#19953),#3012,
  #19634);
#19953 = PRESENTATION_STYLE_ASSIGNMENT((#19954));
#19954 = SURFACE_STYLE_USAGE(.BOTH.,#19955);
#19955 = SURFACE_SIDE_STYLE('',(#19956));
#19956 = SURFACE_STYLE_FILL_AREA(#19957);
#19957 = FILL_AREA_STYLE('',(#19958));
#19958 = FILL_AREA_STYLE_COLOUR('',#19649);
#19959 = OVER_RIDING_STYLED_ITEM('overriding color',(#19960),#3043,
  #19634);
#19960 = PRESENTATION_STYLE_ASSIGNMENT((#19961));
#19961 = SURFACE_STYLE_USAGE(.BOTH.,#19962);
#19962 = SURFACE_SIDE_STYLE('',(#19963));
#19963 = SURFACE_STYLE_FILL_AREA(#19964);
#19964 = FILL_AREA_STYLE('',(#19965));
#19965 = FILL_AREA_STYLE_COLOUR('',#19649);
#19966 = OVER_RIDING_STYLED_ITEM('overriding color',(#19967),#3083,
  #19634);
#19967 = PRESENTATION_STYLE_ASSIGNMENT((#19968));
#19968 = SURFACE_STYLE_USAGE(.BOTH.,#19969);
#19969 = SURFACE_SIDE_STYLE('',(#19970));
#19970 = SURFACE_STYLE_FILL_AREA(#19971);
#19971 = FILL_AREA_STYLE('',(#19972));
#19972 = FILL_AREA_STYLE_COLOUR('',#19649);
#19973 = OVER_RIDING_STYLED_ITEM('overriding color',(#19974),#3114,
  #19634);
#19974 = PRESENTATION_STYLE_ASSIGNMENT((#19975));
#19975 = SURFACE_STYLE_USAGE(.BOTH.,#19976);
#19976 = SURFACE_SIDE_STYLE('',(#19977));
#19977 = SURFACE_STYLE_FILL_AREA(#19978);
#19978 = FILL_AREA_STYLE('',(#19979));
#19979 = FILL_AREA_STYLE_COLOUR('',#19649);
#19980 = OVER_RIDING_STYLED_ITEM('overriding color',(#19981),#3145,
  #19634);
#19981 = PRESENTATION_STYLE_ASSIGNMENT((#19982));
#19982 = SURFACE_STYLE_USAGE(.BOTH.,#19983);
#19983 = SURFACE_SIDE_STYLE('',(#19984));
#19984 = SURFACE_STYLE_FILL_AREA(#19985);
#19985 = FILL_AREA_STYLE('',(#19986));
#19986 = FILL_AREA_STYLE_COLOUR('',#19649);
#19987 = OVER_RIDING_STYLED_ITEM('overriding color',(#19988),#3176,
  #19634);
#19988 = PRESENTATION_STYLE_ASSIGNMENT((#19989));
#19989 = SURFACE_STYLE_USAGE(.BOTH.,#19990);
#19990 = SURFACE_SIDE_STYLE('',(#19991));
#19991 = SURFACE_STYLE_FILL_AREA(#19992);
#19992 = FILL_AREA_STYLE('',(#19993));
#19993 = FILL_AREA_STYLE_COLOUR('',#19649);
#19994 = OVER_RIDING_STYLED_ITEM('overriding color',(#19995),#3198,
  #19634);
#19995 = PRESENTATION_STYLE_ASSIGNMENT((#19996));
#19996 = SURFACE_STYLE_USAGE(.BOTH.,#19997);
#19997 = SURFACE_SIDE_STYLE('',(#19998));
#19998 = SURFACE_STYLE_FILL_AREA(#19999);
#19999 = FILL_AREA_STYLE('',(#20000));
#20000 = FILL_AREA_STYLE_COLOUR('',#19649);
#20001 = OVER_RIDING_STYLED_ITEM('overriding color',(#20002),#3229,
  #19634);
#20002 = PRESENTATION_STYLE_ASSIGNMENT((#20003));
#20003 = SURFACE_STYLE_USAGE(.BOTH.,#20004);
#20004 = SURFACE_SIDE_STYLE('',(#20005));
#20005 = SURFACE_STYLE_FILL_AREA(#20006);
#20006 = FILL_AREA_STYLE('',(#20007));
#20007 = FILL_AREA_STYLE_COLOUR('',#19649);
#20008 = OVER_RIDING_STYLED_ITEM('overriding color',(#20009),#3260,
  #19634);
#20009 = PRESENTATION_STYLE_ASSIGNMENT((#20010));
#20010 = SURFACE_STYLE_USAGE(.BOTH.,#20011);
#20011 = SURFACE_SIDE_STYLE('',(#20012));
#20012 = SURFACE_STYLE_FILL_AREA(#20013);
#20013 = FILL_AREA_STYLE('',(#20014));
#20014 = FILL_AREA_STYLE_COLOUR('',#19649);
#20015 = OVER_RIDING_STYLED_ITEM('overriding color',(#20016),#3291,
  #19634);
#20016 = PRESENTATION_STYLE_ASSIGNMENT((#20017));
#20017 = SURFACE_STYLE_USAGE(.BOTH.,#20018);
#20018 = SURFACE_SIDE_STYLE('',(#20019));
#20019 = SURFACE_STYLE_FILL_AREA(#20020);
#20020 = FILL_AREA_STYLE('',(#20021));
#20021 = FILL_AREA_STYLE_COLOUR('',#19649);
#20022 = OVER_RIDING_STYLED_ITEM('overriding color',(#20023),#3322,
  #19634);
#20023 = PRESENTATION_STYLE_ASSIGNMENT((#20024));
#20024 = SURFACE_STYLE_USAGE(.BOTH.,#20025);
#20025 = SURFACE_SIDE_STYLE('',(#20026));
#20026 = SURFACE_STYLE_FILL_AREA(#20027);
#20027 = FILL_AREA_STYLE('',(#20028));
#20028 = FILL_AREA_STYLE_COLOUR('',#19649);
#20029 = OVER_RIDING_STYLED_ITEM('overriding color',(#20030),#3353,
  #19634);
#20030 = PRESENTATION_STYLE_ASSIGNMENT((#20031));
#20031 = SURFACE_STYLE_USAGE(.BOTH.,#20032);
#20032 = SURFACE_SIDE_STYLE('',(#20033));
#20033 = SURFACE_STYLE_FILL_AREA(#20034);
#20034 = FILL_AREA_STYLE('',(#20035));
#20035 = FILL_AREA_STYLE_COLOUR('',#19649);
#20036 = OVER_RIDING_STYLED_ITEM('overriding color',(#20037),#3384,
  #19634);
#20037 = PRESENTATION_STYLE_ASSIGNMENT((#20038));
#20038 = SURFACE_STYLE_USAGE(.BOTH.,#20039);
#20039 = SURFACE_SIDE_STYLE('',(#20040));
#20040 = SURFACE_STYLE_FILL_AREA(#20041);
#20041 = FILL_AREA_STYLE('',(#20042));
#20042 = FILL_AREA_STYLE_COLOUR('',#19657);
#20043 = OVER_RIDING_STYLED_ITEM('overriding color',(#20044),#3424,
  #19634);
#20044 = PRESENTATION_STYLE_ASSIGNMENT((#20045));
#20045 = SURFACE_STYLE_USAGE(.BOTH.,#20046);
#20046 = SURFACE_SIDE_STYLE('',(#20047));
#20047 = SURFACE_STYLE_FILL_AREA(#20048);
#20048 = FILL_AREA_STYLE('',(#20049));
#20049 = FILL_AREA_STYLE_COLOUR('',#19657);
#20050 = OVER_RIDING_STYLED_ITEM('overriding color',(#20051),#3455,
  #19634);
#20051 = PRESENTATION_STYLE_ASSIGNMENT((#20052));
#20052 = SURFACE_STYLE_USAGE(.BOTH.,#20053);
#20053 = SURFACE_SIDE_STYLE('',(#20054));
#20054 = SURFACE_STYLE_FILL_AREA(#20055);
#20055 = FILL_AREA_STYLE('',(#20056));
#20056 = FILL_AREA_STYLE_COLOUR('',#19657);
#20057 = OVER_RIDING_STYLED_ITEM('overriding color',(#20058),#3486,
  #19634);
#20058 = PRESENTATION_STYLE_ASSIGNMENT((#20059));
#20059 = SURFACE_STYLE_USAGE(.BOTH.,#20060);
#20060 = SURFACE_SIDE_STYLE('',(#20061));
#20061 = SURFACE_STYLE_FILL_AREA(#20062);
#20062 = FILL_AREA_STYLE('',(#20063));
#20063 = FILL_AREA_STYLE_COLOUR('',#19657);
#20064 = OVER_RIDING_STYLED_ITEM('overriding color',(#20065),#3508,
  #19634);
#20065 = PRESENTATION_STYLE_ASSIGNMENT((#20066));
#20066 = SURFACE_STYLE_USAGE(.BOTH.,#20067);
#20067 = SURFACE_SIDE_STYLE('',(#20068));
#20068 = SURFACE_STYLE_FILL_AREA(#20069);
#20069 = FILL_AREA_STYLE('',(#20070));
#20070 = FILL_AREA_STYLE_COLOUR('',#19657);
#20071 = OVER_RIDING_STYLED_ITEM('overriding color',(#20072),#3548,
  #19634);
#20072 = PRESENTATION_STYLE_ASSIGNMENT((#20073));
#20073 = SURFACE_STYLE_USAGE(.BOTH.,#20074);
#20074 = SURFACE_SIDE_STYLE('',(#20075));
#20075 = SURFACE_STYLE_FILL_AREA(#20076);
#20076 = FILL_AREA_STYLE('',(#20077));
#20077 = FILL_AREA_STYLE_COLOUR('',#19657);
#20078 = OVER_RIDING_STYLED_ITEM('overriding color',(#20079),#3579,
  #19634);
#20079 = PRESENTATION_STYLE_ASSIGNMENT((#20080));
#20080 = SURFACE_STYLE_USAGE(.BOTH.,#20081);
#20081 = SURFACE_SIDE_STYLE('',(#20082));
#20082 = SURFACE_STYLE_FILL_AREA(#20083);
#20083 = FILL_AREA_STYLE('',(#20084));
#20084 = FILL_AREA_STYLE_COLOUR('',#19657);
#20085 = OVER_RIDING_STYLED_ITEM('overriding color',(#20086),#3610,
  #19634);
#20086 = PRESENTATION_STYLE_ASSIGNMENT((#20087));
#20087 = SURFACE_STYLE_USAGE(.BOTH.,#20088);
#20088 = SURFACE_SIDE_STYLE('',(#20089));
#20089 = SURFACE_STYLE_FILL_AREA(#20090);
#20090 = FILL_AREA_STYLE('',(#20091));
#20091 = FILL_AREA_STYLE_COLOUR('',#19657);
#20092 = OVER_RIDING_STYLED_ITEM('overriding color',(#20093),#3632,
  #19634);
#20093 = PRESENTATION_STYLE_ASSIGNMENT((#20094));
#20094 = SURFACE_STYLE_USAGE(.BOTH.,#20095);
#20095 = SURFACE_SIDE_STYLE('',(#20096));
#20096 = SURFACE_STYLE_FILL_AREA(#20097);
#20097 = FILL_AREA_STYLE('',(#20098));
#20098 = FILL_AREA_STYLE_COLOUR('',#19657);
#20099 = OVER_RIDING_STYLED_ITEM('overriding color',(#20100),#3663,
  #19634);
#20100 = PRESENTATION_STYLE_ASSIGNMENT((#20101));
#20101 = SURFACE_STYLE_USAGE(.BOTH.,#20102);
#20102 = SURFACE_SIDE_STYLE('',(#20103));
#20103 = SURFACE_STYLE_FILL_AREA(#20104);
#20104 = FILL_AREA_STYLE('',(#20105));
#20105 = FILL_AREA_STYLE_COLOUR('',#19657);
#20106 = OVER_RIDING_STYLED_ITEM('overriding color',(#20107),#3687,
  #19634);
#20107 = PRESENTATION_STYLE_ASSIGNMENT((#20108));
#20108 = SURFACE_STYLE_USAGE(.BOTH.,#20109);
#20109 = SURFACE_SIDE_STYLE('',(#20110));
#20110 = SURFACE_STYLE_FILL_AREA(#20111);
#20111 = FILL_AREA_STYLE('',(#20112));
#20112 = FILL_AREA_STYLE_COLOUR('',#19657);
#20113 = OVER_RIDING_STYLED_ITEM('overriding color',(#20114),#3711,
  #19634);
#20114 = PRESENTATION_STYLE_ASSIGNMENT((#20115));
#20115 = SURFACE_STYLE_USAGE(.BOTH.,#20116);
#20116 = SURFACE_SIDE_STYLE('',(#20117));
#20117 = SURFACE_STYLE_FILL_AREA(#20118);
#20118 = FILL_AREA_STYLE('',(#20119));
#20119 = FILL_AREA_STYLE_COLOUR('',#19657);
#20120 = OVER_RIDING_STYLED_ITEM('overriding color',(#20121),#3728,
  #19634);
#20121 = PRESENTATION_STYLE_ASSIGNMENT((#20122));
#20122 = SURFACE_STYLE_USAGE(.BOTH.,#20123);
#20123 = SURFACE_SIDE_STYLE('',(#20124));
#20124 = SURFACE_STYLE_FILL_AREA(#20125);
#20125 = FILL_AREA_STYLE('',(#20126));
#20126 = FILL_AREA_STYLE_COLOUR('',#19657);
#20127 = OVER_RIDING_STYLED_ITEM('overriding color',(#20128),#3759,
  #19634);
#20128 = PRESENTATION_STYLE_ASSIGNMENT((#20129));
#20129 = SURFACE_STYLE_USAGE(.BOTH.,#20130);
#20130 = SURFACE_SIDE_STYLE('',(#20131));
#20131 = SURFACE_STYLE_FILL_AREA(#20132);
#20132 = FILL_AREA_STYLE('',(#20133));
#20133 = FILL_AREA_STYLE_COLOUR('',#19657);
#20134 = OVER_RIDING_STYLED_ITEM('overriding color',(#20135),#3783,
  #19634);
#20135 = PRESENTATION_STYLE_ASSIGNMENT((#20136));
#20136 = SURFACE_STYLE_USAGE(.BOTH.,#20137);
#20137 = SURFACE_SIDE_STYLE('',(#20138));
#20138 = SURFACE_STYLE_FILL_AREA(#20139);
#20139 = FILL_AREA_STYLE('',(#20140));
#20140 = FILL_AREA_STYLE_COLOUR('',#19657);
#20141 = OVER_RIDING_STYLED_ITEM('overriding color',(#20142),#3807,
  #19634);
#20142 = PRESENTATION_STYLE_ASSIGNMENT((#20143));
#20143 = SURFACE_STYLE_USAGE(.BOTH.,#20144);
#20144 = SURFACE_SIDE_STYLE('',(#20145));
#20145 = SURFACE_STYLE_FILL_AREA(#20146);
#20146 = FILL_AREA_STYLE('',(#20147));
#20147 = FILL_AREA_STYLE_COLOUR('',#19657);
#20148 = OVER_RIDING_STYLED_ITEM('overriding color',(#20149),#3824,
  #19634);
#20149 = PRESENTATION_STYLE_ASSIGNMENT((#20150));
#20150 = SURFACE_STYLE_USAGE(.BOTH.,#20151);
#20151 = SURFACE_SIDE_STYLE('',(#20152));
#20152 = SURFACE_STYLE_FILL_AREA(#20153);
#20153 = FILL_AREA_STYLE('',(#20154));
#20154 = FILL_AREA_STYLE_COLOUR('',#19657);
#20155 = OVER_RIDING_STYLED_ITEM('overriding color',(#20156),#3836,
  #19634);
#20156 = PRESENTATION_STYLE_ASSIGNMENT((#20157));
#20157 = SURFACE_STYLE_USAGE(.BOTH.,#20158);
#20158 = SURFACE_SIDE_STYLE('',(#20159));
#20159 = SURFACE_STYLE_FILL_AREA(#20160);
#20160 = FILL_AREA_STYLE('',(#20161));
#20161 = FILL_AREA_STYLE_COLOUR('',#19657);
#20162 = OVER_RIDING_STYLED_ITEM('overriding color',(#20163),#3848,
  #19634);
#20163 = PRESENTATION_STYLE_ASSIGNMENT((#20164));
#20164 = SURFACE_STYLE_USAGE(.BOTH.,#20165);
#20165 = SURFACE_SIDE_STYLE('',(#20166));
#20166 = SURFACE_STYLE_FILL_AREA(#20167);
#20167 = FILL_AREA_STYLE('',(#20168));
#20168 = FILL_AREA_STYLE_COLOUR('',#19649);
#20169 = OVER_RIDING_STYLED_ITEM('overriding color',(#20170),#4054,
  #19634);
#20170 = PRESENTATION_STYLE_ASSIGNMENT((#20171));
#20171 = SURFACE_STYLE_USAGE(.BOTH.,#20172);
#20172 = SURFACE_SIDE_STYLE('',(#20173));
#20173 = SURFACE_STYLE_FILL_AREA(#20174);
#20174 = FILL_AREA_STYLE('',(#20175));
#20175 = FILL_AREA_STYLE_COLOUR('',#19649);
#20176 = OVER_RIDING_STYLED_ITEM('overriding color',(#20177),#4260,
  #19634);
#20177 = PRESENTATION_STYLE_ASSIGNMENT((#20178));
#20178 = SURFACE_STYLE_USAGE(.BOTH.,#20179);
#20179 = SURFACE_SIDE_STYLE('',(#20180));
#20180 = SURFACE_STYLE_FILL_AREA(#20181);
#20181 = FILL_AREA_STYLE('',(#20182));
#20182 = FILL_AREA_STYLE_COLOUR('',#19649);
#20183 = OVER_RIDING_STYLED_ITEM('overriding color',(#20184),#4277,
  #19634);
#20184 = PRESENTATION_STYLE_ASSIGNMENT((#20185));
#20185 = SURFACE_STYLE_USAGE(.BOTH.,#20186);
#20186 = SURFACE_SIDE_STYLE('',(#20187));
#20187 = SURFACE_STYLE_FILL_AREA(#20188);
#20188 = FILL_AREA_STYLE('',(#20189));
#20189 = FILL_AREA_STYLE_COLOUR('',#19649);
#20190 = OVER_RIDING_STYLED_ITEM('overriding color',(#20191),#4294,
  #19634);
#20191 = PRESENTATION_STYLE_ASSIGNMENT((#20192));
#20192 = SURFACE_STYLE_USAGE(.BOTH.,#20193);
#20193 = SURFACE_SIDE_STYLE('',(#20194));
#20194 = SURFACE_STYLE_FILL_AREA(#20195);
#20195 = FILL_AREA_STYLE('',(#20196));
#20196 = FILL_AREA_STYLE_COLOUR('',#19649);
#20197 = OVER_RIDING_STYLED_ITEM('overriding color',(#20198),#4311,
  #19634);
#20198 = PRESENTATION_STYLE_ASSIGNMENT((#20199));
#20199 = SURFACE_STYLE_USAGE(.BOTH.,#20200);
#20200 = SURFACE_SIDE_STYLE('',(#20201));
#20201 = SURFACE_STYLE_FILL_AREA(#20202);
#20202 = FILL_AREA_STYLE('',(#20203));
#20203 = FILL_AREA_STYLE_COLOUR('',#19649);
#20204 = OVER_RIDING_STYLED_ITEM('overriding color',(#20205),#4328,
  #19634);
#20205 = PRESENTATION_STYLE_ASSIGNMENT((#20206));
#20206 = SURFACE_STYLE_USAGE(.BOTH.,#20207);
#20207 = SURFACE_SIDE_STYLE('',(#20208));
#20208 = SURFACE_STYLE_FILL_AREA(#20209);
#20209 = FILL_AREA_STYLE('',(#20210));
#20210 = FILL_AREA_STYLE_COLOUR('',#19649);
#20211 = OVER_RIDING_STYLED_ITEM('overriding color',(#20212),#4345,
  #19634);
#20212 = PRESENTATION_STYLE_ASSIGNMENT((#20213));
#20213 = SURFACE_STYLE_USAGE(.BOTH.,#20214);
#20214 = SURFACE_SIDE_STYLE('',(#20215));
#20215 = SURFACE_STYLE_FILL_AREA(#20216);
#20216 = FILL_AREA_STYLE('',(#20217));
#20217 = FILL_AREA_STYLE_COLOUR('',#19649);
#20218 = OVER_RIDING_STYLED_ITEM('overriding color',(#20219),#4362,
  #19634);
#20219 = PRESENTATION_STYLE_ASSIGNMENT((#20220));
#20220 = SURFACE_STYLE_USAGE(.BOTH.,#20221);
#20221 = SURFACE_SIDE_STYLE('',(#20222));
#20222 = SURFACE_STYLE_FILL_AREA(#20223);
#20223 = FILL_AREA_STYLE('',(#20224));
#20224 = FILL_AREA_STYLE_COLOUR('',#19649);
#20225 = OVER_RIDING_STYLED_ITEM('overriding color',(#20226),#4379,
  #19634);
#20226 = PRESENTATION_STYLE_ASSIGNMENT((#20227));
#20227 = SURFACE_STYLE_USAGE(.BOTH.,#20228);
#20228 = SURFACE_SIDE_STYLE('',(#20229));
#20229 = SURFACE_STYLE_FILL_AREA(#20230);
#20230 = FILL_AREA_STYLE('',(#20231));
#20231 = FILL_AREA_STYLE_COLOUR('',#19649);
#20232 = OVER_RIDING_STYLED_ITEM('overriding color',(#20233),#4396,
  #19634);
#20233 = PRESENTATION_STYLE_ASSIGNMENT((#20234));
#20234 = SURFACE_STYLE_USAGE(.BOTH.,#20235);
#20235 = SURFACE_SIDE_STYLE('',(#20236));
#20236 = SURFACE_STYLE_FILL_AREA(#20237);
#20237 = FILL_AREA_STYLE('',(#20238));
#20238 = FILL_AREA_STYLE_COLOUR('',#19649);
#20239 = OVER_RIDING_STYLED_ITEM('overriding color',(#20240),#4413,
  #19634);
#20240 = PRESENTATION_STYLE_ASSIGNMENT((#20241));
#20241 = SURFACE_STYLE_USAGE(.BOTH.,#20242);
#20242 = SURFACE_SIDE_STYLE('',(#20243));
#20243 = SURFACE_STYLE_FILL_AREA(#20244);
#20244 = FILL_AREA_STYLE('',(#20245));
#20245 = FILL_AREA_STYLE_COLOUR('',#19649);
#20246 = OVER_RIDING_STYLED_ITEM('overriding color',(#20247),#4425,
  #19634);
#20247 = PRESENTATION_STYLE_ASSIGNMENT((#20248));
#20248 = SURFACE_STYLE_USAGE(.BOTH.,#20249);
#20249 = SURFACE_SIDE_STYLE('',(#20250));
#20250 = SURFACE_STYLE_FILL_AREA(#20251);
#20251 = FILL_AREA_STYLE('',(#20252));
#20252 = FILL_AREA_STYLE_COLOUR('',#19649);
#20253 = OVER_RIDING_STYLED_ITEM('overriding color',(#20254),#4442,
  #19634);
#20254 = PRESENTATION_STYLE_ASSIGNMENT((#20255));
#20255 = SURFACE_STYLE_USAGE(.BOTH.,#20256);
#20256 = SURFACE_SIDE_STYLE('',(#20257));
#20257 = SURFACE_STYLE_FILL_AREA(#20258);
#20258 = FILL_AREA_STYLE('',(#20259));
#20259 = FILL_AREA_STYLE_COLOUR('',#19649);
#20260 = OVER_RIDING_STYLED_ITEM('overriding color',(#20261),#4454,
  #19634);
#20261 = PRESENTATION_STYLE_ASSIGNMENT((#20262));
#20262 = SURFACE_STYLE_USAGE(.BOTH.,#20263);
#20263 = SURFACE_SIDE_STYLE('',(#20264));
#20264 = SURFACE_STYLE_FILL_AREA(#20265);
#20265 = FILL_AREA_STYLE('',(#20266));
#20266 = FILL_AREA_STYLE_COLOUR('',#19657);
#20267 = OVER_RIDING_STYLED_ITEM('overriding color',(#20268),#4485,
  #19634);
#20268 = PRESENTATION_STYLE_ASSIGNMENT((#20269));
#20269 = SURFACE_STYLE_USAGE(.BOTH.,#20270);
#20270 = SURFACE_SIDE_STYLE('',(#20271));
#20271 = SURFACE_STYLE_FILL_AREA(#20272);
#20272 = FILL_AREA_STYLE('',(#20273));
#20273 = FILL_AREA_STYLE_COLOUR('',#19657);
#20274 = OVER_RIDING_STYLED_ITEM('overriding color',(#20275),#4509,
  #19634);
#20275 = PRESENTATION_STYLE_ASSIGNMENT((#20276));
#20276 = SURFACE_STYLE_USAGE(.BOTH.,#20277);
#20277 = SURFACE_SIDE_STYLE('',(#20278));
#20278 = SURFACE_STYLE_FILL_AREA(#20279);
#20279 = FILL_AREA_STYLE('',(#20280));
#20280 = FILL_AREA_STYLE_COLOUR('',#19657);
#20281 = OVER_RIDING_STYLED_ITEM('overriding color',(#20282),#4533,
  #19634);
#20282 = PRESENTATION_STYLE_ASSIGNMENT((#20283));
#20283 = SURFACE_STYLE_USAGE(.BOTH.,#20284);
#20284 = SURFACE_SIDE_STYLE('',(#20285));
#20285 = SURFACE_STYLE_FILL_AREA(#20286);
#20286 = FILL_AREA_STYLE('',(#20287));
#20287 = FILL_AREA_STYLE_COLOUR('',#19657);
#20288 = OVER_RIDING_STYLED_ITEM('overriding color',(#20289),#4550,
  #19634);
#20289 = PRESENTATION_STYLE_ASSIGNMENT((#20290));
#20290 = SURFACE_STYLE_USAGE(.BOTH.,#20291);
#20291 = SURFACE_SIDE_STYLE('',(#20292));
#20292 = SURFACE_STYLE_FILL_AREA(#20293);
#20293 = FILL_AREA_STYLE('',(#20294));
#20294 = FILL_AREA_STYLE_COLOUR('',#19657);
#20295 = OVER_RIDING_STYLED_ITEM('overriding color',(#20296),#4581,
  #19634);
#20296 = PRESENTATION_STYLE_ASSIGNMENT((#20297));
#20297 = SURFACE_STYLE_USAGE(.BOTH.,#20298);
#20298 = SURFACE_SIDE_STYLE('',(#20299));
#20299 = SURFACE_STYLE_FILL_AREA(#20300);
#20300 = FILL_AREA_STYLE('',(#20301));
#20301 = FILL_AREA_STYLE_COLOUR('',#19657);
#20302 = OVER_RIDING_STYLED_ITEM('overriding color',(#20303),#4605,
  #19634);
#20303 = PRESENTATION_STYLE_ASSIGNMENT((#20304));
#20304 = SURFACE_STYLE_USAGE(.BOTH.,#20305);
#20305 = SURFACE_SIDE_STYLE('',(#20306));
#20306 = SURFACE_STYLE_FILL_AREA(#20307);
#20307 = FILL_AREA_STYLE('',(#20308));
#20308 = FILL_AREA_STYLE_COLOUR('',#19657);
#20309 = OVER_RIDING_STYLED_ITEM('overriding color',(#20310),#4629,
  #19634);
#20310 = PRESENTATION_STYLE_ASSIGNMENT((#20311));
#20311 = SURFACE_STYLE_USAGE(.BOTH.,#20312);
#20312 = SURFACE_SIDE_STYLE('',(#20313));
#20313 = SURFACE_STYLE_FILL_AREA(#20314);
#20314 = FILL_AREA_STYLE('',(#20315));
#20315 = FILL_AREA_STYLE_COLOUR('',#19657);
#20316 = OVER_RIDING_STYLED_ITEM('overriding color',(#20317),#4646,
  #19634);
#20317 = PRESENTATION_STYLE_ASSIGNMENT((#20318));
#20318 = SURFACE_STYLE_USAGE(.BOTH.,#20319);
#20319 = SURFACE_SIDE_STYLE('',(#20320));
#20320 = SURFACE_STYLE_FILL_AREA(#20321);
#20321 = FILL_AREA_STYLE('',(#20322));
#20322 = FILL_AREA_STYLE_COLOUR('',#19657);
#20323 = OVER_RIDING_STYLED_ITEM('overriding color',(#20324),#4677,
  #19634);
#20324 = PRESENTATION_STYLE_ASSIGNMENT((#20325));
#20325 = SURFACE_STYLE_USAGE(.BOTH.,#20326);
#20326 = SURFACE_SIDE_STYLE('',(#20327));
#20327 = SURFACE_STYLE_FILL_AREA(#20328);
#20328 = FILL_AREA_STYLE('',(#20329));
#20329 = FILL_AREA_STYLE_COLOUR('',#19657);
#20330 = OVER_RIDING_STYLED_ITEM('overriding color',(#20331),#4701,
  #19634);
#20331 = PRESENTATION_STYLE_ASSIGNMENT((#20332));
#20332 = SURFACE_STYLE_USAGE(.BOTH.,#20333);
#20333 = SURFACE_SIDE_STYLE('',(#20334));
#20334 = SURFACE_STYLE_FILL_AREA(#20335);
#20335 = FILL_AREA_STYLE('',(#20336));
#20336 = FILL_AREA_STYLE_COLOUR('',#19657);
#20337 = OVER_RIDING_STYLED_ITEM('overriding color',(#20338),#4725,
  #19634);
#20338 = PRESENTATION_STYLE_ASSIGNMENT((#20339));
#20339 = SURFACE_STYLE_USAGE(.BOTH.,#20340);
#20340 = SURFACE_SIDE_STYLE('',(#20341));
#20341 = SURFACE_STYLE_FILL_AREA(#20342);
#20342 = FILL_AREA_STYLE('',(#20343));
#20343 = FILL_AREA_STYLE_COLOUR('',#19657);
#20344 = OVER_RIDING_STYLED_ITEM('overriding color',(#20345),#4742,
  #19634);
#20345 = PRESENTATION_STYLE_ASSIGNMENT((#20346));
#20346 = SURFACE_STYLE_USAGE(.BOTH.,#20347);
#20347 = SURFACE_SIDE_STYLE('',(#20348));
#20348 = SURFACE_STYLE_FILL_AREA(#20349);
#20349 = FILL_AREA_STYLE('',(#20350));
#20350 = FILL_AREA_STYLE_COLOUR('',#19657);
#20351 = OVER_RIDING_STYLED_ITEM('overriding color',(#20352),#4773,
  #19634);
#20352 = PRESENTATION_STYLE_ASSIGNMENT((#20353));
#20353 = SURFACE_STYLE_USAGE(.BOTH.,#20354);
#20354 = SURFACE_SIDE_STYLE('',(#20355));
#20355 = SURFACE_STYLE_FILL_AREA(#20356);
#20356 = FILL_AREA_STYLE('',(#20357));
#20357 = FILL_AREA_STYLE_COLOUR('',#19657);
#20358 = OVER_RIDING_STYLED_ITEM('overriding color',(#20359),#4797,
  #19634);
#20359 = PRESENTATION_STYLE_ASSIGNMENT((#20360));
#20360 = SURFACE_STYLE_USAGE(.BOTH.,#20361);
#20361 = SURFACE_SIDE_STYLE('',(#20362));
#20362 = SURFACE_STYLE_FILL_AREA(#20363);
#20363 = FILL_AREA_STYLE('',(#20364));
#20364 = FILL_AREA_STYLE_COLOUR('',#19657);
#20365 = OVER_RIDING_STYLED_ITEM('overriding color',(#20366),#4821,
  #19634);
#20366 = PRESENTATION_STYLE_ASSIGNMENT((#20367));
#20367 = SURFACE_STYLE_USAGE(.BOTH.,#20368);
#20368 = SURFACE_SIDE_STYLE('',(#20369));
#20369 = SURFACE_STYLE_FILL_AREA(#20370);
#20370 = FILL_AREA_STYLE('',(#20371));
#20371 = FILL_AREA_STYLE_COLOUR('',#19657);
#20372 = OVER_RIDING_STYLED_ITEM('overriding color',(#20373),#4838,
  #19634);
#20373 = PRESENTATION_STYLE_ASSIGNMENT((#20374));
#20374 = SURFACE_STYLE_USAGE(.BOTH.,#20375);
#20375 = SURFACE_SIDE_STYLE('',(#20376));
#20376 = SURFACE_STYLE_FILL_AREA(#20377);
#20377 = FILL_AREA_STYLE('',(#20378));
#20378 = FILL_AREA_STYLE_COLOUR('',#19657);
#20379 = OVER_RIDING_STYLED_ITEM('overriding color',(#20380),#4869,
  #19634);
#20380 = PRESENTATION_STYLE_ASSIGNMENT((#20381));
#20381 = SURFACE_STYLE_USAGE(.BOTH.,#20382);
#20382 = SURFACE_SIDE_STYLE('',(#20383));
#20383 = SURFACE_STYLE_FILL_AREA(#20384);
#20384 = FILL_AREA_STYLE('',(#20385));
#20385 = FILL_AREA_STYLE_COLOUR('',#19657);
#20386 = OVER_RIDING_STYLED_ITEM('overriding color',(#20387),#4893,
  #19634);
#20387 = PRESENTATION_STYLE_ASSIGNMENT((#20388));
#20388 = SURFACE_STYLE_USAGE(.BOTH.,#20389);
#20389 = SURFACE_SIDE_STYLE('',(#20390));
#20390 = SURFACE_STYLE_FILL_AREA(#20391);
#20391 = FILL_AREA_STYLE('',(#20392));
#20392 = FILL_AREA_STYLE_COLOUR('',#19657);
#20393 = OVER_RIDING_STYLED_ITEM('overriding color',(#20394),#4917,
  #19634);
#20394 = PRESENTATION_STYLE_ASSIGNMENT((#20395));
#20395 = SURFACE_STYLE_USAGE(.BOTH.,#20396);
#20396 = SURFACE_SIDE_STYLE('',(#20397));
#20397 = SURFACE_STYLE_FILL_AREA(#20398);
#20398 = FILL_AREA_STYLE('',(#20399));
#20399 = FILL_AREA_STYLE_COLOUR('',#19657);
#20400 = OVER_RIDING_STYLED_ITEM('overriding color',(#20401),#4934,
  #19634);
#20401 = PRESENTATION_STYLE_ASSIGNMENT((#20402));
#20402 = SURFACE_STYLE_USAGE(.BOTH.,#20403);
#20403 = SURFACE_SIDE_STYLE('',(#20404));
#20404 = SURFACE_STYLE_FILL_AREA(#20405);
#20405 = FILL_AREA_STYLE('',(#20406));
#20406 = FILL_AREA_STYLE_COLOUR('',#19657);
#20407 = OVER_RIDING_STYLED_ITEM('overriding color',(#20408),#4965,
  #19634);
#20408 = PRESENTATION_STYLE_ASSIGNMENT((#20409));
#20409 = SURFACE_STYLE_USAGE(.BOTH.,#20410);
#20410 = SURFACE_SIDE_STYLE('',(#20411));
#20411 = SURFACE_STYLE_FILL_AREA(#20412);
#20412 = FILL_AREA_STYLE('',(#20413));
#20413 = FILL_AREA_STYLE_COLOUR('',#19657);
#20414 = OVER_RIDING_STYLED_ITEM('overriding color',(#20415),#4989,
  #19634);
#20415 = PRESENTATION_STYLE_ASSIGNMENT((#20416));
#20416 = SURFACE_STYLE_USAGE(.BOTH.,#20417);
#20417 = SURFACE_SIDE_STYLE('',(#20418));
#20418 = SURFACE_STYLE_FILL_AREA(#20419);
#20419 = FILL_AREA_STYLE('',(#20420));
#20420 = FILL_AREA_STYLE_COLOUR('',#19657);
#20421 = OVER_RIDING_STYLED_ITEM('overriding color',(#20422),#5013,
  #19634);
#20422 = PRESENTATION_STYLE_ASSIGNMENT((#20423));
#20423 = SURFACE_STYLE_USAGE(.BOTH.,#20424);
#20424 = SURFACE_SIDE_STYLE('',(#20425));
#20425 = SURFACE_STYLE_FILL_AREA(#20426);
#20426 = FILL_AREA_STYLE('',(#20427));
#20427 = FILL_AREA_STYLE_COLOUR('',#19657);
#20428 = OVER_RIDING_STYLED_ITEM('overriding color',(#20429),#5030,
  #19634);
#20429 = PRESENTATION_STYLE_ASSIGNMENT((#20430));
#20430 = SURFACE_STYLE_USAGE(.BOTH.,#20431);
#20431 = SURFACE_SIDE_STYLE('',(#20432));
#20432 = SURFACE_STYLE_FILL_AREA(#20433);
#20433 = FILL_AREA_STYLE('',(#20434));
#20434 = FILL_AREA_STYLE_COLOUR('',#19657);
#20435 = OVER_RIDING_STYLED_ITEM('overriding color',(#20436),#5061,
  #19634);
#20436 = PRESENTATION_STYLE_ASSIGNMENT((#20437));
#20437 = SURFACE_STYLE_USAGE(.BOTH.,#20438);
#20438 = SURFACE_SIDE_STYLE('',(#20439));
#20439 = SURFACE_STYLE_FILL_AREA(#20440);
#20440 = FILL_AREA_STYLE('',(#20441));
#20441 = FILL_AREA_STYLE_COLOUR('',#19657);
#20442 = OVER_RIDING_STYLED_ITEM('overriding color',(#20443),#5085,
  #19634);
#20443 = PRESENTATION_STYLE_ASSIGNMENT((#20444));
#20444 = SURFACE_STYLE_USAGE(.BOTH.,#20445);
#20445 = SURFACE_SIDE_STYLE('',(#20446));
#20446 = SURFACE_STYLE_FILL_AREA(#20447);
#20447 = FILL_AREA_STYLE('',(#20448));
#20448 = FILL_AREA_STYLE_COLOUR('',#19657);
#20449 = OVER_RIDING_STYLED_ITEM('overriding color',(#20450),#5109,
  #19634);
#20450 = PRESENTATION_STYLE_ASSIGNMENT((#20451));
#20451 = SURFACE_STYLE_USAGE(.BOTH.,#20452);
#20452 = SURFACE_SIDE_STYLE('',(#20453));
#20453 = SURFACE_STYLE_FILL_AREA(#20454);
#20454 = FILL_AREA_STYLE('',(#20455));
#20455 = FILL_AREA_STYLE_COLOUR('',#19657);
#20456 = OVER_RIDING_STYLED_ITEM('overriding color',(#20457),#5126,
  #19634);
#20457 = PRESENTATION_STYLE_ASSIGNMENT((#20458));
#20458 = SURFACE_STYLE_USAGE(.BOTH.,#20459);
#20459 = SURFACE_SIDE_STYLE('',(#20460));
#20460 = SURFACE_STYLE_FILL_AREA(#20461);
#20461 = FILL_AREA_STYLE('',(#20462));
#20462 = FILL_AREA_STYLE_COLOUR('',#19657);
#20463 = OVER_RIDING_STYLED_ITEM('overriding color',(#20464),#5157,
  #19634);
#20464 = PRESENTATION_STYLE_ASSIGNMENT((#20465));
#20465 = SURFACE_STYLE_USAGE(.BOTH.,#20466);
#20466 = SURFACE_SIDE_STYLE('',(#20467));
#20467 = SURFACE_STYLE_FILL_AREA(#20468);
#20468 = FILL_AREA_STYLE('',(#20469));
#20469 = FILL_AREA_STYLE_COLOUR('',#19657);
#20470 = OVER_RIDING_STYLED_ITEM('overriding color',(#20471),#5181,
  #19634);
#20471 = PRESENTATION_STYLE_ASSIGNMENT((#20472));
#20472 = SURFACE_STYLE_USAGE(.BOTH.,#20473);
#20473 = SURFACE_SIDE_STYLE('',(#20474));
#20474 = SURFACE_STYLE_FILL_AREA(#20475);
#20475 = FILL_AREA_STYLE('',(#20476));
#20476 = FILL_AREA_STYLE_COLOUR('',#19657);
#20477 = OVER_RIDING_STYLED_ITEM('overriding color',(#20478),#5205,
  #19634);
#20478 = PRESENTATION_STYLE_ASSIGNMENT((#20479));
#20479 = SURFACE_STYLE_USAGE(.BOTH.,#20480);
#20480 = SURFACE_SIDE_STYLE('',(#20481));
#20481 = SURFACE_STYLE_FILL_AREA(#20482);
#20482 = FILL_AREA_STYLE('',(#20483));
#20483 = FILL_AREA_STYLE_COLOUR('',#19657);
#20484 = OVER_RIDING_STYLED_ITEM('overriding color',(#20485),#5222,
  #19634);
#20485 = PRESENTATION_STYLE_ASSIGNMENT((#20486));
#20486 = SURFACE_STYLE_USAGE(.BOTH.,#20487);
#20487 = SURFACE_SIDE_STYLE('',(#20488));
#20488 = SURFACE_STYLE_FILL_AREA(#20489);
#20489 = FILL_AREA_STYLE('',(#20490));
#20490 = FILL_AREA_STYLE_COLOUR('',#19657);
#20491 = OVER_RIDING_STYLED_ITEM('overriding color',(#20492),#5234,
  #19634);
#20492 = PRESENTATION_STYLE_ASSIGNMENT((#20493));
#20493 = SURFACE_STYLE_USAGE(.BOTH.,#20494);
#20494 = SURFACE_SIDE_STYLE('',(#20495));
#20495 = SURFACE_STYLE_FILL_AREA(#20496);
#20496 = FILL_AREA_STYLE('',(#20497));
#20497 = FILL_AREA_STYLE_COLOUR('',#19657);
#20498 = OVER_RIDING_STYLED_ITEM('overriding color',(#20499),#5246,
  #19634);
#20499 = PRESENTATION_STYLE_ASSIGNMENT((#20500));
#20500 = SURFACE_STYLE_USAGE(.BOTH.,#20501);
#20501 = SURFACE_SIDE_STYLE('',(#20502));
#20502 = SURFACE_STYLE_FILL_AREA(#20503);
#20503 = FILL_AREA_STYLE('',(#20504));
#20504 = FILL_AREA_STYLE_COLOUR('',#19657);
#20505 = OVER_RIDING_STYLED_ITEM('overriding color',(#20506),#5258,
  #19634);
#20506 = PRESENTATION_STYLE_ASSIGNMENT((#20507));
#20507 = SURFACE_STYLE_USAGE(.BOTH.,#20508);
#20508 = SURFACE_SIDE_STYLE('',(#20509));
#20509 = SURFACE_STYLE_FILL_AREA(#20510);
#20510 = FILL_AREA_STYLE('',(#20511));
#20511 = FILL_AREA_STYLE_COLOUR('',#19657);
#20512 = MECHANICAL_DESIGN_GEOMETRIC_PRESENTATION_REPRESENTATION('',(
    #20513,#20520,#20527,#20534,#20541,#20548,#20555,#20562,#20569,
    #20576,#20583,#20590,#20597,#20604,#20611,#20618,#20625,#20632,
    #20639,#20646,#20653,#20660,#20667,#20674,#20681,#20688,#20695,
    #20702),#1792);
#20513 = STYLED_ITEM('color',(#20514),#940);
#20514 = PRESENTATION_STYLE_ASSIGNMENT((#20515));
#20515 = SURFACE_STYLE_USAGE(.BOTH.,#20516);
#20516 = SURFACE_SIDE_STYLE('',(#20517));
#20517 = SURFACE_STYLE_FILL_AREA(#20518);
#20518 = FILL_AREA_STYLE('',(#20519));
#20519 = FILL_AREA_STYLE_COLOUR('',#17219);
#20520 = STYLED_ITEM('color',(#20521),#1016);
#20521 = PRESENTATION_STYLE_ASSIGNMENT((#20522));
#20522 = SURFACE_STYLE_USAGE(.BOTH.,#20523);
#20523 = SURFACE_SIDE_STYLE('',(#20524));
#20524 = SURFACE_STYLE_FILL_AREA(#20525);
#20525 = FILL_AREA_STYLE('',(#20526));
#20526 = FILL_AREA_STYLE_COLOUR('',#17219);
#20527 = STYLED_ITEM('color',(#20528),#1047);
#20528 = PRESENTATION_STYLE_ASSIGNMENT((#20529));
#20529 = SURFACE_STYLE_USAGE(.BOTH.,#20530);
#20530 = SURFACE_SIDE_STYLE('',(#20531));
#20531 = SURFACE_STYLE_FILL_AREA(#20532);
#20532 = FILL_AREA_STYLE('',(#20533));
#20533 = FILL_AREA_STYLE_COLOUR('',#17219);
#20534 = STYLED_ITEM('color',(#20535),#1072);
#20535 = PRESENTATION_STYLE_ASSIGNMENT((#20536));
#20536 = SURFACE_STYLE_USAGE(.BOTH.,#20537);
#20537 = SURFACE_SIDE_STYLE('',(#20538));
#20538 = SURFACE_STYLE_FILL_AREA(#20539);
#20539 = FILL_AREA_STYLE('',(#20540));
#20540 = FILL_AREA_STYLE_COLOUR('',#17219);
#20541 = STYLED_ITEM('color',(#20542),#1097);
#20542 = PRESENTATION_STYLE_ASSIGNMENT((#20543));
#20543 = SURFACE_STYLE_USAGE(.BOTH.,#20544);
#20544 = SURFACE_SIDE_STYLE('',(#20545));
#20545 = SURFACE_STYLE_FILL_AREA(#20546);
#20546 = FILL_AREA_STYLE('',(#20547));
#20547 = FILL_AREA_STYLE_COLOUR('',#17219);
#20548 = STYLED_ITEM('color',(#20549),#1121);
#20549 = PRESENTATION_STYLE_ASSIGNMENT((#20550));
#20550 = SURFACE_STYLE_USAGE(.BOTH.,#20551);
#20551 = SURFACE_SIDE_STYLE('',(#20552));
#20552 = SURFACE_STYLE_FILL_AREA(#20553);
#20553 = FILL_AREA_STYLE('',(#20554));
#20554 = FILL_AREA_STYLE_COLOUR('',#17219);
#20555 = STYLED_ITEM('color',(#20556),#1145);
#20556 = PRESENTATION_STYLE_ASSIGNMENT((#20557));
#20557 = SURFACE_STYLE_USAGE(.BOTH.,#20558);
#20558 = SURFACE_SIDE_STYLE('',(#20559));
#20559 = SURFACE_STYLE_FILL_AREA(#20560);
#20560 = FILL_AREA_STYLE('',(#20561));
#20561 = FILL_AREA_STYLE_COLOUR('',#17219);
#20562 = STYLED_ITEM('color',(#20563),#1170);
#20563 = PRESENTATION_STYLE_ASSIGNMENT((#20564));
#20564 = SURFACE_STYLE_USAGE(.BOTH.,#20565);
#20565 = SURFACE_SIDE_STYLE('',(#20566));
#20566 = SURFACE_STYLE_FILL_AREA(#20567);
#20567 = FILL_AREA_STYLE('',(#20568));
#20568 = FILL_AREA_STYLE_COLOUR('',#17219);
#20569 = STYLED_ITEM('color',(#20570),#1195);
#20570 = PRESENTATION_STYLE_ASSIGNMENT((#20571));
#20571 = SURFACE_STYLE_USAGE(.BOTH.,#20572);
#20572 = SURFACE_SIDE_STYLE('',(#20573));
#20573 = SURFACE_STYLE_FILL_AREA(#20574);
#20574 = FILL_AREA_STYLE('',(#20575));
#20575 = FILL_AREA_STYLE_COLOUR('',#17219);
#20576 = STYLED_ITEM('color',(#20577),#1212);
#20577 = PRESENTATION_STYLE_ASSIGNMENT((#20578));
#20578 = SURFACE_STYLE_USAGE(.BOTH.,#20579);
#20579 = SURFACE_SIDE_STYLE('',(#20580));
#20580 = SURFACE_STYLE_FILL_AREA(#20581);
#20581 = FILL_AREA_STYLE('',(#20582));
#20582 = FILL_AREA_STYLE_COLOUR('',#17219);
#20583 = STYLED_ITEM('color',(#20584),#1298);
#20584 = PRESENTATION_STYLE_ASSIGNMENT((#20585));
#20585 = SURFACE_STYLE_USAGE(.BOTH.,#20586);
#20586 = SURFACE_SIDE_STYLE('',(#20587));
#20587 = SURFACE_STYLE_FILL_AREA(#20588);
#20588 = FILL_AREA_STYLE('',(#20589));
#20589 = FILL_AREA_STYLE_COLOUR('',#19315);
#20590 = STYLED_ITEM('color',(#20591),#1330);
#20591 = PRESENTATION_STYLE_ASSIGNMENT((#20592));
#20592 = SURFACE_STYLE_USAGE(.BOTH.,#20593);
#20593 = SURFACE_SIDE_STYLE('',(#20594));
#20594 = SURFACE_STYLE_FILL_AREA(#20595);
#20595 = FILL_AREA_STYLE('',(#20596));
#20596 = FILL_AREA_STYLE_COLOUR('',#19315);
#20597 = STYLED_ITEM('color',(#20598),#1354);
#20598 = PRESENTATION_STYLE_ASSIGNMENT((#20599));
#20599 = SURFACE_STYLE_USAGE(.BOTH.,#20600);
#20600 = SURFACE_SIDE_STYLE('',(#20601));
#20601 = SURFACE_STYLE_FILL_AREA(#20602);
#20602 = FILL_AREA_STYLE('',(#20603));
#20603 = FILL_AREA_STYLE_COLOUR('',#19315);
#20604 = STYLED_ITEM('color',(#20605),#1379);
#20605 = PRESENTATION_STYLE_ASSIGNMENT((#20606));
#20606 = SURFACE_STYLE_USAGE(.BOTH.,#20607);
#20607 = SURFACE_SIDE_STYLE('',(#20608));
#20608 = SURFACE_STYLE_FILL_AREA(#20609);
#20609 = FILL_AREA_STYLE('',(#20610));
#20610 = FILL_AREA_STYLE_COLOUR('',#19315);
#20611 = STYLED_ITEM('color',(#20612),#1403);
#20612 = PRESENTATION_STYLE_ASSIGNMENT((#20613));
#20613 = SURFACE_STYLE_USAGE(.BOTH.,#20614);
#20614 = SURFACE_SIDE_STYLE('',(#20615));
#20615 = SURFACE_STYLE_FILL_AREA(#20616);
#20616 = FILL_AREA_STYLE('',(#20617));
#20617 = FILL_AREA_STYLE_COLOUR('',#19315);
#20618 = STYLED_ITEM('color',(#20619),#1428);
#20619 = PRESENTATION_STYLE_ASSIGNMENT((#20620));
#20620 = SURFACE_STYLE_USAGE(.BOTH.,#20621);
#20621 = SURFACE_SIDE_STYLE('',(#20622));
#20622 = SURFACE_STYLE_FILL_AREA(#20623);
#20623 = FILL_AREA_STYLE('',(#20624));
#20624 = FILL_AREA_STYLE_COLOUR('',#19315);
#20625 = STYLED_ITEM('color',(#20626),#1452);
#20626 = PRESENTATION_STYLE_ASSIGNMENT((#20627));
#20627 = SURFACE_STYLE_USAGE(.BOTH.,#20628);
#20628 = SURFACE_SIDE_STYLE('',(#20629));
#20629 = SURFACE_STYLE_FILL_AREA(#20630);
#20630 = FILL_AREA_STYLE('',(#20631));
#20631 = FILL_AREA_STYLE_COLOUR('',#19315);
#20632 = STYLED_ITEM('color',(#20633),#1477);
#20633 = PRESENTATION_STYLE_ASSIGNMENT((#20634));
#20634 = SURFACE_STYLE_USAGE(.BOTH.,#20635);
#20635 = SURFACE_SIDE_STYLE('',(#20636));
#20636 = SURFACE_STYLE_FILL_AREA(#20637);
#20637 = FILL_AREA_STYLE('',(#20638));
#20638 = FILL_AREA_STYLE_COLOUR('',#19315);
#20639 = STYLED_ITEM('color',(#20640),#1494);
#20640 = PRESENTATION_STYLE_ASSIGNMENT((#20641));
#20641 = SURFACE_STYLE_USAGE(.BOTH.,#20642);
#20642 = SURFACE_SIDE_STYLE('',(#20643));
#20643 = SURFACE_STYLE_FILL_AREA(#20644);
#20644 = FILL_AREA_STYLE('',(#20645));
#20645 = FILL_AREA_STYLE_COLOUR('',#17219);
#20646 = STYLED_ITEM('color',(#20647),#1580);
#20647 = PRESENTATION_STYLE_ASSIGNMENT((#20648));
#20648 = SURFACE_STYLE_USAGE(.BOTH.,#20649);
#20649 = SURFACE_SIDE_STYLE('',(#20650));
#20650 = SURFACE_STYLE_FILL_AREA(#20651);
#20651 = FILL_AREA_STYLE('',(#20652));
#20652 = FILL_AREA_STYLE_COLOUR('',#17219);
#20653 = STYLED_ITEM('color',(#20654),#1611);
#20654 = PRESENTATION_STYLE_ASSIGNMENT((#20655));
#20655 = SURFACE_STYLE_USAGE(.BOTH.,#20656);
#20656 = SURFACE_SIDE_STYLE('',(#20657));
#20657 = SURFACE_STYLE_FILL_AREA(#20658);
#20658 = FILL_AREA_STYLE('',(#20659));
#20659 = FILL_AREA_STYLE_COLOUR('',#17219);
#20660 = STYLED_ITEM('color',(#20661),#1636);
#20661 = PRESENTATION_STYLE_ASSIGNMENT((#20662));
#20662 = SURFACE_STYLE_USAGE(.BOTH.,#20663);
#20663 = SURFACE_SIDE_STYLE('',(#20664));
#20664 = SURFACE_STYLE_FILL_AREA(#20665);
#20665 = FILL_AREA_STYLE('',(#20666));
#20666 = FILL_AREA_STYLE_COLOUR('',#17219);
#20667 = STYLED_ITEM('color',(#20668),#1661);
#20668 = PRESENTATION_STYLE_ASSIGNMENT((#20669));
#20669 = SURFACE_STYLE_USAGE(.BOTH.,#20670);
#20670 = SURFACE_SIDE_STYLE('',(#20671));
#20671 = SURFACE_STYLE_FILL_AREA(#20672);
#20672 = FILL_AREA_STYLE('',(#20673));
#20673 = FILL_AREA_STYLE_COLOUR('',#17219);
#20674 = STYLED_ITEM('color',(#20675),#1685);
#20675 = PRESENTATION_STYLE_ASSIGNMENT((#20676));
#20676 = SURFACE_STYLE_USAGE(.BOTH.,#20677);
#20677 = SURFACE_SIDE_STYLE('',(#20678));
#20678 = SURFACE_STYLE_FILL_AREA(#20679);
#20679 = FILL_AREA_STYLE('',(#20680));
#20680 = FILL_AREA_STYLE_COLOUR('',#17219);
#20681 = STYLED_ITEM('color',(#20682),#1709);
#20682 = PRESENTATION_STYLE_ASSIGNMENT((#20683));
#20683 = SURFACE_STYLE_USAGE(.BOTH.,#20684);
#20684 = SURFACE_SIDE_STYLE('',(#20685));
#20685 = SURFACE_STYLE_FILL_AREA(#20686);
#20686 = FILL_AREA_STYLE('',(#20687));
#20687 = FILL_AREA_STYLE_COLOUR('',#17219);
#20688 = STYLED_ITEM('color',(#20689),#1734);
#20689 = PRESENTATION_STYLE_ASSIGNMENT((#20690));
#20690 = SURFACE_STYLE_USAGE(.BOTH.,#20691);
#20691 = SURFACE_SIDE_STYLE('',(#20692));
#20692 = SURFACE_STYLE_FILL_AREA(#20693);
#20693 = FILL_AREA_STYLE('',(#20694));
#20694 = FILL_AREA_STYLE_COLOUR('',#17219);
#20695 = STYLED_ITEM('color',(#20696),#1759);
#20696 = PRESENTATION_STYLE_ASSIGNMENT((#20697));
#20697 = SURFACE_STYLE_USAGE(.BOTH.,#20698);
#20698 = SURFACE_SIDE_STYLE('',(#20699));
#20699 = SURFACE_STYLE_FILL_AREA(#20700);
#20700 = FILL_AREA_STYLE('',(#20701));
#20701 = FILL_AREA_STYLE_COLOUR('',#17219);
#20702 = STYLED_ITEM('color',(#20703),#1776);
#20703 = PRESENTATION_STYLE_ASSIGNMENT((#20704));
#20704 = SURFACE_STYLE_USAGE(.BOTH.,#20705);
#20705 = SURFACE_SIDE_STYLE('',(#20706));
#20706 = SURFACE_STYLE_FILL_AREA(#20707);
#20707 = FILL_AREA_STYLE('',(#20708));
#20708 = FILL_AREA_STYLE_COLOUR('',#17219);
#20709 = MECHANICAL_DESIGN_GEOMETRIC_PRESENTATION_REPRESENTATION('',(
    #20710,#20717,#20725,#20732,#20739,#20746,#20754,#20762,#20769),
  #16059);
#20710 = STYLED_ITEM('color',(#20711),#15014);
#20711 = PRESENTATION_STYLE_ASSIGNMENT((#20712));
#20712 = SURFACE_STYLE_USAGE(.BOTH.,#20713);
#20713 = SURFACE_SIDE_STYLE('',(#20714));
#20714 = SURFACE_STYLE_FILL_AREA(#20715);
#20715 = FILL_AREA_STYLE('',(#20716));
#20716 = FILL_AREA_STYLE_COLOUR('',#19657);
#20717 = OVER_RIDING_STYLED_ITEM('overriding color',(#20718),#15016,
  #20710);
#20718 = PRESENTATION_STYLE_ASSIGNMENT((#20719));
#20719 = SURFACE_STYLE_USAGE(.BOTH.,#20720);
#20720 = SURFACE_SIDE_STYLE('',(#20721));
#20721 = SURFACE_STYLE_FILL_AREA(#20722);
#20722 = FILL_AREA_STYLE('',(#20723));
#20723 = FILL_AREA_STYLE_COLOUR('',#20724);
#20724 = COLOUR_RGB('',0.341176475329,0.67843136833,0.443137255223);
#20725 = OVER_RIDING_STYLED_ITEM('overriding color',(#20726),#15048,
  #20710);
#20726 = PRESENTATION_STYLE_ASSIGNMENT((#20727));
#20727 = SURFACE_STYLE_USAGE(.BOTH.,#20728);
#20728 = SURFACE_SIDE_STYLE('',(#20729));
#20729 = SURFACE_STYLE_FILL_AREA(#20730);
#20730 = FILL_AREA_STYLE('',(#20731));
#20731 = FILL_AREA_STYLE_COLOUR('',#20724);
#20732 = OVER_RIDING_STYLED_ITEM('overriding color',(#20733),#15079,
  #20710);
#20733 = PRESENTATION_STYLE_ASSIGNMENT((#20734));
#20734 = SURFACE_STYLE_USAGE(.BOTH.,#20735);
#20735 = SURFACE_SIDE_STYLE('',(#20736));
#20736 = SURFACE_STYLE_FILL_AREA(#20737);
#20737 = FILL_AREA_STYLE('',(#20738));
#20738 = FILL_AREA_STYLE_COLOUR('',#20724);
#20739 = OVER_RIDING_STYLED_ITEM('overriding color',(#20740),#15103,
  #20710);
#20740 = PRESENTATION_STYLE_ASSIGNMENT((#20741));
#20741 = SURFACE_STYLE_USAGE(.BOTH.,#20742);
#20742 = SURFACE_SIDE_STYLE('',(#20743));
#20743 = SURFACE_STYLE_FILL_AREA(#20744);
#20744 = FILL_AREA_STYLE('',(#20745));
#20745 = FILL_AREA_STYLE_COLOUR('',#20724);
#20746 = OVER_RIDING_STYLED_ITEM('overriding color',(#20747),#15764,
  #20710);
#20747 = PRESENTATION_STYLE_ASSIGNMENT((#20748));
#20748 = SURFACE_STYLE_USAGE(.BOTH.,#20749);
#20749 = SURFACE_SIDE_STYLE('',(#20750));
#20750 = SURFACE_STYLE_FILL_AREA(#20751);
#20751 = FILL_AREA_STYLE('',(#20752));
#20752 = FILL_AREA_STYLE_COLOUR('',#20753);
#20753 = COLOUR_RGB('',0.894117649055,0.890196087049,0.811764696686);
#20754 = OVER_RIDING_STYLED_ITEM('overriding color',(#20755),#16013,
  #20710);
#20755 = PRESENTATION_STYLE_ASSIGNMENT((#20756));
#20756 = SURFACE_STYLE_USAGE(.BOTH.,#20757);
#20757 = SURFACE_SIDE_STYLE('',(#20758));
#20758 = SURFACE_STYLE_FILL_AREA(#20759);
#20759 = FILL_AREA_STYLE('',(#20760));
#20760 = FILL_AREA_STYLE_COLOUR('',#20761);
#20761 = DRAUGHTING_PRE_DEFINED_COLOUR('green');
#20762 = OVER_RIDING_STYLED_ITEM('overriding color',(#20763),#16030,
  #20710);
#20763 = PRESENTATION_STYLE_ASSIGNMENT((#20764));
#20764 = SURFACE_STYLE_USAGE(.BOTH.,#20765);
#20765 = SURFACE_SIDE_STYLE('',(#20766));
#20766 = SURFACE_STYLE_FILL_AREA(#20767);
#20767 = FILL_AREA_STYLE('',(#20768));
#20768 = FILL_AREA_STYLE_COLOUR('',#20761);
#20769 = OVER_RIDING_STYLED_ITEM('overriding color',(#20770),#16047,
  #20710);
#20770 = PRESENTATION_STYLE_ASSIGNMENT((#20771));
#20771 = SURFACE_STYLE_USAGE(.BOTH.,#20772);
#20772 = SURFACE_SIDE_STYLE('',(#20773));
#20773 = SURFACE_STYLE_FILL_AREA(#20774);
#20774 = FILL_AREA_STYLE('',(#20775));
#20775 = FILL_AREA_STYLE_COLOUR('',#20761);
#20776 = MECHANICAL_DESIGN_GEOMETRIC_PRESENTATION_REPRESENTATION('',(
    #20777,#20784,#20791,#20798,#20805,#20812,#20819,#20826,#20833,
    #20840,#20847,#20854,#20861,#20868,#20875,#20882,#20889,#20896,
    #20903,#20910,#20917,#20924,#20931,#20938,#20945,#20952),#8864);
#20777 = STYLED_ITEM('color',(#20778),#8076);
#20778 = PRESENTATION_STYLE_ASSIGNMENT((#20779));
#20779 = SURFACE_STYLE_USAGE(.BOTH.,#20780);
#20780 = SURFACE_SIDE_STYLE('',(#20781));
#20781 = SURFACE_STYLE_FILL_AREA(#20782);
#20782 = FILL_AREA_STYLE('',(#20783));
#20783 = FILL_AREA_STYLE_COLOUR('',#17219);
#20784 = STYLED_ITEM('color',(#20785),#8116);
#20785 = PRESENTATION_STYLE_ASSIGNMENT((#20786));
#20786 = SURFACE_STYLE_USAGE(.BOTH.,#20787);
#20787 = SURFACE_SIDE_STYLE('',(#20788));
#20788 = SURFACE_STYLE_FILL_AREA(#20789);
#20789 = FILL_AREA_STYLE('',(#20790));
#20790 = FILL_AREA_STYLE_COLOUR('',#17219);
#20791 = STYLED_ITEM('color',(#20792),#8199);
#20792 = PRESENTATION_STYLE_ASSIGNMENT((#20793));
#20793 = SURFACE_STYLE_USAGE(.BOTH.,#20794);
#20794 = SURFACE_SIDE_STYLE('',(#20795));
#20795 = SURFACE_STYLE_FILL_AREA(#20796);
#20796 = FILL_AREA_STYLE('',(#20797));
#20797 = FILL_AREA_STYLE_COLOUR('',#17219);
#20798 = STYLED_ITEM('color',(#20799),#8224);
#20799 = PRESENTATION_STYLE_ASSIGNMENT((#20800));
#20800 = SURFACE_STYLE_USAGE(.BOTH.,#20801);
#20801 = SURFACE_SIDE_STYLE('',(#20802));
#20802 = SURFACE_STYLE_FILL_AREA(#20803);
#20803 = FILL_AREA_STYLE('',(#20804));
#20804 = FILL_AREA_STYLE_COLOUR('',#17219);
#20805 = STYLED_ITEM('color',(#20806),#8249);
#20806 = PRESENTATION_STYLE_ASSIGNMENT((#20807));
#20807 = SURFACE_STYLE_USAGE(.BOTH.,#20808);
#20808 = SURFACE_SIDE_STYLE('',(#20809));
#20809 = SURFACE_STYLE_FILL_AREA(#20810);
#20810 = FILL_AREA_STYLE('',(#20811));
#20811 = FILL_AREA_STYLE_COLOUR('',#17219);
#20812 = STYLED_ITEM('color',(#20813),#8316);
#20813 = PRESENTATION_STYLE_ASSIGNMENT((#20814));
#20814 = SURFACE_STYLE_USAGE(.BOTH.,#20815);
#20815 = SURFACE_SIDE_STYLE('',(#20816));
#20816 = SURFACE_STYLE_FILL_AREA(#20817);
#20817 = FILL_AREA_STYLE('',(#20818));
#20818 = FILL_AREA_STYLE_COLOUR('',#17219);
#20819 = STYLED_ITEM('color',(#20820),#8333);
#20820 = PRESENTATION_STYLE_ASSIGNMENT((#20821));
#20821 = SURFACE_STYLE_USAGE(.BOTH.,#20822);
#20822 = SURFACE_SIDE_STYLE('',(#20823));
#20823 = SURFACE_STYLE_FILL_AREA(#20824);
#20824 = FILL_AREA_STYLE('',(#20825));
#20825 = FILL_AREA_STYLE_COLOUR('',#17219);
#20826 = STYLED_ITEM('color',(#20827),#8350);
#20827 = PRESENTATION_STYLE_ASSIGNMENT((#20828));
#20828 = SURFACE_STYLE_USAGE(.BOTH.,#20829);
#20829 = SURFACE_SIDE_STYLE('',(#20830));
#20830 = SURFACE_STYLE_FILL_AREA(#20831);
#20831 = FILL_AREA_STYLE('',(#20832));
#20832 = FILL_AREA_STYLE_COLOUR('',#18856);
#20833 = STYLED_ITEM('color',(#20834),#8399);
#20834 = PRESENTATION_STYLE_ASSIGNMENT((#20835));
#20835 = SURFACE_STYLE_USAGE(.BOTH.,#20836);
#20836 = SURFACE_SIDE_STYLE('',(#20837));
#20837 = SURFACE_STYLE_FILL_AREA(#20838);
#20838 = FILL_AREA_STYLE('',(#20839));
#20839 = FILL_AREA_STYLE_COLOUR('',#17219);
#20840 = STYLED_ITEM('color',(#20841),#8416);
#20841 = PRESENTATION_STYLE_ASSIGNMENT((#20842));
#20842 = SURFACE_STYLE_USAGE(.BOTH.,#20843);
#20843 = SURFACE_SIDE_STYLE('',(#20844));
#20844 = SURFACE_STYLE_FILL_AREA(#20845);
#20845 = FILL_AREA_STYLE('',(#20846));
#20846 = FILL_AREA_STYLE_COLOUR('',#17219);
#20847 = STYLED_ITEM('color',(#20848),#8433);
#20848 = PRESENTATION_STYLE_ASSIGNMENT((#20849));
#20849 = SURFACE_STYLE_USAGE(.BOTH.,#20850);
#20850 = SURFACE_SIDE_STYLE('',(#20851));
#20851 = SURFACE_STYLE_FILL_AREA(#20852);
#20852 = FILL_AREA_STYLE('',(#20853));
#20853 = FILL_AREA_STYLE_COLOUR('',#18856);
#20854 = STYLED_ITEM('color',(#20855),#8482);
#20855 = PRESENTATION_STYLE_ASSIGNMENT((#20856));
#20856 = SURFACE_STYLE_USAGE(.BOTH.,#20857);
#20857 = SURFACE_SIDE_STYLE('',(#20858));
#20858 = SURFACE_STYLE_FILL_AREA(#20859);
#20859 = FILL_AREA_STYLE('',(#20860));
#20860 = FILL_AREA_STYLE_COLOUR('',#18856);
#20861 = STYLED_ITEM('color',(#20862),#8499);
#20862 = PRESENTATION_STYLE_ASSIGNMENT((#20863));
#20863 = SURFACE_STYLE_USAGE(.BOTH.,#20864);
#20864 = SURFACE_SIDE_STYLE('',(#20865));
#20865 = SURFACE_STYLE_FILL_AREA(#20866);
#20866 = FILL_AREA_STYLE('',(#20867));
#20867 = FILL_AREA_STYLE_COLOUR('',#17219);
#20868 = STYLED_ITEM('color',(#20869),#8568);
#20869 = PRESENTATION_STYLE_ASSIGNMENT((#20870));
#20870 = SURFACE_STYLE_USAGE(.BOTH.,#20871);
#20871 = SURFACE_SIDE_STYLE('',(#20872));
#20872 = SURFACE_STYLE_FILL_AREA(#20873);
#20873 = FILL_AREA_STYLE('',(#20874));
#20874 = FILL_AREA_STYLE_COLOUR('',#18899);
#20875 = STYLED_ITEM('color',(#20876),#8599);
#20876 = PRESENTATION_STYLE_ASSIGNMENT((#20877));
#20877 = SURFACE_STYLE_USAGE(.BOTH.,#20878);
#20878 = SURFACE_SIDE_STYLE('',(#20879));
#20879 = SURFACE_STYLE_FILL_AREA(#20880);
#20880 = FILL_AREA_STYLE('',(#20881));
#20881 = FILL_AREA_STYLE_COLOUR('',#18899);
#20882 = STYLED_ITEM('color',(#20883),#8623);
#20883 = PRESENTATION_STYLE_ASSIGNMENT((#20884));
#20884 = SURFACE_STYLE_USAGE(.BOTH.,#20885);
#20885 = SURFACE_SIDE_STYLE('',(#20886));
#20886 = SURFACE_STYLE_FILL_AREA(#20887);
#20887 = FILL_AREA_STYLE('',(#20888));
#20888 = FILL_AREA_STYLE_COLOUR('',#17219);
#20889 = STYLED_ITEM('color',(#20890),#8692);
#20890 = PRESENTATION_STYLE_ASSIGNMENT((#20891));
#20891 = SURFACE_STYLE_USAGE(.BOTH.,#20892);
#20892 = SURFACE_SIDE_STYLE('',(#20893));
#20893 = SURFACE_STYLE_FILL_AREA(#20894);
#20894 = FILL_AREA_STYLE('',(#20895));
#20895 = FILL_AREA_STYLE_COLOUR('',#18899);
#20896 = STYLED_ITEM('color',(#20897),#8716);
#20897 = PRESENTATION_STYLE_ASSIGNMENT((#20898));
#20898 = SURFACE_STYLE_USAGE(.BOTH.,#20899);
#20899 = SURFACE_SIDE_STYLE('',(#20900));
#20900 = SURFACE_STYLE_FILL_AREA(#20901);
#20901 = FILL_AREA_STYLE('',(#20902));
#20902 = FILL_AREA_STYLE_COLOUR('',#17219);
#20903 = STYLED_ITEM('color',(#20904),#8733);
#20904 = PRESENTATION_STYLE_ASSIGNMENT((#20905));
#20905 = SURFACE_STYLE_USAGE(.BOTH.,#20906);
#20906 = SURFACE_SIDE_STYLE('',(#20907));
#20907 = SURFACE_STYLE_FILL_AREA(#20908);
#20908 = FILL_AREA_STYLE('',(#20909));
#20909 = FILL_AREA_STYLE_COLOUR('',#17219);
#20910 = STYLED_ITEM('color',(#20911),#8750);
#20911 = PRESENTATION_STYLE_ASSIGNMENT((#20912));
#20912 = SURFACE_STYLE_USAGE(.BOTH.,#20913);
#20913 = SURFACE_SIDE_STYLE('',(#20914));
#20914 = SURFACE_STYLE_FILL_AREA(#20915);
#20915 = FILL_AREA_STYLE('',(#20916));
#20916 = FILL_AREA_STYLE_COLOUR('',#17219);
#20917 = STYLED_ITEM('color',(#20918),#8767);
#20918 = PRESENTATION_STYLE_ASSIGNMENT((#20919));
#20919 = SURFACE_STYLE_USAGE(.BOTH.,#20920);
#20920 = SURFACE_SIDE_STYLE('',(#20921));
#20921 = SURFACE_STYLE_FILL_AREA(#20922);
#20922 = FILL_AREA_STYLE('',(#20923));
#20923 = FILL_AREA_STYLE_COLOUR('',#17219);
#20924 = STYLED_ITEM('color',(#20925),#8784);
#20925 = PRESENTATION_STYLE_ASSIGNMENT((#20926));
#20926 = SURFACE_STYLE_USAGE(.BOTH.,#20927);
#20927 = SURFACE_SIDE_STYLE('',(#20928));
#20928 = SURFACE_STYLE_FILL_AREA(#20929);
#20929 = FILL_AREA_STYLE('',(#20930));
#20930 = FILL_AREA_STYLE_COLOUR('',#17219);
#20931 = STYLED_ITEM('color',(#20932),#8801);
#20932 = PRESENTATION_STYLE_ASSIGNMENT((#20933));
#20933 = SURFACE_STYLE_USAGE(.BOTH.,#20934);
#20934 = SURFACE_SIDE_STYLE('',(#20935));
#20935 = SURFACE_STYLE_FILL_AREA(#20936);
#20936 = FILL_AREA_STYLE('',(#20937));
#20937 = FILL_AREA_STYLE_COLOUR('',#17219);
#20938 = STYLED_ITEM('color',(#20939),#8818);
#20939 = PRESENTATION_STYLE_ASSIGNMENT((#20940));
#20940 = SURFACE_STYLE_USAGE(.BOTH.,#20941);
#20941 = SURFACE_SIDE_STYLE('',(#20942));
#20942 = SURFACE_STYLE_FILL_AREA(#20943);
#20943 = FILL_AREA_STYLE('',(#20944));
#20944 = FILL_AREA_STYLE_COLOUR('',#17219);
#20945 = STYLED_ITEM('color',(#20946),#8835);
#20946 = PRESENTATION_STYLE_ASSIGNMENT((#20947));
#20947 = SURFACE_STYLE_USAGE(.BOTH.,#20948);
#20948 = SURFACE_SIDE_STYLE('',(#20949));
#20949 = SURFACE_STYLE_FILL_AREA(#20950);
#20950 = FILL_AREA_STYLE('',(#20951));
#20951 = FILL_AREA_STYLE_COLOUR('',#18899);
#20952 = STYLED_ITEM('color',(#20953),#8852);
#20953 = PRESENTATION_STYLE_ASSIGNMENT((#20954));
#20954 = SURFACE_STYLE_USAGE(.BOTH.,#20955);
#20955 = SURFACE_SIDE_STYLE('',(#20956));
#20956 = SURFACE_STYLE_FILL_AREA(#20957);
#20957 = FILL_AREA_STYLE('',(#20958));
#20958 = FILL_AREA_STYLE_COLOUR('',#18899);
#20959 = MECHANICAL_DESIGN_GEOMETRIC_PRESENTATION_REPRESENTATION('',(
    #20960,#20967,#20974,#20981,#20988,#20995,#21002,#21009,#21016,
    #21023,#21030,#21037,#21044,#21051,#21058,#21065,#21072,#21079,
    #21086,#21093,#21100,#21107,#21114,#21121,#21128,#21135,#21142,
    #21149),#6148);
#20960 = STYLED_ITEM('color',(#20961),#5296);
#20961 = PRESENTATION_STYLE_ASSIGNMENT((#20962));
#20962 = SURFACE_STYLE_USAGE(.BOTH.,#20963);
#20963 = SURFACE_SIDE_STYLE('',(#20964));
#20964 = SURFACE_STYLE_FILL_AREA(#20965);
#20965 = FILL_AREA_STYLE('',(#20966));
#20966 = FILL_AREA_STYLE_COLOUR('',#17219);
#20967 = STYLED_ITEM('color',(#20968),#5372);
#20968 = PRESENTATION_STYLE_ASSIGNMENT((#20969));
#20969 = SURFACE_STYLE_USAGE(.BOTH.,#20970);
#20970 = SURFACE_SIDE_STYLE('',(#20971));
#20971 = SURFACE_STYLE_FILL_AREA(#20972);
#20972 = FILL_AREA_STYLE('',(#20973));
#20973 = FILL_AREA_STYLE_COLOUR('',#17219);
#20974 = STYLED_ITEM('color',(#20975),#5403);
#20975 = PRESENTATION_STYLE_ASSIGNMENT((#20976));
#20976 = SURFACE_STYLE_USAGE(.BOTH.,#20977);
#20977 = SURFACE_SIDE_STYLE('',(#20978));
#20978 = SURFACE_STYLE_FILL_AREA(#20979);
#20979 = FILL_AREA_STYLE('',(#20980));
#20980 = FILL_AREA_STYLE_COLOUR('',#17219);
#20981 = STYLED_ITEM('color',(#20982),#5428);
#20982 = PRESENTATION_STYLE_ASSIGNMENT((#20983));
#20983 = SURFACE_STYLE_USAGE(.BOTH.,#20984);
#20984 = SURFACE_SIDE_STYLE('',(#20985));
#20985 = SURFACE_STYLE_FILL_AREA(#20986);
#20986 = FILL_AREA_STYLE('',(#20987));
#20987 = FILL_AREA_STYLE_COLOUR('',#17219);
#20988 = STYLED_ITEM('color',(#20989),#5453);
#20989 = PRESENTATION_STYLE_ASSIGNMENT((#20990));
#20990 = SURFACE_STYLE_USAGE(.BOTH.,#20991);
#20991 = SURFACE_SIDE_STYLE('',(#20992));
#20992 = SURFACE_STYLE_FILL_AREA(#20993);
#20993 = FILL_AREA_STYLE('',(#20994));
#20994 = FILL_AREA_STYLE_COLOUR('',#17219);
#20995 = STYLED_ITEM('color',(#20996),#5477);
#20996 = PRESENTATION_STYLE_ASSIGNMENT((#20997));
#20997 = SURFACE_STYLE_USAGE(.BOTH.,#20998);
#20998 = SURFACE_SIDE_STYLE('',(#20999));
#20999 = SURFACE_STYLE_FILL_AREA(#21000);
#21000 = FILL_AREA_STYLE('',(#21001));
#21001 = FILL_AREA_STYLE_COLOUR('',#17219);
#21002 = STYLED_ITEM('color',(#21003),#5501);
#21003 = PRESENTATION_STYLE_ASSIGNMENT((#21004));
#21004 = SURFACE_STYLE_USAGE(.BOTH.,#21005);
#21005 = SURFACE_SIDE_STYLE('',(#21006));
#21006 = SURFACE_STYLE_FILL_AREA(#21007);
#21007 = FILL_AREA_STYLE('',(#21008));
#21008 = FILL_AREA_STYLE_COLOUR('',#17219);
#21009 = STYLED_ITEM('color',(#21010),#5526);
#21010 = PRESENTATION_STYLE_ASSIGNMENT((#21011));
#21011 = SURFACE_STYLE_USAGE(.BOTH.,#21012);
#21012 = SURFACE_SIDE_STYLE('',(#21013));
#21013 = SURFACE_STYLE_FILL_AREA(#21014);
#21014 = FILL_AREA_STYLE('',(#21015));
#21015 = FILL_AREA_STYLE_COLOUR('',#17219);
#21016 = STYLED_ITEM('color',(#21017),#5551);
#21017 = PRESENTATION_STYLE_ASSIGNMENT((#21018));
#21018 = SURFACE_STYLE_USAGE(.BOTH.,#21019);
#21019 = SURFACE_SIDE_STYLE('',(#21020));
#21020 = SURFACE_STYLE_FILL_AREA(#21021);
#21021 = FILL_AREA_STYLE('',(#21022));
#21022 = FILL_AREA_STYLE_COLOUR('',#17219);
#21023 = STYLED_ITEM('color',(#21024),#5568);
#21024 = PRESENTATION_STYLE_ASSIGNMENT((#21025));
#21025 = SURFACE_STYLE_USAGE(.BOTH.,#21026);
#21026 = SURFACE_SIDE_STYLE('',(#21027));
#21027 = SURFACE_STYLE_FILL_AREA(#21028);
#21028 = FILL_AREA_STYLE('',(#21029));
#21029 = FILL_AREA_STYLE_COLOUR('',#17219);
#21030 = STYLED_ITEM('color',(#21031),#5654);
#21031 = PRESENTATION_STYLE_ASSIGNMENT((#21032));
#21032 = SURFACE_STYLE_USAGE(.BOTH.,#21033);
#21033 = SURFACE_SIDE_STYLE('',(#21034));
#21034 = SURFACE_STYLE_FILL_AREA(#21035);
#21035 = FILL_AREA_STYLE('',(#21036));
#21036 = FILL_AREA_STYLE_COLOUR('',#19315);
#21037 = STYLED_ITEM('color',(#21038),#5686);
#21038 = PRESENTATION_STYLE_ASSIGNMENT((#21039));
#21039 = SURFACE_STYLE_USAGE(.BOTH.,#21040);
#21040 = SURFACE_SIDE_STYLE('',(#21041));
#21041 = SURFACE_STYLE_FILL_AREA(#21042);
#21042 = FILL_AREA_STYLE('',(#21043));
#21043 = FILL_AREA_STYLE_COLOUR('',#19315);
#21044 = STYLED_ITEM('color',(#21045),#5710);
#21045 = PRESENTATION_STYLE_ASSIGNMENT((#21046));
#21046 = SURFACE_STYLE_USAGE(.BOTH.,#21047);
#21047 = SURFACE_SIDE_STYLE('',(#21048));
#21048 = SURFACE_STYLE_FILL_AREA(#21049);
#21049 = FILL_AREA_STYLE('',(#21050));
#21050 = FILL_AREA_STYLE_COLOUR('',#19315);
#21051 = STYLED_ITEM('color',(#21052),#5735);
#21052 = PRESENTATION_STYLE_ASSIGNMENT((#21053));
#21053 = SURFACE_STYLE_USAGE(.BOTH.,#21054);
#21054 = SURFACE_SIDE_STYLE('',(#21055));
#21055 = SURFACE_STYLE_FILL_AREA(#21056);
#21056 = FILL_AREA_STYLE('',(#21057));
#21057 = FILL_AREA_STYLE_COLOUR('',#19315);
#21058 = STYLED_ITEM('color',(#21059),#5759);
#21059 = PRESENTATION_STYLE_ASSIGNMENT((#21060));
#21060 = SURFACE_STYLE_USAGE(.BOTH.,#21061);
#21061 = SURFACE_SIDE_STYLE('',(#21062));
#21062 = SURFACE_STYLE_FILL_AREA(#21063);
#21063 = FILL_AREA_STYLE('',(#21064));
#21064 = FILL_AREA_STYLE_COLOUR('',#19315);
#21065 = STYLED_ITEM('color',(#21066),#5784);
#21066 = PRESENTATION_STYLE_ASSIGNMENT((#21067));
#21067 = SURFACE_STYLE_USAGE(.BOTH.,#21068);
#21068 = SURFACE_SIDE_STYLE('',(#21069));
#21069 = SURFACE_STYLE_FILL_AREA(#21070);
#21070 = FILL_AREA_STYLE('',(#21071));
#21071 = FILL_AREA_STYLE_COLOUR('',#19315);
#21072 = STYLED_ITEM('color',(#21073),#5808);
#21073 = PRESENTATION_STYLE_ASSIGNMENT((#21074));
#21074 = SURFACE_STYLE_USAGE(.BOTH.,#21075);
#21075 = SURFACE_SIDE_STYLE('',(#21076));
#21076 = SURFACE_STYLE_FILL_AREA(#21077);
#21077 = FILL_AREA_STYLE('',(#21078));
#21078 = FILL_AREA_STYLE_COLOUR('',#19315);
#21079 = STYLED_ITEM('color',(#21080),#5833);
#21080 = PRESENTATION_STYLE_ASSIGNMENT((#21081));
#21081 = SURFACE_STYLE_USAGE(.BOTH.,#21082);
#21082 = SURFACE_SIDE_STYLE('',(#21083));
#21083 = SURFACE_STYLE_FILL_AREA(#21084);
#21084 = FILL_AREA_STYLE('',(#21085));
#21085 = FILL_AREA_STYLE_COLOUR('',#19315);
#21086 = STYLED_ITEM('color',(#21087),#5850);
#21087 = PRESENTATION_STYLE_ASSIGNMENT((#21088));
#21088 = SURFACE_STYLE_USAGE(.BOTH.,#21089);
#21089 = SURFACE_SIDE_STYLE('',(#21090));
#21090 = SURFACE_STYLE_FILL_AREA(#21091);
#21091 = FILL_AREA_STYLE('',(#21092));
#21092 = FILL_AREA_STYLE_COLOUR('',#17219);
#21093 = STYLED_ITEM('color',(#21094),#5936);
#21094 = PRESENTATION_STYLE_ASSIGNMENT((#21095));
#21095 = SURFACE_STYLE_USAGE(.BOTH.,#21096);
#21096 = SURFACE_SIDE_STYLE('',(#21097));
#21097 = SURFACE_STYLE_FILL_AREA(#21098);
#21098 = FILL_AREA_STYLE('',(#21099));
#21099 = FILL_AREA_STYLE_COLOUR('',#17219);
#21100 = STYLED_ITEM('color',(#21101),#5967);
#21101 = PRESENTATION_STYLE_ASSIGNMENT((#21102));
#21102 = SURFACE_STYLE_USAGE(.BOTH.,#21103);
#21103 = SURFACE_SIDE_STYLE('',(#21104));
#21104 = SURFACE_STYLE_FILL_AREA(#21105);
#21105 = FILL_AREA_STYLE('',(#21106));
#21106 = FILL_AREA_STYLE_COLOUR('',#17219);
#21107 = STYLED_ITEM('color',(#21108),#5992);
#21108 = PRESENTATION_STYLE_ASSIGNMENT((#21109));
#21109 = SURFACE_STYLE_USAGE(.BOTH.,#21110);
#21110 = SURFACE_SIDE_STYLE('',(#21111));
#21111 = SURFACE_STYLE_FILL_AREA(#21112);
#21112 = FILL_AREA_STYLE('',(#21113));
#21113 = FILL_AREA_STYLE_COLOUR('',#17219);
#21114 = STYLED_ITEM('color',(#21115),#6017);
#21115 = PRESENTATION_STYLE_ASSIGNMENT((#21116));
#21116 = SURFACE_STYLE_USAGE(.BOTH.,#21117);
#21117 = SURFACE_SIDE_STYLE('',(#21118));
#21118 = SURFACE_STYLE_FILL_AREA(#21119);
#21119 = FILL_AREA_STYLE('',(#21120));
#21120 = FILL_AREA_STYLE_COLOUR('',#17219);
#21121 = STYLED_ITEM('color',(#21122),#6041);
#21122 = PRESENTATION_STYLE_ASSIGNMENT((#21123));
#21123 = SURFACE_STYLE_USAGE(.BOTH.,#21124);
#21124 = SURFACE_SIDE_STYLE('',(#21125));
#21125 = SURFACE_STYLE_FILL_AREA(#21126);
#21126 = FILL_AREA_STYLE('',(#21127));
#21127 = FILL_AREA_STYLE_COLOUR('',#17219);
#21128 = STYLED_ITEM('color',(#21129),#6065);
#21129 = PRESENTATION_STYLE_ASSIGNMENT((#21130));
#21130 = SURFACE_STYLE_USAGE(.BOTH.,#21131);
#21131 = SURFACE_SIDE_STYLE('',(#21132));
#21132 = SURFACE_STYLE_FILL_AREA(#21133);
#21133 = FILL_AREA_STYLE('',(#21134));
#21134 = FILL_AREA_STYLE_COLOUR('',#17219);
#21135 = STYLED_ITEM('color',(#21136),#6090);
#21136 = PRESENTATION_STYLE_ASSIGNMENT((#21137));
#21137 = SURFACE_STYLE_USAGE(.BOTH.,#21138);
#21138 = SURFACE_SIDE_STYLE('',(#21139));
#21139 = SURFACE_STYLE_FILL_AREA(#21140);
#21140 = FILL_AREA_STYLE('',(#21141));
#21141 = FILL_AREA_STYLE_COLOUR('',#17219);
#21142 = STYLED_ITEM('color',(#21143),#6115);
#21143 = PRESENTATION_STYLE_ASSIGNMENT((#21144));
#21144 = SURFACE_STYLE_USAGE(.BOTH.,#21145);
#21145 = SURFACE_SIDE_STYLE('',(#21146));
#21146 = SURFACE_STYLE_FILL_AREA(#21147);
#21147 = FILL_AREA_STYLE('',(#21148));
#21148 = FILL_AREA_STYLE_COLOUR('',#17219);
#21149 = STYLED_ITEM('color',(#21150),#6132);
#21150 = PRESENTATION_STYLE_ASSIGNMENT((#21151));
#21151 = SURFACE_STYLE_USAGE(.BOTH.,#21152);
#21152 = SURFACE_SIDE_STYLE('',(#21153));
#21153 = SURFACE_STYLE_FILL_AREA(#21154);
#21154 = FILL_AREA_STYLE('',(#21155));
#21155 = FILL_AREA_STYLE_COLOUR('',#17219);
#21156 = MECHANICAL_DESIGN_GEOMETRIC_PRESENTATION_REPRESENTATION('',(
    #21157),#17159);
#21157 = STYLED_ITEM('color',(#21158),#16103);
#21158 = PRESENTATION_STYLE_ASSIGNMENT((#21159));
#21159 = SURFACE_STYLE_USAGE(.BOTH.,#21160);
#21160 = SURFACE_SIDE_STYLE('',(#21161));
#21161 = SURFACE_STYLE_FILL_AREA(#21162);
#21162 = FILL_AREA_STYLE('',(#21163));
#21163 = FILL_AREA_STYLE_COLOUR('',#21164);
#21164 = COLOUR_RGB('',0.204454873135,0.204454873135,0.204454873135);
ENDSEC;
END-ISO-10303-21;
